Timestamp(ms),Theta,Beta,FocusRatio
1780912993328,0,0,0
1780912993343,0,0,0
1780912993359,0,0,0
1780912993375,0,0,0
1780912993391,0,0,0
1780912993407,0,0,0
1780912993423,0,0,0
1780912993439,0,0,0
1780912993455,0,0,0
1780912993472,0,0,0
1780912993486,0,0,0
1780912993502,0,0,0
1780912993518,0,0,0
1780912993534,0,0,0
1780912993550,0,0,0
1780912993564,0,0,0
1780912993581,0,0,0
1780912993596,0,0,0
1780912993612,0,0,0
1780912993628,0,0,0
1780912993644,0,0,0
1780912993660,0,0,0
1780912993675,0,0,0
1780912993691,0,0,0
1780912993707,0,0,0
1780912993723,0,0,0
1780912993739,0,0,0
1780912993754,0,0,0
1780912993769,0,0,0
1780912993785,0,0,0
1780912993802,0,0,0
1780912993817,0,0,0
1780912993833,0,0,0
1780912993850,0,0,0
1780912993865,0,0,0
1780912993881,0,0,0
1780912993897,0,0,0
1780912993913,0,0,0
1780912993928,0,0,0
1780912993944,0,0,0
1780912993960,0,0,0
1780912993976,0,0,0
1780912993992,0,0,0
1780912994008,0,0,0
1780912994024,0,0,0
1780912994040,0,0,0
1780912994056,0,0,0
1780912994072,0,0,0
1780912994087,0,0,0
1780912994103,0,0,0
1780912994118,0,0,0
1780912994133,0,0,0
1780912994148,0,0,0
1780912994163,0,0,0
1780912994179,0,0,0
1780912994195,0,0,0
1780912994211,0,0,0
1780912994227,0,0,0
1780912994243,0,0,0
1780912994259,0,0,0
1780912994275,0,0,0
1780912994292,0,0,0
1780912994307,0,0,0
1780912994322,0,0,0
1780912994338,0,0,0
1780912994354,0,0,0
1780912994370,0,0,0
1780912994386,0,0,0
1780912994402,0,0,0
1780912994418,0,0,0
1780912994434,0,0,0
1780912994450,0,0,0
1780912994466,0,0,0
1780912994482,0,0,0
1780912994498,0,0,0
1780912994514,0,0,0
1780912994530,0,0,0
1780912994546,0,0,0
1780912994562,0,0,0
1780912994578,0,0,0
1780912994594,0,0,0
1780912994610,0,0,0
1780912994626,0,0,0
1780912994643,0,0,0
1780912994658,0,0,0
1780912994674,0,0,0
1780912994690,0,0,0
1780912994706,0,0,0
1780912994722,0,0,0
1780912994738,0,0,0
1780912994754,0,0,0
1780912994770,0,0,0
1780912994787,0.36313,0.16755,0.461407
1780912994803,0.35876,0.170274,0.474617
1780912994818,0.362306,0.170288,0.470012
1780912994833,0.381503,0.13916,0.364768
1780912994849,0.381489,0.139541,0.365781
1780912994865,0.380212,0.138733,0.364883
1780912994880,0.379304,0.138795,0.365919
1780912994896,0.378783,0.138606,0.365926
1780912994912,0.378125,0.137983,0.364915
1780912994928,0.377573,0.138157,0.365909
1780912994944,0.37715,0.137615,0.364882
1780912994960,0.37689,0.137509,0.364852
1780912994976,0.377014,0.137932,0.365854
1780912994992,0.376894,0.137501,0.364827
1780912995008,0.377207,0.137991,0.365824
1780912995024,0.377445,0.137694,0.364805
1780912995039,0.377789,0.138204,0.365823
1780912995054,0.377586,0.137376,0.363827
1780912995070,0.377951,0.13827,0.36584
1780912995086,0.364191,0.120182,0.329997
1780912995102,0.364567,0.120579,0.330747
1780912995118,0.364511,0.12056,0.330745
1780912995134,0.364016,0.120256,0.330358
1780912995150,0.36396,0.120237,0.330358
1780912995166,0.363902,0.120218,0.330359
1780912995182,0.363897,0.120217,0.33036
1780912995198,0.364185,0.120452,0.330744
1780912995214,0.36423,0.120468,0.330747
1780912995229,0.364256,0.120477,0.330748
1780912995244,0.36403,0.120264,0.330367
1780912995260,0.364063,0.120275,0.330368
1780912995276,0.364328,0.120501,0.33075
1780912995292,0.363808,0.120056,0.329997
1780912995307,0.364355,0.12051,0.330749
1780912995322,0.364348,0.120507,0.330748
1780912995337,0.364054,0.120271,0.330365
1780912995353,0.354038,0.114184,0.322519
1780912995369,0.354014,0.114176,0.322519
1780912995385,0.354074,0.114193,0.322513
1780912995401,0.353939,0.114154,0.322525
1780912995416,0.354085,0.114196,0.322511
1780912995432,0.3541,0.114201,0.32251
1780912995448,0.354108,0.114203,0.322509
1780912995464,0.354055,0.114188,0.322514
1780912995480,0.354064,0.11419,0.322513
1780912995495,0.354002,0.114173,0.322521
1780912995510,0.354138,0.114212,0.322508
1780912995525,0.354141,0.114213,0.322508
1780912995540,0.354139,0.114213,0.322508
1780912995556,0.354138,0.114212,0.322508
1780912995572,0.354067,0.114191,0.322514
1780912995587,0.353991,0.11417,0.322522
1780912995602,0.354125,0.114209,0.322509
1780912995618,0.353043,0.113847,0.322473
1780912995634,0.35304,0.113849,0.322482
1780912995650,0.35303,0.11385,0.322493
1780912995665,0.353047,0.113848,0.322473
1780912995680,0.353048,0.113852,0.322482
1780912995695,0.353049,0.113852,0.322482
1780912995711,0.353053,0.113853,0.322482
1780912995727,0.353058,0.113851,0.322473
1780912995743,0.353059,0.113852,0.322473
1780912995759,0.353043,0.113854,0.322493
1780912995775,0.353059,0.113852,0.322473
1780912995791,0.353058,0.113852,0.322473
1780912995807,0.353057,0.113851,0.322473
1780912995823,0.353056,0.113851,0.322473
1780912995839,0.353053,0.113853,0.322482
1780912995855,0.377063,0.104219,0.276397
1780912995871,0.377064,0.104219,0.276397
1780912995887,0.377276,0.104391,0.276697
1780912995903,0.377276,0.104391,0.276697
1780912995919,0.377067,0.10422,0.276397
1780912995935,0.377279,0.104392,0.276697
1780912995951,0.377279,0.104392,0.276697
1780912995967,0.37728,0.104392,0.276697
1780912995983,0.37728,0.104392,0.276697
1780912995999,0.376842,0.104045,0.276097
1780912996015,0.37728,0.104392,0.276697
1780912996031,0.377068,0.10422,0.276397
1780912996046,0.37728,0.104392,0.276697
1780912996061,0.37728,0.104392,0.276697
1780912996076,0.377068,0.10422,0.276397
1780912996091,0.377068,0.10422,0.276397
1780912996107,0.377279,0.104392,0.276697
1780912996123,0.377279,0.104392,0.276697
1780912996139,0.377279,0.104392,0.276697
1780912996155,0.376616,0.103869,0.275796
1780912996171,0.377068,0.10422,0.276397
1780912996187,0.377068,0.10422,0.276397
1780912996203,0.37728,0.104392,0.276697
1780912996219,0.37728,0.104392,0.276697
1780912996235,0.37728,0.104392,0.276697
1780912996251,0.376842,0.104045,0.276097
1780912996267,0.377068,0.104221,0.276397
1780912996283,0.37728,0.104392,0.276697
1780912996299,0.37728,0.104392,0.276697
1780912996315,0.37728,0.104392,0.276697
1780912996331,0.37728,0.104392,0.276697
1780912996347,0.377068,0.10422,0.276397
1780912996363,0.37063,0.100339,0.270726
1780912996379,0.370445,0.100206,0.270501
1780912996394,0.37063,0.100339,0.270726
1780912996409,0.370248,0.100069,0.270277
1780912996425,0.37063,0.100339,0.270726
1780912996441,0.37063,0.100339,0.270726
1780912996457,0.370445,0.100206,0.270501
1780912996473,0.370445,0.100206,0.270501
1780912996489,0.370445,0.100206,0.270501
1780912996505,0.37063,0.100339,0.270726
1780912996521,0.37063,0.100339,0.270726
1780912996537,0.370445,0.100206,0.270501
1780912996552,0.370445,0.100206,0.270501
1780912996568,0.370445,0.100206,0.270501
1780912996583,0.370445,0.100206,0.270501
1780912996599,0.370445,0.100206,0.270501
1780912996615,0.370248,0.100069,0.270277
1780912996630,0.37063,0.100339,0.270726
1780912996645,0.37063,0.100339,0.270726
1780912996661,0.37063,0.100339,0.270726
1780912996676,0.37063,0.100339,0.270726
1780912996692,0.370445,0.100206,0.270501
1780912996708,0.37063,0.100339,0.270726
1780912996724,0.370445,0.100206,0.270501
1780912996740,0.370445,0.100206,0.270501
1780912996756,0.37063,0.100339,0.270726
1780912996772,0.370248,0.100069,0.270277
1780912996788,0.370445,0.100206,0.270501
1780912996804,0.370445,0.100206,0.270501
1780912996820,0.370445,0.100206,0.270501
1780912996836,0.37063,0.100339,0.270726
1780912996851,0.37063,0.100339,0.270726
1780912996866,0.370248,0.100069,0.270277
1780912996882,0.370238,0.10015,0.270502
1780912996897,0.370238,0.10015,0.270502
1780912996913,0.370238,0.10015,0.270502
1780912996929,0.370238,0.10015,0.270502
1780912996945,0.370413,0.10028,0.270726
1780912996960,0.370413,0.10028,0.270726
1780912996976,0.370051,0.100017,0.270278
1780912996992,0.370238,0.10015,0.270502
1780912997008,0.370413,0.10028,0.270726
1780912997024,0.370238,0.10015,0.270502
1780912997040,0.370051,0.100017,0.270278
1780912997056,0.370413,0.10028,0.270726
1780912997072,0.370238,0.10015,0.270502
1780912997088,0.370238,0.10015,0.270502
1780912997104,0.370051,0.100017,0.270278
1780912997120,0.370238,0.10015,0.270502
1780912997136,0.370238,0.10015,0.270502
1780912997152,0.370413,0.10028,0.270726
1780912997168,0.370051,0.100017,0.270278
1780912997184,0.370413,0.10028,0.270726
1780912997200,0.370413,0.10028,0.270726
1780912997216,0.370238,0.10015,0.270502
1780912997231,0.370413,0.10028,0.270726
1780912997246,0.370238,0.10015,0.270502
1780912997262,0.370413,0.10028,0.270726
1780912997278,0.370238,0.10015,0.270502
1780912997294,0.370238,0.10015,0.270502
1780912997310,0.370238,0.10015,0.270502
1780912997325,0.370238,0.10015,0.270502
1780912997340,0.370413,0.10028,0.270726
1780912997356,0.370051,0.100017,0.270278
1780912997372,0.370413,0.10028,0.270726
1780912997388,0.370238,0.10015,0.270502
1780912997404,0.370411,0.100281,0.270729
1780912997420,0.370411,0.100281,0.270729
1780912997436,0.370411,0.100281,0.270729
1780912997452,0.37005,0.100018,0.270281
1780912997468,0.370237,0.100151,0.270505
1780912997484,0.370237,0.100151,0.270505
1780912997500,0.370237,0.100151,0.270505
1780912997516,0.370237,0.100151,0.270505
1780912997532,0.37005,0.100018,0.270281
1780912997548,0.370237,0.100151,0.270505
1780912997564,0.370411,0.100281,0.270729
1780912997579,0.370237,0.100151,0.270505
1780912997594,0.37005,0.100018,0.270281
1780912997610,0.370411,0.100281,0.270729
1780912997625,0.370237,0.100151,0.270505
1780912997641,0.37005,0.100018,0.270281
1780912997657,0.370237,0.100151,0.270505
1780912997673,0.370237,0.100151,0.270505
1780912997689,0.370411,0.100281,0.270729
1780912997705,0.370237,0.100151,0.270505
1780912997721,0.370411,0.100281,0.270729
1780912997737,0.370411,0.100281,0.270729
1780912997753,0.370411,0.100281,0.270729
1780912997769,0.369864,0.0998838,0.270056
1780912997785,0.370411,0.100281,0.270729
1780912997800,0.37005,0.100018,0.270281
1780912997816,0.370237,0.100151,0.270505
1780912997832,0.370411,0.100281,0.270729
1780912997848,0.370237,0.100151,0.270505
1780912997864,0.370237,0.100151,0.270505
1780912997880,0.370237,0.100151,0.270505
1780912997896,0.370237,0.100151,0.270505
1780912997912,0.370238,0.100152,0.270506
1780912997928,0.370052,0.100018,0.270282
1780912997944,0.370238,0.100152,0.270506
1780912997960,0.370052,0.100018,0.270282
1780912997976,0.370238,0.100152,0.270506
1780912997992,0.370052,0.100018,0.270282
1780912998008,0.370413,0.100282,0.27073
1780912998024,0.370413,0.100282,0.27073
1780912998040,0.370238,0.100152,0.270506
1780912998056,0.370413,0.100282,0.27073
1780912998071,0.370238,0.100152,0.270506
1780912998086,0.370238,0.100152,0.270506
1780912998101,0.370413,0.100282,0.27073
1780912998116,0.370413,0.100282,0.27073
1780912998132,0.370052,0.100018,0.270282
1780912998148,0.370413,0.100282,0.27073
1780912998164,0.370238,0.100152,0.270506
1780912998180,0.370238,0.100152,0.270506
1780912998195,0.370052,0.100018,0.270282
1780912998210,0.370413,0.100282,0.27073
1780912998225,0.370238,0.100152,0.270506
1780912998240,0.370238,0.100152,0.270506
1780912998256,0.370052,0.100018,0.270282
1780912998272,0.370413,0.100282,0.27073
1780912998288,0.370413,0.100282,0.27073
1780912998304,0.370413,0.100282,0.27073
1780912998320,0.370238,0.100152,0.270506
1780912998336,0.370238,0.100152,0.270506
1780912998352,0.370413,0.100282,0.27073
1780912998368,0.370238,0.100152,0.270506
1780912998383,0.370238,0.100152,0.270506
1780912998399,0.370238,0.100152,0.270506
1780912998415,0.370239,0.100153,0.27051
1780912998431,0.370239,0.100153,0.27051
1780912998446,0.370052,0.10002,0.270286
1780912998461,0.370239,0.100153,0.27051
1780912998477,0.370413,0.100283,0.270734
1780912998493,0.370413,0.100283,0.270734
1780912998509,0.370413,0.100283,0.270734
1780912998525,0.370413,0.100283,0.270734
1780912998541,0.370413,0.100283,0.270734
1780912998557,0.370239,0.100153,0.27051
1780912998573,0.370413,0.100283,0.270734
1780912998589,0.370413,0.100283,0.270734
1780912998605,0.370239,0.100153,0.27051
1780912998621,0.370413,0.100283,0.270734
1780912998637,0.370413,0.100283,0.270734
1780912998653,0.370413,0.100283,0.270734
1780912998669,0.370413,0.100283,0.270734
1780912998685,0.370239,0.100153,0.27051
1780912998701,0.370413,0.100283,0.270734
1780912998716,0.370413,0.100283,0.270734
1780912998731,0.370239,0.100153,0.27051
1780912998747,0.370413,0.100283,0.270734
1780912998763,0.370413,0.100283,0.270734
1780912998779,0.370413,0.100283,0.270734
1780912998795,0.370239,0.100153,0.27051
1780912998811,0.370239,0.100153,0.27051
1780912998826,0.370413,0.100283,0.270734
1780912998841,0.370413,0.100283,0.270734
1780912998857,0.370413,0.100283,0.270734
1780912998873,0.370413,0.100283,0.270734
1780912998889,0.370239,0.100153,0.27051
1780912998905,0.370413,0.100283,0.270734
1780912998921,0.370413,0.100283,0.270734
1780912998937,0.370239,0.100153,0.27051
1780912998953,0.370238,0.100155,0.270514
1780912998969,0.370238,0.100155,0.270514
1780912998985,0.370238,0.100155,0.270514
1780912999001,0.370238,0.100155,0.270514
1780912999017,0.370413,0.100285,0.270738
1780912999033,0.370238,0.100155,0.270514
1780912999049,0.370238,0.100155,0.270514
1780912999065,0.370413,0.100285,0.270738
1780912999081,0.370052,0.100021,0.27029
1780912999097,0.370413,0.100285,0.270738
1780912999113,0.370413,0.100285,0.270738
1780912999129,0.370413,0.100285,0.270738
1780912999145,0.370238,0.100155,0.270514
1780912999161,0.370413,0.100285,0.270738
1780912999176,0.370413,0.100285,0.270738
1780912999191,0.370413,0.100285,0.270738
1780912999207,0.370413,0.100285,0.270738
1780912999223,0.370052,0.100021,0.27029
1780912999239,0.370413,0.100285,0.270738
1780912999255,0.370238,0.100155,0.270514
1780912999271,0.370413,0.100285,0.270738
1780912999287,0.370413,0.100285,0.270738
1780912999303,0.370413,0.100285,0.270738
1780912999319,0.370413,0.100285,0.270738
1780912999335,0.370238,0.100155,0.270514
1780912999351,0.370413,0.100285,0.270738
1780912999367,0.370413,0.100285,0.270738
1780912999383,0.370413,0.100285,0.270738
1780912999399,0.370238,0.100155,0.270514
1780912999414,0.370238,0.100155,0.270514
1780912999429,0.370238,0.100155,0.270514
1780912999444,0.370238,0.100155,0.270514
1780912999459,0.370238,0.100156,0.270517
1780912999475,0.370413,0.100286,0.270741
1780912999490,0.370413,0.100286,0.270741
1780912999506,0.370238,0.100156,0.270517
1780912999521,0.370238,0.100156,0.270517
1780912999537,0.370238,0.100156,0.270517
1780912999552,0.370238,0.100156,0.270517
1780912999567,0.370238,0.100156,0.270517
1780912999583,0.370413,0.100286,0.270741
1780912999599,0.370052,0.100023,0.270293
1780912999615,0.370413,0.100286,0.270741
1780912999631,0.370238,0.100156,0.270517
1780912999647,0.370413,0.100286,0.270741
1780912999663,0.370413,0.100286,0.270741
1780912999679,0.370238,0.100156,0.270517
1780912999695,0.370238,0.100156,0.270517
1780912999711,0.370413,0.100286,0.270741
1780912999727,0.370052,0.100023,0.270293
1780912999743,0.370413,0.100286,0.270741
1780912999759,0.370238,0.100156,0.270517
1780912999775,0.370413,0.100286,0.270741
1780912999791,0.370238,0.100156,0.270517
1780912999807,0.370238,0.100156,0.270517
1780912999823,0.370413,0.100286,0.270741
1780912999839,0.370413,0.100286,0.270741
1780912999855,0.370238,0.100156,0.270517
1780912999871,0.370238,0.100156,0.270517
1780912999887,0.370238,0.100156,0.270517
1780912999903,0.370413,0.100286,0.270741
1780912999918,0.370238,0.100156,0.270517
1780912999934,0.370413,0.100286,0.270741
1780912999950,0.370413,0.100286,0.270741
1780912999966,0.370413,0.100286,0.270741
1780912999982,0.370238,0.100156,0.270517
1780912999998,0.370239,0.100157,0.270521
1780913000014,0.370413,0.100287,0.270744
1780913000029,0.370413,0.100287,0.270744
1780913000045,0.370239,0.100157,0.270521
1780913000061,0.370413,0.100287,0.270744
1780913000077,0.370239,0.100157,0.270521
1780913000093,0.369865,0.0998904,0.270072
1780913000109,0.370052,0.100024,0.270297
1780913000125,0.370239,0.100157,0.270521
1780913000140,0.370239,0.100157,0.270521
1780913000156,0.370413,0.100287,0.270744
1780913000172,0.370052,0.100024,0.270297
1780913000188,0.370239,0.100157,0.270521
1780913000204,0.370239,0.100157,0.270521
1780913000220,0.370413,0.100287,0.270744
1780913000236,0.370413,0.100287,0.270744
1780913000252,0.370413,0.100287,0.270744
1780913000268,0.370052,0.100024,0.270297
1780913000284,0.370239,0.100157,0.270521
1780913000300,0.370413,0.100287,0.270744
1780913000316,0.370052,0.100024,0.270297
1780913000332,0.370413,0.100287,0.270744
1780913000348,0.370052,0.100024,0.270297
1780913000364,0.370239,0.100157,0.270521
1780913000380,0.370413,0.100287,0.270744
1780913000396,0.370052,0.100024,0.270297
1780913000412,0.370239,0.100157,0.270521
1780913000428,0.370413,0.100287,0.270744
1780913000444,0.370239,0.100157,0.270521
1780913000460,0.370239,0.100157,0.270521
1780913000476,0.370414,0.100289,0.270749
1780913000492,0.370239,0.100159,0.270525
1780913000508,0.370414,0.100289,0.270749
1780913000524,0.370414,0.100289,0.270749
1780913000540,0.370414,0.100289,0.270749
1780913000556,0.370239,0.100159,0.270525
1780913000571,0.370414,0.100289,0.270749
1780913000587,0.370414,0.100289,0.270749
1780913000603,0.370239,0.100159,0.270525
1780913000619,0.370414,0.100289,0.270749
1780913000635,0.370053,0.100026,0.270302
1780913000651,0.370053,0.100026,0.270302
1780913000667,0.370414,0.100289,0.270749
1780913000683,0.370414,0.100289,0.270749
1780913000699,0.370414,0.100289,0.270749
1780913000715,0.370414,0.100289,0.270749
1780913000731,0.370414,0.100289,0.270749
1780913000747,0.370239,0.100159,0.270525
1780913000763,0.370239,0.100159,0.270525
1780913000779,0.370239,0.100159,0.270525
1780913000795,0.370414,0.100289,0.270749
1780913000811,0.370239,0.100159,0.270525
1780913000826,0.370239,0.100159,0.270525
1780913000842,0.370239,0.100159,0.270525
1780913000858,0.370239,0.100159,0.270525
1780913000873,0.370239,0.100159,0.270525
1780913000889,0.370239,0.100159,0.270525
1780913000905,0.370239,0.100159,0.270525
1780913000921,0.370239,0.100159,0.270525
1780913000937,0.370414,0.100289,0.270749
1780913000953,0.370414,0.100289,0.270749
1780913000970,0.370053,0.100026,0.270302
1780913000985,0.370239,0.100159,0.270525
1780913001001,0.370414,0.100289,0.270749
1780913001016,0.370413,0.100291,0.270754
1780913001031,0.370238,0.100161,0.27053
1780913001047,0.370413,0.100291,0.270754
1780913001063,0.370052,0.100027,0.270307
1780913001079,0.370238,0.100161,0.27053
1780913001095,0.370413,0.100291,0.270754
1780913001111,0.370238,0.100161,0.27053
1780913001126,0.370413,0.100291,0.270754
1780913001141,0.370413,0.100291,0.270754
1780913001157,0.370238,0.100161,0.27053
1780913001173,0.370413,0.100291,0.270754
1780913001189,0.370413,0.100291,0.270754
1780913001205,0.370052,0.100027,0.270307
1780913001221,0.370413,0.100291,0.270754
1780913001237,0.370238,0.100161,0.27053
1780913001253,0.370413,0.100291,0.270754
1780913001269,0.370238,0.100161,0.27053
1780913001285,0.370413,0.100291,0.270754
1780913001301,0.370413,0.100291,0.270754
1780913001316,0.370413,0.100291,0.270754
1780913001332,0.370238,0.100161,0.27053
1780913001348,0.370052,0.100027,0.270307
1780913001364,0.370238,0.100161,0.27053
1780913001380,0.370238,0.100161,0.27053
1780913001396,0.370238,0.100161,0.27053
1780913001411,0.370413,0.100291,0.270754
1780913001426,0.370413,0.100291,0.270754
1780913001442,0.369865,0.0998939,0.270082
1780913001458,0.370238,0.100161,0.27053
1780913001474,0.370413,0.100291,0.270754
1780913001490,0.370238,0.100161,0.27053
1780913001505,0.370411,0.100291,0.270757
1780913001520,0.369863,0.0998943,0.270085
1780913001536,0.370411,0.100291,0.270757
1780913001552,0.370411,0.100291,0.270757
1780913001568,0.370236,0.100161,0.270533
1780913001584,0.370411,0.100291,0.270757
1780913001600,0.370236,0.100161,0.270533
1780913001616,0.370236,0.100161,0.270533
1780913001632,0.370236,0.100161,0.270533
1780913001648,0.370236,0.100161,0.270533
1780913001663,0.370411,0.100291,0.270757
1780913001678,0.370236,0.100161,0.270533
1780913001694,0.370236,0.100161,0.270533
1780913001710,0.370411,0.100291,0.270757
1780913001725,0.370236,0.100161,0.270533
1780913001740,0.370236,0.100161,0.270533
1780913001756,0.370411,0.100291,0.270757
1780913001772,0.370236,0.100161,0.270533
1780913001788,0.370411,0.100291,0.270757
1780913001804,0.370411,0.100291,0.270757
1780913001820,0.370411,0.100291,0.270757
1780913001836,0.370411,0.100291,0.270757
1780913001851,0.370411,0.100291,0.270757
1780913001866,0.370411,0.100291,0.270757
1780913001882,0.370411,0.100291,0.270757
1780913001898,0.370236,0.100161,0.270533
1780913001914,0.370411,0.100291,0.270757
1780913001929,0.370236,0.100161,0.270533
1780913001944,0.370236,0.100161,0.270533
1780913001960,0.370236,0.100161,0.270533
1780913001976,0.370411,0.100291,0.270757
1780913001992,0.370411,0.100291,0.270757
1780913002007,0.370049,0.100028,0.270309
1780913002023,0.370415,0.100289,0.270748
1780913002039,0.370415,0.100289,0.270748
1780913002055,0.37024,0.100159,0.270524
1780913002071,0.370415,0.100289,0.270748
1780913002087,0.370415,0.100289,0.270748
1780913002103,0.370054,0.100026,0.2703
1780913002119,0.370415,0.100289,0.270748
1780913002135,0.370415,0.100289,0.270748
1780913002150,0.370054,0.100026,0.2703
1780913002166,0.370415,0.100289,0.270748
1780913002182,0.370415,0.100289,0.270748
1780913002197,0.37024,0.100159,0.270524
1780913002213,0.370415,0.100289,0.270748
1780913002229,0.370415,0.100289,0.270748
1780913002245,0.370054,0.100026,0.2703
1780913002261,0.370415,0.100289,0.270748
1780913002277,0.370415,0.100289,0.270748
1780913002293,0.370415,0.100289,0.270748
1780913002309,0.37024,0.100159,0.270524
1780913002325,0.370054,0.100026,0.2703
1780913002341,0.370415,0.100289,0.270748
1780913002357,0.37024,0.100159,0.270524
1780913002373,0.37024,0.100159,0.270524
1780913002389,0.370415,0.100289,0.270748
1780913002405,0.37024,0.100159,0.270524
1780913002421,0.37024,0.100159,0.270524
1780913002436,0.370415,0.100289,0.270748
1780913002452,0.370415,0.100289,0.270748
1780913002468,0.370415,0.100289,0.270748
1780913002484,0.370415,0.100289,0.270748
1780913002500,0.37024,0.100159,0.270524
1780913002516,0.37024,0.100159,0.270524
1780913002532,0.370054,0.100026,0.2703
1780913002548,0.370427,0.100281,0.270718
1780913002564,0.370427,0.100281,0.270718
1780913002580,0.370427,0.100281,0.270718
1780913002596,0.370253,0.100151,0.270494
1780913002612,0.370427,0.100281,0.270718
1780913002628,0.370427,0.100281,0.270718
1780913002644,0.370253,0.100151,0.270494
1780913002660,0.370066,0.100018,0.270269
1780913002676,0.370253,0.100151,0.270494
1780913002692,0.370066,0.100018,0.270269
1780913002708,0.370066,0.100018,0.270269
1780913002724,0.370427,0.100281,0.270718
1780913002740,0.370253,0.100151,0.270494
1780913002756,0.370427,0.100281,0.270718
1780913002771,0.370253,0.100151,0.270494
1780913002787,0.370253,0.100151,0.270494
1780913002803,0.370427,0.100281,0.270718
1780913002818,0.370427,0.100281,0.270718
1780913002833,0.370427,0.100281,0.270718
1780913002849,0.370427,0.100281,0.270718
1780913002865,0.370427,0.100281,0.270718
1780913002881,0.370427,0.100281,0.270718
1780913002897,0.370066,0.100018,0.270269
1780913002913,0.370427,0.100281,0.270718
1780913002929,0.370427,0.100281,0.270718
1780913002945,0.370253,0.100151,0.270494
1780913002961,0.370427,0.100281,0.270718
1780913002976,0.370427,0.100281,0.270718
1780913002992,0.370427,0.100281,0.270718
1780913003008,0.370066,0.100018,0.270269
1780913003024,0.370427,0.100281,0.270718
1780913003040,0.370427,0.100281,0.270718
1780913003055,0.370261,0.100146,0.270474
1780913003070,0.370261,0.100146,0.270474
1780913003086,0.370435,0.100276,0.270699
1780913003102,0.370435,0.100276,0.270699
1780913003118,0.370075,0.100013,0.27025
1780913003134,0.370261,0.100146,0.270474
1780913003150,0.370261,0.100146,0.270474
1780913003166,0.370435,0.100276,0.270699
1780913003182,0.370075,0.100013,0.27025
1780913003198,0.370261,0.100146,0.270474
1780913003213,0.370261,0.100146,0.270474
1780913003228,0.370435,0.100276,0.270699
1780913003244,0.370075,0.100013,0.27025
1780913003260,0.370435,0.100276,0.270699
1780913003276,0.370261,0.100146,0.270474
1780913003292,0.370435,0.100276,0.270699
1780913003308,0.370435,0.100276,0.270699
1780913003324,0.370261,0.100146,0.270474
1780913003340,0.370435,0.100276,0.270699
1780913003356,0.370435,0.100276,0.270699
1780913003372,0.370261,0.100146,0.270474
1780913003388,0.370075,0.100013,0.27025
1780913003404,0.370261,0.100146,0.270474
1780913003420,0.370261,0.100146,0.270474
1780913003436,0.370261,0.100146,0.270474
1780913003452,0.370261,0.100146,0.270474
1780913003467,0.370436,0.100276,0.270699
1780913003482,0.370261,0.100146,0.270474
1780913003498,0.370261,0.100146,0.270474
1780913003514,0.370261,0.100146,0.270474
1780913003529,0.370261,0.100146,0.270474
1780913003544,0.370435,0.100276,0.270699
1780913003560,0.370446,0.100276,0.27069
1780913003576,0.370446,0.100276,0.27069
1780913003592,0.370086,0.100013,0.270241
1780913003608,0.370272,0.100146,0.270466
1780913003624,0.370272,0.100146,0.270466
1780913003640,0.370272,0.100146,0.270466
1780913003656,0.370086,0.100013,0.270241
1780913003672,0.370446,0.100276,0.27069
1780913003688,0.370272,0.100146,0.270466
1780913003704,0.370446,0.100276,0.27069
1780913003720,0.370446,0.100276,0.27069
1780913003737,0.370086,0.100013,0.270241
1780913003752,0.370446,0.100276,0.27069
1780913003768,0.370272,0.100146,0.270466
1780913003784,0.370446,0.100276,0.27069
1780913003800,0.370272,0.100146,0.270466
1780913003816,0.370446,0.100276,0.27069
1780913003832,0.370446,0.100276,0.27069
1780913003848,0.370446,0.100276,0.27069
1780913003864,0.370272,0.100146,0.270466
1780913003880,0.370272,0.100146,0.270466
1780913003895,0.370272,0.100146,0.270466
1780913003910,0.370446,0.100276,0.27069
1780913003925,0.370446,0.100276,0.27069
1780913003940,0.370446,0.100276,0.27069
1780913003956,0.370446,0.100276,0.27069
1780913003972,0.370446,0.100276,0.27069
1780913003988,0.370446,0.100276,0.27069
1780913004004,0.370272,0.100146,0.270466
1780913004020,0.370446,0.100276,0.27069
1780913004036,0.370446,0.100276,0.27069
1780913004052,0.370272,0.100146,0.270466
1780913004068,0.370446,0.100276,0.27069
1780913004084,0.370468,0.100272,0.270662
1780913004100,0.370294,0.100141,0.270437
1780913004116,0.370468,0.100272,0.270662
1780913004133,0.370109,0.100008,0.270212
1780913004148,0.370468,0.100272,0.270662
1780913004163,0.370294,0.100141,0.270437
1780913004179,0.370294,0.100141,0.270437
1780913004195,0.370294,0.100141,0.270437
1780913004211,0.370294,0.100141,0.270437
1780913004226,0.370294,0.100141,0.270437
1780913004242,0.370294,0.100141,0.270437
1780913004258,0.370468,0.100272,0.270662
1780913004274,0.370294,0.100141,0.270437
1780913004290,0.370294,0.100141,0.270437
1780913004305,0.370468,0.100272,0.270662
1780913004321,0.370109,0.100008,0.270212
1780913004337,0.370468,0.100272,0.270662
1780913004353,0.370468,0.100272,0.270662
1780913004369,0.370294,0.100141,0.270437
1780913004385,0.370109,0.100008,0.270212
1780913004401,0.370468,0.100272,0.270662
1780913004416,0.370294,0.100141,0.270437
1780913004432,0.370468,0.100272,0.270662
1780913004448,0.370294,0.100141,0.270437
1780913004464,0.370468,0.100272,0.270662
1780913004479,0.370294,0.100141,0.270437
1780913004494,0.370468,0.100272,0.270662
1780913004510,0.370468,0.100272,0.270662
1780913004525,0.370468,0.100272,0.270662
1780913004540,0.370294,0.100141,0.270437
1780913004556,0.370294,0.100141,0.270437
1780913004572,0.370294,0.100141,0.270437
1780913004588,0.370294,0.100141,0.270437
1780913004604,0.37032,0.100128,0.270383
1780913004620,0.37032,0.100128,0.270383
1780913004636,0.370493,0.100259,0.270609
1780913004652,0.37032,0.100128,0.270383
1780913004668,0.37032,0.100128,0.270383
1780913004684,0.370134,0.0999948,0.270158
1780913004700,0.37032,0.100128,0.270383
1780913004716,0.370493,0.100259,0.270609
1780913004732,0.370493,0.100259,0.270609
1780913004748,0.37032,0.100128,0.270383
1780913004763,0.37032,0.100128,0.270383
1780913004778,0.37032,0.100128,0.270383
1780913004794,0.370493,0.100259,0.270609
1780913004810,0.37032,0.100128,0.270383
1780913004825,0.370493,0.100259,0.270609
1780913004841,0.37032,0.100128,0.270383
1780913004857,0.370493,0.100259,0.270609
1780913004873,0.37032,0.100128,0.270383
1780913004889,0.370493,0.100259,0.270609
1780913004906,0.370493,0.100259,0.270609
1780913004921,0.37032,0.100128,0.270383
1780913004937,0.370493,0.100259,0.270609
1780913004953,0.370493,0.100259,0.270609
1780913004969,0.370493,0.100259,0.270609
1780913004985,0.37032,0.100128,0.270383
1780913005001,0.37032,0.100128,0.270383
1780913005017,0.37032,0.100128,0.270383
1780913005033,0.370493,0.100259,0.270609
1780913005049,0.37032,0.100128,0.270383
1780913005066,0.370493,0.100259,0.270609
1780913005082,0.370493,0.100259,0.270609
1780913005097,0.37032,0.100128,0.270383
1780913005113,0.370495,0.100255,0.270598
1780913005129,0.370322,0.100125,0.270373
1780913005145,0.370495,0.100255,0.270598
1780913005161,0.370322,0.100125,0.270373
1780913005177,0.370322,0.100125,0.270373
1780913005193,0.370495,0.100255,0.270598
1780913005210,0.370495,0.100255,0.270598
1780913005225,0.370495,0.100255,0.270598
1780913005241,0.370322,0.100125,0.270373
1780913005257,0.370136,0.0999917,0.270149
1780913005273,0.370322,0.100125,0.270373
1780913005289,0.370136,0.0999917,0.270149
1780913005305,0.370322,0.100125,0.270373
1780913005321,0.370495,0.100255,0.270598
1780913005337,0.370495,0.100255,0.270598
1780913005353,0.370322,0.100125,0.270373
1780913005369,0.370495,0.100255,0.270598
1780913005385,0.370495,0.100255,0.270598
1780913005401,0.370322,0.100125,0.270373
1780913005416,0.370495,0.100255,0.270598
1780913005431,0.370322,0.100125,0.270373
1780913005447,0.370495,0.100255,0.270598
1780913005463,0.370495,0.100255,0.270598
1780913005479,0.370495,0.100255,0.270598
1780913005494,0.370322,0.100125,0.270373
1780913005510,0.370495,0.100255,0.270598
1780913005525,0.370136,0.0999917,0.270149
1780913005540,0.370136,0.0999917,0.270149
1780913005556,0.370495,0.100255,0.270598
1780913005570,0.370136,0.0999917,0.270149
1780913005586,0.370495,0.100255,0.270598
1780913005603,0.370322,0.100125,0.270373
1780913005618,0.370495,0.100255,0.270598
1780913005634,0.370495,0.100255,0.270598
1780913005650,0.370323,0.100126,0.270375
1780913005666,0.370323,0.100126,0.270375
1780913005683,0.370496,0.100256,0.2706
1780913005698,0.370138,0.0999925,0.27015
1780913005714,0.370496,0.100256,0.2706
1780913005730,0.370496,0.100256,0.2706
1780913005744,0.370496,0.100256,0.2706
1780913005760,0.370323,0.100126,0.270375
1780913005777,0.370496,0.100256,0.2706
1780913005793,0.370496,0.100256,0.2706
1780913005809,0.370496,0.100256,0.2706
1780913005824,0.370496,0.100256,0.2706
1780913005840,0.370323,0.100126,0.270375
1780913005857,0.370323,0.100126,0.270375
1780913005871,0.370323,0.100126,0.270375
1780913005887,0.370323,0.100126,0.270375
1780913005903,0.370138,0.0999925,0.27015
1780913005919,0.370323,0.100126,0.270375
1780913005936,0.370138,0.0999925,0.27015
1780913005951,0.370323,0.100126,0.270375
1780913005967,0.370496,0.100256,0.2706
1780913005983,0.370323,0.100126,0.270375
1780913005999,0.370496,0.100256,0.2706
1780913006015,0.370138,0.0999925,0.27015
1780913006031,0.370496,0.100256,0.2706
1780913006047,0.370323,0.100126,0.270375
1780913006063,0.370496,0.100256,0.2706
1780913006080,0.370496,0.100256,0.2706
1780913006095,0.370496,0.100256,0.2706
1780913006111,0.370323,0.100126,0.270375
1780913006126,0.370323,0.100126,0.270375
1780913006142,0.370138,0.0999925,0.27015
1780913006159,0.370324,0.100125,0.270371
1780913006174,0.370139,0.0999916,0.270146
1780913006190,0.370498,0.100255,0.270596
1780913006206,0.370324,0.100125,0.270371
1780913006222,0.370324,0.100125,0.270371
1780913006238,0.370324,0.100125,0.270371
1780913006254,0.370324,0.100125,0.270371
1780913006270,0.370324,0.100125,0.270371
1780913006286,0.370324,0.100125,0.270371
1780913006303,0.370498,0.100255,0.270596
1780913006318,0.370498,0.100255,0.270596
1780913006334,0.370324,0.100125,0.270371
1780913006350,0.370498,0.100255,0.270596
1780913006367,0.370324,0.100125,0.270371
1780913006382,0.370498,0.100255,0.270596
1780913006398,0.370324,0.100125,0.270371
1780913006415,0.370324,0.100125,0.270371
1780913006429,0.370498,0.100255,0.270596
1780913006446,0.370498,0.100255,0.270596
1780913006461,0.370498,0.100255,0.270596
1780913006476,0.370324,0.100125,0.270371
1780913006491,0.370324,0.100125,0.270371
1780913006507,0.370498,0.100255,0.270596
1780913006524,0.370498,0.100255,0.270596
1780913006540,0.370498,0.100255,0.270596
1780913006555,0.370139,0.0999916,0.270146
1780913006571,0.370498,0.100255,0.270596
1780913006587,0.370139,0.0999916,0.270146
1780913006603,0.370498,0.100255,0.270596
1780913006620,0.370324,0.100125,0.270371
1780913006635,0.370139,0.0999916,0.270146
1780913006651,0.370499,0.100256,0.270597
1780913006667,0.37014,0.0999921,0.270147
1780913006683,0.370499,0.100256,0.270597
1780913006699,0.370325,0.100126,0.270372
1780913006714,0.370325,0.100126,0.270372
1780913006730,0.370325,0.100126,0.270372
1780913006745,0.370499,0.100256,0.270597
1780913006761,0.370499,0.100256,0.270597
1780913006777,0.370499,0.100256,0.270597
1780913006793,0.370499,0.100256,0.270597
1780913006809,0.370325,0.100126,0.270372
1780913006825,0.370325,0.100126,0.270372
1780913006841,0.370499,0.100256,0.270597
1780913006857,0.370325,0.100126,0.270372
1780913006873,0.370499,0.100256,0.270597
1780913006888,0.370325,0.100126,0.270372
1780913006904,0.370325,0.100126,0.270372
1780913006920,0.370499,0.100256,0.270597
1780913006937,0.370325,0.100126,0.270372
1780913006952,0.370499,0.100256,0.270597
1780913006968,0.370325,0.100126,0.270372
1780913006985,0.370499,0.100256,0.270597
1780913007000,0.370325,0.100126,0.270372
1780913007017,0.370499,0.100256,0.270597
1780913007033,0.370499,0.100256,0.270597
1780913007048,0.370499,0.100256,0.270597
1780913007064,0.37014,0.0999921,0.270147
1780913007080,0.370499,0.100256,0.270597
1780913007097,0.370499,0.100256,0.270597
1780913007112,0.370499,0.100256,0.270597
1780913007128,0.370325,0.100126,0.270372
1780913007145,0.370325,0.100126,0.270372
1780913007160,0.370499,0.100256,0.270597
1780913007176,0.370499,0.100256,0.270597
1780913007192,0.370143,0.099991,0.270141
1780913007208,0.370502,0.100255,0.270591
1780913007225,0.370502,0.100255,0.270591
1780913007240,0.370143,0.099991,0.270141
1780913007257,0.370502,0.100255,0.270591
1780913007272,0.370502,0.100255,0.270591
1780913007288,0.370502,0.100255,0.270591
1780913007304,0.370502,0.100255,0.270591
1780913007320,0.370329,0.100124,0.270366
1780913007336,0.370502,0.100255,0.270591
1780913007352,0.370143,0.099991,0.270141
1780913007369,0.370502,0.100255,0.270591
1780913007383,0.370502,0.100255,0.270591
1780913007399,0.370329,0.100124,0.270366
1780913007415,0.370502,0.100255,0.270591
1780913007431,0.370143,0.099991,0.270141
1780913007448,0.370502,0.100255,0.270591
1780913007464,0.370502,0.100255,0.270591
1780913007480,0.370502,0.100255,0.270591
1780913007495,0.370143,0.099991,0.270141
1780913007511,0.370502,0.100255,0.270591
1780913007526,0.370502,0.100255,0.270591
1780913007542,0.370502,0.100255,0.270591
1780913007557,0.370329,0.100124,0.270366
1780913007573,0.370329,0.100124,0.270366
1780913007588,0.370143,0.099991,0.270141
1780913007604,0.370329,0.100124,0.270366
1780913007620,0.370329,0.100124,0.270366
1780913007637,0.370502,0.100255,0.270591
1780913007653,0.370329,0.100124,0.270366
1780913007669,0.370502,0.100255,0.270591
1780913007685,0.370502,0.100255,0.270591
1780913007700,0.370332,0.100124,0.270362
1780913007716,0.370332,0.100124,0.270362
1780913007732,0.370147,0.0999902,0.270137
1780913007748,0.370505,0.100254,0.270587
1780913007764,0.370332,0.100124,0.270362
1780913007780,0.370505,0.100254,0.270587
1780913007796,0.370505,0.100254,0.270587
1780913007811,0.370332,0.100124,0.270362
1780913007825,0.370332,0.100124,0.270362
1780913007840,0.370332,0.100124,0.270362
1780913007856,0.370147,0.0999902,0.270137
1780913007872,0.370332,0.100124,0.270362
1780913007888,0.370332,0.100124,0.270362
1780913007904,0.370332,0.100124,0.270362
1780913007919,0.370505,0.100254,0.270587
1780913007935,0.370332,0.100124,0.270362
1780913007951,0.370505,0.100254,0.270587
1780913007967,0.370505,0.100254,0.270587
1780913007983,0.370147,0.0999902,0.270137
1780913007999,0.370332,0.100124,0.270362
1780913008015,0.370332,0.100124,0.270362
1780913008031,0.370332,0.100124,0.270362
1780913008047,0.370505,0.100254,0.270587
1780913008064,0.370332,0.100124,0.270362
1780913008080,0.370332,0.100124,0.270362
1780913008095,0.370505,0.100254,0.270587
1780913008112,0.370505,0.100254,0.270587
1780913008127,0.370332,0.100124,0.270362
1780913008141,0.370505,0.100254,0.270587
1780913008157,0.370147,0.0999902,0.270137
1780913008174,0.370505,0.100254,0.270587
1780913008189,0.370332,0.100124,0.270362
1780913008206,0.370332,0.100124,0.270362
1780913008221,0.370173,0.0999798,0.270089
1780913008237,0.37053,0.100244,0.270544
1780913008253,0.37053,0.100244,0.270544
1780913008270,0.370529,0.100244,0.270544
1780913008285,0.370357,0.100114,0.270316
1780913008301,0.370529,0.100244,0.270544
1780913008316,0.370357,0.100114,0.270316
1780913008331,0.370357,0.100114,0.270316
1780913008346,0.370357,0.100114,0.270316
1780913008362,0.370357,0.100114,0.270316
1780913008379,0.370173,0.0999797,0.270089
1780913008395,0.370357,0.100114,0.270316
1780913008410,0.370357,0.100114,0.270316
1780913008426,0.370357,0.100114,0.270316
1780913008440,0.370529,0.100244,0.270544
1780913008456,0.370357,0.100114,0.270316
1780913008473,0.370357,0.100114,0.270316
1780913008489,0.370529,0.100244,0.270544
1780913008504,0.370173,0.0999797,0.270089
1780913008520,0.370357,0.100114,0.270316
1780913008537,0.370529,0.100244,0.270544
1780913008551,0.370357,0.100114,0.270316
1780913008567,0.370529,0.100244,0.270544
1780913008583,0.370529,0.100244,0.270544
1780913008598,0.370173,0.0999797,0.270089
1780913008614,0.370529,0.100244,0.270544
1780913008629,0.370529,0.100244,0.270544
1780913008645,0.370357,0.100114,0.270316
1780913008660,0.370357,0.100114,0.270316
1780913008675,0.370529,0.100244,0.270544
1780913008690,0.370529,0.100244,0.270544
1780913008705,0.370529,0.100244,0.270544
1780913008720,0.370628,0.100015,0.269853
1780913008737,0.370794,0.100148,0.27009
1780913008753,0.370628,0.100015,0.269853
1780913008769,0.370628,0.100015,0.269853
1780913008785,0.370794,0.100148,0.27009
1780913008800,0.370628,0.100015,0.269853
1780913008816,0.370794,0.100148,0.27009
1780913008830,0.370628,0.100015,0.269853
1780913008846,0.370794,0.100148,0.27009
1780913008860,0.370628,0.100015,0.269853
1780913008876,0.370794,0.100148,0.27009
1780913008893,0.370794,0.100148,0.27009
1780913008909,0.370628,0.100015,0.269853
1780913008924,0.370794,0.100148,0.27009
1780913008940,0.370794,0.100148,0.27009
1780913008957,0.370451,0.0998793,0.269615
1780913008972,0.370628,0.100015,0.269853
1780913008988,0.370628,0.100015,0.269853
1780913009004,0.370628,0.100015,0.269853
1780913009021,0.370628,0.100015,0.269853
1780913009036,0.370794,0.100148,0.27009
1780913009052,0.370628,0.100015,0.269853
1780913009068,0.370794,0.100148,0.27009
1780913009083,0.370628,0.100015,0.269853
1780913009099,0.370794,0.100148,0.27009
1780913009115,0.370794,0.100148,0.27009
1780913009130,0.370794,0.100148,0.27009
1780913009146,0.370794,0.100148,0.27009
1780913009160,0.370628,0.100015,0.269853
1780913009177,0.370794,0.100148,0.27009
1780913009193,0.370451,0.0998793,0.269615
1780913009209,0.370794,0.100148,0.27009
1780913009225,0.370628,0.100015,0.269853
1780913009240,0.371233,0.100015,0.269412
1780913009257,0.371233,0.100015,0.269412
1780913009273,0.371071,0.0998815,0.269171
1780913009288,0.371071,0.0998815,0.269171
1780913009305,0.371071,0.0998815,0.269171
1780913009320,0.371233,0.100015,0.269412
1780913009337,0.371233,0.100015,0.269412
1780913009352,0.371071,0.0998815,0.269171
1780913009368,0.371071,0.0998815,0.269171
1780913009383,0.371071,0.0998815,0.269171
1780913009398,0.371233,0.100015,0.269412
1780913009415,0.370897,0.0997451,0.268929
1780913009430,0.371233,0.100015,0.269412
1780913009446,0.370897,0.0997451,0.268929
1780913009462,0.371233,0.100015,0.269412
1780913009478,0.370897,0.0997451,0.268929
1780913009494,0.371233,0.100015,0.269412
1780913009510,0.371233,0.100015,0.269412
1780913009526,0.371233,0.100015,0.269412
1780913009541,0.371233,0.100015,0.269412
1780913009557,0.371071,0.0998815,0.269171
1780913009574,0.371233,0.100015,0.269412
1780913009589,0.371071,0.0998815,0.269171
1780913009606,0.371233,0.100015,0.269412
1780913009622,0.371071,0.0998815,0.269171
1780913009637,0.371233,0.100015,0.269412
1780913009653,0.371071,0.0998815,0.269171
1780913009668,0.371233,0.100015,0.269412
1780913009685,0.370897,0.0997451,0.268929
1780913009701,0.371071,0.0998815,0.269171
1780913009717,0.371071,0.0998815,0.269171
1780913009733,0.371071,0.0998815,0.269171
1780913009749,0.371071,0.0998815,0.269171
1780913009764,0.371371,0.0999779,0.269213
1780913009781,0.371032,0.0997093,0.268735
1780913009797,0.371208,0.0998452,0.268974
1780913009812,0.371208,0.0998452,0.268974
1780913009828,0.371208,0.0998452,0.268974
1780913009845,0.371032,0.0997092,0.268735
1780913009861,0.371208,0.0998452,0.268974
1780913009877,0.371371,0.0999779,0.269213
1780913009893,0.371032,0.0997093,0.268735
1780913009909,0.371208,0.0998452,0.268974
1780913009925,0.371371,0.0999779,0.269213
1780913009940,0.371371,0.0999779,0.269213
1780913009956,0.371371,0.0999779,0.269213
1780913009970,0.371208,0.0998452,0.268974
1780913009987,0.371371,0.0999779,0.269213
1780913010001,0.371208,0.0998452,0.268974
1780913010018,0.371371,0.0999779,0.269213
1780913010034,0.371371,0.0999779,0.269213
1780913010050,0.371208,0.0998452,0.268974
1780913010066,0.371371,0.0999779,0.269213
1780913010082,0.371032,0.0997093,0.268735
1780913010098,0.371032,0.0997093,0.268735
1780913010114,0.371371,0.0999779,0.269213
1780913010130,0.371371,0.0999779,0.269213
1780913010146,0.371208,0.0998452,0.268974
1780913010160,0.371032,0.0997093,0.268735
1780913010177,0.371208,0.0998452,0.268974
1780913010193,0.371208,0.0998452,0.268974
1780913010209,0.371371,0.0999779,0.269213
1780913010224,0.371371,0.0999779,0.269213
1780913010240,0.371371,0.0999779,0.269213
1780913010256,0.371371,0.0999779,0.269213
1780913010272,0.371369,0.0999799,0.26922
1780913010288,0.371205,0.0998473,0.268982
1780913010304,0.371369,0.0999799,0.26922
1780913010320,0.371205,0.0998473,0.268982
1780913010336,0.371205,0.0998473,0.268982
1780913010352,0.371369,0.0999799,0.26922
1780913010368,0.371029,0.0997115,0.268743
1780913010384,0.371205,0.0998473,0.268982
1780913010400,0.371205,0.0998473,0.268982
1780913010416,0.371029,0.0997115,0.268743
1780913010432,0.371205,0.0998473,0.268982
1780913010447,0.371369,0.0999799,0.26922
1780913010464,0.371205,0.0998473,0.268982
1780913010480,0.371029,0.0997115,0.268743
1780913010496,0.371369,0.0999799,0.26922
1780913010512,0.371205,0.0998473,0.268982
1780913010528,0.371369,0.0999799,0.26922
1780913010544,0.371369,0.0999799,0.26922
1780913010560,0.371369,0.0999799,0.26922
1780913010576,0.371029,0.0997115,0.268743
1780913010592,0.371369,0.0999799,0.26922
1780913010608,0.371205,0.0998473,0.268982
1780913010624,0.371369,0.0999799,0.26922
1780913010640,0.371205,0.0998473,0.268982
1780913010655,0.371205,0.0998473,0.268982
1780913010671,0.371369,0.0999799,0.26922
1780913010687,0.371369,0.0999799,0.26922
1780913010703,0.371205,0.0998473,0.268982
1780913010719,0.371205,0.0998473,0.268982
1780913010735,0.371369,0.0999799,0.26922
1780913010751,0.371369,0.0999799,0.26922
1780913010767,0.371369,0.0999799,0.26922
1780913010783,0.371029,0.0997115,0.268743
1780913010799,0.371367,0.0999828,0.269229
1780913010815,0.371028,0.0997144,0.268752
1780913010830,0.371203,0.0998502,0.26899
1780913010845,0.371028,0.0997144,0.268752
1780913010861,0.371367,0.0999828,0.269229
1780913010877,0.371367,0.0999828,0.269229
1780913010893,0.371367,0.0999828,0.269229
1780913010909,0.371203,0.0998502,0.26899
1780913010925,0.371367,0.0999828,0.269229
1780913010940,0.370852,0.0995782,0.268512
1780913010955,0.371203,0.0998502,0.26899
1780913010971,0.371367,0.0999828,0.269229
1780913010987,0.371028,0.0997144,0.268752
1780913011003,0.371367,0.0999828,0.269229
1780913011019,0.371367,0.0999828,0.269229
1780913011035,0.371367,0.0999828,0.269229
1780913011050,0.371367,0.0999828,0.269229
1780913011065,0.371367,0.0999828,0.269229
1780913011081,0.371367,0.0999828,0.269229
1780913011097,0.371367,0.0999828,0.269229
1780913011113,0.371203,0.0998502,0.26899
1780913011129,0.371203,0.0998502,0.26899
1780913011145,0.371203,0.0998502,0.26899
1780913011161,0.371367,0.0999828,0.269229
1780913011177,0.371367,0.0999828,0.269229
1780913011193,0.371367,0.0999828,0.269229
1780913011209,0.371203,0.0998502,0.26899
1780913011225,0.371028,0.0997144,0.268752
1780913011241,0.371367,0.0999828,0.269229
1780913011257,0.371028,0.0997144,0.268752
1780913011273,0.371203,0.0998502,0.26899
1780913011289,0.371203,0.0998502,0.26899
1780913011305,0.371368,0.0999848,0.269233
1780913011321,0.371368,0.0999848,0.269233
1780913011337,0.371368,0.0999848,0.269233
1780913011352,0.371205,0.0998522,0.268995
1780913011368,0.371368,0.0999848,0.269233
1780913011384,0.371205,0.0998522,0.268995
1780913011400,0.371029,0.0997164,0.268756
1780913011416,0.371368,0.0999848,0.269233
1780913011431,0.371205,0.0998522,0.268995
1780913011446,0.371205,0.0998522,0.268995
1780913011461,0.371205,0.0998522,0.268995
1780913011477,0.371368,0.0999848,0.269233
1780913011493,0.371368,0.0999848,0.269233
1780913011509,0.371029,0.0997164,0.268756
1780913011525,0.371205,0.0998522,0.268995
1780913011541,0.371368,0.0999848,0.269233
1780913011557,0.371368,0.0999848,0.269233
1780913011573,0.371368,0.0999848,0.269233
1780913011589,0.371205,0.0998522,0.268995
1780913011605,0.371205,0.0998522,0.268995
1780913011621,0.371368,0.0999848,0.269233
1780913011637,0.371205,0.0998522,0.268995
1780913011653,0.371205,0.0998522,0.268995
1780913011669,0.371205,0.0998522,0.268995
1780913011685,0.371205,0.0998522,0.268995
1780913011701,0.371368,0.0999848,0.269233
1780913011717,0.371205,0.0998522,0.268995
1780913011733,0.371368,0.0999848,0.269233
1780913011749,0.371205,0.0998522,0.268995
1780913011764,0.371368,0.0999848,0.269233
1780913011779,0.371029,0.0997164,0.268756
1780913011795,0.371205,0.0998522,0.268995
1780913011811,0.37137,0.0999852,0.269233
1780913011826,0.371206,0.0998527,0.268995
1780913011841,0.371031,0.0997169,0.268756
1780913011856,0.37137,0.0999852,0.269233
1780913011871,0.37137,0.0999852,0.269233
1780913011886,0.371206,0.0998527,0.268995
1780913011902,0.371206,0.0998527,0.268995
1780913011917,0.37137,0.0999852,0.269233
1780913011932,0.371031,0.0997169,0.268756
1780913011947,0.37137,0.0999852,0.269233
1780913011963,0.37137,0.0999852,0.269233
1780913011979,0.371207,0.0998527,0.268995
1780913011995,0.37137,0.0999852,0.269233
1780913012011,0.37137,0.0999852,0.269233
1780913012026,0.371031,0.0997169,0.268756
1780913012041,0.37137,0.0999852,0.269233
1780913012057,0.371031,0.0997169,0.268756
1780913012073,0.37137,0.0999852,0.269233
1780913012089,0.371031,0.0997169,0.268756
1780913012105,0.37137,0.0999852,0.269233
1780913012120,0.371206,0.0998527,0.268995
1780913012135,0.37137,0.0999852,0.269233
1780913012151,0.371031,0.0997169,0.268756
1780913012167,0.37137,0.0999852,0.269233
1780913012183,0.37137,0.0999852,0.269233
1780913012199,0.371206,0.0998527,0.268995
1780913012215,0.37137,0.0999852,0.269233
1780913012230,0.371206,0.0998527,0.268995
1780913012245,0.37137,0.0999852,0.269233
1780913012261,0.37137,0.0999852,0.269233
1780913012277,0.37137,0.0999852,0.269233
1780913012293,0.37137,0.0999852,0.269233
1780913012309,0.37137,0.0999852,0.269233
1780913012325,0.371206,0.0998527,0.268995
1780913012341,0.371209,0.0998535,0.268995
1780913012357,0.371373,0.099986,0.269234
1780913012373,0.371373,0.099986,0.269234
1780913012389,0.371373,0.099986,0.269234
1780913012405,0.371209,0.0998535,0.268995
1780913012421,0.371373,0.099986,0.269234
1780913012437,0.371034,0.0997177,0.268756
1780913012453,0.371373,0.099986,0.269234
1780913012469,0.371034,0.0997177,0.268756
1780913012485,0.371209,0.0998535,0.268995
1780913012501,0.371209,0.0998535,0.268995
1780913012517,0.371373,0.099986,0.269234
1780913012533,0.371209,0.0998535,0.268995
1780913012549,0.371034,0.0997177,0.268756
1780913012565,0.371209,0.0998535,0.268995
1780913012581,0.371209,0.0998535,0.268995
1780913012597,0.371209,0.0998535,0.268995
1780913012613,0.371034,0.0997177,0.268756
1780913012629,0.371209,0.0998535,0.268995
1780913012645,0.371209,0.0998535,0.268995
1780913012661,0.371209,0.0998535,0.268995
1780913012677,0.371373,0.099986,0.269234
1780913012693,0.371034,0.0997177,0.268756
1780913012709,0.371209,0.0998535,0.268995
1780913012725,0.371373,0.099986,0.269234
1780913012741,0.371209,0.0998535,0.268995
1780913012757,0.371034,0.0997177,0.268756
1780913012773,0.371209,0.0998535,0.268995
1780913012789,0.371209,0.0998535,0.268995
1780913012805,0.371209,0.0998535,0.268995
1780913012821,0.371034,0.0997177,0.268756
1780913012837,0.371373,0.099986,0.269234
1780913012853,0.371378,0.0999868,0.269232
1780913012869,0.371215,0.0998542,0.268993
1780913012885,0.371215,0.0998542,0.268993
1780913012901,0.371378,0.0999868,0.269232
1780913012917,0.371215,0.0998542,0.268993
1780913012932,0.371215,0.0998542,0.268993
1780913012948,0.371215,0.0998542,0.268993
1780913012964,0.371215,0.0998542,0.268993
1780913012980,0.371378,0.0999868,0.269232
1780913012996,0.371039,0.0997185,0.268754
1780913013012,0.371378,0.0999868,0.269232
1780913013029,0.371378,0.0999868,0.269232
1780913013044,0.371215,0.0998542,0.268993
1780913013060,0.371215,0.0998542,0.268993
1780913013077,0.371039,0.0997185,0.268754
1780913013092,0.371215,0.0998542,0.268993
1780913013108,0.371378,0.0999868,0.269232
1780913013124,0.371215,0.0998542,0.268993
1780913013140,0.371378,0.0999868,0.269232
1780913013156,0.371215,0.0998542,0.268993
1780913013172,0.371378,0.0999868,0.269232
1780913013188,0.371378,0.0999868,0.269232
1780913013204,0.371378,0.0999868,0.269232
1780913013220,0.371215,0.0998542,0.268993
1780913013236,0.371215,0.0998542,0.268993
1780913013251,0.371378,0.0999868,0.269232
1780913013267,0.371215,0.0998542,0.268993
1780913013283,0.371378,0.0999868,0.269232
1780913013298,0.371215,0.0998542,0.268993
1780913013314,0.371215,0.0998542,0.268993
1780913013331,0.371378,0.0999868,0.269232
1780913013346,0.371215,0.0998542,0.268993
1780913013362,0.37138,0.0999876,0.269233
1780913013377,0.37138,0.0999876,0.269233
1780913013393,0.371216,0.099855,0.268994
1780913013409,0.371216,0.099855,0.268994
1780913013424,0.371216,0.099855,0.268994
1780913013440,0.37138,0.0999876,0.269233
1780913013456,0.371216,0.099855,0.268994
1780913013472,0.371216,0.099855,0.268994
1780913013488,0.37138,0.0999876,0.269233
1780913013503,0.37138,0.0999876,0.269233
1780913013519,0.37138,0.0999876,0.269233
1780913013534,0.37138,0.0999876,0.269233
1780913013552,0.37138,0.0999876,0.269233
1780913013567,0.37138,0.0999876,0.269233
1780913013583,0.371041,0.0997193,0.268756
1780913013598,0.37138,0.0999876,0.269233
1780913013614,0.371216,0.099855,0.268994
1780913013631,0.37138,0.0999876,0.269233
1780913013647,0.37138,0.0999876,0.269233
1780913013663,0.371041,0.0997193,0.268756
1780913013678,0.371216,0.099855,0.268994
1780913013695,0.371216,0.099855,0.268994
1780913013711,0.371216,0.099855,0.268994
1780913013726,0.371216,0.099855,0.268994
1780913013741,0.371216,0.099855,0.268994
1780913013757,0.371216,0.099855,0.268994
1780913013774,0.370498,0.0993062,0.268034
1780913013789,0.371216,0.099855,0.268994
1780913013807,0.371216,0.099855,0.268994
1780913013820,0.371216,0.099855,0.268994
1780913013837,0.37138,0.0999876,0.269233
1780913013852,0.371216,0.099855,0.268994
1780913013866,0.371216,0.099855,0.268994
1780913013884,0.37104,0.0997223,0.268764
1780913013899,0.371216,0.0998579,0.269003
1780913013915,0.371216,0.0998579,0.269003
1780913013930,0.371379,0.0999904,0.269241
1780913013946,0.371216,0.0998579,0.269003
1780913013962,0.371216,0.0998579,0.269003
1780913013978,0.37104,0.0997223,0.268764
1780913013994,0.371379,0.0999904,0.269241
1780913014010,0.370865,0.0995863,0.268525
1780913014026,0.371379,0.0999904,0.269241
1780913014042,0.371379,0.0999904,0.269241
1780913014058,0.371379,0.0999904,0.269241
1780913014074,0.371379,0.0999904,0.269241
1780913014090,0.371216,0.099858,0.269003
1780913014106,0.371379,0.0999904,0.269241
1780913014122,0.37104,0.0997223,0.268764
1780913014138,0.371216,0.099858,0.269003
1780913014154,0.371379,0.0999904,0.269241
1780913014170,0.371216,0.099858,0.269003
1780913014186,0.371379,0.0999904,0.269241
1780913014202,0.371379,0.0999904,0.269241
1780913014218,0.37104,0.0997223,0.268764
1780913014234,0.371216,0.0998579,0.269003
1780913014250,0.371379,0.0999904,0.269241
1780913014266,0.371379,0.0999904,0.269241
1780913014282,0.371216,0.099858,0.269003
1780913014297,0.371216,0.099858,0.269003
1780913014313,0.371216,0.099858,0.269003
1780913014329,0.371216,0.099858,0.269003
1780913014345,0.371379,0.0999904,0.269241
1780913014361,0.371216,0.099858,0.269003
1780913014377,0.371371,0.100009,0.269297
1780913014393,0.371371,0.100009,0.269297
1780913014409,0.371031,0.0997417,0.268823
1780913014425,0.371207,0.0998769,0.26906
1780913014441,0.371207,0.0998769,0.26906
1780913014457,0.371207,0.0998769,0.26906
1780913014473,0.371207,0.0998769,0.26906
1780913014489,0.371207,0.0998769,0.26906
1780913014505,0.371207,0.0998769,0.26906
1780913014521,0.371207,0.0998769,0.26906
1780913014537,0.371371,0.100009,0.269297
1780913014553,0.371207,0.0998769,0.26906
1780913014569,0.371207,0.0998769,0.26906
1780913014585,0.371031,0.0997417,0.268823
1780913014602,0.371207,0.0998769,0.26906
1780913014617,0.371371,0.100009,0.269297
1780913014633,0.371207,0.0998769,0.26906
1780913014649,0.371207,0.0998769,0.26906
1780913014665,0.371207,0.0998769,0.26906
1780913014681,0.371207,0.0998769,0.26906
1780913014697,0.371371,0.100009,0.269297
1780913014713,0.371207,0.0998769,0.26906
1780913014728,0.371371,0.100009,0.269297
1780913014744,0.371207,0.0998769,0.26906
1780913014760,0.371207,0.0998769,0.26906
1780913014776,0.371207,0.0998769,0.26906
1780913014792,0.371207,0.0998769,0.26906
1780913014808,0.371207,0.0998769,0.26906
1780913014824,0.371371,0.100009,0.269297
1780913014839,0.371207,0.0998769,0.26906
1780913014854,0.371207,0.0998769,0.26906
1780913014870,0.371207,0.0998769,0.26906
1780913014886,0.371371,0.100009,0.269297
1780913014902,0.371191,0.0999076,0.269154
1780913014917,0.371191,0.0999076,0.269154
1780913014932,0.371191,0.0999076,0.269154
1780913014948,0.371191,0.0999076,0.269154
1780913014964,0.371355,0.100039,0.26939
1780913014980,0.371191,0.0999076,0.269154
1780913014996,0.371355,0.100039,0.26939
1780913015012,0.371191,0.0999076,0.269154
1780913015028,0.371191,0.0999076,0.269154
1780913015044,0.371191,0.0999076,0.269154
1780913015060,0.371191,0.0999076,0.269154
1780913015076,0.371191,0.0999076,0.269154
1780913015092,0.371191,0.0999076,0.269154
1780913015108,0.371191,0.0999076,0.269154
1780913015124,0.371191,0.0999076,0.269154
1780913015140,0.371355,0.100039,0.26939
1780913015156,0.371355,0.100039,0.26939
1780913015172,0.371355,0.100039,0.26939
1780913015188,0.371355,0.100039,0.26939
1780913015204,0.371355,0.100039,0.26939
1780913015220,0.371355,0.100039,0.26939
1780913015236,0.371355,0.100039,0.26939
1780913015252,0.371355,0.100039,0.26939
1780913015268,0.371355,0.100039,0.26939
1780913015284,0.371191,0.0999076,0.269154
1780913015300,0.371191,0.0999076,0.269154
1780913015317,0.371191,0.0999076,0.269154
1780913015332,0.371191,0.0999076,0.269154
1780913015348,0.371015,0.0997726,0.268918
1780913015364,0.371191,0.0999076,0.269154
1780913015380,0.371355,0.100039,0.26939
1780913015396,0.371191,0.0999076,0.269154
1780913015412,0.371191,0.0999076,0.269154
1780913015428,0.371186,0.0999175,0.269185
1780913015444,0.371186,0.0999175,0.269185
1780913015460,0.371186,0.0999175,0.269185
1780913015476,0.37101,0.0997824,0.268948
1780913015492,0.371186,0.0999175,0.269185
1780913015508,0.371349,0.100049,0.269421
1780913015524,0.371349,0.100049,0.269421
1780913015540,0.371186,0.0999175,0.269185
1780913015556,0.371186,0.0999175,0.269185
1780913015572,0.371186,0.0999175,0.269185
1780913015588,0.371349,0.100049,0.269421
1780913015604,0.371349,0.100049,0.269421
1780913015620,0.371349,0.100049,0.269421
1780913015636,0.371349,0.100049,0.269421
1780913015652,0.371186,0.0999175,0.269185
1780913015668,0.371349,0.100049,0.269421
1780913015684,0.371186,0.0999175,0.269185
1780913015700,0.371349,0.100049,0.269421
1780913015716,0.37101,0.0997825,0.268948
1780913015732,0.371349,0.100049,0.269421
1780913015747,0.371349,0.100049,0.269421
1780913015763,0.371186,0.0999175,0.269185
1780913015780,0.371186,0.0999175,0.269185
1780913015795,0.371186,0.0999175,0.269185
1780913015811,0.37101,0.0997825,0.268948
1780913015826,0.371349,0.100049,0.269421
1780913015842,0.371186,0.0999175,0.269185
1780913015858,0.371349,0.100049,0.269421
1780913015874,0.371349,0.100049,0.269421
1780913015890,0.37101,0.0997825,0.268948
1780913015907,0.371186,0.0999175,0.269185
1780913015922,0.371186,0.0999175,0.269185
1780913015938,0.371187,0.0999119,0.269169
1780913015954,0.371012,0.0997768,0.268932
1780913015970,0.371187,0.0999119,0.269169
1780913015986,0.370836,0.0996412,0.268694
1780913016002,0.371351,0.100044,0.269405
1780913016017,0.371187,0.0999119,0.269169
1780913016033,0.371187,0.0999119,0.269169
1780913016049,0.371187,0.0999119,0.269169
1780913016065,0.371351,0.100044,0.269405
1780913016081,0.371012,0.0997768,0.268932
1780913016096,0.371351,0.100044,0.269405
1780913016112,0.371012,0.0997768,0.268932
1780913016128,0.371012,0.0997768,0.268932
1780913016144,0.371187,0.0999119,0.269169
1780913016160,0.371187,0.0999119,0.269169
1780913016176,0.371351,0.100044,0.269405
1780913016192,0.371351,0.100044,0.269405
1780913016208,0.371351,0.100044,0.269405
1780913016224,0.371351,0.100044,0.269405
1780913016241,0.371187,0.0999119,0.269169
1780913016256,0.371012,0.0997768,0.268932
1780913016272,0.371187,0.099912,0.269169
1780913016288,0.371012,0.0997768,0.268932
1780913016304,0.371187,0.0999119,0.269169
1780913016320,0.371012,0.0997768,0.268932
1780913016336,0.371187,0.0999119,0.269169
1780913016352,0.371012,0.0997768,0.268932
1780913016368,0.371351,0.100044,0.269405
1780913016383,0.371012,0.0997768,0.268932
1780913016399,0.371351,0.100044,0.269405
1780913016414,0.371012,0.0997768,0.268932
1780913016429,0.371187,0.0999119,0.269169
1780913016446,0.37101,0.0997737,0.268924
1780913016461,0.371186,0.0999088,0.269161
1780913016477,0.37101,0.0997737,0.268924
1780913016493,0.37135,0.100041,0.269398
1780913016507,0.37101,0.0997736,0.268924
1780913016524,0.37135,0.100041,0.269398
1780913016540,0.371186,0.0999087,0.269161
1780913016555,0.371186,0.0999087,0.269161
1780913016571,0.37135,0.100041,0.269398
1780913016587,0.37135,0.100041,0.269398
1780913016603,0.37101,0.0997736,0.268924
1780913016619,0.37135,0.100041,0.269398
1780913016635,0.37101,0.0997736,0.268924
1780913016652,0.37135,0.100041,0.269398
1780913016667,0.37101,0.0997736,0.268924
1780913016683,0.37101,0.0997736,0.268924
1780913016699,0.370834,0.0996381,0.268686
1780913016715,0.371186,0.0999087,0.269161
1780913016731,0.371186,0.0999087,0.269161
1780913016747,0.37101,0.0997736,0.268924
1780913016761,0.371186,0.0999087,0.269161
1780913016777,0.371186,0.0999087,0.269161
1780913016793,0.37135,0.100041,0.269398
1780913016810,0.371186,0.0999087,0.269161
1780913016825,0.37135,0.100041,0.269398
1780913016842,0.37101,0.0997736,0.268924
1780913016858,0.37135,0.100041,0.269398
1780913016874,0.37101,0.0997736,0.268924
1780913016889,0.37135,0.100041,0.269398
1780913016905,0.37101,0.0997736,0.268924
1780913016921,0.37135,0.100041,0.269398
1780913016937,0.37135,0.100041,0.269398
1780913016952,0.371186,0.0999087,0.269161
1780913016968,0.37101,0.0997736,0.268924
1780913016984,0.371191,0.0999077,0.269154
1780913017000,0.370661,0.0995001,0.268439
1780913017016,0.371016,0.0997726,0.268917
1780913017033,0.371355,0.10004,0.269391
1780913017047,0.370662,0.0995002,0.268439
1780913017063,0.371355,0.10004,0.269391
1780913017079,0.371355,0.10004,0.269391
1780913017095,0.371192,0.0999078,0.269154
1780913017110,0.370841,0.099637,0.268679
1780913017126,0.371191,0.0999077,0.269154
1780913017142,0.371191,0.0999077,0.269154
1780913017157,0.371191,0.0999077,0.269154
1780913017174,0.371355,0.10004,0.269391
1780913017189,0.371016,0.0997725,0.268917
1780913017205,0.371355,0.10004,0.269391
1780913017222,0.371191,0.0999077,0.269154
1780913017237,0.371191,0.0999077,0.269154
1780913017254,0.371191,0.0999077,0.269154
1780913017270,0.371016,0.0997725,0.268917
1780913017285,0.371191,0.0999077,0.269154
1780913017301,0.371355,0.10004,0.269391
1780913017317,0.371355,0.10004,0.269391
1780913017333,0.371355,0.10004,0.269391
1780913017350,0.371016,0.0997725,0.268917
1780913017366,0.371355,0.10004,0.269391
1780913017382,0.371016,0.0997725,0.268917
1780913017398,0.371355,0.10004,0.269391
1780913017414,0.371191,0.0999077,0.269154
1780913017428,0.37084,0.0996369,0.268679
1780913017444,0.371355,0.10004,0.269391
1780913017460,0.371016,0.0997725,0.268917
1780913017477,0.371355,0.10004,0.269391
1780913017492,0.37103,0.0997571,0.268865
1780913017508,0.370855,0.0996212,0.268626
1780913017524,0.37103,0.099757,0.268865
1780913017541,0.37103,0.099757,0.268865
1780913017556,0.371205,0.0998925,0.269103
1780913017572,0.371369,0.100025,0.269341
1780913017587,0.371369,0.100025,0.269341
1780913017603,0.37103,0.099757,0.268865
1780913017617,0.371369,0.100025,0.269341
1780913017633,0.371369,0.100025,0.269341
1780913017650,0.371369,0.100025,0.269341
1780913017665,0.371369,0.100025,0.269341
1780913017681,0.371369,0.100025,0.269341
1780913017698,0.37103,0.0997571,0.268865
1780913017714,0.371369,0.100025,0.269341
1780913017729,0.371206,0.0998925,0.269103
1780913017744,0.37103,0.0997571,0.268865
1780913017761,0.37103,0.0997571,0.268865
1780913017777,0.371206,0.0998925,0.269103
1780913017792,0.37103,0.0997571,0.268865
1780913017808,0.371206,0.0998925,0.269103
1780913017824,0.371206,0.0998925,0.269103
1780913017840,0.371369,0.100025,0.269341
1780913017856,0.37103,0.0997571,0.268865
1780913017872,0.37103,0.0997571,0.268865
1780913017888,0.371369,0.100025,0.269341
1780913017905,0.371206,0.0998925,0.269103
1780913017921,0.371206,0.0998925,0.269103
1780913017936,0.37103,0.0997571,0.268865
1780913017952,0.371369,0.100025,0.269341
1780913017967,0.371206,0.0998925,0.269103
1780913017984,0.371369,0.100025,0.269341
1780913017999,0.371211,0.0998668,0.26903
1780913018014,0.371374,0.0999994,0.269269
1780913018030,0.371036,0.0997311,0.268791
1780913018047,0.371211,0.0998668,0.26903
1780913018062,0.371374,0.0999994,0.269269
1780913018078,0.371374,0.0999994,0.269269
1780913018095,0.371374,0.0999994,0.269269
1780913018111,0.371036,0.0997311,0.268791
1780913018127,0.371374,0.0999994,0.269269
1780913018143,0.371036,0.0997311,0.268791
1780913018159,0.371211,0.0998669,0.26903
1780913018174,0.371036,0.0997311,0.268791
1780913018191,0.371211,0.0998668,0.26903
1780913018205,0.371374,0.0999994,0.269269
1780913018221,0.371036,0.0997311,0.268791
1780913018237,0.371374,0.0999994,0.269269
1780913018254,0.371211,0.0998668,0.26903
1780913018269,0.37086,0.0995949,0.268551
1780913018285,0.371211,0.0998668,0.26903
1780913018302,0.371374,0.0999994,0.269269
1780913018317,0.371211,0.0998668,0.26903
1780913018334,0.371036,0.0997311,0.268791
1780913018350,0.371374,0.0999994,0.269269
1780913018365,0.371374,0.0999994,0.269269
1780913018381,0.371036,0.0997311,0.268791
1780913018397,0.371036,0.0997311,0.268791
1780913018413,0.371374,0.0999994,0.269269
1780913018427,0.371036,0.0997311,0.268791
1780913018443,0.371211,0.0998668,0.26903
1780913018459,0.371374,0.0999994,0.269269
1780913018475,0.371374,0.0999994,0.269269
1780913018491,0.371211,0.0998668,0.26903
1780913018507,0.371376,0.0999756,0.269203
1780913018524,0.371038,0.0997071,0.268725
1780913018539,0.371376,0.0999756,0.269203
1780913018556,0.371038,0.0997071,0.268725
1780913018571,0.371376,0.0999756,0.269203
1780913018587,0.371376,0.0999756,0.269203
1780913018602,0.371213,0.099843,0.268964
1780913018617,0.371376,0.0999756,0.269203
1780913018634,0.371376,0.0999756,0.269203
1780913018648,0.371038,0.0997071,0.268725
1780913018663,0.371376,0.0999756,0.269203
1780913018678,0.371038,0.0997071,0.268725
1780913018694,0.371376,0.0999756,0.269203
1780913018709,0.371376,0.0999756,0.269203
1780913018725,0.371213,0.099843,0.268964
1780913018740,0.371213,0.099843,0.268964
1780913018756,0.371213,0.099843,0.268964
1780913018771,0.371213,0.099843,0.268964
1780913018788,0.371213,0.099843,0.268964
1780913018804,0.371213,0.099843,0.268964
1780913018818,0.371376,0.0999756,0.269203
1780913018834,0.371376,0.0999756,0.269203
1780913018849,0.371038,0.0997071,0.268725
1780913018864,0.371038,0.0997071,0.268725
1780913018881,0.371376,0.0999756,0.269203
1780913018897,0.371376,0.0999756,0.269203
1780913018913,0.370683,0.0994334,0.268244
1780913018929,0.371376,0.0999756,0.269203
1780913018944,0.371213,0.099843,0.268964
1780913018961,0.371213,0.099843,0.268964
1780913018976,0.371376,0.0999756,0.269203
1780913018992,0.371376,0.0999756,0.269203
1780913019007,0.371213,0.099843,0.268964
1780913019023,0.371372,0.0999713,0.269194
1780913019038,0.371372,0.0999713,0.269194
1780913019053,0.371372,0.0999713,0.269194
1780913019069,0.371372,0.0999713,0.269194
1780913019086,0.370858,0.099567,0.268477
1780913019102,0.371034,0.0997031,0.268717
1780913019117,0.371034,0.0997031,0.268717
1780913019134,0.371209,0.0998388,0.268956
1780913019150,0.371372,0.0999713,0.269194
1780913019165,0.371372,0.0999713,0.269194
1780913019181,0.371034,0.0997031,0.268717
1780913019197,0.371209,0.0998388,0.268956
1780913019213,0.371372,0.0999713,0.269194
1780913019230,0.371209,0.0998388,0.268956
1780913019246,0.371209,0.0998388,0.268956
1780913019262,0.371372,0.0999713,0.269194
1780913019277,0.371034,0.0997031,0.268717
1780913019293,0.371034,0.0997031,0.268717
1780913019309,0.371209,0.0998388,0.268956
1780913019324,0.371034,0.0997031,0.268717
1780913019341,0.371034,0.0997031,0.268717
1780913019356,0.370858,0.099567,0.268477
1780913019373,0.371372,0.0999713,0.269194
1780913019389,0.371372,0.0999713,0.269194
1780913019405,0.371372,0.0999713,0.269194
1780913019420,0.371372,0.0999713,0.269194
1780913019437,0.371372,0.0999713,0.269194
1780913019452,0.371372,0.0999713,0.269194
1780913019469,0.371209,0.0998388,0.268956
1780913019484,0.371372,0.0999713,0.269194
1780913019500,0.371034,0.0997031,0.268717
1780913019517,0.371372,0.0999713,0.269194
1780913019532,0.370858,0.099567,0.268477
1780913019548,0.370858,0.0995695,0.268484
1780913019564,0.371372,0.0999737,0.269201
1780913019581,0.371372,0.0999737,0.269201
1780913019597,0.371208,0.0998412,0.268963
1780913019612,0.371372,0.0999737,0.269201
1780913019629,0.371372,0.0999737,0.269201
1780913019644,0.371033,0.0997056,0.268724
1780913019661,0.371372,0.0999737,0.269201
1780913019677,0.370858,0.0995695,0.268484
1780913019692,0.371208,0.0998412,0.268963
1780913019708,0.371372,0.0999737,0.269201
1780913019725,0.371372,0.0999737,0.269201
1780913019740,0.371372,0.0999737,0.269201
1780913019755,0.371372,0.0999737,0.269201
1780913019771,0.371372,0.0999737,0.269201
1780913019787,0.371208,0.0998412,0.268963
1780913019802,0.371033,0.0997056,0.268724
1780913019818,0.371372,0.0999737,0.269201
Timestamp(ms),Theta,Beta,FocusRatio
1780913059042,0,0,0
1780913059058,0,0,0
1780913059074,0,0,0
1780913059090,0,0,0
1780913059105,0,0,0
1780913059120,0,0,0
1780913059136,0,0,0
1780913059152,0,0,0
1780913059168,0,0,0
1780913059184,0,0,0
1780913059200,0,0,0
1780913059216,0,0,0
1780913059232,0,0,0
1780913059247,0,0,0
1780913059263,0,0,0
1780913059279,0,0,0
1780913059295,0,0,0
1780913059311,0,0,0
1780913059326,0,0,0
1780913059342,0,0,0
1780913059358,0,0,0
1780913059374,0,0,0
1780913059390,0,0,0
1780913059406,0,0,0
1780913059422,0,0,0
1780913059438,0,0,0
1780913059454,0,0,0
1780913059469,0,0,0
1780913059485,0,0,0
1780913059501,0,0,0
1780913059517,0,0,0
1780913059533,0,0,0
1780913059548,0,0,0
1780913059563,0,0,0
1780913059579,0,0,0
1780913059595,0,0,0
1780913059611,0,0,0
1780913059627,0,0,0
1780913059642,0,0,0
1780913059657,0,0,0
1780913059673,0,0,0
1780913059689,0,0,0
1780913059705,0,0,0
1780913059721,0,0,0
1780913059737,0,0,0
1780913059753,0,0,0
1780913059769,0,0,0
1780913059785,0,0,0
1780913059801,0,0,0
1780913059817,0,0,0
1780913059833,0,0,0
1780913059848,0,0,0
1780913059863,0,0,0
1780913059879,0,0,0
1780913059895,0,0,0
1780913059911,0,0,0
1780913059926,0,0,0
1780913059941,0,0,0
1780913059957,0,0,0
1780913059972,0,0,0
1780913059988,0,0,0
1780913060004,0,0,0
1780913060020,0,0,0
1780913060036,0,0,0
1780913060052,0,0,0
1780913060068,0,0,0
1780913060084,0,0,0
1780913060100,0,0,0
1780913060115,0,0,0
1780913060130,0,0,0
1780913060145,0,0,0
1780913060160,0,0,0
1780913060176,0,0,0
1780913060192,0,0,0
1780913060208,0,0,0
1780913060224,0,0,0
1780913060240,0,0,0
1780913060256,0,0,0
1780913060272,0,0,0
1780913060287,0,0,0
1780913060303,0,0,0
1780913060319,0,0,0
1780913060335,0,0,0
1780913060351,0,0,0
1780913060367,0,0,0
1780913060383,0,0,0
1780913060399,0,0,0
1780913060415,0,0,0
1780913060431,0,0,0
1780913060447,0,0,0
1780913060462,0,0,0
1780913060477,0,0,0
1780913060493,0,0,0
1780913060508,0,0,0
1780913060523,0,0,0
1780913060539,0,0,0
1780913060555,0.263885,0.352298,1.33504
1780913060571,0.266859,0.353536,1.3248
1780913060587,0.3527,0.250967,0.711558
1780913060603,0.3527,0.250967,0.711558
1780913060619,0.355235,0.248862,0.700557
1780913060635,0.35257,0.247023,0.700635
1780913060651,0.352385,0.246886,0.700615
1780913060667,0.3494,0.24869,0.711762
1780913060683,0.352687,0.247102,0.700628
1780913060699,0.349761,0.248954,0.711783
1780913060715,0.349761,0.248954,0.711783
1780913060731,0.349872,0.24904,0.711803
1780913060747,0.352839,0.24723,0.700688
1780913060763,0.349757,0.248979,0.711862
1780913060779,0.35776,0.239237,0.668707
1780913060794,0.349598,0.248874,0.711888
1780913060810,0.349565,0.248852,0.711891
1780913060826,0.349491,0.248798,0.711889
1780913060842,0.383253,0.198827,0.518788
1780913060858,0.383721,0.19903,0.518685
1780913060874,0.384785,0.196197,0.509888
1780913060889,0.383598,0.198993,0.518754
1780913060905,0.385306,0.198118,0.514185
1780913060921,0.383835,0.19912,0.518763
1780913060937,0.383829,0.199109,0.518744
1780913060953,0.38538,0.198143,0.514149
1780913060969,0.385198,0.198045,0.514139
1780913060985,0.384581,0.196093,0.509887
1780913061000,0.383268,0.198809,0.518721
1780913061015,0.383148,0.198747,0.518723
1780913061031,0.38309,0.198717,0.518723
1780913061047,0.384522,0.197698,0.51414
1780913061063,0.384658,0.197768,0.514141
1780913061079,0.38312,0.198735,0.518728
1780913061095,0.385221,0.194699,0.505422
1780913061111,0.390736,0.189493,0.484964
1780913061126,0.391853,0.189128,0.48265
1780913061142,0.391788,0.189093,0.482641
1780913061158,0.39135,0.188078,0.480589
1780913061174,0.391649,0.189025,0.482638
1780913061190,0.392502,0.186851,0.476051
1780913061206,0.390052,0.189153,0.484944
1780913061222,0.389966,0.189112,0.484945
1780913061237,0.390637,0.187729,0.480571
1780913061253,0.389846,0.18905,0.484935
1780913061269,0.389833,0.189045,0.484938
1780913061285,0.389826,0.189042,0.48494
1780913061301,0.391053,0.188733,0.482626
1780913061317,0.39015,0.189196,0.484932
1780913061332,0.391483,0.18894,0.482626
1780913061348,0.390365,0.189302,0.484937
1780913061364,0.383851,0.206282,0.5374
1780913061380,0.383635,0.206172,0.537417
1780913061395,0.383215,0.205958,0.537448
1780913061411,0.383215,0.205958,0.537448
1780913061426,0.383594,0.206032,0.537108
1780913061442,0.383529,0.205998,0.537111
1780913061458,0.38356,0.206015,0.537113
1780913061474,0.38378,0.206133,0.537111
1780913061490,0.38385,0.206169,0.537109
1780913061506,0.383685,0.206023,0.536957
1780913061522,0.384252,0.206378,0.53709
1780913061538,0.383336,0.206024,0.537451
1780913061554,0.383221,0.205964,0.537454
1780913061570,0.383772,0.206126,0.537104
1780913061586,0.42945,0.17476,0.406939
1780913061602,0.42936,0.175064,0.407732
1780913061618,0.429453,0.174768,0.406955
1780913061634,0.42939,0.17508,0.407742
1780913061650,0.429489,0.174779,0.406947
1780913061666,0.4289,0.175258,0.408622
1780913061682,0.429508,0.174787,0.406946
1780913061698,0.429469,0.17511,0.407736
1780913061714,0.429575,0.174814,0.406947
1780913061730,0.428978,0.17529,0.408623
1780913061745,0.429514,0.175129,0.407738
1780913061761,0.429584,0.174818,0.406949
1780913061777,0.429458,0.175106,0.407737
1780913061793,0.429545,0.174802,0.406948
1780913061809,0.429472,0.175112,0.407737
1780913061825,0.429558,0.174808,0.406949
1780913061841,0.429481,0.175116,0.407739
1780913061857,0.429459,0.175107,0.407739
1780913061873,0.429457,0.175106,0.407739
1780913061889,0.429464,0.175109,0.407738
1780913061905,0.429545,0.174803,0.406949
1780913061920,0.429547,0.174804,0.406949
1780913061936,0.429547,0.174804,0.406949
1780913061952,0.429457,0.175106,0.407738
1780913061967,0.429448,0.175102,0.407738
1780913061983,0.429444,0.1751,0.407737
1780913061999,0.429446,0.175101,0.407737
1780913062015,0.429541,0.174801,0.406948
1780913062031,0.429546,0.174803,0.406948
1780913062046,0.429561,0.174809,0.406948
1780913062061,0.429486,0.175118,0.407738
1780913062076,0.429575,0.174815,0.406949
1780913062092,0.429579,0.174817,0.406949
1780913062108,0.429501,0.175124,0.407739
1780913062124,0.390779,0.198335,0.507538
1780913062140,0.39029,0.198551,0.508726
1780913062156,0.390812,0.198354,0.507542
1780913062172,0.390818,0.198357,0.507543
1780913062188,0.390313,0.198564,0.508729
1780913062203,0.390344,0.19858,0.508731
1780913062219,0.390922,0.198412,0.507549
1780913062235,0.390949,0.198427,0.507551
1780913062251,0.390441,0.198631,0.508736
1780913062267,0.390954,0.198429,0.507551
1780913062283,0.390954,0.198429,0.507551
1780913062299,0.390925,0.198414,0.507549
1780913062315,0.388536,0.199078,0.51238
1780913062331,0.390893,0.198396,0.507547
1780913062346,0.390379,0.198599,0.508732
1780913062362,0.389672,0.198718,0.509963
1780913062378,0.390917,0.198409,0.507548
1780913062394,0.390956,0.19843,0.50755
1780913062410,0.390971,0.198438,0.507551
1780913062426,0.390471,0.198647,0.508737
1780913062441,0.390986,0.198446,0.507552
1780913062457,0.389749,0.19876,0.509968
1780913062472,0.390971,0.198438,0.507551
1780913062487,0.390968,0.198436,0.507551
1780913062503,0.390963,0.198433,0.507551
1780913062519,0.390447,0.198635,0.508736
1780913062535,0.390937,0.19842,0.50755
1780913062551,0.390418,0.198619,0.508735
1780913062567,0.390923,0.198412,0.507549
1780913062583,0.390405,0.198612,0.508734
1780913062599,0.390911,0.198406,0.507548
1780913062615,0.360166,0.188835,0.524301
1780913062631,0.35968,0.188747,0.524763
1780913062647,0.360068,0.188768,0.524255
1780913062663,0.358942,0.188517,0.5252
1780913062679,0.359506,0.188617,0.524656
1780913062695,0.359545,0.188638,0.524656
1780913062711,0.360041,0.188728,0.524185
1780913062727,0.360104,0.188766,0.524198
1780913062743,0.359727,0.188748,0.524698
1780913062759,0.360172,0.188833,0.524286
1780913062775,0.360097,0.1888,0.524303
1780913062791,0.359555,0.188691,0.524791
1780913062807,0.359985,0.188744,0.524312
1780913062823,0.359985,0.188744,0.524312
1780913062839,0.358868,0.188516,0.525306
1780913062855,0.36001,0.188747,0.524282
1780913062871,0.359629,0.188719,0.52476
1780913062887,0.360105,0.188796,0.524281
1780913062903,0.360105,0.188796,0.524281
1780913062919,0.360136,0.188814,0.524284
1780913062935,0.3597,0.188761,0.524772
1780913062951,0.360147,0.188823,0.524294
1780913062967,0.359105,0.18864,0.525305
1780913062983,0.360122,0.188813,0.524303
1780913062999,0.359076,0.188626,0.525309
1780913063015,0.359656,0.188742,0.524785
1780913063031,0.359656,0.188742,0.524784
1780913063047,0.359656,0.18874,0.524781
1780913063063,0.359658,0.188741,0.52478
1780913063079,0.359661,0.188743,0.524779
1780913063095,0.360124,0.188811,0.524294
1780913063111,0.359678,0.18875,0.524775
1780913063126,0.360133,0.188815,0.524293
1780913063142,0.353225,0.164867,0.466749
1780913063158,0.352715,0.163383,0.463215
1780913063174,0.352654,0.163982,0.464994
1780913063190,0.352414,0.163238,0.463199
1780913063206,0.35259,0.164571,0.466747
1780913063222,0.35259,0.164571,0.466747
1780913063237,0.352759,0.164637,0.466713
1780913063252,0.352806,0.164033,0.464939
1780913063268,0.352966,0.164731,0.466705
1780913063284,0.352992,0.164119,0.464938
1780913063300,0.353094,0.164166,0.464935
1780913063315,0.353009,0.162853,0.461329
1780913063331,0.353186,0.164212,0.464944
1780913063347,0.353039,0.163518,0.463171
1780913063363,0.353147,0.164822,0.466724
1780913063379,0.353147,0.164822,0.466724
1780913063395,0.353051,0.164157,0.464967
1780913063411,0.35289,0.164709,0.466743
1780913063426,0.35282,0.164054,0.464979
1780913063442,0.352858,0.164694,0.466743
1780913063457,0.352815,0.16405,0.464975
1780913063472,0.352872,0.164699,0.466738
1780913063488,0.352713,0.163373,0.463189
1780913063504,0.352859,0.16407,0.464973
1780913063520,0.352857,0.16407,0.464975
1780913063536,0.352856,0.16407,0.464976
1780913063552,0.352913,0.164718,0.466739
1780913063568,0.352887,0.164083,0.464973
1780913063584,0.352801,0.163413,0.463188
1780913063600,0.352954,0.164113,0.464968
1780913063616,0.353006,0.16476,0.466733
1780913063632,0.352822,0.163423,0.463189
1780913063648,0.352997,0.164756,0.466735
1780913063663,0.358092,0.090419,0.252502
1780913063679,0.358255,0.0910484,0.254144
1780913063695,0.358255,0.0910484,0.254144
1780913063711,0.358588,0.0911276,0.254129
1780913063727,0.358476,0.0905095,0.252484
1780913063743,0.358638,0.0911393,0.254126
1780913063759,0.358481,0.0905103,0.252483
1780913063775,0.358586,0.0911269,0.254128
1780913063791,0.358571,0.0911233,0.254129
1780913063806,0.358535,0.0911145,0.25413
1780913063822,0.358327,0.0904739,0.25249
1780913063837,0.358473,0.0910999,0.254133
1780913063852,0.358307,0.0904694,0.252491
1780913063868,0.358318,0.0904722,0.252491
1780913063884,0.358146,0.0898486,0.250871
1780913063900,0.35836,0.0904824,0.25249
1780913063915,0.358375,0.090486,0.25249
1780913063931,0.358535,0.0911154,0.254132
1780913063947,0.358388,0.0904891,0.252489
1780913063963,0.358487,0.0911037,0.254134
1780913063979,0.358315,0.0904716,0.252492
1780913063995,0.358308,0.0904698,0.252492
1780913064011,0.358306,0.0904693,0.252492
1780913064026,0.358306,0.0904694,0.252492
1780913064041,0.358319,0.0904724,0.252491
1780913064057,0.358479,0.0911016,0.254134
1780913064073,0.358479,0.0911016,0.254134
1780913064089,0.358118,0.0898418,0.250872
1780913064105,0.358477,0.0911013,0.254134
1780913064121,0.358479,0.0911017,0.254134
1780913064137,0.358318,0.0904723,0.252491
1780913064153,0.358313,0.0904711,0.252492
1780913064169,0.345828,0.0634182,0.183381
1780913064185,0.345829,0.0634183,0.183381
1780913064201,0.345476,0.0630765,0.182579
1780913064217,0.345846,0.0634213,0.18338
1780913064233,0.345681,0.0632503,0.182973
1780913064249,0.345686,0.0632509,0.182972
1780913064264,0.345853,0.0634221,0.183379
1780913064279,0.345841,0.0634194,0.183377
1780913064294,0.345833,0.063418,0.183378
1780913064310,0.345833,0.063418,0.183378
1780913064326,0.345831,0.0634179,0.183378
1780913064342,0.345668,0.0632476,0.182972
1780913064359,0.345851,0.0634217,0.183379
1780913064374,0.345685,0.0632507,0.182972
1780913064390,0.345691,0.0632517,0.182972
1780913064406,0.345504,0.0630805,0.182575
1780913064422,0.345695,0.0632524,0.182972
1780913064437,0.345694,0.0632521,0.182972
1780913064453,0.345858,0.0634228,0.183378
1780913064469,0.345855,0.0634222,0.183378
1780913064483,0.345853,0.063422,0.183378
1780913064499,0.345148,0.0627487,0.181803
1780913064515,0.345851,0.0634216,0.183379
1780913064531,0.345682,0.0632502,0.182972
1780913064547,0.34585,0.0634215,0.183379
1780913064563,0.34585,0.0634215,0.183379
1780913064579,0.345852,0.063422,0.183379
1780913064595,0.345852,0.063422,0.183379
1780913064611,0.345691,0.0632519,0.182972
1780913064626,0.34569,0.0632516,0.182972
1780913064641,0.345857,0.0634229,0.183379
1780913064657,0.345857,0.0634228,0.183379
1780913064672,0.345688,0.0632513,0.182972
1780913064688,0.3405,0.0634665,0.186392
1780913064704,0.340494,0.0634658,0.186394
1780913064720,0.340439,0.0634343,0.186331
1780913064736,0.340438,0.0634341,0.186331
1780913064752,0.340437,0.0634338,0.186331
1780913064768,0.34049,0.0634651,0.186394
1780913064784,0.340489,0.0634653,0.186395
1780913064800,0.340489,0.0634653,0.186395
1780913064816,0.340489,0.0634653,0.186395
1780913064832,0.3405,0.0634672,0.186394
1780913064848,0.340502,0.0634674,0.186394
1780913064864,0.340375,0.0634023,0.186272
1780913064880,0.340446,0.0634355,0.186331
1780913064895,0.340445,0.0634354,0.186331
1780913064911,0.340495,0.0634662,0.186394
1780913064927,0.340494,0.0634661,0.186394
1780913064943,0.340494,0.0634661,0.186394
1780913064959,0.340363,0.0634005,0.186273
1780913064975,0.340438,0.0634345,0.186332
1780913064991,0.340492,0.0634659,0.186395
1780913065007,0.340438,0.0634345,0.186332
1780913065023,0.340492,0.0634659,0.186395
1780913065039,0.340439,0.0634346,0.186332
1780913065055,0.340439,0.0634345,0.186332
1780913065071,0.340492,0.0634659,0.186394
1780913065087,0.340363,0.0634005,0.186273
1780913065103,0.340439,0.0634345,0.186332
1780913065119,0.340493,0.0634659,0.186394
1780913065135,0.340439,0.0634346,0.186332
1780913065151,0.340363,0.0634006,0.186273
1780913065167,0.340493,0.063466,0.186394
1780913065183,0.34044,0.0634346,0.186331
1780913065199,0.339786,0.0700075,0.206034
1780913065215,0.339858,0.0700041,0.20598
1780913065232,0.339859,0.0700043,0.20598
1780913065247,0.339859,0.0700043,0.20598
1780913065263,0.339862,0.0700049,0.20598
1780913065279,0.339862,0.0700049,0.20598
1780913065295,0.339787,0.0700078,0.206034
1780913065311,0.339861,0.0700047,0.20598
1780913065326,0.33986,0.0700046,0.20598
1780913065341,0.339861,0.0700046,0.20598
1780913065357,0.339786,0.0700076,0.206034
1780913065373,0.33986,0.0700046,0.20598
1780913065389,0.339787,0.0700078,0.206034
1780913065405,0.339861,0.0700047,0.20598
1780913065421,0.339787,0.0700078,0.206034
1780913065437,0.33969,0.0700076,0.206092
1780913065452,0.339786,0.0700076,0.206034
1780913065468,0.339861,0.0700047,0.20598
1780913065484,0.339862,0.0700049,0.20598
1780913065499,0.339694,0.0700084,0.206092
1780913065514,0.339791,0.0700086,0.206034
1780913065531,0.339863,0.0700052,0.20598
1780913065546,0.339862,0.0700049,0.20598
1780913065562,0.339787,0.0700077,0.206034
1780913065579,0.339785,0.0700074,0.206034
1780913065594,0.339785,0.0700073,0.206034
1780913065610,0.339858,0.0700042,0.205981
1780913065626,0.33986,0.0700045,0.20598
1780913065641,0.33986,0.0700045,0.20598
1780913065656,0.339786,0.0700076,0.206034
1780913065672,0.33986,0.0700045,0.205981
1780913065687,0.33969,0.0700075,0.206093
1780913065703,0.339786,0.0700077,0.206034
1780913065719,0.339691,0.0700077,0.206092
1780913065735,0.337622,0.0771832,0.228608
1780913065751,0.337697,0.0771926,0.228586
1780913065767,0.337518,0.0771684,0.228635
1780913065783,0.337687,0.0771908,0.228587
1780913065799,0.337518,0.0771684,0.228635
1780913065815,0.337688,0.0771911,0.228587
1780913065831,0.33769,0.0771915,0.228587
1780913065847,0.33769,0.0771915,0.228587
1780913065863,0.337617,0.0771825,0.228609
1780913065879,0.337618,0.0771827,0.228609
1780913065896,0.337693,0.077192,0.228587
1780913065911,0.337693,0.077192,0.228586
1780913065926,0.337693,0.077192,0.228586
1780913065942,0.337616,0.0771821,0.228609
1780913065957,0.337613,0.0771814,0.228609
1780913065972,0.337685,0.0771902,0.228586
1780913065988,0.337611,0.077181,0.228609
1780913066004,0.337613,0.0771813,0.228609
1780913066020,0.337687,0.0771907,0.228586
1780913066036,0.337616,0.077182,0.228609
1780913066052,0.337617,0.0771821,0.228609
1780913066069,0.337691,0.0771915,0.228586
1780913066084,0.337521,0.0771689,0.228634
1780913066100,0.337691,0.0771915,0.228586
1780913066115,0.337616,0.0771821,0.228609
1780913066131,0.337691,0.0771914,0.228586
1780913066146,0.337691,0.0771914,0.228586
1780913066161,0.337437,0.0771579,0.228659
1780913066177,0.337616,0.077182,0.228609
1780913066193,0.337616,0.077182,0.228609
1780913066209,0.337616,0.0771821,0.228609
1780913066225,0.337616,0.0771821,0.228609
1780913066242,0.336629,0.0813727,0.241728
1780913066257,0.336682,0.0814035,0.241782
1780913066273,0.336681,0.0814033,0.241782
1780913066289,0.33668,0.0814029,0.241782
1780913066305,0.336627,0.0813722,0.241728
1780913066321,0.336628,0.0813723,0.241728
1780913066337,0.336628,0.0813723,0.241728
1780913066353,0.336554,0.0813375,0.241677
1780913066369,0.336628,0.0813722,0.241728
1780913066385,0.336553,0.0813373,0.241677
1780913066401,0.33668,0.081403,0.241782
1780913066417,0.33668,0.081403,0.241782
1780913066433,0.336627,0.0813722,0.241728
1780913066448,0.336681,0.0814032,0.241782
1780913066464,0.336554,0.0813376,0.241677
1780913066480,0.336681,0.0814034,0.241782
1780913066495,0.336681,0.0814033,0.241782
1780913066510,0.336628,0.0813723,0.241728
1780913066526,0.336681,0.0814032,0.241782
1780913066543,0.336681,0.0814032,0.241782
1780913066558,0.336681,0.0814032,0.241782
1780913066574,0.336681,0.0814032,0.241782
1780913066590,0.336628,0.0813723,0.241728
1780913066606,0.336628,0.0813723,0.241728
1780913066622,0.336554,0.0813376,0.241677
1780913066638,0.336681,0.0814034,0.241782
1780913066654,0.336629,0.0813725,0.241728
1780913066670,0.336682,0.0814035,0.241782
1780913066685,0.336682,0.0814034,0.241782
1780913066701,0.336682,0.0814034,0.241782
1780913066717,0.336628,0.0813724,0.241728
1780913066733,0.336628,0.0813723,0.241728
1780913066748,0.337854,0.0846777,0.250634
1780913066764,0.337854,0.0846777,0.250634
1780913066780,0.337755,0.0846295,0.250565
1780913066796,0.337812,0.084655,0.250598
1780913066812,0.337811,0.0846548,0.250598
1780913066828,0.337811,0.0846546,0.250598
1780913066844,0.33781,0.0846545,0.250598
1780913066860,0.33785,0.0846768,0.250635
1780913066876,0.33785,0.0846768,0.250635
1780913066892,0.337851,0.084677,0.250634
1780913066908,0.337813,0.0846551,0.250598
1780913066923,0.337852,0.0846773,0.250634
1780913066939,0.337814,0.0846553,0.250597
1780913066955,0.337853,0.0846775,0.250634
1780913066972,0.337815,0.0846557,0.250597
1780913066987,0.337816,0.0846557,0.250597
1780913067003,0.337815,0.0846557,0.250597
1780913067019,0.337815,0.0846556,0.250597
1780913067035,0.337853,0.0846776,0.250634
1780913067052,0.337813,0.0846551,0.250598
1780913067067,0.33785,0.0846769,0.250634
1780913067083,0.33785,0.084677,0.250634
1780913067099,0.337812,0.0846548,0.250598
1780913067115,0.337852,0.0846773,0.250634
1780913067131,0.337852,0.0846773,0.250634
1780913067146,0.337816,0.0846558,0.250597
1780913067162,0.337817,0.084656,0.250597
1780913067178,0.337856,0.0846781,0.250634
1780913067194,0.337817,0.084656,0.250597
1780913067211,0.337856,0.0846782,0.250634
1780913067226,0.337855,0.0846781,0.250634
1780913067243,0.337855,0.0846779,0.250634
1780913067259,0.338642,0.0885393,0.261454
1780913067274,0.338593,0.0885215,0.261439
1780913067290,0.338595,0.0885217,0.261439
1780913067307,0.338519,0.0884979,0.261426
1780913067322,0.338587,0.0885192,0.261437
1780913067337,0.338506,0.0884941,0.261425
1780913067354,0.338573,0.0885153,0.261436
1780913067369,0.338624,0.0885338,0.261451
1780913067385,0.33862,0.0885325,0.261451
1780913067400,0.338497,0.0884916,0.261425
1780913067416,0.338624,0.0885337,0.261451
1780913067432,0.338574,0.0885156,0.261437
1780913067449,0.338508,0.0884946,0.261426
1780913067464,0.338633,0.0885364,0.261452
1780913067479,0.33851,0.0884953,0.261426
1780913067496,0.338635,0.0885367,0.261452
1780913067511,0.338635,0.0885369,0.261452
1780913067527,0.338635,0.0885369,0.261452
1780913067543,0.338583,0.0885181,0.261437
1780913067560,0.338634,0.0885366,0.261452
1780913067574,0.338582,0.0885177,0.261437
1780913067590,0.338579,0.0885171,0.261437
1780913067606,0.338579,0.088517,0.261437
1780913067621,0.338579,0.0885169,0.261437
1780913067637,0.338631,0.0885356,0.261452
1780913067652,0.338631,0.0885357,0.261452
1780913067668,0.338508,0.0884946,0.261426
1780913067685,0.338633,0.0885361,0.261452
1780913067701,0.338634,0.0885364,0.261452
1780913067716,0.338582,0.0885178,0.261437
1780913067732,0.338449,0.0884753,0.261414
1780913067748,0.338582,0.0885179,0.261437
1780913067763,0.337501,0.0914242,0.270886
1780913067780,0.337425,0.0913944,0.270858
1780913067795,0.337503,0.0914247,0.270886
1780913067811,0.337336,0.0913623,0.270835
1780913067827,0.337515,0.0914281,0.270886
1780913067842,0.33744,0.0913985,0.270858
1780913067859,0.337438,0.0913978,0.270858
1780913067874,0.337514,0.0914276,0.270886
1780913067891,0.337438,0.0913981,0.270858
1780913067907,0.337515,0.0914279,0.270886
1780913067922,0.337515,0.0914279,0.270886
1780913067939,0.337338,0.091363,0.270835
1780913067955,0.337432,0.0913964,0.270858
1780913067971,0.33743,0.0913957,0.270858
1780913067986,0.337505,0.0914252,0.270886
1780913068003,0.337505,0.0914253,0.270886
1780913068019,0.337506,0.0914254,0.270886
1780913068034,0.337429,0.0913955,0.270858
1780913068051,0.337507,0.0914258,0.270886
1780913068067,0.337432,0.0913963,0.270858
1780913068083,0.337432,0.0913964,0.270858
1780913068099,0.337432,0.0913963,0.270858
1780913068114,0.337507,0.0914259,0.270886
1780913068130,0.337507,0.0914259,0.270886
1780913068146,0.337429,0.0913955,0.270858
1780913068160,0.337505,0.0914254,0.270886
1780913068176,0.337505,0.0914254,0.270886
1780913068192,0.337333,0.0913615,0.270835
1780913068208,0.337506,0.0914254,0.270886
1780913068223,0.337429,0.0913955,0.270858
1780913068237,0.33743,0.0913957,0.270858
1780913068254,0.33743,0.0913957,0.270858
1780913068269,0.337507,0.0914258,0.270886
1780913068286,0.337507,0.0914258,0.270886
1780913068302,0.337334,0.0913619,0.270835
1780913068318,0.33373,0.0937128,0.280804
1780913068333,0.33373,0.0937128,0.280804
1780913068350,0.333738,0.093715,0.280804
1780913068365,0.333738,0.093715,0.280804
1780913068381,0.333533,0.0936678,0.280835
1780913068398,0.333742,0.093716,0.280804
1780913068414,0.333742,0.0937163,0.280804
1780913068430,0.333742,0.0937163,0.280804
1780913068446,0.333741,0.093716,0.280804
1780913068462,0.33364,0.093692,0.280818
1780913068477,0.333641,0.0936923,0.280818
1780913068493,0.333737,0.0937147,0.280804
1780913068510,0.333738,0.093715,0.280804
1780913068525,0.333532,0.0936676,0.280835
1780913068541,0.333527,0.0936662,0.280835
1780913068556,0.333732,0.0937134,0.280804
1780913068573,0.333733,0.0937135,0.280804
1780913068589,0.333735,0.0937142,0.280804
1780913068605,0.333735,0.0937142,0.280804
1780913068621,0.333643,0.0936929,0.280818
1780913068636,0.333738,0.093715,0.280804
1780913068653,0.333645,0.0936935,0.280818
1780913068668,0.333738,0.0937151,0.280804
1780913068685,0.333738,0.093715,0.280804
1780913068700,0.333737,0.0937149,0.280804
1780913068716,0.333737,0.0937148,0.280804
1780913068732,0.333736,0.0937145,0.280804
1780913068747,0.333736,0.0937145,0.280804
1780913068762,0.333643,0.0936927,0.280818
1780913068779,0.333736,0.0937144,0.280804
1780913068795,0.33353,0.093667,0.280835
1780913068810,0.3302,0.0971743,0.294289
1780913068827,0.330281,0.0971777,0.294227
1780913068843,0.330103,0.0971673,0.294355
1780913068859,0.330201,0.0971744,0.294289
1780913068875,0.330198,0.0971735,0.294289
1780913068891,0.330277,0.0971764,0.294227
1780913068906,0.330092,0.0971644,0.294356
1780913068922,0.330273,0.0971754,0.294228
1780913068938,0.330273,0.0971754,0.294228
1780913068953,0.330189,0.0971711,0.29429
1780913068970,0.330091,0.0971642,0.294356
1780913068986,0.330274,0.0971756,0.294228
1780913069002,0.330193,0.0971723,0.294289
1780913069018,0.330275,0.0971761,0.294227
1780913069034,0.330194,0.0971724,0.294289
1780913069050,0.330275,0.0971759,0.294227
1780913069066,0.330275,0.0971761,0.294227
1780913069082,0.330275,0.0971759,0.294227
1780913069097,0.330275,0.097176,0.294227
1780913069113,0.330275,0.097176,0.294227
1780913069130,0.330194,0.0971724,0.294289
1780913069146,0.330275,0.0971759,0.294227
1780913069162,0.330275,0.0971759,0.294227
1780913069177,0.330275,0.0971759,0.294227
1780913069194,0.330194,0.0971724,0.294289
1780913069210,0.330275,0.097176,0.294227
1780913069226,0.330095,0.0971651,0.294355
1780913069242,0.330194,0.0971726,0.294289
1780913069258,0.330276,0.0971761,0.294227
1780913069274,0.330276,0.0971761,0.294227
1780913069290,0.330095,0.0971651,0.294355
1780913069306,0.330276,0.0971762,0.294227
1780913069322,0.326788,0.10212,0.312495
1780913069338,0.326582,0.102143,0.312763
1780913069353,0.326694,0.102134,0.312627
1780913069369,0.326584,0.102144,0.312764
1780913069385,0.326696,0.102134,0.312627
1780913069401,0.326791,0.102121,0.312496
1780913069416,0.326696,0.102134,0.312627
1780913069431,0.326696,0.102134,0.312627
1780913069447,0.32679,0.10212,0.312496
1780913069463,0.32679,0.10212,0.312496
1780913069479,0.32679,0.10212,0.312496
1780913069494,0.326695,0.102134,0.312627
1780913069511,0.326693,0.102133,0.312627
1780913069527,0.326786,0.102119,0.312496
1780913069543,0.326786,0.102119,0.312496
1780913069559,0.326786,0.102119,0.312496
1780913069575,0.326693,0.102133,0.312627
1780913069591,0.326788,0.10212,0.312496
1780913069607,0.326694,0.102133,0.312627
1780913069623,0.326788,0.10212,0.312496
1780913069638,0.326581,0.102143,0.312763
1780913069653,0.326788,0.10212,0.312496
1780913069668,0.326693,0.102133,0.312627
1780913069684,0.326787,0.102119,0.312496
1780913069700,0.32658,0.102142,0.312763
1780913069716,0.32658,0.102142,0.312763
1780913069731,0.326579,0.102142,0.312763
1780913069746,0.326786,0.102119,0.312496
1780913069761,0.326786,0.102119,0.312496
1780913069777,0.326786,0.102119,0.312496
1780913069793,0.326692,0.102133,0.312627
1780913069809,0.326786,0.102119,0.312496
1780913069825,0.326786,0.102119,0.312496
1780913069840,0.322969,0.108169,0.33492
1780913069856,0.322861,0.108186,0.335086
1780913069871,0.323047,0.108144,0.334761
1780913069886,0.323045,0.108143,0.334761
1780913069902,0.323045,0.108143,0.334761
1780913069918,0.322858,0.108185,0.335086
1780913069934,0.323046,0.108143,0.334761
1780913069950,0.32286,0.108186,0.335086
1780913069966,0.322962,0.108167,0.334921
1780913069982,0.322859,0.108186,0.335086
1780913069998,0.32296,0.108166,0.334921
1780913070014,0.323045,0.108143,0.334761
1780913070030,0.323045,0.108143,0.334761
1780913070046,0.322587,0.108255,0.335582
1780913070062,0.322962,0.108167,0.334921
1780913070078,0.323047,0.108143,0.33476
1780913070094,0.322962,0.108167,0.334921
1780913070110,0.322861,0.108186,0.335086
1780913070126,0.323048,0.108144,0.33476
1780913070142,0.322964,0.108167,0.334921
1780913070157,0.323049,0.108144,0.33476
1780913070172,0.322964,0.108167,0.334921
1780913070188,0.323048,0.108144,0.33476
1780913070204,0.322861,0.108186,0.335086
1780913070220,0.322963,0.108167,0.334921
1780913070236,0.323047,0.108143,0.33476
1780913070252,0.323047,0.108143,0.33476
1780913070268,0.322962,0.108167,0.334921
1780913070284,0.322861,0.108186,0.335086
1780913070300,0.322963,0.108167,0.334921
1780913070316,0.323047,0.108143,0.33476
1780913070332,0.323048,0.108144,0.33476
1780913070348,0.3202,0.114222,0.356723
1780913070364,0.320282,0.114199,0.356556
1780913070380,0.320283,0.114199,0.356556
1780913070395,0.320199,0.114222,0.356723
1780913070410,0.3201,0.114242,0.356894
1780913070426,0.320285,0.1142,0.356557
1780913070442,0.320201,0.114223,0.356723
1780913070458,0.320202,0.114223,0.356723
1780913070473,0.320102,0.114243,0.356894
1780913070488,0.320203,0.114224,0.356723
1780913070504,0.320287,0.1142,0.356557
1780913070520,0.320287,0.1142,0.356557
1780913070536,0.320287,0.1142,0.356557
1780913070552,0.320286,0.1142,0.356557
1780913070568,0.320202,0.114224,0.356723
1780913070584,0.320286,0.1142,0.356557
1780913070600,0.320286,0.1142,0.356557
1780913070616,0.320286,0.1142,0.356557
1780913070632,0.320203,0.114224,0.356724
1780913070648,0.320203,0.114224,0.356724
1780913070664,0.320287,0.114201,0.356557
1780913070680,0.320203,0.114224,0.356724
1780913070696,0.320203,0.114224,0.356723
1780913070712,0.320202,0.114224,0.356723
1780913070727,0.320286,0.1142,0.356557
1780913070743,0.320286,0.1142,0.356557
1780913070759,0.320101,0.114242,0.356894
1780913070775,0.320285,0.1142,0.356557
1780913070791,0.3201,0.114242,0.356895
1780913070807,0.3201,0.114242,0.356895
1780913070823,0.320285,0.1142,0.356557
1780913070839,0.320202,0.114223,0.356724
1780913070855,0.317204,0.119174,0.375703
1780913070871,0.317205,0.119175,0.375702
1780913070886,0.317205,0.119175,0.375702
1780913070901,0.317121,0.119184,0.375831
1780913070916,0.317204,0.119174,0.375702
1780913070931,0.3172,0.119173,0.375701
1780913070947,0.317114,0.119181,0.37583
1780913070963,0.317198,0.119172,0.375701
1780913070979,0.317199,0.119172,0.375701
1780913070995,0.317115,0.119181,0.37583
1780913071011,0.317199,0.119172,0.375701
1780913071027,0.317117,0.119182,0.37583
1780913071043,0.317117,0.119182,0.37583
1780913071059,0.317201,0.119173,0.375702
1780913071075,0.317118,0.119182,0.37583
1780913071090,0.317202,0.119173,0.375702
1780913071106,0.317118,0.119183,0.375831
1780913071122,0.317118,0.119183,0.375831
1780913071138,0.317202,0.119173,0.375702
1780913071154,0.317017,0.119187,0.375963
1780913071170,0.317117,0.119182,0.37583
1780913071186,0.317117,0.119182,0.37583
1780913071202,0.317201,0.119173,0.375701
1780913071218,0.317201,0.119173,0.375701
1780913071234,0.317117,0.119182,0.37583
1780913071250,0.317201,0.119173,0.375701
1780913071266,0.317116,0.119182,0.37583
1780913071282,0.3172,0.119172,0.375702
1780913071298,0.317116,0.119182,0.37583
1780913071314,0.317116,0.119182,0.37583
1780913071330,0.317016,0.119186,0.375963
1780913071346,0.317201,0.119173,0.375702
1780913071362,0.317117,0.119182,0.37583
1780913071377,0.314581,0.122844,0.390502
1780913071393,0.314664,0.12283,0.390352
1780913071409,0.31458,0.122844,0.390501
1780913071425,0.314665,0.12283,0.390351
1780913071441,0.314581,0.122844,0.3905
1780913071457,0.314666,0.12283,0.39035
1780913071473,0.314668,0.122831,0.390351
1780913071488,0.314669,0.122831,0.390351
1780913071504,0.314668,0.122831,0.390352
1780913071520,0.314667,0.122831,0.390352
1780913071535,0.314666,0.12283,0.390352
1780913071551,0.314666,0.122831,0.390352
1780913071567,0.314583,0.122845,0.390501
1780913071583,0.314667,0.122831,0.390352
1780913071599,0.314391,0.122868,0.390812
1780913071615,0.314666,0.122831,0.390352
1780913071631,0.314482,0.122854,0.390656
1780913071647,0.314664,0.122829,0.390351
1780913071663,0.31458,0.122844,0.390501
1780913071679,0.31458,0.122844,0.390501
1780913071695,0.314665,0.12283,0.390351
1780913071711,0.31458,0.122844,0.390501
1780913071727,0.314664,0.12283,0.390351
1780913071743,0.31458,0.122844,0.390501
1780913071758,0.314664,0.12283,0.390351
1780913071774,0.31458,0.122844,0.390501
1780913071790,0.314664,0.122829,0.390351
1780913071806,0.314479,0.122853,0.390656
1780913071822,0.314663,0.122829,0.390351
1780913071838,0.314479,0.122853,0.390656
1780913071854,0.314579,0.122843,0.390501
1780913071870,0.314664,0.122829,0.390351
1780913071886,0.311256,0.128513,0.412887
1780913071902,0.311253,0.128512,0.412887
1780913071917,0.311157,0.128553,0.413144
1780913071933,0.311158,0.128553,0.413144
1780913071949,0.311054,0.128591,0.413406
1780913071964,0.311251,0.128512,0.412887
1780913071979,0.311253,0.128512,0.412887
1780913071994,0.311254,0.128512,0.412887
1780913072009,0.311254,0.128513,0.412887
1780913072024,0.311163,0.128555,0.413143
1780913072039,0.311163,0.128555,0.413143
1780913072055,0.311163,0.128555,0.413143
1780913072071,0.311163,0.128555,0.413143
1780913072087,0.311254,0.128512,0.412886
1780913072103,0.311056,0.128593,0.413406
1780913072119,0.311161,0.128554,0.413144
1780913072135,0.311161,0.128554,0.413144
1780913072151,0.311055,0.128592,0.413406
1780913072167,0.311253,0.128512,0.412887
1780913072183,0.310959,0.128634,0.413667
1780913072199,0.311253,0.128512,0.412887
1780913072214,0.311161,0.128554,0.413144
1780913072229,0.311252,0.128512,0.412887
1780913072245,0.311162,0.128554,0.413144
1780913072261,0.311253,0.128512,0.412887
1780913072277,0.311162,0.128555,0.413144
1780913072293,0.311162,0.128555,0.413144
1780913072309,0.311253,0.128512,0.412886
1780913072325,0.311056,0.128592,0.413406
1780913072341,0.311253,0.128512,0.412887
1780913072357,0.311162,0.128555,0.413144
1780913072373,0.311252,0.128512,0.412887
1780913072389,0.311251,0.128512,0.412887
1780913072405,0.311251,0.128512,0.412887
1780913072421,0.308975,0.134979,0.43686
1780913072437,0.308909,0.135017,0.437075
1780913072453,0.308975,0.134979,0.43686
1780913072468,0.308974,0.134978,0.436859
1780913072483,0.308974,0.134978,0.436859
1780913072499,0.308974,0.134978,0.436859
1780913072515,0.308968,0.134976,0.436859
1780913072531,0.308968,0.134976,0.436859
1780913072546,0.308898,0.135011,0.437075
1780913072562,0.308967,0.134975,0.43686
1780913072578,0.308902,0.135013,0.437075
1780913072594,0.308823,0.135047,0.437295
1780913072610,0.30897,0.134976,0.436859
1780913072626,0.308971,0.134977,0.436859
1780913072642,0.308971,0.134977,0.436859
1780913072658,0.308824,0.135047,0.437295
1780913072674,0.308903,0.135014,0.437075
1780913072690,0.308903,0.135014,0.437075
1780913072706,0.308903,0.135014,0.437075
1780913072722,0.308902,0.135013,0.437075
1780913072738,0.308901,0.135013,0.437075
1780913072754,0.308967,0.134975,0.436859
1780913072770,0.3089,0.135013,0.437075
1780913072786,0.308966,0.134975,0.436859
1780913072802,0.308901,0.135013,0.437075
1780913072817,0.308967,0.134975,0.436859
1780913072833,0.308902,0.135013,0.437075
1780913072849,0.308903,0.135014,0.437075
1780913072865,0.308903,0.135014,0.437075
1780913072881,0.308969,0.134976,0.436859
1780913072896,0.308609,0.135156,0.437952
1780913072912,0.308969,0.134976,0.436859
1780913072927,0.308969,0.134976,0.436859
1780913072943,0.308477,0.140201,0.454494
1780913072959,0.308275,0.140289,0.455077
1780913072975,0.308477,0.140201,0.454494
1780913072991,0.308417,0.140233,0.454685
1780913073007,0.30848,0.140202,0.454494
1780913073023,0.308344,0.14026,0.454882
1780913073038,0.30842,0.140234,0.454686
1780913073053,0.308421,0.140235,0.454686
1780913073069,0.308483,0.140204,0.454495
1780913073085,0.308421,0.140235,0.454686
1780913073101,0.308339,0.140258,0.454882
1780913073116,0.308475,0.1402,0.454494
1780913073132,0.308414,0.140231,0.454685
1780913073148,0.308414,0.140231,0.454685
1780913073164,0.308475,0.1402,0.454494
1780913073180,0.308338,0.140257,0.454881
1780913073196,0.308414,0.140231,0.454685
1780913073212,0.308339,0.140258,0.454882
1780913073227,0.308476,0.1402,0.454494
1780913073243,0.308476,0.1402,0.454494
1780913073259,0.308477,0.140201,0.454494
1780913073275,0.308477,0.140201,0.454494
1780913073291,0.308416,0.140232,0.454685
1780913073306,0.308416,0.140232,0.454685
1780913073321,0.308416,0.140232,0.454685
1780913073337,0.308415,0.140232,0.454685
1780913073353,0.308476,0.1402,0.454494
1780913073369,0.308476,0.1402,0.454494
1780913073385,0.308476,0.1402,0.454494
1780913073400,0.308476,0.1402,0.454494
1780913073416,0.308415,0.140232,0.454685
1780913073432,0.30756,0.145513,0.473121
1780913073448,0.30756,0.145513,0.473121
1780913073464,0.307556,0.145511,0.47312
1780913073480,0.307491,0.145558,0.473372
1780913073495,0.307557,0.145511,0.47312
1780913073510,0.307491,0.145558,0.473373
1780913073526,0.307557,0.145511,0.47312
1780913073542,0.307491,0.145558,0.473373
1780913073557,0.307557,0.145511,0.473121
1780913073573,0.307557,0.145511,0.473121
1780913073589,0.307557,0.145512,0.473121
1780913073605,0.307492,0.145558,0.473373
1780913073621,0.307413,0.1456,0.473631
1780913073637,0.307492,0.145559,0.473373
1780913073652,0.307558,0.145512,0.473121
1780913073668,0.307491,0.145558,0.473373
1780913073683,0.307489,0.145557,0.473373
1780913073699,0.307489,0.145557,0.473373
1780913073715,0.307555,0.145511,0.473121
1780913073731,0.30741,0.145599,0.473631
1780913073746,0.307556,0.145511,0.473121
1780913073762,0.307556,0.145511,0.473121
1780913073777,0.307491,0.145558,0.473373
1780913073793,0.307557,0.145511,0.473121
1780913073809,0.307491,0.145558,0.473373
1780913073825,0.307557,0.145512,0.473121
1780913073841,0.307491,0.145558,0.473373
1780913073857,0.307491,0.145558,0.473373
1780913073873,0.307491,0.145558,0.473373
1780913073889,0.307557,0.145511,0.473121
1780913073905,0.307411,0.145599,0.473631
1780913073921,0.307557,0.145511,0.473121
1780913073936,0.307557,0.145511,0.473121
1780913073952,0.307557,0.145511,0.473121
1780913073968,0.30658,0.151935,0.49558
1780913073983,0.306636,0.151888,0.495335
1780913074000,0.306576,0.151934,0.495582
1780913074015,0.306633,0.151887,0.495337
1780913074032,0.306573,0.151933,0.495584
1780913074047,0.306631,0.151886,0.495339
1780913074063,0.306633,0.151887,0.495338
1780913074079,0.306381,0.152066,0.496328
1780913074094,0.306505,0.151975,0.495832
1780913074110,0.306636,0.151888,0.495335
1780913074126,0.306508,0.151976,0.49583
1780913074141,0.306638,0.151888,0.495333
1780913074157,0.30658,0.151934,0.495578
1780913074174,0.306638,0.151888,0.495332
1780913074190,0.306638,0.151888,0.495332
1780913074206,0.306638,0.151888,0.495333
1780913074222,0.306638,0.151888,0.495333
1780913074237,0.306508,0.151976,0.495831
1780913074253,0.306638,0.151889,0.495335
1780913074269,0.306579,0.151935,0.495582
1780913074285,0.306579,0.151935,0.495582
1780913074299,0.306579,0.151935,0.495582
1780913074316,0.306507,0.151976,0.495832
1780913074332,0.306578,0.151934,0.495581
1780913074347,0.306636,0.151888,0.495335
1780913074363,0.306578,0.151934,0.495581
1780913074380,0.306636,0.151888,0.495334
1780913074396,0.306637,0.151888,0.495334
1780913074412,0.306637,0.151888,0.495334
1780913074427,0.306506,0.151975,0.49583
1780913074443,0.306578,0.151934,0.49558
1780913074460,0.306637,0.151888,0.495334
1780913074475,0.305622,0.155799,0.509776
1780913074492,0.305531,0.155805,0.509949
1780913074506,0.30546,0.15577,0.509954
1780913074522,0.305546,0.155762,0.509782
1780913074538,0.305512,0.155745,0.509783
1780913074554,0.305405,0.155743,0.509954
1780913074570,0.305394,0.155737,0.509952
1780913074586,0.305395,0.155735,0.509948
1780913074603,0.305484,0.155728,0.509776
1780913074619,0.305494,0.155733,0.509774
1780913074635,0.305413,0.155744,0.509945
1780913074651,0.305503,0.155738,0.509774
1780913074666,0.305421,0.155748,0.509946
1780913074682,0.305507,0.15574,0.509775
1780913074699,0.305424,0.15575,0.509947
1780913074715,0.305427,0.155751,0.509947
1780913074730,0.305331,0.155756,0.510124
1780913074745,0.305518,0.155746,0.509776
1780913074761,0.305524,0.155749,0.509777
1780913074777,0.305529,0.155752,0.509779
1780913074793,0.305529,0.155752,0.509779
1780913074809,0.305429,0.155754,0.509952
1780913074825,0.305317,0.155751,0.510129
1780913074840,0.305495,0.155736,0.50978
1780913074856,0.304919,0.155763,0.510834
1780913074873,0.305491,0.155732,0.509777
1780913074889,0.305497,0.155735,0.509775
1780913074905,0.305329,0.155755,0.510121
1780913074921,0.305431,0.155753,0.509945
1780913074936,0.305518,0.155745,0.509774
1780913074952,0.305333,0.155757,0.510122
1780913074968,0.305518,0.155746,0.509775
1780913074984,0.299489,0.155733,0.519995
1780913075000,0.299604,0.155754,0.519868
1780913075015,0.299324,0.15562,0.519904
1780913075031,0.299183,0.155583,0.520027
1780913075047,0.299301,0.155607,0.519902
1780913075063,0.299384,0.155644,0.519879
1780913075079,0.299569,0.155761,0.519952
1780913075094,0.299674,0.15578,0.519831
1780913075109,0.299642,0.15583,0.520053
1780913075125,0.299838,0.155893,0.519924
1780913075140,0.299852,0.155901,0.519925
1780913075156,0.299942,0.155913,0.51981
1780913075172,0.299759,0.155859,0.519948
1780913075187,0.299728,0.155843,0.519948
1780913075204,0.299825,0.155856,0.519823
1780913075220,0.299604,0.155812,0.520061
1780913075236,0.299833,0.155857,0.519812
1780913075251,0.299732,0.155841,0.519932
1780913075267,0.299734,0.155841,0.519932
1780913075283,0.29973,0.15584,0.519933
1780913075300,0.299814,0.155848,0.519815
1780913075316,0.299359,0.155757,0.5203
1780913075331,0.299799,0.15584,0.519817
1780913075346,0.299812,0.155847,0.519815
1780913075362,0.299724,0.155837,0.519935
1780913075378,0.299751,0.15585,0.519933
1780913075394,0.299757,0.155854,0.519934
1780913075410,0.299739,0.155845,0.519936
1780913075426,0.299845,0.155864,0.519814
1780913075441,0.299726,0.155838,0.519937
1780913075457,0.299723,0.155837,0.519937
1780913075474,0.299722,0.155836,0.519935
1780913075489,0.299723,0.155836,0.519935
1780913075506,0.303656,0.145917,0.480535
1780913075521,0.303935,0.145632,0.479155
1780913075536,0.304021,0.145675,0.479159
1780913075552,0.303804,0.145989,0.480537
1780913075568,0.304167,0.145747,0.479166
1780913075584,0.303921,0.146047,0.480542
1780913075600,0.303932,0.14565,0.47922
1780913075616,0.303365,0.145804,0.480624
1780913075632,0.303365,0.145804,0.480624
1780913075648,0.303383,0.145396,0.479247
1780913075662,0.303394,0.145397,0.479236
1780913075678,0.30374,0.145131,0.477812
1780913075693,0.303333,0.145782,0.480599
1780913075708,0.304036,0.145273,0.477814
1780913075723,0.303604,0.145912,0.480599
1780913075739,0.303911,0.145646,0.479238
1780913075754,0.303682,0.145957,0.480624
1780913075771,0.303658,0.145947,0.48063
1780913075786,0.303816,0.145606,0.479257
1780913075803,0.303607,0.145918,0.480615
1780913075819,0.30386,0.14562,0.479234
1780913075835,0.303673,0.145946,0.480602
1780913075851,0.303685,0.145951,0.4806
1780913075867,0.303952,0.145661,0.479225
1780913075882,0.303701,0.145959,0.480602
1780913075898,0.303918,0.145646,0.479229
1780913075915,0.303649,0.145935,0.480605
1780913075931,0.304093,0.145303,0.477825
1780913075947,0.304077,0.145295,0.477824
1780913075963,0.303613,0.145918,0.480605
1780913075979,0.30384,0.145609,0.47923
1780913075995,0.30384,0.145608,0.479227
1780913076010,0.303845,0.14561,0.479226
1780913076026,0.395213,0.096829,0.245004
1780913076040,0.396426,0.0962952,0.242908
1780913076057,0.39617,0.0962317,0.242905
1780913076073,0.394691,0.0966967,0.244993
1780913076088,0.394665,0.0966844,0.244979
1780913076105,0.394715,0.0966935,0.24497
1780913076120,0.394715,0.0966935,0.24497
1780913076136,0.394715,0.0966935,0.24497
1780913076151,0.396061,0.0961881,0.242862
1780913076167,0.396204,0.0962254,0.242868
1780913076184,0.394891,0.0967395,0.244978
1780913076200,0.397392,0.0956899,0.240795
1780913076216,0.394824,0.0967255,0.244984
1780913076232,0.396072,0.0961987,0.242882
1780913076248,0.394688,0.0966943,0.244989
1780913076263,0.395958,0.0961722,0.242885
1780913076280,0.394669,0.0966897,0.244989
1780913076296,0.39467,0.0966898,0.244989
1780913076312,0.395959,0.0961716,0.242883
1780913076328,0.39468,0.0966915,0.244987
1780913076344,0.394683,0.0966922,0.244987
1780913076360,0.394698,0.0966959,0.244987
1780913076376,0.395994,0.0961798,0.242882
1780913076391,0.396001,0.0961817,0.242882
1780913076408,0.394727,0.0967029,0.244987
1780913076423,0.396019,0.0961859,0.242882
1780913076439,0.394721,0.0967019,0.244988
1780913076455,0.395994,0.0961806,0.242884
1780913076470,0.394682,0.0966929,0.244989
1780913076486,0.395959,0.0961725,0.242885
1780913076503,0.395957,0.0961718,0.242884
1780913076519,0.394672,0.0966904,0.244989
1780913076535,0.50247,0.0593432,0.118103
1780913076551,0.501865,0.0595839,0.118725
1780913076567,0.503037,0.0591047,0.117496
1780913076582,0.502395,0.0593375,0.118109
1780913076598,0.502342,0.0593312,0.118109
1780913076615,0.501713,0.0595676,0.118728
1780913076631,0.502313,0.059327,0.118108
1780913076647,0.501717,0.0595678,0.118728
1780913076663,0.502345,0.0593305,0.118107
1780913076677,0.502364,0.0593328,0.118107
1780913076692,0.501771,0.0595739,0.118727
1780913076709,0.502383,0.0593352,0.118107
1780913076725,0.50181,0.059579,0.118728
1780913076741,0.502414,0.0593395,0.118109
1780913076757,0.502416,0.05934,0.118109
1780913076772,0.502998,0.0591014,0.117498
1780913076787,0.501813,0.05958,0.118729
1780913076803,0.502407,0.0593392,0.11811
1780913076820,0.501807,0.0595793,0.11873
1780913076836,0.501804,0.059579,0.11873
1780913076852,0.502397,0.0593379,0.11811
1780913076868,0.502393,0.0593373,0.118109
1780913076884,0.502395,0.0593374,0.118109
1780913076899,0.502396,0.0593375,0.118109
1780913076916,0.501797,0.0595778,0.118729
1780913076932,0.501798,0.0595778,0.118729
1780913076948,0.502986,0.0590994,0.117497
1780913076964,0.501804,0.0595785,0.118729
1780913076979,0.502411,0.0593393,0.118109
1780913076994,0.501813,0.0595797,0.118729
1780913077010,0.502998,0.0591012,0.117498
1780913077026,0.502412,0.0593397,0.11811
1780913077042,0.50241,0.0593395,0.11811
1780913077058,0.523503,0.0450372,0.0860306
1780913077074,0.523501,0.0449557,0.0858751
1780913077090,0.523542,0.0450406,0.0860306
1780913077106,0.523542,0.0450406,0.0860306
1780913077122,0.523563,0.0450426,0.0860308
1780913077137,0.523477,0.0449539,0.0858755
1780913077154,0.523414,0.0449485,0.0858757
1780913077170,0.523265,0.0447768,0.0855719
1780913077186,0.523417,0.0450303,0.0860313
1780913077201,0.523366,0.0449444,0.0858758
1780913077216,0.523442,0.0450323,0.0860312
1780913077232,0.523377,0.0448652,0.0857226
1780913077248,0.523498,0.0450371,0.0860311
1780913077264,0.523429,0.0448696,0.0857225
1780913077280,0.523531,0.0450399,0.086031
1780913077296,0.523537,0.0450404,0.0860309
1780913077312,0.523535,0.0450402,0.0860309
1780913077327,0.523531,0.0450399,0.086031
1780913077343,0.523476,0.0449537,0.0858755
1780913077359,0.523417,0.0448686,0.0857225
1780913077376,0.523507,0.0450379,0.086031
1780913077391,0.523459,0.0449523,0.0858755
1780913077407,0.523506,0.0450378,0.086031
1780913077423,0.523469,0.0449532,0.0858755
1780913077439,0.523434,0.04487,0.0857225
1780913077455,0.523538,0.0450405,0.086031
1780913077471,0.5235,0.0449558,0.0858755
1780913077487,0.523547,0.0450412,0.0860309
1780913077503,0.523548,0.0450413,0.0860309
1780913077519,0.523547,0.0450412,0.0860309
1780913077535,0.5235,0.0449558,0.0858754
1780913077551,0.523542,0.0450408,0.0860309
1780913077566,0.514603,0.0410945,0.0798567
1780913077582,0.514619,0.0410967,0.0798584
1780913077598,0.514506,0.041069,0.0798223
1780913077613,0.514576,0.0410947,0.0798612
1780913077628,0.514576,0.0410947,0.0798612
1780913077643,0.514476,0.0410865,0.0798608
1780913077658,0.514337,0.0410554,0.079822
1780913077675,0.514343,0.0410554,0.0798211
1780913077691,0.514369,0.0410575,0.079821
1780913077706,0.514544,0.0410912,0.0798595
1780913077722,0.514563,0.0410929,0.0798597
1780913077738,0.514654,0.0411008,0.0798611
1780913077753,0.514677,0.041103,0.0798618
1780913077770,0.514563,0.0410744,0.0798239
1780913077786,0.514544,0.0410728,0.0798236
1780913077802,0.51465,0.0411008,0.0798617
1780913077817,0.51452,0.0410705,0.079823
1780913077833,0.514505,0.0410689,0.0798221
1780913077849,0.514506,0.0410689,0.079822
1780913077865,0.51452,0.04107,0.0798219
1780913077881,0.514527,0.0410706,0.0798219
1780913077897,0.514429,0.0410435,0.0797846
1780913077913,0.514644,0.0410996,0.0798603
1780913077929,0.514648,0.0411,0.0798605
1780913077945,0.514544,0.0410722,0.0798225
1780913077961,0.514647,0.0411,0.0798606
1780913077977,0.514597,0.0410958,0.07986
1780913077993,0.514482,0.0410669,0.0798217
1780913078009,0.514584,0.0410945,0.0798598
1780913078024,0.51458,0.0410941,0.0798595
1780913078039,0.514589,0.0410949,0.0798597
1780913078055,0.514595,0.0410954,0.0798598
1780913078071,0.514597,0.0410957,0.0798598
1780913078087,0.487988,0.0384914,0.0788778
1780913078103,0.487538,0.0384421,0.0788494
1780913078119,0.487559,0.0384437,0.0788494
1780913078135,0.48803,0.0384946,0.0788776
1780913078151,0.488035,0.0384951,0.0788776
1780913078167,0.488069,0.0384978,0.0788778
1780913078183,0.488069,0.0384978,0.0788778
1780913078199,0.487616,0.0384485,0.0788499
1780913078215,0.487597,0.0384469,0.0788498
1780913078231,0.487548,0.0384429,0.0788494
1780913078246,0.487958,0.0384888,0.0788772
1780913078261,0.487958,0.0384888,0.0788772
1780913078277,0.487502,0.038439,0.078849
1780913078293,0.487522,0.0384407,0.0788491
1780913078309,0.487985,0.038491,0.0788774
1780913078325,0.487993,0.0384917,0.0788774
1780913078341,0.487547,0.0384428,0.0788494
1780913078357,0.487999,0.0384922,0.0788776
1780913078373,0.48754,0.0384422,0.0788494
1780913078389,0.487063,0.0383909,0.0788213
1780913078405,0.487977,0.0384904,0.0788775
1780913078421,0.487977,0.0384904,0.0788775
1780913078437,0.487973,0.0384901,0.0788775
1780913078453,0.487526,0.0384411,0.0788493
1780913078469,0.48799,0.0384914,0.0788775
1780913078485,0.487091,0.0383932,0.0788214
1780913078500,0.487559,0.0384438,0.0788495
1780913078515,0.487102,0.0383941,0.0788215
1780913078531,0.48802,0.0384939,0.0788778
1780913078547,0.48756,0.0384439,0.0788496
1780913078563,0.488012,0.0384933,0.0788777
1780913078579,0.488006,0.0384928,0.0788777
1780913078595,0.425092,0.0330979,0.0778606
1780913078611,0.425096,0.0330986,0.0778614
1780913078626,0.425762,0.0331636,0.0778922
1780913078641,0.425759,0.0331643,0.0778945
1780913078657,0.424419,0.0330352,0.0778362
1780913078673,0.425752,0.0331642,0.0778956
1780913078688,0.425083,0.0330996,0.0778661
1780913078703,0.425079,0.0330991,0.0778659
1780913078719,0.424415,0.0330343,0.077835
1780913078735,0.425086,0.0330988,0.0778637
1780913078751,0.424429,0.0330345,0.0778327
1780913078767,0.425765,0.0331636,0.0778918
1780913078783,0.425107,0.0330994,0.0778614
1780913078799,0.42511,0.0330996,0.0778614
1780913078815,0.424445,0.0330354,0.0778321
1780913078831,0.425775,0.0331643,0.0778916
1780913078846,0.42511,0.0331,0.0778621
1780913078861,0.42577,0.0331643,0.0778926
1780913078877,0.425104,0.0330998,0.0778628
1780913078893,0.4251,0.0330992,0.077862
1780913078909,0.425764,0.0331633,0.0778913
1780913078925,0.425101,0.0330988,0.077861
1780913078941,0.425104,0.0330988,0.0778604
1780913078956,0.425106,0.0330988,0.0778603
1780913078972,0.42577,0.0331634,0.0778903
1780913078988,0.424441,0.0330347,0.0778311
1780913079004,0.425768,0.0331636,0.0778911
1780913079020,0.425103,0.0330992,0.0778614
1780913079036,0.425762,0.0331635,0.077892
1780913079052,0.42576,0.0331633,0.0778921
1780913079068,0.425759,0.0331633,0.077892
1780913079084,0.424432,0.0330343,0.0778319
1780913079100,0.425097,0.0330988,0.0778618
1780913079116,0.42576,0.0331632,0.0778918
1780913079132,0.365952,0.0280719,0.0767092
1780913079147,0.366429,0.0281185,0.0767367
1780913079163,0.366441,0.0281201,0.0767383
1780913079179,0.365987,0.0280763,0.076714
1780913079195,0.36645,0.0281213,0.0767397
1780913079211,0.36645,0.0281213,0.0767398
1780913079226,0.366449,0.0281211,0.0767396
1780913079242,0.366909,0.0281658,0.0767652
1780913079258,0.366904,0.0281653,0.0767646
1780913079274,0.36598,0.0280755,0.0767133
1780913079290,0.366901,0.0281649,0.0767642
1780913079307,0.365063,0.0279866,0.0766626
1780913079322,0.3669,0.0281646,0.0767636
1780913079338,0.3669,0.0281646,0.0767636
1780913079354,0.366447,0.0281206,0.0767385
1780913079370,0.366908,0.0281653,0.076764
1780913079386,0.366454,0.0281215,0.0767393
1780913079402,0.365995,0.028077,0.0767142
1780913079417,0.366451,0.0281211,0.0767391
1780913079432,0.366447,0.0281207,0.0767388
1780913079448,0.365981,0.0280755,0.0767129
1780913079464,0.366903,0.0281648,0.0767637
1780913079480,0.36644,0.0281199,0.076738
1780913079496,0.366438,0.0281196,0.0767377
1780913079512,0.366899,0.0281643,0.0767632
1780913079528,0.366901,0.0281645,0.0767633
1780913079544,0.366901,0.0281645,0.0767633
1780913079560,0.366441,0.0281199,0.0767379
1780913079576,0.366904,0.0281649,0.0767637
1780913079592,0.366443,0.0281202,0.0767382
1780913079608,0.366442,0.0281201,0.0767382
1780913079624,0.329229,0.0249968,0.0759252
1780913079639,0.328681,0.0249359,0.0758667
1780913079655,0.329239,0.0249967,0.0759228
1780913079671,0.328682,0.0249354,0.0758647
1780913079687,0.329241,0.0249962,0.0759205
1780913079702,0.329241,0.0249962,0.0759205
1780913079717,0.328671,0.0249354,0.0758671
1780913079733,0.329226,0.0249964,0.0759249
1780913079748,0.329225,0.0249965,0.0759253
1780913079763,0.329222,0.0249968,0.0759268
1780913079778,0.329222,0.0249969,0.075927
1780913079794,0.329224,0.024997,0.0759271
1780913079810,0.328946,0.0249667,0.0758991
1780913079826,0.329227,0.024997,0.0759265
1780913079841,0.328948,0.0249666,0.0758985
1780913079857,0.328948,0.0249666,0.0758982
1780913079872,0.328668,0.0249361,0.0758703
1780913079888,0.328947,0.0249664,0.075898
1780913079904,0.329225,0.0249967,0.0759259
1780913079920,0.329224,0.0249967,0.075926
1780913079936,0.328385,0.0249059,0.0758434
1780913079952,0.328943,0.0249663,0.0758986
1780913079968,0.328942,0.0249663,0.0758987
1780913079984,0.329221,0.0249966,0.0759266
1780913080000,0.32894,0.0249664,0.0758995
1780913080015,0.32922,0.0249967,0.0759271
1780913080030,0.328941,0.0249665,0.0758997
1780913080046,0.329222,0.0249969,0.0759272
1780913080062,0.329223,0.0249968,0.0759267
1780913080078,0.329223,0.0249968,0.0759267
1780913080094,0.329223,0.0249968,0.0759267
1780913080110,0.328944,0.0249664,0.0758988
1780913080126,0.328942,0.0249663,0.0758987
1780913080142,0.308042,0.022954,0.0745158
1780913080158,0.308191,0.0229726,0.07454
1780913080174,0.308191,0.0229726,0.07454
1780913080190,0.308191,0.0229726,0.07454
1780913080206,0.308211,0.0229738,0.0745392
1780913080222,0.308239,0.0229754,0.0745376
1780913080238,0.308097,0.0229572,0.0745128
1780913080254,0.307955,0.022939,0.0744882
1780913080270,0.308101,0.0229574,0.0745125
1780913080286,0.308246,0.0229758,0.0745372
1780913080302,0.3081,0.0229574,0.0745126
1780913080317,0.308102,0.0229575,0.0745126
1780913080333,0.308251,0.0229762,0.0745371
1780913080349,0.308253,0.0229763,0.074537
1780913080365,0.30811,0.022958,0.0745123
1780913080381,0.308112,0.0229581,0.0745121
1780913080397,0.307967,0.0229397,0.0744878
1780913080413,0.308257,0.0229765,0.0745367
1780913080428,0.308107,0.0229578,0.0745123
1780913080443,0.308241,0.0229755,0.0745375
1780913080459,0.308091,0.0229569,0.0745131
1780913080475,0.308088,0.0229567,0.0745134
1780913080491,0.308235,0.0229752,0.0745379
1780913080507,0.308091,0.0229568,0.0745133
1780913080523,0.308241,0.0229756,0.0745376
1780913080538,0.308243,0.0229756,0.0745375
1780913080553,0.308243,0.0229756,0.0745375
1780913080569,0.308245,0.0229757,0.0745374
1780913080585,0.308099,0.0229573,0.0745127
1780913080601,0.308244,0.0229756,0.0745373
1780913080617,0.308243,0.0229756,0.0745373
1780913080633,0.307948,0.0229386,0.0744887
1780913080649,0.300116,0.0220286,0.0734004
1780913080665,0.300079,0.0220038,0.0733268
1780913080681,0.300079,0.0220141,0.0733611
1780913080697,0.300071,0.0220133,0.0733603
1780913080713,0.300075,0.022024,0.0733951
1780913080729,0.300075,0.022024,0.0733951
1780913080745,0.300065,0.0220128,0.07336
1780913080761,0.30008,0.0220143,0.0733614
1780913080777,0.30009,0.0220256,0.0733965
1780913080792,0.300076,0.0220035,0.0733265
1780913080808,0.300096,0.0220262,0.0733971
1780913080824,0.300085,0.0220148,0.0733619
1780913080840,0.300083,0.0220146,0.0733617
1780913080856,0.300057,0.0219804,0.073254
1780913080872,0.30009,0.0220256,0.0733967
1780913080887,0.300093,0.0220259,0.0733968
1780913080903,0.300085,0.0220148,0.0733618
1780913080919,0.3001,0.0220265,0.0733973
1780913080935,0.300082,0.0220041,0.0733269
1780913080951,0.300091,0.0220154,0.0733623
1780913080967,0.300101,0.0220266,0.0733974
1780913080983,0.300097,0.0220263,0.0733971
1780913080999,0.300074,0.0220033,0.0733263
1780913081015,0.300093,0.0220259,0.0733968
1780913081031,0.300082,0.0220145,0.0733616
1780913081046,0.300092,0.0220258,0.0733968
1780913081062,0.300073,0.0220032,0.0733263
1780913081078,0.300083,0.0220146,0.0733617
1780913081094,0.300084,0.0220146,0.0733617
1780913081110,0.300094,0.022026,0.0733969
1780913081126,0.300084,0.0220147,0.0733618
1780913081141,0.300094,0.022026,0.0733969
1780913081157,0.300074,0.0220033,0.0733263
1780913081173,0.309037,0.0211846,0.0685502
1780913081189,0.309038,0.0211847,0.0685504
1780913081206,0.308874,0.0211986,0.068632
1780913081221,0.309042,0.0211851,0.0685507
1780913081237,0.309044,0.0211852,0.0685508
1780913081253,0.309044,0.0211853,0.0685508
1780913081269,0.309045,0.0211853,0.0685508
1780913081285,0.308878,0.021199,0.0686323
1780913081301,0.308877,0.0211989,0.0686322
1780913081317,0.308875,0.0211987,0.0686319
1780913081333,0.308874,0.0211986,0.0686318
1780913081349,0.309039,0.0211847,0.0685501
1780913081364,0.308872,0.0211984,0.0686316
1780913081380,0.309206,0.0211709,0.0684684
1780913081396,0.308872,0.0211984,0.0686316
1780913081412,0.308872,0.0211984,0.0686316
1780913081428,0.308872,0.0211984,0.0686317
1780913081444,0.309208,0.021171,0.0684686
1780913081461,0.308874,0.0211985,0.0686318
1780913081476,0.308874,0.0211986,0.0686318
1780913081492,0.309041,0.0211848,0.0685503
1780913081508,0.308874,0.0211986,0.0686318
1780913081524,0.309208,0.0211711,0.0684686
1780913081540,0.309041,0.0211848,0.0685503
1780913081557,0.308874,0.0211986,0.0686318
1780913081572,0.309041,0.0211848,0.0685503
1780913081588,0.309208,0.021171,0.0684686
1780913081604,0.30904,0.0211848,0.0685503
1780913081620,0.30904,0.0211848,0.0685503
1780913081636,0.308873,0.0211985,0.0686318
1780913081652,0.30904,0.0211848,0.0685503
1780913081668,0.30904,0.0211848,0.0685503
1780913081684,0.329,0.0201587,0.0612726
1780913081700,0.329178,0.0201455,0.0611994
1780913081716,0.329178,0.0201455,0.0611994
1780913081732,0.329354,0.0201323,0.0611266
1780913081748,0.329,0.0201587,0.0612726
1780913081764,0.329354,0.0201323,0.0611266
1780913081780,0.329178,0.0201455,0.0611994
1780913081796,0.329,0.0201587,0.0612725
1780913081812,0.329178,0.0201454,0.0611993
1780913081828,0.329354,0.0201323,0.0611266
1780913081844,0.329177,0.0201454,0.0611993
1780913081860,0.329177,0.0201454,0.0611993
1780913081876,0.328999,0.0201586,0.0612725
1780913081892,0.329177,0.0201454,0.0611993
1780913081909,0.329354,0.0201323,0.0611266
1780913081924,0.329,0.0201586,0.0612725
1780913081940,0.329,0.0201586,0.0612725
1780913081956,0.329,0.0201586,0.0612725
1780913081972,0.329178,0.0201454,0.0611993
1780913081988,0.329,0.0201587,0.0612725
1780913082005,0.329529,0.0201192,0.0610543
1780913082020,0.329178,0.0201454,0.0611993
1780913082036,0.329178,0.0201454,0.0611993
1780913082052,0.329,0.0201586,0.0612725
1780913082068,0.329178,0.0201454,0.0611993
1780913082084,0.329,0.0201586,0.0612725
1780913082100,0.329354,0.0201323,0.0611266
1780913082116,0.329177,0.0201454,0.0611993
1780913082132,0.329354,0.0201323,0.0611266
1780913082147,0.329177,0.0201454,0.0611993
1780913082163,0.329,0.0201586,0.0612725
1780913082179,0.329177,0.0201454,0.0611993
1780913082196,0.341527,0.0194996,0.0570952
1780913082212,0.341581,0.0194932,0.0570675
1780913082226,0.341633,0.0194869,0.0570404
1780913082243,0.341527,0.0194996,0.0570952
1780913082258,0.341685,0.0194807,0.0570135
1780913082274,0.341582,0.0194932,0.0570675
1780913082290,0.341528,0.0194996,0.0570951
1780913082306,0.341581,0.0194932,0.0570675
1780913082322,0.341527,0.0194996,0.0570951
1780913082338,0.341527,0.0194996,0.0570951
1780913082354,0.341685,0.0194807,0.0570135
1780913082370,0.341527,0.0194996,0.0570952
1780913082386,0.341527,0.0194996,0.0570951
1780913082403,0.341581,0.0194932,0.0570675
1780913082419,0.341634,0.0194869,0.0570403
1780913082435,0.341685,0.0194807,0.0570135
1780913082450,0.341527,0.0194996,0.0570951
1780913082468,0.341527,0.0194996,0.0570951
1780913082483,0.341527,0.0194996,0.0570951
1780913082498,0.341634,0.0194869,0.0570403
1780913082515,0.341527,0.0194996,0.0570951
1780913082531,0.341684,0.0194806,0.0570136
1780913082546,0.341581,0.0194932,0.0570675
1780913082563,0.341684,0.0194806,0.0570136
1780913082578,0.341527,0.0194995,0.0570952
1780913082594,0.341634,0.0194869,0.0570403
1780913082610,0.341582,0.0194932,0.0570675
1780913082626,0.341634,0.0194869,0.0570403
1780913082642,0.341528,0.0194996,0.0570951
1780913082659,0.341528,0.0194996,0.0570951
1780913082675,0.341528,0.0194996,0.0570951
1780913082690,0.341527,0.0194996,0.0570951
1780913082707,0.343575,0.0194814,0.0567019
1780913082723,0.343575,0.0194814,0.0567019
1780913082738,0.343572,0.0194794,0.0566967
1780913082754,0.343572,0.0194794,0.0566966
1780913082771,0.343576,0.0194814,0.0567018
1780913082786,0.343576,0.0194814,0.0567018
1780913082802,0.343576,0.0194814,0.0567018
1780913082818,0.343563,0.0194754,0.0566867
1780913082835,0.343576,0.0194814,0.0567019
1780913082850,0.343572,0.0194794,0.0566967
1780913082867,0.343576,0.0194814,0.0567019
1780913082882,0.343576,0.0194814,0.0567019
1780913082899,0.343576,0.0194814,0.0567019
1780913082914,0.343576,0.0194814,0.0567019
1780913082930,0.343576,0.0194814,0.0567019
1780913082946,0.343563,0.0194755,0.0566867
1780913082962,0.343572,0.0194794,0.0566967
1780913082978,0.343563,0.0194755,0.0566867
1780913082994,0.343572,0.0194794,0.0566967
1780913083010,0.343576,0.0194814,0.0567018
1780913083026,0.343576,0.0194814,0.0567018
1780913083042,0.343572,0.0194794,0.0566967
1780913083058,0.343563,0.0194755,0.0566867
1780913083075,0.343567,0.0194774,0.0566917
1780913083090,0.343572,0.0194794,0.0566967
1780913083106,0.343558,0.0194735,0.0566819
1780913083123,0.343576,0.0194814,0.0567019
1780913083139,0.343563,0.0194755,0.0566867
1780913083154,0.343576,0.0194814,0.0567019
1780913083170,0.343567,0.0194774,0.0566917
1780913083186,0.343576,0.0194814,0.0567019
1780913083202,0.343563,0.0194755,0.0566867
1780913083218,0.343576,0.0194814,0.0567018
1780913083234,0.34349,0.0197116,0.0573863
1780913083251,0.343499,0.0197129,0.0573885
1780913083266,0.3435,0.0197129,0.0573885
1780913083282,0.343503,0.0197136,0.0573898
1780913083298,0.343503,0.0197135,0.0573898
1780913083315,0.343503,0.0197135,0.0573898
1780913083330,0.343499,0.0197129,0.0573885
1780913083347,0.343499,0.0197129,0.0573885
1780913083362,0.34349,0.0197116,0.0573863
1780913083378,0.343494,0.0197122,0.0573874
1780913083394,0.343499,0.0197129,0.0573885
1780913083411,0.34349,0.0197116,0.0573863
1780913083426,0.343503,0.0197135,0.0573897
1780913083442,0.343503,0.0197135,0.0573897
1780913083459,0.343499,0.0197129,0.0573885
1780913083474,0.343503,0.0197135,0.0573897
1780913083490,0.343499,0.0197129,0.0573885
1780913083506,0.343502,0.0197135,0.0573897
1780913083522,0.343502,0.0197135,0.0573897
1780913083538,0.343494,0.0197122,0.0573874
1780913083554,0.343502,0.0197135,0.0573897
1780913083569,0.343502,0.0197135,0.0573897
1780913083585,0.343502,0.0197135,0.0573897
1780913083600,0.343502,0.0197135,0.0573897
1780913083617,0.343502,0.0197135,0.0573898
1780913083632,0.343494,0.0197122,0.0573874
1780913083647,0.343503,0.0197135,0.0573898
1780913083664,0.343503,0.0197135,0.0573898
1780913083679,0.343486,0.019711,0.0573852
1780913083694,0.343499,0.0197129,0.0573885
1780913083710,0.343494,0.0197122,0.0573874
1780913083727,0.343502,0.0197135,0.0573898
1780913083742,0.343502,0.0197135,0.0573898
1780913083759,0.343507,0.0200366,0.0583293
1780913083775,0.343504,0.0200362,0.0583288
1780913083791,0.343504,0.0200362,0.0583288
1780913083806,0.3435,0.0200358,0.0583283
1780913083822,0.343504,0.0200362,0.0583288
1780913083839,0.343504,0.0200362,0.0583288
1780913083854,0.343507,0.0200366,0.0583293
1780913083871,0.343504,0.0200362,0.0583288
1780913083886,0.343507,0.0200365,0.0583293
1780913083903,0.343507,0.0200365,0.0583293
1780913083917,0.343507,0.0200365,0.0583293
1780913083933,0.343504,0.0200362,0.0583288
1780913083950,0.343507,0.0200366,0.0583293
1780913083966,0.343508,0.0200366,0.0583293
1780913083982,0.343504,0.0200362,0.0583288
1780913083998,0.343496,0.0200354,0.0583279
1780913084013,0.343504,0.0200362,0.0583288
1780913084029,0.343508,0.0200366,0.0583293
1780913084045,0.343508,0.0200366,0.0583293
1780913084061,0.343504,0.0200362,0.0583288
1780913084078,0.3435,0.0200358,0.0583284
1780913084093,0.343508,0.0200366,0.0583293
1780913084110,0.343504,0.0200362,0.0583288
1780913084125,0.343508,0.0200366,0.0583293
1780913084141,0.343496,0.0200354,0.0583279
1780913084157,0.343504,0.0200362,0.0583288
1780913084174,0.343504,0.0200362,0.0583288
1780913084189,0.343504,0.0200362,0.0583288
1780913084205,0.343508,0.0200366,0.0583293
1780913084222,0.343508,0.0200366,0.0583293
1780913084237,0.3435,0.0200358,0.0583284
1780913084253,0.343486,0.0203253,0.0591734
1780913084270,0.343478,0.0203231,0.0591685
1780913084286,0.343486,0.0203253,0.0591734
1780913084302,0.343482,0.0203242,0.059171
1780913084317,0.343486,0.0203253,0.0591734
1780913084333,0.343473,0.020322,0.0591661
1780913084348,0.343482,0.0203242,0.059171
1780913084363,0.343486,0.0203253,0.0591734
1780913084379,0.343486,0.0203253,0.0591734
1780913084395,0.343486,0.0203253,0.0591734
1780913084410,0.343483,0.0203242,0.059171
1780913084427,0.343487,0.0203253,0.0591734
1780913084443,0.343486,0.0203253,0.0591734
1780913084457,0.343477,0.0203231,0.0591685
1780913084472,0.343482,0.0203242,0.059171
1780913084489,0.343486,0.0203252,0.0591734
1780913084504,0.343486,0.0203252,0.0591734
1780913084520,0.343486,0.0203252,0.0591734
1780913084536,0.343477,0.0203231,0.0591685
1780913084552,0.343486,0.0203253,0.0591734
1780913084568,0.343486,0.0203253,0.0591734
1780913084585,0.343482,0.0203242,0.059171
1780913084600,0.343482,0.0203242,0.059171
1780913084616,0.343486,0.0203253,0.0591734
1780913084631,0.343478,0.0203231,0.0591685
1780913084648,0.343482,0.0203242,0.059171
1780913084664,0.343486,0.0203253,0.0591734
1780913084678,0.343486,0.0203253,0.0591734
1780913084694,0.343482,0.0203242,0.059171
1780913084710,0.343486,0.0203253,0.0591734
1780913084726,0.343482,0.0203242,0.059171
1780913084742,0.343486,0.0203253,0.0591734
1780913084758,0.343482,0.0203242,0.059171
1780913084774,0.343472,0.020537,0.0597923
1780913084790,0.343469,0.0205353,0.059788
1780913084806,0.343471,0.0205369,0.0597923
1780913084821,0.343468,0.0205353,0.059788
1780913084837,0.343471,0.0205369,0.0597923
1780913084853,0.343468,0.0205353,0.059788
1780913084869,0.343461,0.0205319,0.0597795
1780913084884,0.343471,0.0205369,0.0597923
1780913084900,0.343472,0.0205369,0.0597923
1780913084916,0.343472,0.0205369,0.0597923
1780913084932,0.343472,0.0205369,0.0597923
1780913084947,0.343465,0.0205336,0.0597837
1780913084963,0.343469,0.0205353,0.059788
1780913084979,0.343469,0.0205353,0.059788
1780913084996,0.343465,0.0205336,0.0597837
1780913085011,0.343472,0.020537,0.0597923
1780913085026,0.343472,0.020537,0.0597923
1780913085042,0.343468,0.0205353,0.059788
1780913085056,0.343468,0.0205353,0.059788
1780913085072,0.343468,0.0205353,0.059788
1780913085088,0.343472,0.0205369,0.0597923
1780913085105,0.343468,0.0205353,0.059788
1780913085121,0.343472,0.0205369,0.0597923
1780913085136,0.343472,0.0205369,0.0597923
1780913085152,0.343465,0.0205336,0.0597837
1780913085169,0.343468,0.0205353,0.059788
1780913085185,0.343472,0.0205369,0.0597923
1780913085201,0.343472,0.0205369,0.0597923
1780913085216,0.343468,0.0205353,0.059788
1780913085233,0.343472,0.0205369,0.0597923
1780913085248,0.343472,0.0205369,0.0597923
1780913085263,0.343472,0.0205369,0.0597923
1780913085279,0.343465,0.0205336,0.0597837
1780913085294,0.343666,0.0207302,0.0603209
1780913085310,0.343665,0.0207288,0.0603169
1780913085326,0.343666,0.0207317,0.060325
1780913085342,0.343666,0.0207317,0.060325
1780913085358,0.343666,0.0207317,0.060325
1780913085374,0.343666,0.0207317,0.060325
1780913085390,0.343665,0.0207288,0.0603169
1780913085406,0.343666,0.0207302,0.0603209
1780913085424,0.343665,0.0207288,0.0603169
1780913085438,0.343666,0.0207302,0.0603209
1780913085454,0.343666,0.0207302,0.0603209
1780913085470,0.343666,0.0207302,0.0603209
1780913085484,0.343666,0.0207316,0.060325
1780913085500,0.343666,0.0207302,0.0603209
1780913085517,0.343666,0.0207316,0.060325
1780913085533,0.343666,0.0207316,0.060325
1780913085547,0.343664,0.0207274,0.0603129
1780913085563,0.343666,0.0207317,0.060325
1780913085579,0.343666,0.0207317,0.060325
1780913085594,0.343666,0.0207302,0.0603209
1780913085611,0.343666,0.0207316,0.060325
1780913085626,0.343666,0.0207316,0.060325
1780913085642,0.343666,0.0207316,0.060325
1780913085659,0.343664,0.0207274,0.0603129
1780913085675,0.343666,0.0207316,0.060325
1780913085691,0.343666,0.0207316,0.060325
1780913085707,0.343666,0.0207316,0.060325
1780913085723,0.343665,0.0207288,0.0603169
1780913085738,0.343666,0.0207316,0.060325
1780913085754,0.343666,0.0207302,0.0603209
1780913085771,0.343666,0.0207302,0.0603209
1780913085787,0.343665,0.0207288,0.0603169
1780913085804,0.344003,0.0209345,0.0608555
1780913085818,0.344001,0.0209328,0.0608509
1780913085834,0.344003,0.0209345,0.0608555
1780913085850,0.343999,0.0209311,0.0608463
1780913085866,0.344001,0.0209328,0.0608508
1780913085881,0.344001,0.0209328,0.0608508
1780913085897,0.344003,0.0209344,0.0608555
1780913085914,0.344004,0.0209345,0.0608555
1780913085930,0.344003,0.0209329,0.0608509
1780913085946,0.344004,0.0209345,0.0608555
1780913085962,0.344003,0.0209345,0.0608555
1780913085977,0.344001,0.0209344,0.0608555
1780913085993,0.343997,0.0209309,0.0608462
1780913086010,0.344,0.0209343,0.0608554
1780913086026,0.344001,0.0209343,0.0608554
1780913086042,0.344001,0.0209344,0.0608555
1780913086057,0.343997,0.0209294,0.0608417
1780913086073,0.344001,0.0209328,0.0608508
1780913086090,0.343997,0.0209294,0.0608417
1780913086105,0.344003,0.0209345,0.0608555
1780913086122,0.344003,0.0209345,0.0608555
1780913086138,0.344001,0.0209328,0.0608509
1780913086154,0.343999,0.020931,0.0608463
1780913086169,0.344001,0.0209327,0.0608508
1780913086186,0.343997,0.0209294,0.0608417
1780913086202,0.344001,0.0209328,0.0608508
1780913086217,0.344001,0.0209328,0.0608508
1780913086234,0.344003,0.0209344,0.0608555
1780913086250,0.343998,0.0209294,0.0608417
1780913086266,0.344002,0.0209328,0.0608509
1780913086282,0.344003,0.0209345,0.0608555
1780913086297,0.344003,0.0209345,0.0608555
1780913086312,0.344199,0.0210986,0.0612977
1780913086328,0.344201,0.0210987,0.0612976
1780913086345,0.344202,0.0210988,0.0612976
1780913086359,0.344205,0.0210989,0.0612975
1780913086375,0.34421,0.0210967,0.0612902
1780913086390,0.344215,0.0210969,0.06129
1780913086407,0.344212,0.0210992,0.0612972
1780913086424,0.344212,0.0210993,0.0612972
1780913086439,0.344216,0.021097,0.06129
1780913086455,0.344215,0.021097,0.06129
1780913086471,0.344211,0.0210992,0.0612972
1780913086487,0.344219,0.0210922,0.0612755
1780913086502,0.344209,0.0210991,0.0612973
1780913086519,0.344216,0.0210945,0.0612828
1780913086535,0.344213,0.0210968,0.0612901
1780913086551,0.344209,0.0210991,0.0612973
1780913086567,0.344209,0.0210991,0.0612973
1780913086584,0.344213,0.0210968,0.0612901
1780913086597,0.344213,0.0210968,0.0612901
1780913086613,0.34421,0.0210991,0.0612973
1780913086628,0.344214,0.0210969,0.06129
1780913086644,0.344214,0.0210969,0.06129
1780913086660,0.344214,0.0210969,0.06129
1780913086676,0.344217,0.0210946,0.0612828
1780913086692,0.344214,0.0210969,0.06129
1780913086708,0.344214,0.0210969,0.06129
1780913086723,0.344214,0.0210969,0.06129
1780913086739,0.34421,0.0210992,0.0612972
1780913086756,0.344214,0.0210969,0.06129
1780913086771,0.344214,0.0210969,0.06129
1780913086787,0.344214,0.0210969,0.06129
1780913086803,0.34421,0.0210992,0.0612972
1780913086819,0.344214,0.0210969,0.06129
1780913086835,0.346591,0.0210699,0.0607918
1780913086852,0.34659,0.0210698,0.0607918
1780913086868,0.346588,0.0210697,0.0607918
1780913086884,0.346588,0.0210697,0.0607918
1780913086900,0.346588,0.0210697,0.0607918
1780913086916,0.346555,0.0210748,0.0608124
1780913086931,0.346554,0.0210748,0.0608124
1780913086947,0.346555,0.0210748,0.0608124
1780913086964,0.346619,0.0210645,0.0607712
1780913086980,0.346554,0.0210748,0.0608124
1780913086996,0.346586,0.0210696,0.0607918
1780913087012,0.346553,0.0210747,0.0608124
1780913087027,0.346553,0.0210747,0.0608124
1780913087043,0.346553,0.0210747,0.0608124
1780913087059,0.346554,0.0210748,0.0608124
1780913087075,0.346555,0.0210748,0.0608124
1780913087090,0.346587,0.0210697,0.0607918
1780913087107,0.346555,0.0210748,0.0608124
1780913087122,0.346555,0.0210748,0.0608124
1780913087138,0.346588,0.0210697,0.0607918
1780913087154,0.34662,0.0210645,0.0607712
1780913087170,0.346587,0.0210697,0.0607918
1780913087186,0.346555,0.0210748,0.0608124
1780913087200,0.346652,0.0210593,0.0607506
1780913087217,0.346555,0.0210748,0.0608124
1780913087233,0.346554,0.0210748,0.0608124
1780913087248,0.346587,0.0210697,0.0607918
1780913087264,0.346588,0.0210697,0.0607918
1780913087278,0.346587,0.0210697,0.0607918
1780913087293,0.346555,0.0210748,0.0608124
1780913087309,0.346587,0.0210697,0.0607918
1780913087326,0.346587,0.0210697,0.0607918
1780913087342,0.346651,0.0210593,0.0607506
1780913087358,0.349726,0.02089,0.0597324
1780913087374,0.349726,0.02089,0.0597324
1780913087390,0.349725,0.0208899,0.0597324
1780913087405,0.349725,0.0208899,0.0597324
1780913087421,0.349738,0.0208858,0.0597185
1780913087437,0.349724,0.0208899,0.0597324
1780913087453,0.349737,0.0208857,0.0597184
1780913087470,0.349723,0.0208898,0.0597324
1780913087485,0.349723,0.0208898,0.0597324
1780913087501,0.349736,0.0208857,0.0597184
1780913087517,0.349737,0.0208857,0.0597184
1780913087534,0.349737,0.0208858,0.0597184
1780913087549,0.349738,0.0208858,0.0597184
1780913087567,0.349724,0.0208899,0.0597324
1780913087582,0.349724,0.0208899,0.0597324
1780913087597,0.34975,0.0208817,0.0597047
1780913087613,0.34975,0.0208817,0.0597047
1780913087629,0.349738,0.0208858,0.0597184
1780913087645,0.349737,0.0208858,0.0597184
1780913087660,0.349737,0.0208858,0.0597184
1780913087677,0.349737,0.0208858,0.0597184
