Timestamp(ms),Theta,Beta,FocusRatio
1780913580808,0,0,0
1780913580820,0,0,0
1780913580836,0,0,0
1780913580852,0,0,0
1780913580868,0,0,0
1780913580883,0,0,0
1780913580898,0,0,0
1780913580914,0,0,0
1780913580929,0,0,0
1780913580944,0,0,0
1780913580960,0,0,0
1780913580976,0,0,0
1780913580992,0,0,0
1780913581008,0,0,0
1780913581024,0,0,0
1780913581040,0,0,0
1780913581056,0,0,0
1780913581072,0,0,0
1780913581088,0,0,0
1780913581104,0,0,0
1780913581120,0,0,0
1780913581136,0,0,0
1780913581152,0,0,0
1780913581168,0,0,0
1780913581184,0,0,0
1780913581200,0,0,0
1780913581216,0,0,0
1780913581232,0,0,0
1780913581248,0,0,0
1780913581264,0,0,0
1780913581280,0,0,0
1780913581295,0,0,0
1780913581311,0,0,0
1780913581327,0,0,0
1780913581343,0,0,0
1780913581358,0,0,0
1780913581373,0,0,0
1780913581389,0,0,0
1780913581405,0,0,0
1780913581421,0,0,0
1780913581437,0,0,0
1780913581453,0,0,0
1780913581469,0,0,0
1780913581485,0,0,0
1780913581501,0,0,0
1780913581516,0,0,0
1780913581532,0,0,0
1780913581548,0,0,0
1780913581564,0,0,0
1780913581580,0,0,0
1780913581595,0,0,0
1780913581611,0,0,0
1780913581627,0,0,0
1780913581643,0,0,0
1780913581659,0,0,0
1780913581675,0,0,0
1780913581691,0,0,0
1780913581707,0,0,0
1780913581723,0,0,0
1780913581739,0,0,0
1780913581755,0,0,0
1780913581771,0,0,0
1780913581787,0,0,0
1780913581802,0,0,0
1780913581818,0,0,0
1780913581834,0,0,0
1780913581850,0,0,0
1780913581866,0,0,0
1780913581882,0,0,0
1780913581898,0,0,0
1780913581914,0,0,0
1780913581929,0,0,0
1780913581944,0,0,0
1780913581960,0,0,0
1780913581975,0,0,0
1780913581990,0,0,0
1780913582006,0,0,0
1780913582022,0,0,0
1780913582038,0,0,0
1780913582054,0,0,0
1780913582070,0,0,0
1780913582086,0,0,0
1780913582101,0,0,0
1780913582116,0,0,0
1780913582131,0,0,0
1780913582146,0,0,0
1780913582161,0,0,0
1780913582177,0,0,0
1780913582193,0,0,0
1780913582209,0,0,0
1780913582225,0,0,0
1780913582241,0,0,0
1780913582257,0,0,0
1780913582273,0,0,0
1780913582288,0,0,0
1780913582304,0,0,0
1780913582320,0.355323,0.17011,0.478748
1780913582336,0.354698,0.171644,0.483916
1780913582351,0.355158,0.171868,0.48392
1780913582366,0.379435,0.140826,0.371148
1780913582381,0.379285,0.140792,0.371205
1780913582397,0.379156,0.140754,0.371231
1780913582413,0.376781,0.139926,0.371373
1780913582429,0.375355,0.138616,0.369294
1780913582445,0.375342,0.139386,0.371357
1780913582461,0.374979,0.138852,0.370293
1780913582477,0.374732,0.13875,0.370263
1780913582493,0.374815,0.139172,0.371308
1780913582509,0.374867,0.139182,0.371284
1780913582525,0.374925,0.138805,0.370221
1780913582541,0.375222,0.138911,0.37021
1780913582556,0.375389,0.138972,0.370209
1780913582572,0.375686,0.13948,0.371266
1780913582588,0.375614,0.139063,0.370228
1780913582604,0.375507,0.13903,0.370246
1780913582620,0.362583,0.121625,0.335441
1780913582636,0.362619,0.121778,0.335829
1780913582652,0.36256,0.121758,0.335828
1780913582668,0.362197,0.121493,0.335433
1780913582684,0.36218,0.121487,0.335433
1780913582700,0.362093,0.121457,0.33543
1780913582716,0.362296,0.121667,0.335821
1780913582732,0.361763,0.121208,0.33505
1780913582748,0.362027,0.121434,0.335429
1780913582763,0.362061,0.121446,0.335431
1780913582778,0.362322,0.121676,0.335824
1780913582794,0.362119,0.121467,0.335433
1780913582810,0.362434,0.121715,0.335827
1780913582825,0.362213,0.121499,0.335436
1780913582841,0.362459,0.121724,0.335828
1780913582857,0.362224,0.121503,0.335436
1780913582873,0.352271,0.115332,0.327396
1780913582889,0.352241,0.115323,0.327398
1780913582905,0.352269,0.115337,0.327413
1780913582921,0.352243,0.115329,0.327414
1780913582937,0.352227,0.115324,0.327415
1780913582952,0.352108,0.115277,0.327391
1780913582967,0.352086,0.115265,0.327376
1780913582983,0.352211,0.115313,0.327396
1780913582999,0.352275,0.115338,0.327409
1780913583015,0.352217,0.115309,0.327382
1780913583031,0.35233,0.115354,0.327405
1780913583046,0.352352,0.115361,0.327404
1780913583061,0.35225,0.11532,0.32738
1780913583077,0.35225,0.11532,0.327381
1780913583093,0.352356,0.115363,0.327404
1780913583109,0.352302,0.11534,0.327391
1780913583125,0.352293,0.115338,0.327391
1780913583140,0.351392,0.114708,0.326439
1780913583155,0.351375,0.114721,0.326492
1780913583170,0.351393,0.11472,0.326472
1780913583185,0.351398,0.114721,0.326472
1780913583200,0.351386,0.114725,0.326492
1780913583216,0.351404,0.114724,0.326472
1780913583232,0.351411,0.11472,0.326456
1780913583248,0.351411,0.114726,0.326472
1780913583264,0.351413,0.114727,0.326472
1780913583280,0.351417,0.114728,0.326472
1780913583296,0.35142,0.114723,0.326456
1780913583312,0.351418,0.114728,0.326472
1780913583328,0.351419,0.114728,0.326472
1780913583344,0.351399,0.114729,0.326492
1780913583360,0.351416,0.114727,0.326472
1780913583376,0.373621,0.104962,0.280932
1780913583392,0.374032,0.105319,0.281578
1780913583408,0.373839,0.105144,0.281255
1780913583424,0.373839,0.105144,0.281255
1780913583440,0.374035,0.10532,0.281578
1780913583456,0.37384,0.105144,0.281255
1780913583472,0.374035,0.10532,0.281578
1780913583488,0.374036,0.10532,0.281578
1780913583504,0.373842,0.105145,0.281255
1780913583520,0.374039,0.105321,0.281578
1780913583536,0.373406,0.104781,0.28061
1780913583552,0.373844,0.105145,0.281255
1780913583568,0.374039,0.105321,0.281578
1780913583584,0.373843,0.105145,0.281255
1780913583600,0.374038,0.105321,0.281578
1780913583616,0.373843,0.105145,0.281255
1780913583632,0.374037,0.105321,0.281578
1780913583648,0.374037,0.10532,0.281578
1780913583664,0.373841,0.105145,0.281255
1780913583680,0.373841,0.105145,0.281255
1780913583696,0.373843,0.105145,0.281255
1780913583712,0.374038,0.105321,0.281578
1780913583728,0.373843,0.105145,0.281255
1780913583744,0.374038,0.105321,0.281578
1780913583760,0.373843,0.105145,0.281255
1780913583775,0.374038,0.105321,0.281578
1780913583791,0.373843,0.105145,0.281255
1780913583807,0.373627,0.104964,0.280932
1780913583823,0.373198,0.104601,0.280283
1780913583839,0.374039,0.105321,0.281578
1780913583855,0.374039,0.105321,0.281578
1780913583871,0.373844,0.105145,0.281255
1780913583887,0.367316,0.100645,0.274002
1780913583903,0.367315,0.100645,0.274002
1780913583919,0.367314,0.100645,0.274002
1780913583935,0.367129,0.100499,0.273743
1780913583951,0.367312,0.100645,0.274003
1780913583967,0.36748,0.100786,0.274263
1780913583983,0.36748,0.100786,0.274263
1780913583999,0.367313,0.100645,0.274003
1780913584015,0.36748,0.100786,0.274263
1780913584031,0.367481,0.100786,0.274263
1780913584046,0.367481,0.100786,0.274262
1780913584061,0.367481,0.100786,0.274262
1780913584076,0.367481,0.100786,0.274262
1780913584092,0.36713,0.100499,0.273743
1780913584108,0.36713,0.100499,0.273743
1780913584124,0.367314,0.100645,0.274002
1780913584140,0.367481,0.100786,0.274262
1780913584156,0.367481,0.100786,0.274262
1780913584172,0.367481,0.100786,0.274262
1780913584188,0.367481,0.100786,0.274262
1780913584204,0.367314,0.100645,0.274002
1780913584220,0.367481,0.100786,0.274262
1780913584236,0.367314,0.100645,0.274002
1780913584252,0.367481,0.100786,0.274262
1780913584268,0.36713,0.100499,0.273743
1780913584284,0.367481,0.100786,0.274262
1780913584300,0.367314,0.100645,0.274002
1780913584316,0.367481,0.100786,0.274262
1780913584332,0.367314,0.100645,0.274002
1780913584348,0.36713,0.100499,0.273743
1780913584364,0.367481,0.100786,0.274262
1780913584379,0.367481,0.100786,0.274262
1780913584394,0.367192,0.100473,0.273626
1780913584410,0.367017,0.100335,0.27338
1780913584426,0.36735,0.100607,0.273872
1780913584442,0.367192,0.100473,0.273626
1780913584457,0.36735,0.100607,0.273872
1780913584472,0.367192,0.100473,0.273626
1780913584487,0.367192,0.100473,0.273626
1780913584503,0.367017,0.100335,0.27338
1780913584519,0.36735,0.100607,0.273872
1780913584534,0.367192,0.100473,0.273626
1780913584549,0.367192,0.100473,0.273626
1780913584565,0.367192,0.100473,0.273626
1780913584581,0.36735,0.100607,0.273872
1780913584597,0.367192,0.100473,0.273626
1780913584613,0.36735,0.100607,0.273872
1780913584629,0.36735,0.100607,0.273872
1780913584644,0.367192,0.100473,0.273626
1780913584659,0.36735,0.100607,0.273872
1780913584675,0.36735,0.100607,0.273872
1780913584691,0.367192,0.100473,0.273626
1780913584707,0.367192,0.100473,0.273626
1780913584723,0.36735,0.100607,0.273872
1780913584739,0.367192,0.100473,0.273626
1780913584755,0.367192,0.100473,0.273626
1780913584771,0.36735,0.100607,0.273872
1780913584787,0.36735,0.100607,0.273872
1780913584803,0.36735,0.100607,0.273872
1780913584819,0.36735,0.100607,0.273872
1780913584835,0.36735,0.100607,0.273872
1780913584851,0.367192,0.100473,0.273626
1780913584867,0.36735,0.100607,0.273872
1780913584883,0.367192,0.100473,0.273626
1780913584899,0.367192,0.100473,0.273626
1780913584915,0.36735,0.100607,0.273872
1780913584931,0.367107,0.10065,0.274171
1780913584946,0.367266,0.100781,0.27441
1780913584961,0.367266,0.100781,0.27441
1780913584976,0.367266,0.100781,0.27441
1780913584991,0.367266,0.100781,0.27441
1780913585006,0.367266,0.100781,0.27441
1780913585022,0.367266,0.100781,0.27441
1780913585038,0.366931,0.100515,0.273933
1780913585054,0.367266,0.100781,0.27441
1780913585070,0.367107,0.10065,0.274171
1780913585086,0.367107,0.10065,0.274171
1780913585102,0.367266,0.100781,0.27441
1780913585118,0.367266,0.100781,0.27441
1780913585134,0.367107,0.10065,0.274171
1780913585150,0.367266,0.100781,0.27441
1780913585166,0.367266,0.100781,0.27441
1780913585182,0.367266,0.100781,0.27441
1780913585198,0.367266,0.100781,0.27441
1780913585214,0.367266,0.100781,0.27441
1780913585230,0.367107,0.10065,0.274171
1780913585245,0.367107,0.10065,0.274171
1780913585260,0.367107,0.10065,0.274171
1780913585276,0.366931,0.100515,0.273933
1780913585291,0.367266,0.100781,0.27441
1780913585306,0.367266,0.100781,0.27441
1780913585322,0.367107,0.10065,0.274171
1780913585338,0.367107,0.10065,0.274171
1780913585354,0.367266,0.100781,0.27441
1780913585370,0.367266,0.100781,0.27441
1780913585386,0.366931,0.100515,0.273933
1780913585402,0.367266,0.100781,0.27441
1780913585418,0.367266,0.100781,0.27441
1780913585434,0.366931,0.100515,0.273933
1780913585450,0.367203,0.100929,0.27486
1780913585465,0.367044,0.100799,0.274624
1780913585481,0.367044,0.100799,0.274624
1780913585497,0.367203,0.100929,0.27486
1780913585513,0.367044,0.100799,0.274624
1780913585529,0.367203,0.100929,0.27486
1780913585545,0.367203,0.100929,0.27486
1780913585561,0.367044,0.100799,0.274624
1780913585576,0.367044,0.100799,0.274624
1780913585591,0.367044,0.100799,0.274624
1780913585607,0.367044,0.100799,0.274624
1780913585623,0.367044,0.100799,0.274624
1780913585639,0.367203,0.100929,0.27486
1780913585655,0.367203,0.100929,0.27486
1780913585671,0.367044,0.100799,0.274624
1780913585687,0.367203,0.100929,0.27486
1780913585703,0.367203,0.100929,0.27486
1780913585719,0.367203,0.100929,0.27486
1780913585735,0.367203,0.100929,0.27486
1780913585751,0.367203,0.100929,0.27486
1780913585767,0.367203,0.100929,0.27486
1780913585783,0.366868,0.100664,0.274389
1780913585799,0.367044,0.100799,0.274624
1780913585815,0.366868,0.100664,0.274389
1780913585831,0.367203,0.100929,0.27486
1780913585846,0.367203,0.100929,0.27486
1780913585861,0.367044,0.100799,0.274624
1780913585876,0.367044,0.100799,0.274624
1780913585891,0.367044,0.100799,0.274624
1780913585907,0.367203,0.100929,0.27486
1780913585923,0.366868,0.100664,0.274389
1780913585939,0.366834,0.100754,0.274659
1780913585955,0.36701,0.100888,0.274893
1780913585971,0.367169,0.101018,0.275127
1780913585987,0.367169,0.101018,0.275127
1780913586003,0.36701,0.100888,0.274893
1780913586019,0.367169,0.101018,0.275127
1780913586035,0.366834,0.100754,0.274659
1780913586051,0.36701,0.100888,0.274893
1780913586067,0.367169,0.101018,0.275127
1780913586083,0.36701,0.100888,0.274893
1780913586099,0.36701,0.100888,0.274893
1780913586115,0.36701,0.100888,0.274893
1780913586130,0.36701,0.100888,0.274893
1780913586145,0.367169,0.101018,0.275127
1780913586161,0.36701,0.100888,0.274893
1780913586177,0.367169,0.101018,0.275127
1780913586193,0.366651,0.100618,0.274425
1780913586209,0.36701,0.100888,0.274893
1780913586225,0.36701,0.100888,0.274893
1780913586241,0.366834,0.100754,0.274659
1780913586257,0.367169,0.101018,0.275127
1780913586273,0.367169,0.101018,0.275127
1780913586289,0.36701,0.100888,0.274893
1780913586305,0.36701,0.100888,0.274893
1780913586321,0.36701,0.100888,0.274893
1780913586337,0.36701,0.100888,0.274893
1780913586353,0.36701,0.100888,0.274893
1780913586369,0.367169,0.101018,0.275127
1780913586384,0.367169,0.101018,0.275127
1780913586399,0.36701,0.100888,0.274893
1780913586415,0.367169,0.101018,0.275127
1780913586431,0.366834,0.100754,0.274659
1780913586446,0.367169,0.101018,0.275127
1780913586461,0.36701,0.100888,0.274893
1780913586476,0.367158,0.101078,0.275299
1780913586491,0.366999,0.100949,0.275066
1780913586507,0.366999,0.100949,0.275066
1780913586523,0.366823,0.100815,0.274834
1780913586538,0.366999,0.100949,0.275066
1780913586554,0.367158,0.101078,0.275299
1780913586571,0.367158,0.101078,0.275299
1780913586586,0.366999,0.100949,0.275066
1780913586602,0.366999,0.100949,0.275066
1780913586618,0.367158,0.101078,0.275299
1780913586634,0.367158,0.101078,0.275299
1780913586650,0.367158,0.101078,0.275299
1780913586666,0.366823,0.100815,0.274834
1780913586682,0.367158,0.101078,0.275299
1780913586698,0.366999,0.100949,0.275066
1780913586714,0.367158,0.101078,0.275299
1780913586729,0.367158,0.101078,0.275299
1780913586744,0.367159,0.101078,0.275299
1780913586760,0.367159,0.101078,0.275299
1780913586776,0.367,0.100949,0.275066
1780913586791,0.366823,0.100815,0.274834
1780913586807,0.366999,0.100949,0.275066
1780913586823,0.367158,0.101078,0.275299
1780913586839,0.367158,0.101078,0.275299
1780913586855,0.366999,0.100949,0.275066
1780913586871,0.367158,0.101078,0.275299
1780913586887,0.366823,0.100815,0.274834
1780913586903,0.366999,0.100949,0.275066
1780913586919,0.367158,0.101078,0.275299
1780913586935,0.367158,0.101078,0.275299
1780913586951,0.367158,0.101078,0.275299
1780913586967,0.367158,0.101078,0.275299
1780913586983,0.36714,0.10113,0.275455
1780913586999,0.366981,0.101002,0.275223
1780913587015,0.36714,0.10113,0.275455
1780913587031,0.366981,0.101002,0.275223
1780913587046,0.36714,0.10113,0.275455
1780913587062,0.366981,0.101002,0.275223
1780913587078,0.36714,0.10113,0.275455
1780913587093,0.36714,0.10113,0.275455
1780913587108,0.36714,0.10113,0.275455
1780913587124,0.36714,0.10113,0.275455
1780913587140,0.36714,0.10113,0.275455
1780913587156,0.36714,0.10113,0.275455
1780913587172,0.366981,0.101002,0.275223
1780913587188,0.36714,0.10113,0.275455
1780913587204,0.366981,0.101002,0.275223
1780913587220,0.366981,0.101002,0.275223
1780913587236,0.36714,0.10113,0.275455
1780913587252,0.366981,0.101002,0.275223
1780913587268,0.36714,0.10113,0.275455
1780913587284,0.366981,0.101002,0.275223
1780913587300,0.366981,0.101002,0.275223
1780913587316,0.366981,0.101002,0.275223
1780913587332,0.366981,0.101002,0.275223
1780913587348,0.36714,0.10113,0.275455
1780913587364,0.366804,0.100868,0.274993
1780913587380,0.366981,0.101002,0.275223
1780913587396,0.366804,0.100868,0.274993
1780913587412,0.366981,0.101002,0.275223
1780913587427,0.366981,0.101002,0.275223
1780913587442,0.36714,0.10113,0.275455
1780913587457,0.366981,0.101002,0.275223
1780913587472,0.36714,0.10113,0.275455
1780913587487,0.366804,0.100868,0.274993
1780913587503,0.366966,0.101049,0.275364
1780913587519,0.366966,0.101049,0.275364
1780913587535,0.366966,0.101049,0.275364
1780913587551,0.366966,0.101049,0.275364
1780913587566,0.366966,0.101049,0.275364
1780913587582,0.366966,0.101049,0.275364
1780913587598,0.367126,0.101178,0.275594
1780913587614,0.366966,0.101049,0.275364
1780913587629,0.366966,0.101049,0.275364
1780913587644,0.366966,0.101049,0.275364
1780913587660,0.366966,0.101049,0.275364
1780913587676,0.366966,0.101049,0.275364
1780913587692,0.367126,0.101178,0.275594
1780913587708,0.366966,0.101049,0.275364
1780913587724,0.366966,0.101049,0.275364
1780913587740,0.366966,0.101049,0.275364
1780913587756,0.367126,0.101178,0.275594
1780913587772,0.367126,0.101178,0.275594
1780913587787,0.36679,0.100917,0.275135
1780913587802,0.366966,0.101049,0.275364
1780913587818,0.367126,0.101178,0.275594
1780913587834,0.367126,0.101178,0.275594
1780913587850,0.366966,0.101049,0.275364
1780913587866,0.366966,0.101049,0.275364
1780913587882,0.367126,0.101178,0.275594
1780913587898,0.36679,0.100917,0.275135
1780913587914,0.367126,0.101178,0.275594
1780913587929,0.367126,0.101178,0.275594
1780913587945,0.366966,0.101049,0.275364
1780913587961,0.366966,0.101049,0.275364
1780913587977,0.366966,0.101049,0.275364
1780913587993,0.366966,0.101049,0.275364
1780913588009,0.367107,0.101234,0.275762
1780913588025,0.367107,0.101234,0.275762
1780913588041,0.366948,0.101107,0.275535
1780913588057,0.366948,0.101107,0.275535
1780913588073,0.367107,0.101234,0.275762
1780913588089,0.367107,0.101234,0.275762
1780913588104,0.366948,0.101107,0.275535
1780913588120,0.367107,0.101234,0.275762
1780913588136,0.366771,0.100975,0.275308
1780913588152,0.367107,0.101234,0.275762
1780913588168,0.367107,0.101234,0.275762
1780913588184,0.366948,0.101107,0.275535
1780913588200,0.366948,0.101107,0.275535
1780913588216,0.367107,0.101234,0.275762
1780913588232,0.366771,0.100975,0.275308
1780913588248,0.367107,0.101234,0.275762
1780913588264,0.367107,0.101234,0.275762
1780913588280,0.367107,0.101234,0.275762
1780913588295,0.366948,0.101107,0.275535
1780913588310,0.366948,0.101107,0.275535
1780913588326,0.367107,0.101234,0.275762
1780913588342,0.366948,0.101107,0.275535
1780913588358,0.367107,0.101234,0.275762
1780913588374,0.366771,0.100975,0.275308
1780913588390,0.367107,0.101234,0.275762
1780913588406,0.366771,0.100975,0.275308
1780913588422,0.366948,0.101107,0.275535
1780913588438,0.366948,0.101107,0.275535
1780913588455,0.367107,0.101234,0.275762
1780913588470,0.366771,0.100975,0.275308
1780913588485,0.366948,0.101107,0.275535
1780913588500,0.366771,0.100975,0.275308
1780913588515,0.366948,0.101107,0.275535
1780913588531,0.367103,0.101302,0.27595
1780913588546,0.367103,0.101302,0.27595
1780913588562,0.366769,0.101044,0.275499
1780913588578,0.366945,0.101175,0.275724
1780913588594,0.366945,0.101175,0.275724
1780913588610,0.367103,0.101302,0.27595
1780913588626,0.366945,0.101175,0.275724
1780913588642,0.366769,0.101044,0.275499
1780913588658,0.367103,0.101302,0.27595
1780913588674,0.366769,0.101044,0.275499
1780913588691,0.367103,0.101302,0.27595
1780913588706,0.366945,0.101175,0.275724
1780913588722,0.367103,0.101302,0.27595
1780913588737,0.367103,0.101302,0.27595
1780913588753,0.366945,0.101175,0.275724
1780913588769,0.366945,0.101175,0.275724
1780913588785,0.367103,0.101302,0.27595
1780913588801,0.366769,0.101044,0.275499
1780913588817,0.366945,0.101175,0.275724
1780913588833,0.366945,0.101175,0.275724
1780913588849,0.366769,0.101044,0.275499
1780913588865,0.366769,0.101044,0.275499
1780913588881,0.366945,0.101175,0.275724
1780913588897,0.366769,0.101044,0.275499
1780913588913,0.366945,0.101175,0.275724
1780913588929,0.367103,0.101302,0.27595
1780913588945,0.366945,0.101175,0.275724
1780913588961,0.367103,0.101302,0.27595
1780913588976,0.367103,0.101302,0.27595
1780913588992,0.366945,0.101175,0.275724
1780913589008,0.366945,0.101175,0.275724
1780913589025,0.367103,0.101302,0.27595
1780913589040,0.367103,0.101302,0.27595
1780913589056,0.367103,0.101302,0.27595
1780913589072,0.367062,0.101239,0.275808
1780913589088,0.366888,0.101108,0.275584
1780913589105,0.367062,0.101239,0.275808
1780913589120,0.367062,0.101239,0.275808
1780913589136,0.367062,0.101239,0.275808
1780913589152,0.367062,0.101239,0.275808
1780913589168,0.366888,0.101108,0.275584
1780913589184,0.367219,0.101365,0.276033
1780913589199,0.367062,0.101239,0.275808
1780913589215,0.367219,0.101364,0.276033
1780913589231,0.366888,0.101108,0.275584
1780913589246,0.367062,0.101239,0.275808
1780913589262,0.367062,0.101239,0.275808
1780913589278,0.366888,0.101108,0.275584
1780913589294,0.367062,0.101239,0.275808
1780913589310,0.367219,0.101364,0.276033
1780913589325,0.366888,0.101108,0.275584
1780913589340,0.367219,0.101364,0.276033
1780913589357,0.367062,0.101239,0.275808
1780913589372,0.367062,0.101239,0.275808
1780913589388,0.367219,0.101364,0.276033
1780913589404,0.367219,0.101364,0.276033
1780913589421,0.367219,0.101364,0.276033
1780913589436,0.367062,0.101239,0.275808
1780913589452,0.367062,0.101239,0.275808
1780913589468,0.367219,0.101364,0.276033
1780913589485,0.367219,0.101364,0.276033
1780913589500,0.367062,0.101239,0.275808
1780913589516,0.367062,0.101239,0.275808
1780913589532,0.367062,0.101239,0.275808
1780913589548,0.367062,0.101239,0.275808
1780913589564,0.366949,0.101218,0.275838
1780913589580,0.367124,0.101347,0.276057
1780913589595,0.366949,0.101218,0.275838
1780913589610,0.367124,0.101347,0.276057
1780913589627,0.367281,0.101471,0.276276
1780913589642,0.367124,0.101347,0.276057
1780913589658,0.367281,0.101471,0.276276
1780913589673,0.366949,0.101218,0.275838
1780913589689,0.367281,0.101471,0.276276
1780913589705,0.367281,0.101471,0.276276
1780913589722,0.367124,0.101347,0.276057
1780913589737,0.367281,0.101471,0.276276
1780913589752,0.367281,0.101471,0.276276
1780913589767,0.367281,0.101471,0.276276
1780913589783,0.367281,0.101471,0.276276
1780913589799,0.366949,0.101218,0.275838
1780913589815,0.367281,0.101471,0.276276
1780913589832,0.367124,0.101347,0.276057
1780913589847,0.367281,0.101471,0.276276
1780913589861,0.367124,0.101347,0.276057
1780913589876,0.367124,0.101347,0.276057
1780913589892,0.367124,0.101347,0.276057
1780913589909,0.367124,0.101347,0.276057
1780913589925,0.367281,0.101471,0.276276
1780913589940,0.367124,0.101347,0.276057
1780913589956,0.367124,0.101347,0.276057
1780913589972,0.366768,0.101088,0.275619
1780913589987,0.367281,0.101471,0.276276
1780913590003,0.367281,0.101471,0.276276
1780913590019,0.367281,0.101471,0.276276
1780913590035,0.367281,0.101471,0.276276
1780913590052,0.367281,0.101471,0.276276
1780913590067,0.367281,0.101471,0.276276
1780913590083,0.367073,0.101476,0.276447
1780913590099,0.367231,0.101599,0.276662
1780913590115,0.367073,0.101476,0.276447
1780913590132,0.367231,0.101599,0.276662
1780913590146,0.367073,0.101476,0.276447
1780913590161,0.367073,0.101476,0.276447
1780913590177,0.366897,0.101349,0.276232
1780913590194,0.367073,0.101476,0.276447
1780913590210,0.367231,0.101599,0.276662
1780913590226,0.367231,0.101599,0.276662
1780913590241,0.367073,0.101476,0.276447
1780913590258,0.367231,0.101599,0.276662
1780913590274,0.367231,0.101599,0.276662
1780913590289,0.366897,0.101349,0.276232
1780913590305,0.367231,0.101599,0.276662
1780913590321,0.366716,0.10122,0.276017
1780913590337,0.367073,0.101476,0.276447
1780913590353,0.367073,0.101476,0.276447
1780913590370,0.367231,0.101599,0.276662
1780913590385,0.367073,0.101476,0.276447
1780913590402,0.367231,0.101599,0.276662
1780913590417,0.367231,0.101599,0.276662
1780913590432,0.367231,0.101599,0.276662
1780913590447,0.367231,0.101599,0.276662
1780913590461,0.367231,0.101599,0.276662
1780913590478,0.367073,0.101476,0.276447
1780913590493,0.367231,0.101599,0.276662
1780913590508,0.367073,0.101476,0.276447
1780913590525,0.367231,0.101599,0.276662
1780913590541,0.367231,0.101599,0.276662
1780913590557,0.367073,0.101476,0.276447
1780913590572,0.367073,0.101476,0.276447
1780913590588,0.367181,0.101696,0.276963
1780913590604,0.367181,0.101696,0.276963
1780913590620,0.367181,0.101696,0.276963
1780913590637,0.366847,0.101447,0.276538
1780913590653,0.366847,0.101447,0.276538
1780913590669,0.367023,0.101574,0.27675
1780913590684,0.366847,0.101447,0.276538
1780913590700,0.367181,0.101696,0.276963
1780913590717,0.367023,0.101574,0.27675
1780913590733,0.367023,0.101574,0.27675
1780913590749,0.367181,0.101696,0.276963
1780913590764,0.367181,0.101696,0.276963
1780913590781,0.367181,0.101696,0.276963
1780913590796,0.367181,0.101696,0.276963
1780913590810,0.367023,0.101574,0.27675
1780913590826,0.367023,0.101574,0.27675
1780913590842,0.367023,0.101574,0.27675
1780913590859,0.367181,0.101696,0.276963
1780913590873,0.367181,0.101696,0.276963
1780913590888,0.367023,0.101574,0.27675
1780913590904,0.367181,0.101696,0.276963
1780913590920,0.367181,0.101696,0.276963
1780913590937,0.367023,0.101574,0.27675
1780913590953,0.367023,0.101574,0.27675
1780913590968,0.367181,0.101696,0.276963
1780913590984,0.367181,0.101696,0.276963
1780913591001,0.367181,0.101696,0.276963
1780913591016,0.367023,0.101574,0.27675
1780913591032,0.366847,0.101447,0.276538
1780913591049,0.367023,0.101574,0.27675
1780913591065,0.366847,0.101447,0.276538
1780913591080,0.367181,0.101696,0.276963
1780913591095,0.367181,0.101696,0.276963
1780913591111,0.367142,0.101794,0.277262
1780913591126,0.366983,0.101673,0.277052
1780913591141,0.367142,0.101794,0.277262
1780913591158,0.366807,0.101548,0.276843
1780913591174,0.367142,0.101794,0.277262
1780913591188,0.366983,0.101673,0.277052
1780913591204,0.367142,0.101794,0.277262
1780913591220,0.367142,0.101794,0.277262
1780913591236,0.367142,0.101794,0.277262
1780913591252,0.366983,0.101673,0.277052
1780913591268,0.366807,0.101548,0.276843
1780913591284,0.367142,0.101794,0.277262
1780913591300,0.367142,0.101794,0.277262
1780913591316,0.366983,0.101673,0.277052
1780913591331,0.366983,0.101673,0.277052
1780913591347,0.366983,0.101673,0.277052
1780913591362,0.366983,0.101673,0.277052
1780913591377,0.367142,0.101794,0.277262
1780913591393,0.367142,0.101794,0.277262
1780913591408,0.367142,0.101794,0.277262
1780913591424,0.366983,0.101673,0.277052
1780913591441,0.367142,0.101794,0.277262
1780913591456,0.367142,0.101794,0.277262
1780913591473,0.367142,0.101794,0.277262
1780913591488,0.366807,0.101548,0.276843
1780913591504,0.366983,0.101673,0.277052
1780913591521,0.366983,0.101673,0.277052
1780913591537,0.366983,0.101673,0.277052
1780913591553,0.366983,0.101673,0.277052
1780913591569,0.366983,0.101673,0.277052
1780913591585,0.366983,0.101673,0.277052
1780913591600,0.366983,0.101673,0.277052
1780913591617,0.36695,0.101761,0.277317
1780913591632,0.367109,0.101882,0.277525
1780913591648,0.36695,0.101761,0.277317
1780913591664,0.367109,0.101882,0.277525
1780913591680,0.367109,0.101882,0.277525
1780913591696,0.36695,0.101761,0.277317
1780913591713,0.36695,0.101761,0.277317
1780913591729,0.36695,0.101761,0.277317
1780913591744,0.367109,0.101882,0.277525
1780913591760,0.367109,0.101882,0.277525
1780913591777,0.367109,0.101882,0.277525
1780913591792,0.36695,0.101761,0.277317
1780913591809,0.367109,0.101882,0.277525
1780913591825,0.367109,0.101882,0.277525
1780913591840,0.36695,0.101761,0.277317
1780913591856,0.36695,0.101761,0.277317
1780913591872,0.367109,0.101882,0.277525
1780913591888,0.366774,0.101637,0.277111
1780913591905,0.36695,0.101761,0.277317
1780913591921,0.36695,0.101761,0.277317
1780913591937,0.367109,0.101882,0.277525
1780913591952,0.367109,0.101882,0.277525
1780913591968,0.36695,0.101761,0.277317
1780913591985,0.36695,0.101761,0.277317
1780913592001,0.367109,0.101882,0.277525
1780913592015,0.367109,0.101882,0.277525
1780913592032,0.367109,0.101882,0.277525
1780913592046,0.36695,0.101761,0.277317
1780913592062,0.366774,0.101637,0.277111
1780913592076,0.367109,0.101882,0.277525
1780913592093,0.36695,0.101761,0.277317
1780913592109,0.367109,0.101882,0.277525
1780913592125,0.36695,0.101761,0.277317
1780913592140,0.367081,0.10195,0.277731
1780913592157,0.366745,0.101706,0.277321
1780913592173,0.366922,0.10183,0.277526
1780913592189,0.366745,0.101706,0.277321
1780913592204,0.366922,0.10183,0.277526
1780913592218,0.366922,0.10183,0.277526
1780913592235,0.366922,0.10183,0.277526
1780913592250,0.366922,0.10183,0.277526
1780913592265,0.367081,0.10195,0.277731
1780913592280,0.366563,0.101581,0.277117
1780913592297,0.367081,0.10195,0.277731
1780913592313,0.366745,0.101706,0.277321
1780913592329,0.366922,0.10183,0.277526
1780913592344,0.366745,0.101706,0.277321
1780913592361,0.367081,0.10195,0.277731
1780913592377,0.366922,0.10183,0.277526
1780913592393,0.366922,0.10183,0.277526
1780913592408,0.367081,0.10195,0.277731
1780913592424,0.366922,0.10183,0.277526
1780913592440,0.367081,0.10195,0.277731
1780913592456,0.367081,0.10195,0.277731
1780913592472,0.366922,0.10183,0.277526
1780913592487,0.366745,0.101706,0.277321
1780913592504,0.367081,0.10195,0.277731
1780913592520,0.367081,0.10195,0.277731
1780913592536,0.366745,0.101706,0.277321
1780913592552,0.367081,0.10195,0.277731
1780913592567,0.366922,0.10183,0.277526
1780913592584,0.366922,0.10183,0.277526
1780913592600,0.366393,0.101458,0.276911
1780913592616,0.366922,0.10183,0.277526
1780913592632,0.366745,0.101706,0.277321
1780913592647,0.367054,0.102015,0.277928
1780913592662,0.366895,0.101896,0.277724
1780913592679,0.367054,0.102015,0.277928
1780913592695,0.366718,0.101772,0.277522
1780913592710,0.367054,0.102015,0.277928
1780913592724,0.366895,0.101896,0.277724
1780913592741,0.367054,0.102015,0.277928
1780913592757,0.366718,0.101772,0.277522
1780913592773,0.366895,0.101896,0.277724
1780913592789,0.366895,0.101896,0.277724
1780913592805,0.366895,0.101896,0.277724
1780913592821,0.366895,0.101896,0.277724
1780913592837,0.367054,0.102015,0.277928
1780913592853,0.367054,0.102015,0.277928
1780913592869,0.367054,0.102015,0.277928
1780913592884,0.366895,0.101896,0.277724
1780913592901,0.366895,0.101896,0.277724
1780913592916,0.366895,0.101896,0.277724
1780913592930,0.367054,0.102015,0.277928
1780913592946,0.367054,0.102015,0.277928
1780913592962,0.366895,0.101896,0.277724
1780913592978,0.367054,0.102015,0.277928
1780913592994,0.367054,0.102015,0.277928
1780913593009,0.366895,0.101896,0.277724
1780913593026,0.367054,0.102015,0.277928
1780913593042,0.367054,0.102015,0.277928
1780913593058,0.367054,0.102015,0.277928
1780913593074,0.366895,0.101896,0.277724
1780913593090,0.366895,0.101896,0.277724
1780913593106,0.366895,0.101896,0.277724
1780913593122,0.367054,0.102015,0.277928
1780913593138,0.366895,0.101896,0.277724
1780913593153,0.367054,0.102015,0.277928
1780913593168,0.367054,0.102015,0.277928
1780913593184,0.366869,0.101961,0.277923
1780913593200,0.366693,0.101839,0.277723
1780913593216,0.366869,0.101961,0.277923
1780913593232,0.366869,0.101961,0.277923
1780913593246,0.366693,0.101839,0.277723
1780913593263,0.366869,0.101961,0.277923
1780913593278,0.367029,0.10208,0.278125
1780913593294,0.366869,0.101961,0.277923
1780913593310,0.367029,0.10208,0.278125
1780913593326,0.367029,0.10208,0.278125
1780913593342,0.366869,0.101961,0.277923
1780913593358,0.366869,0.101961,0.277923
1780913593374,0.367029,0.10208,0.278125
1780913593390,0.367029,0.10208,0.278125
1780913593406,0.366339,0.101593,0.27732
1780913593421,0.367029,0.10208,0.278125
1780913593436,0.367029,0.10208,0.278125
1780913593451,0.367029,0.10208,0.278125
1780913593468,0.366869,0.101961,0.277923
1780913593483,0.367029,0.10208,0.278125
1780913593499,0.367029,0.10208,0.278125
1780913593516,0.366869,0.101961,0.277923
1780913593531,0.367029,0.10208,0.278125
1780913593547,0.36651,0.101715,0.277523
1780913593562,0.367029,0.10208,0.278125
1780913593577,0.367029,0.10208,0.278125
1780913593594,0.367029,0.10208,0.278125
1780913593610,0.366869,0.101961,0.277923
1780913593625,0.366869,0.101961,0.277923
1780913593641,0.366692,0.101839,0.277723
1780913593657,0.366869,0.101961,0.277923
1780913593673,0.366855,0.102011,0.278069
1780913593688,0.367015,0.102129,0.278269
1780913593705,0.367015,0.102129,0.278269
1780913593721,0.367015,0.102129,0.278269
1780913593737,0.367015,0.102129,0.278269
1780913593753,0.366855,0.102011,0.278069
1780913593769,0.367015,0.102129,0.278269
1780913593785,0.366855,0.102011,0.278069
1780913593801,0.367015,0.102129,0.278269
1780913593817,0.366855,0.102011,0.278069
1780913593833,0.367015,0.102129,0.278269
1780913593849,0.367015,0.102129,0.278269
1780913593865,0.367015,0.102129,0.278269
1780913593881,0.367015,0.102129,0.278269
1780913593896,0.366855,0.102011,0.278069
1780913593912,0.366855,0.102011,0.278069
1780913593928,0.366855,0.102011,0.278069
1780913593944,0.366855,0.102011,0.278069
1780913593960,0.366855,0.102011,0.278069
1780913593976,0.366855,0.102011,0.278069
1780913593992,0.366855,0.102011,0.278069
1780913594008,0.366855,0.102011,0.278069
1780913594024,0.367015,0.102129,0.278269
1780913594040,0.367015,0.102129,0.278269
1780913594056,0.366855,0.102011,0.278069
1780913594072,0.366855,0.102011,0.278069
1780913594088,0.366855,0.102011,0.278069
1780913594104,0.367015,0.102129,0.278269
1780913594120,0.366678,0.101889,0.27787
1780913594136,0.366855,0.102011,0.278069
1780913594152,0.366855,0.102011,0.278069
1780913594168,0.367015,0.102129,0.278269
1780913594184,0.366495,0.101765,0.277671
1780913594200,0.366844,0.102069,0.278235
1780913594216,0.367004,0.102186,0.278434
1780913594232,0.366844,0.102069,0.278235
1780913594247,0.367004,0.102186,0.278434
1780913594262,0.366667,0.101948,0.278038
1780913594278,0.367004,0.102186,0.278434
1780913594294,0.366844,0.102069,0.278235
1780913594309,0.367004,0.102186,0.278434
1780913594324,0.366844,0.102069,0.278235
1780913594340,0.366844,0.102069,0.278235
1780913594356,0.366844,0.102069,0.278235
1780913594372,0.366485,0.101825,0.277842
1780913594388,0.366844,0.102069,0.278235
1780913594404,0.367004,0.102186,0.278434
1780913594420,0.367004,0.102186,0.278434
1780913594436,0.366844,0.102069,0.278235
1780913594452,0.367004,0.102186,0.278434
1780913594468,0.366844,0.102069,0.278235
1780913594484,0.366844,0.102069,0.278235
1780913594499,0.366667,0.101948,0.278038
1780913594514,0.366844,0.102069,0.278235
1780913594530,0.366844,0.102069,0.278235
1780913594546,0.367004,0.102186,0.278434
1780913594562,0.367004,0.102186,0.278434
1780913594577,0.366844,0.102069,0.278235
1780913594593,0.367004,0.102186,0.278434
1780913594609,0.366844,0.102069,0.278235
1780913594625,0.367004,0.102186,0.278434
1780913594641,0.366844,0.102069,0.278235
1780913594657,0.366844,0.102069,0.278235
1780913594673,0.367004,0.102186,0.278434
1780913594689,0.366844,0.102069,0.278235
1780913594705,0.366847,0.102128,0.278395
1780913594721,0.367006,0.102245,0.278592
1780913594736,0.36667,0.102008,0.2782
1780913594751,0.366847,0.102128,0.278395
1780913594767,0.366488,0.101885,0.278005
1780913594782,0.367006,0.102245,0.278592
1780913594798,0.36667,0.102008,0.2782
1780913594814,0.366847,0.102128,0.278395
1780913594830,0.367006,0.102245,0.278592
1780913594846,0.367006,0.102245,0.278592
1780913594862,0.36667,0.102008,0.2782
1780913594877,0.366847,0.102128,0.278395
1780913594892,0.367006,0.102245,0.278592
1780913594908,0.36667,0.102008,0.2782
1780913594924,0.367006,0.102245,0.278592
1780913594940,0.367006,0.102245,0.278592
1780913594956,0.366847,0.102128,0.278395
1780913594972,0.367006,0.102245,0.278592
1780913594988,0.366847,0.102128,0.278395
1780913595004,0.366847,0.102128,0.278395
1780913595020,0.366847,0.102128,0.278395
1780913595035,0.367006,0.102245,0.278592
1780913595051,0.36667,0.102008,0.2782
1780913595067,0.36667,0.102008,0.2782
1780913595083,0.36667,0.102008,0.2782
1780913595099,0.367006,0.102245,0.278592
1780913595115,0.367006,0.102245,0.278592
1780913595130,0.367006,0.102245,0.278592
1780913595145,0.366847,0.102128,0.278395
1780913595161,0.366847,0.102128,0.278395
1780913595177,0.367006,0.102245,0.278592
1780913595193,0.366847,0.102128,0.278395
1780913595209,0.367006,0.102245,0.278592
1780913595225,0.367017,0.1023,0.278734
1780913595241,0.366858,0.102184,0.278539
1780913595257,0.366858,0.102184,0.278539
1780913595273,0.366858,0.102184,0.278539
1780913595289,0.366858,0.102184,0.278539
1780913595305,0.366858,0.102184,0.278539
1780913595321,0.367017,0.1023,0.278734
1780913595337,0.367017,0.1023,0.278734
1780913595353,0.366858,0.102184,0.278539
1780913595369,0.366858,0.102184,0.278539
1780913595384,0.366858,0.102184,0.278539
1780913595399,0.366858,0.102184,0.278539
1780913595415,0.367017,0.1023,0.278734
1780913595430,0.366858,0.102184,0.278539
1780913595445,0.366858,0.102184,0.278539
1780913595461,0.366858,0.102184,0.278539
1780913595477,0.366858,0.102184,0.278539
1780913595493,0.367017,0.1023,0.278734
1780913595509,0.367017,0.1023,0.278734
1780913595525,0.367017,0.1023,0.278734
1780913595541,0.367017,0.1023,0.278734
1780913595557,0.367017,0.1023,0.278734
1780913595572,0.367017,0.1023,0.278734
1780913595588,0.366681,0.102064,0.278345
1780913595604,0.366858,0.102184,0.278539
1780913595620,0.367017,0.1023,0.278734
1780913595636,0.367017,0.1023,0.278734
1780913595652,0.366858,0.102184,0.278539
1780913595668,0.366858,0.102184,0.278539
1780913595684,0.367017,0.1023,0.278734
1780913595700,0.366858,0.102184,0.278539
1780913595716,0.367017,0.1023,0.278734
1780913595732,0.367017,0.1023,0.278734
1780913595747,0.366854,0.102254,0.278731
1780913595763,0.367013,0.102369,0.278924
1780913595779,0.366854,0.102254,0.278731
1780913595795,0.367013,0.102369,0.278924
1780913595811,0.367013,0.102369,0.278924
1780913595826,0.366854,0.102254,0.278731
1780913595841,0.367013,0.102369,0.278924
1780913595857,0.366677,0.102134,0.27854
1780913595872,0.366854,0.102254,0.278731
1780913595887,0.366854,0.102254,0.278731
1780913595902,0.366854,0.102254,0.278731
1780913595917,0.366854,0.102254,0.278731
1780913595933,0.366854,0.102254,0.278731
1780913595949,0.366495,0.102014,0.27835
1780913595965,0.366854,0.102254,0.278731
1780913595981,0.367013,0.102369,0.278924
1780913595996,0.367013,0.102369,0.278924
1780913596011,0.366854,0.102254,0.278731
1780913596027,0.366677,0.102134,0.27854
1780913596043,0.367013,0.102369,0.278924
1780913596059,0.366677,0.102134,0.27854
1780913596075,0.366677,0.102134,0.27854
1780913596091,0.366854,0.102254,0.278731
1780913596107,0.367013,0.102369,0.278924
1780913596123,0.367013,0.102369,0.278924
1780913596138,0.367013,0.102369,0.278924
1780913596153,0.366324,0.101895,0.278157
1780913596169,0.367013,0.102369,0.278924
1780913596185,0.367013,0.102369,0.278924
1780913596201,0.366854,0.102254,0.278731
1780913596217,0.367013,0.102369,0.278924
1780913596233,0.367013,0.102369,0.278924
1780913596249,0.366855,0.102318,0.278907
1780913596265,0.366855,0.102318,0.278907
1780913596281,0.366855,0.102318,0.278907
1780913596296,0.366855,0.102318,0.278907
1780913596312,0.366855,0.102318,0.278907
1780913596327,0.366678,0.1022,0.278718
1780913596342,0.367014,0.102433,0.279099
1780913596358,0.367014,0.102433,0.279099
1780913596374,0.367014,0.102433,0.279099
1780913596390,0.366678,0.1022,0.278718
1780913596406,0.366855,0.102318,0.278907
1780913596422,0.367014,0.102433,0.279099
1780913596438,0.367014,0.102433,0.279099
1780913596454,0.366855,0.102318,0.278907
1780913596470,0.367014,0.102433,0.279099
1780913596486,0.366855,0.102318,0.278907
1780913596502,0.366496,0.10208,0.278529
1780913596517,0.366855,0.102318,0.278907
1780913596532,0.366855,0.102318,0.278907
1780913596547,0.367014,0.102433,0.279099
1780913596563,0.366855,0.102318,0.278907
1780913596579,0.366855,0.102318,0.278907
1780913596595,0.367014,0.102433,0.279099
1780913596611,0.367014,0.102433,0.279099
1780913596627,0.367014,0.102433,0.279099
1780913596643,0.366855,0.102318,0.278907
1780913596659,0.367014,0.102433,0.279099
1780913596675,0.367014,0.102433,0.279099
1780913596690,0.367014,0.102433,0.279099
1780913596705,0.366855,0.102318,0.278907
1780913596721,0.367014,0.102433,0.279099
1780913596737,0.367014,0.102433,0.279099
1780913596752,0.366855,0.102318,0.278907
1780913596768,0.366855,0.102318,0.278907
1780913596784,0.366858,0.102404,0.279137
Timestamp(ms),Theta,Beta,FocusRatio
1780913839287,0,0,0
1780913839304,0,0,0
1780913839320,0,0,0
1780913839336,0,0,0
1780913839352,0,0,0
1780913839368,0,0,0
1780913839384,0,0,0
1780913839400,0,0,0
1780913839415,0,0,0
1780913839431,0,0,0
1780913839447,0,0,0
1780913839463,0,0,0
1780913839478,0,0,0
1780913839494,0,0,0
1780913839510,0,0,0
1780913839526,0,0,0
1780913839542,0,0,0
1780913839557,0,0,0
1780913839572,0,0,0
1780913839588,0,0,0
1780913839604,0,0,0
1780913839620,0,0,0
1780913839636,0,0,0
1780913839652,0,0,0
1780913839667,0,0,0
1780913839683,0,0,0
1780913839699,0,0,0
1780913839715,0,0,0
1780913839731,0,0,0
1780913839747,0,0,0
1780913839763,0,0,0
1780913839779,0,0,0
1780913839795,0,0,0
1780913839811,0,0,0
1780913839826,0,0,0
1780913839842,0,0,0
1780913839858,0,0,0
1780913839874,0,0,0
1780913839890,0,0,0
1780913839906,0,0,0
1780913839922,0,0,0
1780913839937,0,0,0
1780913839953,0,0,0
1780913839969,0,0,0
1780913839985,0,0,0
1780913840001,0,0,0
1780913840017,0,0,0
1780913840033,0,0,0
1780913840048,0,0,0
1780913840063,0,0,0
1780913840079,0,0,0
1780913840095,0,0,0
1780913840111,0,0,0
1780913840127,0,0,0
1780913840143,0,0,0
1780913840159,0,0,0
1780913840174,0,0,0
1780913840190,0,0,0
1780913840206,0,0,0
1780913840222,0,0,0
1780913840238,0,0,0
1780913840254,0,0,0
1780913840270,0,0,0
1780913840286,0,0,0
1780913840302,0,0,0
1780913840318,0,0,0
1780913840334,0,0,0
1780913840350,0,0,0
1780913840366,0,0,0
1780913840382,0,0,0
1780913840397,0,0,0
1780913840413,0,0,0
1780913840429,0,0,0
1780913840445,0,0,0
1780913840460,0,0,0
1780913840475,0,0,0
1780913840491,0,0,0
1780913840507,0,0,0
1780913840523,0,0,0
1780913840539,0,0,0
1780913840555,0,0,0
1780913840571,0,0,0
1780913840587,0,0,0
1780913840603,0,0,0
1780913840619,0,0,0
1780913840635,0,0,0
1780913840651,0,0,0
1780913840667,0,0,0
1780913840683,0,0,0
1780913840699,0,0,0
1780913840715,0,0,0
1780913840731,0,0,0
1780913840746,0,0,0
1780913840762,0,0,0
1780913840778,0,0,0
1780913840794,0.30173,0.198215,0.656929
1780913840811,0.292223,0.198315,0.678642
1780913840827,0.360495,0.161611,0.448303
1780913840842,0.360495,0.161611,0.448303
1780913840858,0.358863,0.159601,0.444742
1780913840874,0.358254,0.160679,0.448506
1780913840890,0.35695,0.160103,0.448529
1780913840906,0.35695,0.160103,0.448529
1780913840923,0.35522,0.158652,0.446629
1780913840938,0.354973,0.158528,0.446592
1780913840954,0.355499,0.159426,0.448456
1780913840970,0.355499,0.159426,0.448456
1780913840986,0.355042,0.158556,0.446584
1780913841002,0.356057,0.159658,0.448407
1780913841017,0.356267,0.158415,0.444653
1780913841032,0.355849,0.15891,0.446565
1780913841047,0.355801,0.158897,0.44659
1780913841064,0.356321,0.159795,0.448459
1780913841078,0.355823,0.158912,0.446604
1780913841095,0.356309,0.159795,0.448472
1780913841111,0.356309,0.159795,0.448472
1780913841127,0.343935,0.137521,0.399845
1780913841143,0.343275,0.137127,0.399468
1780913841159,0.343309,0.137141,0.399469
1780913841175,0.343279,0.137129,0.399469
1780913841190,0.343953,0.137529,0.399847
1780913841205,0.343202,0.137097,0.399464
1780913841221,0.342912,0.136841,0.399055
1780913841237,0.343631,0.137395,0.399833
1780913841252,0.342684,0.136883,0.399445
1780913841269,0.343062,0.136903,0.399061
1780913841285,0.343359,0.137161,0.39947
1780913841301,0.344079,0.13758,0.399849
1780913841316,0.344037,0.137562,0.399848
1780913841332,0.343319,0.137145,0.399468
1780913841347,0.343281,0.137129,0.399467
1780913841364,0.327504,0.131757,0.402306
1780913841380,0.327969,0.131875,0.402097
1780913841396,0.327545,0.131772,0.402301
1780913841412,0.327528,0.131765,0.402303
1780913841428,0.327827,0.131823,0.402112
1780913841444,0.327425,0.131783,0.402484
1780913841460,0.327813,0.131818,0.402114
1780913841476,0.327462,0.131741,0.402311
1780913841491,0.327504,0.131756,0.402304
1780913841507,0.327497,0.131754,0.402305
1780913841523,0.327907,0.131852,0.402102
1780913841538,0.327907,0.131852,0.402102
1780913841554,0.327912,0.131854,0.402102
1780913841570,0.327497,0.131755,0.402309
1780913841585,0.327499,0.131756,0.402309
1780913841602,0.327514,0.131761,0.402308
1780913841617,0.323552,0.135826,0.419797
1780913841633,0.323563,0.13583,0.419797
1780913841650,0.32372,0.135987,0.420076
1780913841665,0.323834,0.135841,0.419476
1780913841682,0.323588,0.13584,0.419792
1780913841698,0.323828,0.135837,0.419474
1780913841714,0.323828,0.135837,0.419474
1780913841730,0.323798,0.135825,0.419475
1780913841746,0.323547,0.135823,0.419795
1780913841762,0.323546,0.135823,0.419795
1780913841777,0.323547,0.135824,0.419796
1780913841793,0.323553,0.135827,0.419798
1780913841809,0.323555,0.135828,0.419798
1780913841824,0.323552,0.135826,0.419797
1780913841840,0.3307,0.122879,0.371573
1780913841855,0.33065,0.122861,0.371574
1780913841870,0.330663,0.122866,0.371575
1780913841885,0.330024,0.122726,0.371871
1780913841901,0.330245,0.122804,0.371858
1780913841917,0.330223,0.122795,0.371856
1780913841934,0.330893,0.122952,0.371576
1780913841950,0.330835,0.122927,0.371568
1780913841965,0.330824,0.122927,0.371578
1780913841980,0.330824,0.122927,0.371578
1780913841995,0.330827,0.122932,0.371589
1780913842010,0.330097,0.122755,0.371877
1780913842026,0.330855,0.122943,0.371593
1780913842043,0.33086,0.122945,0.371591
1780913842059,0.330118,0.122763,0.371876
1780913842074,0.330858,0.122944,0.37159
1780913842090,0.330858,0.122944,0.37159
1780913842105,0.330114,0.122761,0.371875
1780913842122,0.330834,0.122933,0.371585
1780913842137,0.329268,0.122636,0.37245
1780913842153,0.330085,0.122749,0.371871
1780913842170,0.330824,0.122929,0.371585
1780913842186,0.330081,0.122747,0.371871
1780913842201,0.330821,0.122928,0.371585
1780913842217,0.32967,0.122689,0.372156
1780913842234,0.33008,0.122747,0.371871
1780913842250,0.329255,0.12263,0.372448
1780913842266,0.330068,0.122742,0.371869
1780913842282,0.32965,0.122681,0.372153
1780913842298,0.330799,0.122919,0.371582
1780913842314,0.330799,0.122919,0.371582
1780913842330,0.330802,0.12292,0.371583
1780913842344,0.329659,0.122685,0.372156
1780913842359,0.330094,0.122753,0.371872
1780913842376,0.301734,0.182133,0.60362
1780913842391,0.301743,0.182137,0.603615
1780913842408,0.302924,0.179976,0.59413
1780913842424,0.301719,0.18212,0.603606
1780913842440,0.302901,0.179962,0.594126
1780913842456,0.30286,0.17994,0.594135
1780913842472,0.30284,0.17993,0.594143
1780913842487,0.30284,0.17993,0.594143
1780913842502,0.301649,0.182084,0.60363
1780913842518,0.302829,0.179927,0.594154
1780913842534,0.301653,0.182089,0.603636
1780913842550,0.302841,0.179935,0.594157
1780913842566,0.301668,0.182098,0.603637
1780913842581,0.30168,0.182105,0.603636
1780913842597,0.301683,0.182107,0.603635
1780913842614,0.301692,0.182111,0.603633
1780913842629,0.301691,0.18211,0.603632
1780913842644,0.302868,0.17995,0.594151
1780913842660,0.300691,0.184442,0.613394
1780913842676,0.301676,0.182101,0.603631
1780913842692,0.301671,0.182098,0.603631
1780913842708,0.302845,0.179936,0.594152
1780913842724,0.301662,0.182093,0.603633
1780913842740,0.301661,0.182092,0.603633
1780913842756,0.30284,0.179934,0.594154
1780913842772,0.30284,0.179934,0.594154
1780913842787,0.302843,0.179935,0.594155
1780913842802,0.302843,0.179936,0.594155
1780913842818,0.302844,0.179936,0.594155
1780913842834,0.302844,0.179936,0.594155
1780913842850,0.302845,0.179936,0.594154
1780913842866,0.301664,0.182095,0.603634
1780913842882,0.235995,0.390203,1.65344
1780913842898,0.235078,0.392648,1.67029
1780913842914,0.235989,0.390193,1.65344
1780913842930,0.235985,0.390186,1.65343
1780913842945,0.236983,0.387843,1.63658
1780913842960,0.236983,0.387843,1.63658
1780913842976,0.236983,0.387841,1.63658
1780913842992,0.235072,0.392634,1.67027
1780913843008,0.236987,0.387846,1.63657
1780913843024,0.23599,0.39019,1.65342
1780913843039,0.236985,0.387844,1.63657
1780913843055,0.236985,0.387844,1.63657
1780913843071,0.236985,0.387844,1.63658
1780913843087,0.236984,0.387842,1.63658
1780913843103,0.236983,0.38784,1.63658
1780913843119,0.235982,0.390178,1.65342
1780913843135,0.236981,0.387837,1.63657
1780913843151,0.236983,0.38784,1.63657
1780913843167,0.235984,0.390181,1.65342
1780913843183,0.236983,0.38784,1.63657
1780913843199,0.236983,0.38784,1.63657
1780913843215,0.236983,0.387841,1.63658
1780913843231,0.236983,0.387841,1.63658
1780913843247,0.236983,0.387841,1.63658
1780913843263,0.236983,0.38784,1.63658
1780913843279,0.236983,0.387841,1.63658
1780913843294,0.236983,0.387841,1.63658
1780913843310,0.236983,0.387842,1.63658
1780913843325,0.235985,0.390182,1.65342
1780913843341,0.236983,0.387841,1.63658
1780913843357,0.236983,0.387842,1.63658
1780913843373,0.235985,0.390184,1.65342
1780913843389,0.235985,0.390184,1.65342
1780913843405,0.213082,0.45947,2.15631
1780913843421,0.213537,0.458557,2.14743
1780913843437,0.213085,0.459476,2.1563
1780913843453,0.213542,0.458565,2.14743
1780913843469,0.213542,0.458565,2.14743
1780913843485,0.213089,0.459483,2.1563
1780913843501,0.213542,0.458566,2.14743
1780913843516,0.213087,0.459479,2.1563
1780913843531,0.213086,0.459478,2.1563
1780913843546,0.212679,0.460478,2.16513
1780913843562,0.213538,0.458558,2.14743
1780913843578,0.212678,0.460476,2.16513
1780913843594,0.213537,0.458557,2.14743
1780913843610,0.213084,0.459474,2.1563
1780913843625,0.213538,0.458557,2.14743
1780913843640,0.213538,0.458558,2.14743
1780913843656,0.213538,0.458559,2.14743
1780913843671,0.213084,0.459475,2.1563
1780913843687,0.213084,0.459474,2.1563
1780913843703,0.213538,0.458559,2.14743
1780913843719,0.213538,0.458559,2.14743
1780913843734,0.213085,0.459476,2.1563
1780913843750,0.213538,0.458559,2.14743
1780913843766,0.213538,0.458558,2.14743
1780913843782,0.213085,0.459475,2.1563
1780913843798,0.213538,0.458558,2.14743
1780913843814,0.213537,0.458557,2.14743
1780913843830,0.213084,0.459473,2.1563
1780913843846,0.213084,0.459473,2.1563
1780913843862,0.213084,0.459474,2.1563
1780913843878,0.213084,0.459474,2.1563
1780913843894,0.213085,0.459475,2.1563
1780913843910,0.212959,0.458825,2.15452
1780913843925,0.21261,0.459455,2.16103
1780913843941,0.212606,0.459451,2.16105
1780913843957,0.212603,0.459448,2.16106
1780913843973,0.212603,0.459447,2.16106
1780913843989,0.21295,0.458814,2.15457
1780913844005,0.212602,0.459447,2.16106
1780913844021,0.212603,0.459448,2.16106
1780913844037,0.212951,0.458816,2.15456
1780913844052,0.212604,0.459449,2.16106
1780913844068,0.212605,0.45945,2.16105
1780913844084,0.212952,0.458817,2.15456
1780913844100,0.212951,0.458816,2.15456
1780913844116,0.212951,0.458816,2.15456
1780913844132,0.212602,0.459446,2.16106
1780913844148,0.212601,0.459444,2.16107
1780913844164,0.212948,0.458811,2.15457
1780913844180,0.212295,0.460165,2.16757
1780913844196,0.212298,0.460169,2.16756
1780913844212,0.212605,0.45945,2.16105
1780913844228,0.212605,0.45945,2.16105
1780913844244,0.212604,0.459449,2.16105
1780913844259,0.212604,0.459449,2.16106
1780913844274,0.212603,0.459448,2.16106
1780913844290,0.21295,0.458815,2.15456
1780913844305,0.21295,0.458815,2.15456
1780913844320,0.211295,0.462227,2.18759
1780913844336,0.212951,0.458816,2.15456
1780913844352,0.212951,0.458816,2.15456
1780913844368,0.212604,0.45945,2.16105
1780913844384,0.212951,0.458816,2.15456
1780913844400,0.212298,0.460168,2.16756
1780913844416,0.212604,0.459449,2.16105
1780913844432,0.212951,0.458816,2.15456
1780913844448,0.212297,0.460168,2.16757
1780913844463,0.213307,0.457289,2.14381
1780913844478,0.213001,0.458026,2.15035
1780913844494,0.213305,0.457287,2.14382
1780913844509,0.21365,0.456633,2.13729
1780913844525,0.213651,0.456634,2.13729
1780913844541,0.213306,0.457289,2.14382
1780913844557,0.213307,0.457291,2.14381
1780913844573,0.213307,0.457291,2.14381
1780913844589,0.213307,0.45729,2.14381
1780913844605,0.213652,0.456636,2.13728
1780913844620,0.213307,0.45729,2.14381
1780913844636,0.213307,0.45729,2.14381
1780913844652,0.213652,0.456635,2.13728
1780913844668,0.213002,0.458028,2.15034
1780913844684,0.213652,0.456635,2.13728
1780913844700,0.213307,0.457289,2.14381
1780913844715,0.213651,0.456635,2.13729
1780913844730,0.213652,0.456635,2.13729
1780913844746,0.213652,0.456635,2.13729
1780913844762,0.213307,0.45729,2.14381
1780913844777,0.213652,0.456636,2.13729
1780913844793,0.213652,0.456635,2.13729
1780913844809,0.213652,0.456635,2.13728
1780913844825,0.213307,0.45729,2.14381
1780913844841,0.213307,0.45729,2.14381
1780913844857,0.213307,0.45729,2.14381
1780913844873,0.213652,0.456635,2.13728
1780913844889,0.213307,0.45729,2.14381
1780913844905,0.213307,0.45729,2.14381
1780913844921,0.213307,0.45729,2.14381
1780913844937,0.216605,0.453679,2.0945
1780913844953,0.216604,0.453678,2.09451
1780913844969,0.216599,0.453671,2.09452
1780913844985,0.216597,0.453668,2.09452
1780913845001,0.216311,0.454258,2.10002
1780913845017,0.216308,0.454252,2.10003
1780913845033,0.216306,0.45425,2.10003
1780913845048,0.216589,0.453655,2.09454
1780913845064,0.216305,0.454248,2.10003
1780913845080,0.216306,0.454249,2.10003
1780913845096,0.216307,0.454252,2.10003
1780913845111,0.216308,0.454254,2.10003
1780913845127,0.21631,0.454256,2.10003
1780913845143,0.216594,0.453663,2.09453
1780913845159,0.216593,0.453661,2.09453
1780913845175,0.216308,0.454253,2.10003
1780913845190,0.216591,0.453658,2.09454
1780913845205,0.216306,0.45425,2.10003
1780913845221,0.216592,0.453659,2.09454
1780913845237,0.216308,0.454253,2.10003
1780913845253,0.216593,0.453661,2.09453
1780913845269,0.216309,0.454254,2.10002
1780913845285,0.216593,0.453661,2.09453
1780913845301,0.216593,0.453661,2.09453
1780913845316,0.216309,0.454254,2.10002
1780913845331,0.216309,0.454253,2.10002
1780913845346,0.216308,0.454253,2.10002
1780913845362,0.216593,0.453661,2.09453
1780913845378,0.215823,0.455605,2.11101
1780913845394,0.216309,0.454254,2.10003
1780913845410,0.216593,0.453661,2.09453
1780913845425,0.216309,0.454254,2.10003
1780913845440,0.216309,0.454254,2.10003
1780913845456,0.216309,0.454254,2.10003
1780913845472,0.224079,0.444149,1.98211
1780913845488,0.224075,0.44414,1.98211
1780913845504,0.224072,0.444133,1.9821
1780913845520,0.223877,0.444679,1.98626
1780913845536,0.224312,0.443674,1.97793
1780913845552,0.22408,0.444149,1.9821
1780913845568,0.224089,0.444167,1.9821
1780913845584,0.223897,0.444718,1.98626
1780913845600,0.22433,0.44371,1.97793
1780913845615,0.22433,0.443711,1.97793
1780913845631,0.224095,0.44418,1.9821
1780913845646,0.224095,0.44418,1.9821
1780913845661,0.224331,0.443711,1.97793
1780913845677,0.224095,0.44418,1.9821
1780913845693,0.224094,0.444177,1.9821
1780913845709,0.224328,0.443704,1.97793
1780913845725,0.224091,0.444172,1.9821
1780913845741,0.22409,0.444169,1.9821
1780913845757,0.224323,0.443697,1.97793
1780913845773,0.224088,0.444167,1.98211
1780913845789,0.224089,0.444167,1.98211
1780913845805,0.22409,0.444171,1.98211
1780913845821,0.224092,0.444173,1.98211
1780913845837,0.224328,0.443706,1.97793
1780913845853,0.224092,0.444173,1.98211
1780913845869,0.224327,0.443703,1.97793
1780913845885,0.224327,0.443704,1.97793
1780913845901,0.224328,0.443705,1.97793
1780913845916,0.223703,0.445265,1.99043
1780913845932,0.224328,0.443705,1.97793
1780913845948,0.224092,0.444173,1.9821
1780913845964,0.224327,0.443703,1.97793
1780913845980,0.23171,0.425073,1.83451
1780913845996,0.231711,0.425077,1.83451
1780913846012,0.231711,0.425078,1.83451
1780913846027,0.231711,0.425078,1.83452
1780913846043,0.231711,0.425079,1.83452
1780913846059,0.231711,0.425078,1.83452
1780913846075,0.23171,0.425078,1.83452
1780913846091,0.231919,0.424758,1.8315
1780913846107,0.231917,0.424756,1.8315
1780913846123,0.231917,0.424755,1.8315
1780913846138,0.231917,0.424755,1.8315
1780913846154,0.231919,0.424758,1.83149
1780913846170,0.23192,0.424759,1.83149
1780913846186,0.231712,0.425079,1.83452
1780913846202,0.231921,0.42476,1.83149
1780913846218,0.231543,0.425466,1.83753
1780913846234,0.231543,0.425467,1.83753
1780913846250,0.231712,0.42508,1.83452
1780913846266,0.231712,0.425081,1.83452
1780913846281,0.231712,0.42508,1.83452
1780913846296,0.231542,0.425466,1.83753
1780913846312,0.231542,0.425466,1.83753
1780913846328,0.23192,0.42476,1.83149
1780913846344,0.23192,0.42476,1.83149
1780913846360,0.231921,0.424761,1.83149
1780913846376,0.231921,0.424761,1.83149
1780913846392,0.231712,0.42508,1.83452
1780913846408,0.23192,0.42476,1.83149
1780913846424,0.231712,0.42508,1.83452
1780913846440,0.231921,0.42476,1.83149
1780913846456,0.231712,0.42508,1.83452
1780913846472,0.231543,0.425467,1.83753
1780913846487,0.239246,0.404437,1.69046
1780913846502,0.239054,0.40476,1.69317
1780913846518,0.239246,0.404436,1.69046
1780913846534,0.239243,0.404431,1.69046
1780913846550,0.239242,0.404428,1.69046
1780913846566,0.239236,0.404418,1.69046
1780913846582,0.239237,0.40442,1.69046
1780913846597,0.239237,0.40442,1.69046
1780913846612,0.239239,0.404424,1.69046
1780913846627,0.239048,0.404749,1.69317
1780913846643,0.239242,0.404429,1.69046
1780913846659,0.239243,0.40443,1.69046
1780913846675,0.238892,0.405131,1.69587
1780913846691,0.239242,0.404428,1.69046
1780913846707,0.239048,0.404748,1.69317
1780913846723,0.23924,0.404425,1.69046
1780913846739,0.238891,0.405128,1.69587
1780913846755,0.239047,0.404746,1.69317
1780913846771,0.239047,0.404745,1.69317
1780913846787,0.239241,0.404426,1.69046
1780913846803,0.239242,0.404429,1.69046
1780913846819,0.238892,0.405131,1.69587
1780913846835,0.239048,0.404748,1.69317
1780913846851,0.238892,0.405131,1.69587
1780913846867,0.239242,0.404428,1.69046
1780913846883,0.239048,0.404748,1.69316
1780913846899,0.239242,0.404428,1.69046
1780913846915,0.239242,0.404428,1.69046
1780913846931,0.239242,0.404428,1.69046
1780913846947,0.238892,0.405131,1.69587
1780913846964,0.239048,0.404748,1.69317
1780913846979,0.239048,0.404748,1.69317
1780913846995,0.239048,0.404748,1.69317
1780913847011,0.24196,0.396458,1.63853
1780913847027,0.242193,0.396054,1.63528
1780913847042,0.242193,0.396055,1.63528
1780913847058,0.241962,0.396461,1.63853
1780913847074,0.242194,0.396055,1.63528
1780913847090,0.242194,0.396056,1.63528
1780913847106,0.242193,0.396055,1.63528
1780913847122,0.241961,0.396461,1.63853
1780913847138,0.242194,0.396055,1.63528
1780913847153,0.241765,0.396924,1.64178
1780913847168,0.24196,0.39646,1.63853
1780913847184,0.24196,0.39646,1.63853
1780913847200,0.242192,0.396052,1.63529
1780913847216,0.241763,0.396921,1.64177
1780913847232,0.241958,0.396455,1.63853
1780913847247,0.241568,0.397388,1.64503
1780913847263,0.242191,0.396051,1.63528
1780913847279,0.24196,0.396458,1.63853
1780913847295,0.24196,0.396459,1.63853
1780913847311,0.241961,0.396459,1.63853
1780913847327,0.242193,0.396054,1.63528
1780913847343,0.242193,0.396054,1.63528
1780913847358,0.242192,0.396053,1.63528
1780913847373,0.241959,0.396457,1.63853
1780913847389,0.241959,0.396457,1.63853
1780913847405,0.242191,0.396051,1.63528
1780913847421,0.241959,0.396456,1.63853
1780913847437,0.241763,0.39692,1.64177
1780913847453,0.241763,0.396921,1.64177
1780913847469,0.241959,0.396457,1.63853
1780913847485,0.241959,0.396457,1.63853
1780913847501,0.241959,0.396458,1.63853
1780913847516,0.24251,0.394732,1.62769
1780913847531,0.242509,0.394731,1.62769
1780913847546,0.242509,0.39473,1.62769
1780913847561,0.242509,0.39473,1.62769
1780913847577,0.242509,0.39473,1.62769
1780913847593,0.242727,0.394319,1.62454
1780913847609,0.242509,0.394729,1.62769
1780913847625,0.242509,0.394729,1.62769
1780913847641,0.242727,0.394319,1.62454
1780913847657,0.242509,0.39473,1.62769
1780913847673,0.242728,0.394321,1.62454
1780913847689,0.242728,0.394321,1.62454
1780913847705,0.242509,0.394731,1.62769
1780913847720,0.242727,0.39432,1.62454
1780913847736,0.242727,0.39432,1.62454
1780913847752,0.242727,0.39432,1.62454
1780913847768,0.242327,0.395196,1.63084
1780913847784,0.242509,0.39473,1.62769
1780913847800,0.242727,0.39432,1.62454
1780913847816,0.242727,0.39432,1.62454
1780913847832,0.242327,0.395197,1.63084
1780913847848,0.242509,0.39473,1.62769
1780913847864,0.242727,0.39432,1.62454
1780913847880,0.242509,0.39473,1.62769
1780913847896,0.242509,0.39473,1.62769
1780913847912,0.242509,0.39473,1.62769
1780913847927,0.242509,0.39473,1.62769
1780913847942,0.242727,0.39432,1.62454
1780913847958,0.242509,0.39473,1.62769
1780913847974,0.242509,0.39473,1.62769
1780913847990,0.242727,0.39432,1.62454
1780913848006,0.242145,0.395666,1.634
1780913848021,0.242509,0.39473,1.62769
1780913848036,0.243742,0.394259,1.61753
1780913848052,0.244295,0.392951,1.60851
1780913848068,0.244087,0.393349,1.61151
1780913848084,0.244086,0.393347,1.61151
1780913848100,0.244294,0.392949,1.60851
1780913848115,0.244291,0.392945,1.60851
1780913848130,0.244084,0.393345,1.61151
1780913848146,0.244295,0.392951,1.60851
1780913848161,0.244086,0.393348,1.61151
1780913848177,0.244293,0.392949,1.60851
1780913848193,0.244293,0.392949,1.60851
1780913848209,0.244085,0.393346,1.61152
1780913848225,0.244294,0.392949,1.60851
1780913848241,0.244294,0.392949,1.60851
1780913848257,0.244294,0.39295,1.60851
1780913848273,0.244293,0.392949,1.60851
1780913848289,0.244293,0.392948,1.60851
1780913848305,0.244293,0.392948,1.60851
1780913848321,0.244085,0.393346,1.61151
1780913848337,0.244293,0.392947,1.60851
1780913848353,0.244293,0.392948,1.60851
1780913848369,0.244293,0.392948,1.60851
1780913848385,0.244085,0.393347,1.61151
1780913848401,0.244292,0.392947,1.60851
1780913848417,0.244292,0.392946,1.60851
1780913848433,0.244293,0.392948,1.60851
1780913848449,0.244293,0.392949,1.60851
1780913848465,0.244085,0.393347,1.61152
1780913848481,0.244293,0.392949,1.60851
1780913848496,0.244294,0.392949,1.60851
1780913848511,0.244085,0.393347,1.61151
1780913848527,0.244293,0.392948,1.60851
1780913848543,0.244084,0.393346,1.61151
1780913848559,0.24505,0.392493,1.60169
1780913848575,0.245052,0.392495,1.60168
1780913848591,0.245052,0.392496,1.60168
1780913848607,0.245051,0.392493,1.60168
1780913848623,0.245268,0.392087,1.5986
1780913848638,0.244863,0.392945,1.60475
1780913848654,0.245264,0.39208,1.5986
1780913848670,0.245264,0.39208,1.5986
1780913848686,0.244685,0.393417,1.60785
1780913848702,0.245268,0.392087,1.5986
1780913848718,0.245268,0.392087,1.5986
1780913848734,0.245269,0.392088,1.5986
1780913848750,0.245051,0.392493,1.60168
1780913848766,0.245051,0.392494,1.60168
1780913848781,0.245053,0.392495,1.60168
1780913848797,0.245269,0.392088,1.5986
1780913848813,0.245052,0.392494,1.60168
1780913848829,0.245269,0.392088,1.5986
1780913848845,0.245052,0.392495,1.60168
1780913848861,0.245269,0.392088,1.59861
1780913848877,0.245269,0.392088,1.59861
1780913848893,0.245268,0.392087,1.5986
1780913848908,0.245268,0.392087,1.5986
1780913848924,0.245268,0.392087,1.5986
1780913848940,0.245052,0.392495,1.60168
1780913848956,0.245053,0.392496,1.60168
1780913848972,0.245269,0.392089,1.5986
1780913848988,0.245269,0.392088,1.5986
1780913849004,0.24487,0.392956,1.60476
1780913849020,0.245269,0.392088,1.5986
1780913849036,0.245052,0.392495,1.60168
1780913849051,0.245052,0.392495,1.60168
1780913849067,0.239798,0.40308,1.68092
1780913849083,0.239798,0.40308,1.68092
1780913849099,0.239447,0.403751,1.68618
1780913849115,0.239798,0.403081,1.68092
1780913849130,0.239798,0.403081,1.68092
1780913849146,0.239447,0.403751,1.68618
1780913849162,0.239447,0.403751,1.68618
1780913849177,0.239798,0.403082,1.68092
1780913849193,0.239447,0.403752,1.68618
1780913849209,0.239446,0.403749,1.68618
1780913849225,0.239445,0.403746,1.68618
1780913849241,0.239794,0.403071,1.68091
1780913849257,0.239794,0.403072,1.68091
1780913849272,0.239795,0.403074,1.68091
1780913849288,0.239795,0.403074,1.68091
1780913849304,0.239797,0.403078,1.68091
1780913849320,0.239798,0.403081,1.68092
1780913849336,0.239447,0.40375,1.68618
1780913849352,0.239797,0.40308,1.68092
1780913849368,0.239797,0.40308,1.68092
1780913849383,0.239793,0.403071,1.68091
1780913849399,0.239445,0.403746,1.68618
1780913849415,0.239799,0.403083,1.68092
1780913849431,0.239449,0.403756,1.68618
1780913849446,0.23913,0.404485,1.69148
1780913849462,0.239802,0.403089,1.68093
1780913849478,0.239801,0.403087,1.68093
1780913849494,0.239801,0.403087,1.68093
1780913849510,0.239448,0.403753,1.68618
1780913849525,0.239798,0.403081,1.68092
1780913849540,0.239798,0.403081,1.68092
1780913849556,0.239446,0.403749,1.68618
1780913849572,0.221139,0.439641,1.98808
1780913849588,0.220765,0.440321,1.99452
1780913849604,0.22112,0.439629,1.98819
1780913849620,0.221122,0.439638,1.98822
1780913849636,0.220445,0.441104,2.00097
1780913849652,0.22114,0.43968,1.98824
1780913849668,0.220788,0.44039,1.99463
1780913849684,0.220816,0.440431,1.99456
1780913849700,0.221175,0.439732,1.98816
1780913849716,0.220502,0.441186,2.00083
1780913849732,0.220824,0.440436,1.99451
1780913849748,0.220824,0.440433,1.9945
1780913849764,0.220822,0.44043,1.9945
1780913849780,0.221175,0.439725,1.98813
1780913849795,0.220817,0.440425,1.99453
1780913849810,0.220816,0.440424,1.99453
1780913849825,0.221169,0.439719,1.98816
1780913849841,0.221168,0.439719,1.98817
1780913849858,0.221167,0.439719,1.98818
1780913849873,0.220812,0.440424,1.99456
1780913849889,0.221167,0.439721,1.98819
1780913849905,0.220813,0.440427,1.99457
1780913849921,0.220815,0.440429,1.99456
1780913849937,0.220815,0.44043,1.99456
1780913849953,0.220817,0.440432,1.99455
1780913849969,0.220817,0.440432,1.99455
1780913849985,0.220495,0.441181,2.00087
1780913850001,0.220817,0.440431,1.99455
1780913850016,0.220817,0.440431,1.99455
1780913850032,0.220816,0.44043,1.99455
1780913850047,0.22117,0.439725,1.98818
1780913850064,0.220816,0.440429,1.99456
1780913850079,0.220816,0.440429,1.99456
1780913850095,0.249496,0.416614,1.66982
1780913850111,0.250074,0.416077,1.66382
1780913850127,0.25007,0.416065,1.66379
1780913850143,0.249483,0.416576,1.66976
1780913850159,0.249483,0.416576,1.66976
1780913850175,0.25068,0.415544,1.65767
1780913850191,0.249484,0.416569,1.66973
1780913850207,0.249485,0.416575,1.66974
1780913850223,0.249485,0.416575,1.66974
1780913850239,0.249486,0.416576,1.66974
1780913850255,0.250069,0.416053,1.66375
1780913850271,0.250069,0.416055,1.66376
1780913850286,0.250069,0.416056,1.66376
1780913850302,0.249487,0.416584,1.66976
1780913850318,0.25007,0.416058,1.66377
1780913850334,0.249487,0.416582,1.66976
1780913850350,0.249486,0.41658,1.66976
1780913850366,0.250067,0.416052,1.66376
1780913850382,0.250066,0.416048,1.66376
1780913850398,0.250681,0.415549,1.65768
1780913850414,0.249483,0.416574,1.66975
1780913850430,0.250066,0.416048,1.66376
1780913850446,0.249483,0.416574,1.66975
1780913850462,0.249483,0.416574,1.66975
1780913850478,0.250065,0.416048,1.66376
1780913850494,0.249483,0.416574,1.66975
1780913850510,0.249483,0.416574,1.66975
1780913850526,0.249483,0.416575,1.66975
1780913850542,0.251305,0.415041,1.65154
1780913850557,0.250066,0.41605,1.66376
1780913850573,0.250681,0.415551,1.65768
1780913850589,0.249484,0.416576,1.66975
1780913850605,0.326326,0.321227,0.984376
1780913850621,0.325852,0.321791,0.987538
1780913850635,0.325852,0.321791,0.987538
1780913850650,0.326327,0.321228,0.984374
1780913850665,0.326329,0.32123,0.984374
1780913850681,0.325857,0.321796,0.987537
1780913850697,0.326332,0.321233,0.984373
1780913850713,0.326333,0.321234,0.984373
1780913850729,0.326334,0.321235,0.984374
1780913850744,0.326334,0.321235,0.984374
1780913850760,0.326334,0.321235,0.984374
1780913850776,0.32586,0.321799,0.987537
1780913850792,0.327312,0.320167,0.978171
1780913850808,0.326332,0.321233,0.984374
1780913850824,0.325858,0.321797,0.987537
1780913850840,0.325859,0.321797,0.987536
1780913850856,0.325859,0.321797,0.987536
1780913850872,0.326333,0.321233,0.984373
1780913850888,0.326333,0.321233,0.984373
1780913850904,0.326333,0.321234,0.984373
1780913850920,0.325861,0.3218,0.987536
1780913850935,0.326335,0.321235,0.984373
1780913850951,0.326334,0.321234,0.984373
1780913850967,0.32586,0.321798,0.987536
1780913850982,0.326333,0.321233,0.984373
1780913850998,0.325861,0.321799,0.987537
1780913851014,0.32586,0.321799,0.987537
1780913851030,0.32586,0.321799,0.987537
1780913851046,0.325859,0.321798,0.987537
1780913851062,0.326332,0.321233,0.984373
1780913851077,0.325859,0.321797,0.987535
1780913851093,0.325859,0.321797,0.987535
1780913851108,0.326333,0.321233,0.984372
1780913851124,0.350692,0.283087,0.807226
1780913851140,0.350692,0.283087,0.807226
1780913851156,0.350684,0.283083,0.807229
1780913851172,0.350684,0.283083,0.807229
1780913851188,0.350693,0.283076,0.807191
1780913851204,0.350693,0.283076,0.807191
1780913851220,0.350679,0.283079,0.807229
1780913851236,0.35068,0.283079,0.807229
1780913851251,0.350694,0.283077,0.807191
1780913851267,0.350695,0.283077,0.80719
1780913851283,0.350696,0.283079,0.80719
1780913851299,0.350731,0.283097,0.807162
1780913851315,0.350684,0.283082,0.807228
1780913851331,0.350697,0.283079,0.80719
1780913851347,0.350684,0.283082,0.807229
1780913851363,0.350696,0.283079,0.807191
1780913851379,0.350683,0.283081,0.807229
1780913851395,0.350696,0.283078,0.80719
1780913851411,0.350682,0.283081,0.807229
1780913851427,0.350681,0.28308,0.80723
1780913851443,0.350694,0.283077,0.807191
1780913851459,0.350681,0.28308,0.80723
1780913851475,0.350695,0.283078,0.807191
1780913851491,0.350682,0.28308,0.807229
1780913851507,0.350695,0.283078,0.807191
1780913851523,0.350682,0.28308,0.807229
1780913851538,0.350682,0.28308,0.807229
1780913851554,0.350695,0.283078,0.807191
1780913851570,0.350682,0.283081,0.807229
1780913851586,0.350682,0.283081,0.807229
1780913851602,0.350695,0.283078,0.807191
1780913851619,0.350728,0.283095,0.807164
1780913851634,0.350682,0.283081,0.807229
1780913851651,0.350938,0.28011,0.798175
1780913851666,0.350939,0.280111,0.798175
1780913851682,0.350916,0.280201,0.798486
1780913851698,0.350916,0.280202,0.798486
1780913851714,0.35094,0.280111,0.798175
1780913851730,0.350917,0.280202,0.798486
1780913851746,0.350941,0.280112,0.798174
1780913851762,0.350914,0.280309,0.798796
1780913851778,0.350916,0.280202,0.798487
1780913851794,0.350916,0.280202,0.798487
1780913851810,0.350916,0.280202,0.798487
1780913851825,0.350939,0.280111,0.798175
1780913851840,0.350915,0.280201,0.798487
1780913851856,0.350914,0.2802,0.798487
1780913851872,0.350938,0.28011,0.798176
1780913851888,0.350914,0.280201,0.798487
1780913851904,0.350915,0.280201,0.798487
1780913851920,0.350939,0.280111,0.798175
1780913851936,0.350915,0.280201,0.798487
1780913851952,0.350939,0.280111,0.798175
1780913851968,0.350939,0.280111,0.798175
1780913851984,0.350915,0.280201,0.798487
1780913852000,0.350939,0.280111,0.798175
1780913852016,0.350939,0.280111,0.798176
1780913852032,0.350939,0.280111,0.798176
1780913852048,0.350915,0.280201,0.798487
1780913852064,0.350915,0.280201,0.798487
1780913852080,0.350939,0.280111,0.798176
1780913852096,0.350915,0.280201,0.798487
1780913852112,0.350939,0.280111,0.798176
1780913852127,0.350915,0.280201,0.798487
1780913852143,0.350915,0.280201,0.798487
1780913852159,0.350567,0.279327,0.796785
1780913852175,0.350538,0.279526,0.79742
1780913852191,0.350568,0.279327,0.796785
1780913852207,0.350568,0.279327,0.796785
1780913852223,0.350568,0.279327,0.796785
1780913852239,0.350538,0.279526,0.79742
1780913852254,0.350568,0.279327,0.796785
1780913852270,0.350542,0.279418,0.797103
1780913852286,0.350568,0.279327,0.796785
1780913852302,0.350569,0.279328,0.796785
1780913852318,0.350543,0.279419,0.797103
1780913852334,0.350539,0.279527,0.79742
1780913852350,0.350567,0.279327,0.796785
1780913852366,0.350567,0.279327,0.796785
1780913852382,0.350541,0.279417,0.797104
1780913852398,0.350541,0.279417,0.797103
1780913852414,0.350566,0.279326,0.796785
1780913852430,0.350567,0.279326,0.796785
1780913852446,0.350541,0.279418,0.797103
1780913852463,0.350542,0.279418,0.797103
1780913852478,0.350542,0.279418,0.797103
1780913852494,0.350568,0.279327,0.796785
1780913852510,0.350542,0.279418,0.797103
1780913852525,0.350542,0.279418,0.797104
1780913852540,0.350568,0.279327,0.796785
1780913852556,0.350567,0.279327,0.796785
1780913852573,0.350567,0.279327,0.796785
1780913852588,0.350541,0.279418,0.797103
1780913852604,0.350542,0.279418,0.797103
1780913852620,0.350567,0.279327,0.796785
1780913852636,0.350542,0.279418,0.797103
1780913852652,0.350567,0.279327,0.796785
1780913852668,0.350283,0.279131,0.796872
1780913852684,0.350282,0.27913,0.796872
1780913852700,0.350279,0.279243,0.797202
1780913852716,0.350305,0.279032,0.79654
1780913852732,0.350281,0.279129,0.796872
1780913852748,0.350282,0.27913,0.796872
1780913852764,0.350306,0.279033,0.79654
1780913852780,0.350306,0.279033,0.79654
1780913852796,0.350306,0.279033,0.79654
1780913852812,0.350306,0.279033,0.79654
1780913852828,0.350306,0.279033,0.79654
1780913852844,0.350306,0.279033,0.79654
1780913852860,0.350306,0.279033,0.79654
1780913852876,0.350306,0.279033,0.79654
1780913852892,0.350282,0.27913,0.796872
1780913852908,0.350306,0.279033,0.79654
1780913852924,0.350306,0.279033,0.79654
1780913852940,0.350283,0.27913,0.796872
1780913852957,0.350283,0.279131,0.796871
1780913852972,0.350307,0.279034,0.79654
1780913852988,0.350284,0.279131,0.796871
1780913853004,0.350307,0.279033,0.79654
1780913853020,0.350307,0.279033,0.79654
1780913853036,0.350282,0.27913,0.796872
1780913853052,0.350305,0.279032,0.79654
1780913853068,0.350305,0.279032,0.79654
1780913853084,0.350282,0.279129,0.796872
1780913853100,0.35028,0.279243,0.797202
1780913853116,0.350282,0.27913,0.796872
1780913853132,0.350306,0.279033,0.79654
1780913853147,0.350306,0.279033,0.79654
1780913853164,0.350306,0.279033,0.79654
1780913853179,0.350306,0.279033,0.79654
1780913853196,0.350092,0.279414,0.798118
1780913853211,0.35009,0.279531,0.798456
1780913853227,0.350093,0.279416,0.798118
1780913853244,0.350093,0.279416,0.798118
1780913853260,0.350093,0.279416,0.798118
1780913853275,0.350118,0.279316,0.797778
1780913853291,0.350118,0.279316,0.797778
1780913853307,0.35009,0.279531,0.798455
1780913853323,0.350093,0.279415,0.798117
1780913853339,0.350092,0.279415,0.798117
1780913853355,0.350092,0.279414,0.798117
1780913853371,0.350092,0.279414,0.798117
1780913853387,0.350092,0.279414,0.798117
1780913853403,0.350092,0.279414,0.798117
1780913853419,0.350116,0.279315,0.797778
1780913853435,0.350092,0.279415,0.798117
1780913853451,0.350117,0.279315,0.797778
1780913853467,0.350092,0.279415,0.798117
1780913853483,0.350117,0.279315,0.797778
1780913853499,0.350092,0.279415,0.798117
1780913853515,0.350117,0.279315,0.797778
1780913853531,0.350092,0.279415,0.798117
1780913853546,0.350092,0.279415,0.798117
1780913853561,0.350089,0.27953,0.798455
1780913853576,0.350116,0.279315,0.797777
1780913853591,0.350116,0.279315,0.797777
1780913853607,0.350116,0.279315,0.797777
1780913853623,0.350117,0.279315,0.797777
1780913853639,0.350117,0.279315,0.797777
1780913853654,0.350087,0.279647,0.798793
1780913853670,0.350117,0.279315,0.797778
1780913853686,0.350117,0.279315,0.797778
1780913853703,0.350277,0.279101,0.796801
1780913853718,0.350284,0.279201,0.797069
1780913853734,0.350292,0.279018,0.796531
1780913853750,0.350277,0.279101,0.796801
1780913853764,0.350276,0.2791,0.796801
1780913853779,0.350275,0.279099,0.796801
1780913853796,0.35029,0.279016,0.79653
1780913853811,0.35029,0.279016,0.79653
1780913853826,0.350275,0.279099,0.7968
1780913853843,0.350276,0.2791,0.7968
1780913853858,0.350294,0.27902,0.79653
1780913853874,0.350296,0.279022,0.796531
1780913853890,0.350282,0.279105,0.796801
1780913853907,0.350284,0.279012,0.796529
1780913853922,0.350275,0.279192,0.797066
1780913853938,0.350283,0.27901,0.796529
1780913853954,0.350271,0.279096,0.796799
1780913853970,0.350273,0.279097,0.7968
1780913853986,0.350271,0.279095,0.796799
1780913854002,0.350285,0.279012,0.796529
1780913854018,0.350292,0.279019,0.796531
1780913854034,0.350292,0.279018,0.796531
1780913854050,0.350292,0.279018,0.796531
1780913854066,0.350291,0.279018,0.796531
1780913854082,0.35029,0.279016,0.796531
1780913854098,0.350289,0.279016,0.796531
1780913854114,0.350276,0.2791,0.796801
1780913854131,0.350292,0.279018,0.79653
1780913854147,0.350277,0.279101,0.796801
1780913854162,0.350283,0.279199,0.797068
1780913854178,0.350276,0.2791,0.7968
1780913854195,0.350276,0.2791,0.7968
1780913854211,0.350647,0.277673,0.791887
1780913854225,0.350637,0.277666,0.791891
1780913854241,0.350641,0.277669,0.791889
1780913854257,0.35058,0.277789,0.792371
1780913854273,0.350643,0.27767,0.791887
1780913854289,0.350643,0.27767,0.791887
1780913854305,0.350644,0.27767,0.791887
1780913854321,0.350647,0.277673,0.791886
1780913854337,0.350649,0.277674,0.791886
1780913854353,0.350593,0.277798,0.792366
1780913854369,0.350648,0.277674,0.791887
1780913854384,0.350553,0.27794,0.79286
1780913854400,0.350647,0.277673,0.791887
1780913854417,0.350647,0.277673,0.791887
1780913854432,0.350645,0.277671,0.791888
1780913854448,0.350592,0.277797,0.792366
1780913854464,0.35065,0.277675,0.791886
1780913854480,0.350649,0.277674,0.791886
1780913854496,0.350648,0.277673,0.791886
1780913854513,0.350591,0.277797,0.792367
1780913854528,0.350648,0.277673,0.791886
1780913854544,0.350649,0.277674,0.791886
1780913854559,0.350648,0.277674,0.791886
1780913854574,0.350591,0.277797,0.792367
1780913854590,0.350553,0.277939,0.792859
1780913854606,0.350591,0.277797,0.792367
1780913854622,0.350591,0.277796,0.792367
1780913854639,0.350647,0.277673,0.791887
1780913854654,0.350647,0.277673,0.791887
1780913854669,0.350647,0.277673,0.791887
1780913854685,0.350647,0.277673,0.791887
1780913854701,0.350647,0.277673,0.791887
1780913854717,0.350591,0.277796,0.792367
1780913854733,0.325935,0.312859,0.959882
1780913854749,0.325935,0.312859,0.959881
1780913854765,0.325935,0.312858,0.959881
1780913854781,0.325935,0.312859,0.959882
1780913854796,0.325935,0.31286,0.959882
1780913854812,0.326432,0.312075,0.956019
1780913854829,0.326431,0.312074,0.956019
1780913854844,0.325934,0.312859,0.959882
1780913854861,0.326431,0.312074,0.956019
1780913854877,0.325934,0.312859,0.959883
1780913854892,0.325451,0.313664,0.963783
1780913854908,0.325934,0.312859,0.959882
1780913854924,0.326431,0.312074,0.956019
1780913854940,0.325935,0.312859,0.959882
1780913854956,0.326431,0.312074,0.956019
1780913854972,0.326431,0.312074,0.956019
1780913854989,0.325451,0.313664,0.963783
1780913855004,0.326431,0.312074,0.956019
1780913855019,0.326431,0.312074,0.956019
1780913855035,0.325934,0.312858,0.959882
1780913855050,0.326431,0.312074,0.956019
1780913855066,0.326431,0.312074,0.956019
1780913855082,0.325934,0.312858,0.959882
1780913855098,0.326431,0.312074,0.956019
1780913855114,0.325934,0.312858,0.959882
1780913855129,0.326431,0.312074,0.956019
1780913855144,0.325934,0.312858,0.959882
1780913855160,0.325451,0.313664,0.963783
1780913855176,0.325934,0.312858,0.959882
1780913855191,0.325934,0.312858,0.959882
1780913855206,0.325934,0.312858,0.959882
1780913855221,0.326431,0.312074,0.956019
1780913855238,0.325934,0.312858,0.959882
1780913855253,0.274818,0.386416,1.40608
1780913855270,0.274818,0.386416,1.40608
1780913855286,0.274375,0.387092,1.41081
1780913855301,0.275275,0.385748,1.40132
1780913855317,0.275275,0.385748,1.40132
1780913855333,0.275275,0.385747,1.40132
1780913855348,0.274818,0.386415,1.40608
1780913855364,0.274818,0.386415,1.40607
1780913855381,0.275276,0.385748,1.40132
1780913855397,0.274376,0.387093,1.41081
1780913855413,0.275276,0.385749,1.40132
1780913855428,0.274376,0.387093,1.41081
1780913855444,0.274818,0.386415,1.40608
1780913855461,0.275275,0.385748,1.40132
1780913855476,0.274818,0.386415,1.40608
1780913855492,0.275275,0.385748,1.40132
1780913855508,0.275276,0.385748,1.40132
1780913855524,0.274819,0.386416,1.40608
1780913855541,0.274818,0.386416,1.40608
1780913855557,0.274818,0.386415,1.40608
1780913855572,0.274375,0.387092,1.41081
1780913855588,0.275275,0.385748,1.40132
1780913855604,0.274376,0.387093,1.41081
1780913855621,0.275276,0.385748,1.40132
1780913855635,0.275276,0.385748,1.40132
1780913855650,0.274818,0.386415,1.40608
1780913855666,0.275275,0.385748,1.40132
1780913855682,0.275275,0.385748,1.40132
1780913855698,0.274818,0.386415,1.40608
1780913855715,0.275276,0.385748,1.40132
1780913855730,0.275276,0.385748,1.40132
1780913855746,0.274818,0.386416,1.40608
1780913855762,0.249607,0.417365,1.67209
1780913855779,0.249607,0.417365,1.67209
1780913855794,0.249449,0.417574,1.67399
1780913855810,0.249606,0.417365,1.67209
1780913855825,0.249449,0.417575,1.67399
1780913855840,0.249607,0.417366,1.67209
1780913855855,0.249449,0.417575,1.67398
1780913855871,0.249607,0.417365,1.67209
1780913855886,0.249448,0.417574,1.67399
1780913855902,0.249606,0.417365,1.6721
1780913855918,0.249606,0.417365,1.6721
1780913855933,0.249606,0.417365,1.67209
1780913855950,0.249606,0.417365,1.67209
1780913855965,0.249606,0.417365,1.67209
1780913855981,0.249449,0.417574,1.67399
1780913855996,0.249449,0.417574,1.67399
1780913856013,0.249606,0.417365,1.67209
1780913856027,0.249449,0.417574,1.67399
1780913856043,0.249302,0.417794,1.67586
1780913856059,0.249606,0.417365,1.67209
1780913856075,0.249449,0.417574,1.67399
1780913856092,0.249449,0.417574,1.67399
1780913856107,0.249449,0.417574,1.67399
1780913856124,0.249449,0.417574,1.67399
1780913856140,0.249302,0.417795,1.67586
1780913856156,0.249449,0.417574,1.67399
1780913856171,0.249449,0.417574,1.67399
1780913856187,0.249607,0.417365,1.67209
1780913856204,0.249607,0.417365,1.67209
1780913856219,0.249449,0.417574,1.67399
1780913856235,0.249449,0.417574,1.67399
1780913856251,0.249449,0.417574,1.67399
1780913856268,0.249449,0.417574,1.67399
1780913856283,0.245699,0.420453,1.71125
1780913856298,0.245699,0.420453,1.71125
1780913856315,0.24565,0.420556,1.71201
1780913856331,0.2457,0.420454,1.71125
1780913856346,0.245651,0.420557,1.71201
1780913856363,0.245611,0.420674,1.71277
1780913856378,0.245651,0.420558,1.71201
1780913856395,0.245701,0.420455,1.71125
1780913856410,0.245701,0.420455,1.71125
1780913856425,0.245651,0.420558,1.71201
1780913856440,0.245701,0.420455,1.71125
1780913856456,0.245651,0.420558,1.71201
1780913856473,0.245651,0.420557,1.71201
1780913856489,0.245651,0.420557,1.71201
1780913856504,0.24565,0.420556,1.71201
1780913856521,0.2457,0.420453,1.71125
1780913856536,0.245699,0.420453,1.71125
1780913856552,0.2457,0.420453,1.71125
1780913856569,0.2457,0.420453,1.71125
1780913856584,0.245651,0.420557,1.71201
1780913856600,0.245651,0.420557,1.71201
1780913856617,0.2457,0.420454,1.71125
1780913856631,0.24561,0.420673,1.71277
1780913856646,0.245651,0.420557,1.71201
1780913856661,0.245651,0.420557,1.71201
1780913856678,0.245651,0.420557,1.71201
1780913856694,0.2457,0.420454,1.71125
1780913856710,0.24565,0.420556,1.71201
1780913856726,0.2457,0.420453,1.71125
1780913856741,0.24565,0.420556,1.71201
1780913856757,0.24565,0.420557,1.71201
1780913856774,0.2457,0.420454,1.71125
1780913856789,0.24561,0.420673,1.71277
1780913856805,0.246948,0.4186,1.69509
1780913856821,0.246947,0.418599,1.6951
1780913856837,0.246947,0.418599,1.6951
1780913856854,0.246911,0.418675,1.69565
1780913856869,0.246945,0.418597,1.6951
1780913856886,0.246946,0.418597,1.6951
1780913856902,0.246885,0.418767,1.6962
1780913856918,0.246946,0.418597,1.6951
1780913856934,0.246946,0.418597,1.6951
1780913856949,0.246911,0.418675,1.69565
1780913856965,0.246911,0.418675,1.69565
1780913856981,0.246911,0.418675,1.69565
1780913856997,0.246946,0.418597,1.6951
1780913857012,0.246911,0.418675,1.69565
1780913857029,0.246911,0.418675,1.69565
1780913857045,0.246912,0.418676,1.69565
1780913857060,0.246946,0.418598,1.6951
1780913857076,0.246947,0.418598,1.6951
1780913857093,0.246912,0.418676,1.69565
Timestamp(ms),Theta,Beta,FocusRatio
Timestamp(ms),Theta,Beta,FocusRatio
1780915308139,0,0,1
1780915308162,0,0,1
1780915308178,0,0,1
1780915308194,0,0,1
1780915308210,0,0,1
1780915308226,0,0,1
1780915308242,0,0,1
1780915308258,0,0,1
1780915308274,0,0,1
1780915308290,0,0,1
1780915308306,0,0,1
1780915308322,0,0,1
1780915308337,0,0,1
1780915308352,0,0,1
1780915308367,0,0,1
1780915308382,0,0,1
1780915308397,0,0,1
1780915308413,0,0,1
1780915308429,0,0,1
1780915308445,0,0,1
1780915308461,0,0,1
1780915308476,0,0,1
1780915308492,0,0,1
1780915308508,0,0,1
1780915308524,0,0,1
1780915308540,0,0,1
1780915308555,0,0,1
1780915308571,0,0,1
1780915308587,0,0,1
1780915308602,0,0,1
1780915308618,0,0,1
1780915308633,0,0,1
1780915308649,0,0,1
1780915308665,0,0,1
1780915308681,0,0,1
1780915308697,0,0,1
1780915308713,0,0,1
1780915308729,0,0,1
1780915308745,0,0,1
1780915308761,0,0,1
1780915308776,0,0,1
1780915308792,0,0,1
1780915308808,0,0,1
1780915308824,0,0,1
1780915308840,0,0,1
1780915308856,0,0,1
1780915308872,0,0,1
1780915308888,0,0,1
1780915308904,0,0,1
1780915308920,0,0,1
1780915308936,0,0,1
1780915308952,0,0,1
1780915308968,0,0,1
1780915308983,0,0,1
1780915308998,0,0,1
1780915309014,0,0,1
1780915309030,0,0,1
1780915309046,0,0,1
1780915309062,0,0,1
1780915309077,0,0,1
1780915309093,0,0,1
1780915309109,0,0,1
1780915309125,0,0,1
1780915309141,0,0,1
1780915309157,0,0,1
1780915309173,0,0,1
1780915309189,0,0,1
1780915309205,0,0,1
1780915309221,0,0,1
1780915309237,0,0,1
1780915309253,0,0,1
1780915309269,0,0,1
1780915309285,0,0,1
1780915309301,0,0,1
1780915309316,0,0,1
1780915309332,0,0,1
1780915309348,0,0,1
1780915309364,0,0,1
1780915309380,0,0,1
1780915309395,0,0,1
1780915309411,0,0,1
1780915309426,0,0,1
1780915309442,0,0,1
1780915309458,0,0,1
1780915309474,0,0,1
1780915309490,0,0,1
1780915309506,0,0,1
1780915309522,0,0,1
1780915309537,0,0,1
1780915309552,0,0,1
1780915309568,0,0,1
1780915309584,0,0,1
1780915309600,0,0,1
1780915309616,0,0,1
1780915309632,0,0,1
1780915309648,0,0,1
1780915309664,0.359277,0.169246,0.104058
1780915309680,0.35848,0.170588,0.10188
1780915309695,0.380228,0.139174,0.151805
1780915309711,0.379347,0.138507,0.152218
1780915309726,0.378838,0.138333,0.152204
1780915309742,0.37792,0.138392,0.151729
1780915309758,0.377398,0.138204,0.151726
1780915309774,0.376346,0.137056,0.152647
1780915309790,0.375584,0.137139,0.152211
1780915309806,0.37549,0.137099,0.152218
1780915309822,0.375472,0.137085,0.152227
1780915309837,0.375566,0.137113,0.152234
1780915309852,0.375671,0.137149,0.152238
1780915309868,0.375916,0.13762,0.151776
1780915309883,0.376047,0.137284,0.15224
1780915309899,0.376256,0.137363,0.152237
1780915309915,0.376329,0.137392,0.152234
1780915309931,0.376405,0.137424,0.152229
1780915309946,0.363188,0.120084,0.167892
1780915309962,0.363265,0.120247,0.16772
1780915309978,0.363149,0.120207,0.167721
1780915309994,0.362653,0.119902,0.167898
1780915310010,0.362892,0.12012,0.167724
1780915310026,0.36254,0.119865,0.167897
1780915310042,0.362536,0.119864,0.167897
1780915310058,0.362823,0.120099,0.167721
1780915310074,0.362597,0.119886,0.167895
1780915310090,0.362638,0.1199,0.167894
1780915310106,0.362937,0.120139,0.167719
1780915310122,0.362722,0.119929,0.167893
1780915310138,0.362735,0.119933,0.167893
1780915310154,0.362994,0.120157,0.167719
1780915310170,0.362454,0.119703,0.168065
1780915310186,0.362707,0.119923,0.167894
1780915310202,0.352719,0.113864,0.171446
1780915310218,0.352705,0.11386,0.171446
1780915310234,0.352696,0.113857,0.171446
1780915310250,0.352755,0.113875,0.171448
1780915310266,0.35269,0.113855,0.171447
1780915310282,0.352763,0.113876,0.171449
1780915310298,0.352715,0.113862,0.171448
1780915310314,0.352678,0.11385,0.171447
1780915310330,0.352804,0.113889,0.17145
1780915310346,0.352692,0.113854,0.171447
1780915310362,0.352813,0.113891,0.17145
1780915310378,0.352754,0.113874,0.171449
1780915310394,0.352812,0.113891,0.17145
1780915310410,0.35275,0.113872,0.171448
1780915310426,0.352809,0.11389,0.17145
1780915310442,0.352806,0.11389,0.17145
1780915310458,0.351747,0.113532,0.17147
1780915310474,0.351747,0.113532,0.17147
1780915310490,0.351744,0.113531,0.171469
1780915310505,0.351745,0.113534,0.171466
1780915310520,0.351748,0.113535,0.171466
1780915310536,0.351749,0.113536,0.171466
1780915310552,0.35175,0.113533,0.171469
1780915310568,0.351755,0.113538,0.171466
1780915310584,0.351756,0.113535,0.17147
1780915310600,0.35176,0.113539,0.171466
1780915310616,0.351759,0.113541,0.171463
1780915310631,0.35176,0.113539,0.171466
1780915310646,0.35176,0.113536,0.17147
1780915310661,0.351759,0.113539,0.171466
1780915310676,0.351759,0.113539,0.171466
1780915310691,0.351757,0.113538,0.171466
1780915310706,0.375858,0.103769,0.192689
1780915310722,0.376275,0.104112,0.192413
1780915310737,0.376277,0.104113,0.192413
1780915310753,0.376277,0.104113,0.192413
1780915310768,0.375863,0.10377,0.192689
1780915310784,0.376279,0.104113,0.192413
1780915310800,0.376279,0.104113,0.192413
1780915310815,0.376074,0.103943,0.192551
1780915310831,0.376279,0.104113,0.192413
1780915310846,0.376279,0.104113,0.192413
1780915310862,0.376279,0.104113,0.192413
1780915310878,0.376279,0.104113,0.192413
1780915310894,0.376074,0.103943,0.192551
1780915310910,0.376278,0.104113,0.192413
1780915310926,0.376278,0.104113,0.192413
1780915310942,0.376074,0.103943,0.192551
1780915310958,0.376278,0.104113,0.192413
1780915310973,0.376074,0.103943,0.192551
1780915310989,0.376279,0.104113,0.192413
1780915311005,0.376074,0.103943,0.192551
1780915311021,0.376074,0.103943,0.192551
1780915311037,0.376279,0.104113,0.192413
1780915311053,0.376074,0.103943,0.192551
1780915311069,0.376279,0.104113,0.192413
1780915311085,0.376074,0.103943,0.192551
1780915311101,0.375643,0.103596,0.192827
1780915311116,0.376074,0.103943,0.192551
1780915311132,0.375863,0.10377,0.192689
1780915311148,0.376074,0.103943,0.192551
1780915311164,0.376074,0.103943,0.192551
1780915311180,0.376074,0.103943,0.192551
1780915311196,0.376279,0.104113,0.192413
1780915311212,0.376074,0.103943,0.192551
1780915311228,0.36953,0.0999464,0.195241
1780915311244,0.36953,0.0999465,0.195241
1780915311260,0.36953,0.0999465,0.195241
1780915311276,0.36971,0.100079,0.195138
1780915311292,0.36971,0.100079,0.195138
1780915311307,0.36953,0.0999464,0.195241
1780915311322,0.36971,0.100079,0.195138
1780915311338,0.369709,0.100079,0.195138
1780915311354,0.36953,0.0999464,0.195241
1780915311370,0.369709,0.100079,0.195138
1780915311386,0.36953,0.0999464,0.195241
1780915311402,0.369709,0.100079,0.195138
1780915311418,0.369345,0.0998123,0.195345
1780915311434,0.369709,0.100079,0.195138
1780915311450,0.36953,0.0999464,0.195241
1780915311466,0.36953,0.0999464,0.195241
1780915311482,0.369709,0.100079,0.195138
1780915311497,0.36971,0.100079,0.195138
1780915311512,0.36953,0.0999465,0.195241
1780915311528,0.36971,0.100079,0.195138
1780915311544,0.369709,0.100079,0.195138
1780915311560,0.369709,0.100079,0.195138
1780915311576,0.369709,0.100079,0.195138
1780915311592,0.36953,0.0999464,0.195241
1780915311608,0.369709,0.100079,0.195138
1780915311624,0.369709,0.100079,0.195138
1780915311640,0.36953,0.0999464,0.195241
1780915311656,0.369153,0.0996765,0.195448
1780915311672,0.36953,0.0999464,0.195241
1780915311688,0.369345,0.0998124,0.195345
1780915311704,0.369709,0.100079,0.195138
1780915311720,0.36953,0.0999464,0.195241
1780915311736,0.36953,0.0999464,0.195241
1780915311752,0.369324,0.0998891,0.195243
1780915311768,0.369324,0.0998891,0.195243
1780915311784,0.369493,0.100018,0.195141
1780915311800,0.369324,0.0998891,0.195243
1780915311815,0.369493,0.100018,0.195141
1780915311830,0.369324,0.0998891,0.195243
1780915311846,0.369149,0.0997581,0.195346
1780915311862,0.369493,0.100018,0.195141
1780915311878,0.369324,0.0998891,0.195243
1780915311894,0.369324,0.0998891,0.195243
1780915311910,0.369493,0.100018,0.195141
1780915311925,0.369493,0.100018,0.195141
1780915311941,0.369493,0.100018,0.195141
1780915311956,0.369493,0.100018,0.195141
1780915311972,0.369493,0.100018,0.195141
1780915311988,0.369324,0.0998891,0.195243
1780915312004,0.369493,0.100018,0.195141
1780915312020,0.369324,0.0998891,0.195243
1780915312036,0.369324,0.0998891,0.195243
1780915312052,0.369493,0.100018,0.195141
1780915312068,0.369493,0.100018,0.195141
1780915312084,0.369324,0.0998891,0.195243
1780915312100,0.369149,0.0997581,0.195346
1780915312115,0.369493,0.100018,0.195141
1780915312131,0.369149,0.0997581,0.195346
1780915312146,0.369493,0.100018,0.195141
1780915312162,0.369493,0.100018,0.195141
1780915312178,0.369324,0.0998891,0.195243
1780915312194,0.369324,0.0998891,0.195243
1780915312210,0.369149,0.0997581,0.195346
1780915312226,0.369493,0.100018,0.195141
1780915312242,0.369497,0.100019,0.195141
1780915312258,0.369328,0.0998898,0.195244
1780915312274,0.369497,0.100019,0.195141
1780915312290,0.369497,0.100019,0.195141
1780915312306,0.369497,0.100019,0.195141
1780915312322,0.369328,0.0998898,0.195244
1780915312338,0.368972,0.0996259,0.19545
1780915312353,0.369497,0.100019,0.195141
1780915312369,0.369328,0.0998898,0.195244
1780915312385,0.369497,0.100019,0.195141
1780915312401,0.369497,0.100019,0.195141
1780915312416,0.369154,0.0997588,0.195347
1780915312432,0.369328,0.0998898,0.195244
1780915312448,0.369154,0.0997588,0.195347
1780915312464,0.369497,0.100019,0.195141
1780915312480,0.369154,0.0997588,0.195347
1780915312495,0.369328,0.0998898,0.195244
1780915312511,0.369328,0.0998898,0.195244
1780915312527,0.369497,0.100019,0.195141
1780915312543,0.369328,0.0998898,0.195244
1780915312559,0.369497,0.100019,0.195141
1780915312575,0.369328,0.0998898,0.195244
1780915312591,0.369497,0.100019,0.195141
1780915312607,0.369328,0.0998898,0.195244
1780915312623,0.369328,0.0998898,0.195244
1780915312639,0.369328,0.0998898,0.195244
1780915312655,0.369154,0.0997588,0.195347
1780915312671,0.369497,0.100019,0.195141
1780915312687,0.369497,0.100019,0.195141
1780915312702,0.369497,0.100019,0.195141
1780915312718,0.369497,0.100019,0.195141
1780915312734,0.369328,0.0998898,0.195244
1780915312750,0.369328,0.0998898,0.195244
1780915312766,0.3695,0.10002,0.195141
1780915312782,0.3695,0.10002,0.195141
1780915312798,0.3695,0.10002,0.195141
1780915312814,0.369332,0.0998904,0.195244
1780915312830,0.369332,0.0998904,0.195244
1780915312846,0.369157,0.0997595,0.195347
1780915312862,0.3695,0.10002,0.195141
1780915312878,0.3695,0.10002,0.195141
1780915312894,0.369332,0.0998904,0.195244
1780915312910,0.3695,0.10002,0.195141
1780915312926,0.3695,0.10002,0.195141
1780915312942,0.369332,0.0998904,0.195244
1780915312958,0.368975,0.0996266,0.195451
1780915312974,0.3695,0.10002,0.195141
1780915312990,0.369332,0.0998904,0.195244
1780915313005,0.3695,0.10002,0.195141
1780915313020,0.3695,0.10002,0.195141
1780915313035,0.369332,0.0998904,0.195244
1780915313050,0.3695,0.10002,0.195141
1780915313066,0.3695,0.10002,0.195141
1780915313082,0.369332,0.0998904,0.195244
1780915313098,0.3695,0.10002,0.195141
1780915313114,0.369332,0.0998904,0.195244
1780915313130,0.3695,0.10002,0.195141
1780915313145,0.369332,0.0998904,0.195244
1780915313160,0.369332,0.0998904,0.195244
1780915313176,0.3695,0.10002,0.195141
1780915313192,0.368975,0.0996266,0.195451
1780915313208,0.369332,0.0998904,0.195244
1780915313224,0.369332,0.0998904,0.195244
1780915313239,0.3695,0.10002,0.195141
1780915313255,0.369332,0.0998904,0.195244
1780915313271,0.369157,0.0997595,0.195347
1780915313287,0.369333,0.0998925,0.195242
1780915313303,0.369158,0.0997616,0.195345
1780915313319,0.369502,0.100022,0.195139
1780915313335,0.369502,0.100022,0.195139
1780915313351,0.369502,0.100022,0.195139
1780915313367,0.369502,0.100022,0.195139
1780915313383,0.369333,0.0998925,0.195242
1780915313399,0.369333,0.0998925,0.195242
1780915313415,0.369502,0.100022,0.195139
1780915313431,0.369502,0.100022,0.195139
1780915313446,0.369502,0.100022,0.195139
1780915313461,0.369333,0.0998925,0.195242
1780915313476,0.369502,0.100022,0.195139
1780915313491,0.369502,0.100022,0.195139
1780915313506,0.369333,0.0998925,0.195242
1780915313522,0.369158,0.0997616,0.195345
1780915313538,0.369502,0.100022,0.195139
1780915313554,0.368977,0.0996287,0.195448
1780915313570,0.369502,0.100022,0.195139
1780915313586,0.369333,0.0998925,0.195242
1780915313602,0.369502,0.100022,0.195139
1780915313618,0.369333,0.0998925,0.195242
1780915313634,0.369158,0.0997616,0.195345
1780915313650,0.369333,0.0998925,0.195242
1780915313666,0.369333,0.0998925,0.195242
1780915313681,0.369502,0.100022,0.195139
1780915313696,0.369158,0.0997616,0.195345
1780915313712,0.369333,0.0998925,0.195242
1780915313728,0.369158,0.0997616,0.195345
1780915313744,0.369502,0.100022,0.195139
1780915313760,0.369333,0.0998925,0.195242
1780915313776,0.369333,0.0998925,0.195242
1780915313792,0.369503,0.100023,0.195138
1780915313808,0.369334,0.0998942,0.19524
1780915313824,0.369334,0.0998942,0.19524
1780915313840,0.369503,0.100023,0.195138
1780915313855,0.369503,0.100023,0.195138
1780915313870,0.369159,0.0997633,0.195343
1780915313886,0.369503,0.100023,0.195138
1780915313903,0.369503,0.100023,0.195138
1780915313918,0.369503,0.100023,0.195138
1780915313934,0.369159,0.0997632,0.195343
1780915313950,0.369334,0.0998942,0.19524
1780915313966,0.369334,0.0998942,0.19524
1780915313982,0.369334,0.0998942,0.19524
1780915313998,0.369334,0.0998942,0.19524
1780915314014,0.369503,0.100023,0.195138
1780915314030,0.369159,0.0997632,0.195343
1780915314045,0.369503,0.100023,0.195138
1780915314061,0.369503,0.100023,0.195138
1780915314076,0.369503,0.100023,0.195138
1780915314092,0.369334,0.0998942,0.19524
1780915314108,0.369503,0.100023,0.195138
1780915314124,0.369503,0.100023,0.195138
1780915314139,0.369503,0.100023,0.195138
1780915314155,0.369334,0.0998942,0.19524
1780915314171,0.369503,0.100023,0.195138
1780915314187,0.369159,0.0997632,0.195343
1780915314203,0.369503,0.100023,0.195138
1780915314218,0.369503,0.100023,0.195138
1780915314234,0.369503,0.100023,0.195138
1780915314250,0.369503,0.100023,0.195138
1780915314266,0.369503,0.100023,0.195138
1780915314282,0.369503,0.100023,0.195138
1780915314298,0.369334,0.0998942,0.19524
1780915314314,0.369502,0.100024,0.195137
1780915314330,0.369334,0.0998947,0.19524
1780915314346,0.369502,0.100024,0.195137
1780915314360,0.369502,0.100024,0.195137
1780915314376,0.369334,0.0998947,0.19524
1780915314392,0.369159,0.0997638,0.195343
1780915314408,0.369502,0.100024,0.195137
1780915314424,0.369502,0.100024,0.195137
1780915314440,0.369334,0.0998947,0.19524
1780915314456,0.369334,0.0998947,0.19524
1780915314472,0.369502,0.100024,0.195137
1780915314488,0.369334,0.0998947,0.19524
1780915314504,0.369334,0.0998947,0.19524
1780915314520,0.369334,0.0998947,0.19524
1780915314536,0.369502,0.100024,0.195137
1780915314552,0.369502,0.100024,0.195137
1780915314567,0.369502,0.100024,0.195137
1780915314582,0.369502,0.100024,0.195137
1780915314598,0.369334,0.0998947,0.19524
1780915314613,0.369334,0.0998947,0.19524
1780915314629,0.369502,0.100024,0.195137
1780915314644,0.369334,0.0998947,0.19524
1780915314660,0.369502,0.100024,0.195137
1780915314676,0.369502,0.100024,0.195137
1780915314692,0.369502,0.100024,0.195137
1780915314708,0.369502,0.100024,0.195137
1780915314724,0.369334,0.0998947,0.19524
1780915314740,0.369502,0.100024,0.195137
1780915314756,0.369502,0.100024,0.195137
1780915314772,0.369502,0.100024,0.195137
1780915314788,0.369159,0.0997638,0.195343
1780915314804,0.369334,0.0998947,0.19524
1780915314820,0.369332,0.0998963,0.195237
1780915314836,0.369501,0.100025,0.195135
1780915314852,0.369158,0.0997654,0.19534
1780915314868,0.369332,0.0998963,0.195237
1780915314883,0.369501,0.100025,0.195135
1780915314899,0.369332,0.0998963,0.195237
1780915314915,0.369332,0.0998963,0.195237
1780915314931,0.369332,0.0998963,0.195237
1780915314946,0.369158,0.0997654,0.19534
1780915314961,0.369501,0.100025,0.195135
1780915314976,0.369501,0.100025,0.195135
1780915314992,0.369332,0.0998963,0.195237
1780915315008,0.369501,0.100025,0.195135
1780915315024,0.369501,0.100025,0.195135
1780915315040,0.369332,0.0998963,0.195237
1780915315056,0.369501,0.100025,0.195135
1780915315072,0.369332,0.0998963,0.195237
1780915315088,0.368976,0.0996326,0.195443
1780915315104,0.369332,0.0998963,0.195237
1780915315120,0.369501,0.100025,0.195135
1780915315136,0.369332,0.0998963,0.195237
1780915315152,0.369501,0.100025,0.195135
1780915315168,0.369332,0.0998963,0.195237
1780915315184,0.369501,0.100025,0.195135
1780915315200,0.369332,0.0998963,0.195237
1780915315216,0.369332,0.0998963,0.195237
1780915315233,0.369501,0.100025,0.195135
1780915315248,0.369501,0.100025,0.195135
1780915315264,0.369501,0.100025,0.195135
1780915315280,0.369332,0.0998963,0.195237
1780915315295,0.369332,0.0998963,0.195237
1780915315311,0.369332,0.0998963,0.195237
1780915315326,0.369501,0.100025,0.195135
1780915315343,0.368792,0.0995011,0.195544
1780915315358,0.3695,0.100027,0.195132
1780915315374,0.3695,0.100027,0.195132
1780915315390,0.369332,0.0998983,0.195234
1780915315406,0.3695,0.100027,0.195132
1780915315422,0.3695,0.100027,0.195132
1780915315438,0.369332,0.0998983,0.195234
1780915315454,0.369332,0.0998983,0.195234
1780915315470,0.369157,0.0997675,0.195337
1780915315487,0.3695,0.100027,0.195132
1780915315502,0.369332,0.0998983,0.195234
1780915315518,0.3695,0.100027,0.195132
1780915315534,0.369157,0.0997675,0.195337
1780915315550,0.369332,0.0998983,0.195234
1780915315566,0.369157,0.0997675,0.195337
1780915315582,0.3695,0.100027,0.195132
1780915315598,0.369332,0.0998983,0.195234
1780915315614,0.369157,0.0997675,0.195337
1780915315630,0.369332,0.0998983,0.195234
1780915315645,0.369332,0.0998983,0.195234
1780915315661,0.3695,0.100027,0.195132
1780915315676,0.369332,0.0998983,0.195234
1780915315691,0.3695,0.100027,0.195132
1780915315706,0.3695,0.100027,0.195132
1780915315722,0.3695,0.100027,0.195132
1780915315738,0.369332,0.0998983,0.195234
1780915315754,0.369332,0.0998983,0.195234
1780915315770,0.369157,0.0997675,0.195337
1780915315786,0.369332,0.0998983,0.195234
1780915315802,0.369332,0.0998983,0.195234
1780915315818,0.369332,0.0998983,0.195234
1780915315834,0.369157,0.0997675,0.195337
1780915315850,0.369334,0.0998987,0.195235
1780915315866,0.369334,0.0998987,0.195235
1780915315882,0.369159,0.0997679,0.195338
1780915315898,0.369334,0.0998987,0.195235
1780915315915,0.369334,0.0998987,0.195235
1780915315930,0.369503,0.100028,0.195132
1780915315946,0.369503,0.100028,0.195132
1780915315962,0.369334,0.0998987,0.195235
1780915315978,0.369159,0.0997679,0.195338
1780915315994,0.369503,0.100028,0.195132
1780915316009,0.369334,0.0998987,0.195235
1780915316024,0.369503,0.100028,0.195132
1780915316039,0.369334,0.0998987,0.195235
1780915316055,0.369503,0.100028,0.195132
1780915316069,0.369334,0.0998987,0.195235
1780915316085,0.369503,0.100028,0.195132
1780915316101,0.369334,0.0998987,0.195235
1780915316116,0.369503,0.100028,0.195132
1780915316132,0.369159,0.0997679,0.195338
1780915316148,0.369503,0.100028,0.195132
1780915316164,0.369503,0.100028,0.195132
1780915316180,0.369334,0.0998987,0.195235
1780915316196,0.369503,0.100028,0.195132
1780915316212,0.369334,0.0998987,0.195235
1780915316228,0.369334,0.0998987,0.195235
1780915316244,0.369334,0.0998987,0.195235
1780915316259,0.369159,0.0997679,0.195338
1780915316274,0.369503,0.100028,0.195132
1780915316289,0.369334,0.0998987,0.195235
1780915316304,0.369503,0.100028,0.195132
1780915316319,0.369503,0.100028,0.195132
1780915316335,0.369334,0.0998987,0.195235
1780915316351,0.369503,0.100028,0.195132
1780915316367,0.369503,0.100028,0.195132
1780915316383,0.369336,0.0998992,0.195235
1780915316399,0.369336,0.0998992,0.195235
1780915316416,0.369336,0.0998992,0.195235
1780915316431,0.369336,0.0998992,0.195235
1780915316446,0.369336,0.0998992,0.195235
1780915316461,0.369336,0.0998992,0.195235
1780915316476,0.369336,0.0998992,0.195235
1780915316492,0.369504,0.100028,0.195132
1780915316508,0.369336,0.0998992,0.195235
1780915316524,0.369504,0.100028,0.195132
1780915316540,0.369504,0.100028,0.195132
1780915316556,0.369336,0.0998992,0.195235
1780915316572,0.369336,0.0998992,0.195235
1780915316588,0.369504,0.100028,0.195132
1780915316604,0.369336,0.0998992,0.195235
1780915316620,0.369504,0.100028,0.195132
1780915316635,0.369504,0.100028,0.195132
1780915316651,0.369504,0.100028,0.195132
1780915316667,0.369336,0.0998992,0.195235
1780915316683,0.369504,0.100028,0.195132
1780915316699,0.369504,0.100028,0.195132
1780915316715,0.369504,0.100028,0.195132
1780915316731,0.369504,0.100028,0.195132
1780915316746,0.369504,0.100028,0.195132
1780915316762,0.369504,0.100028,0.195132
1780915316777,0.369336,0.0998992,0.195235
1780915316793,0.369336,0.0998992,0.195235
1780915316809,0.369336,0.0998992,0.195235
1780915316826,0.369504,0.100028,0.195132
1780915316841,0.369336,0.0998992,0.195235
1780915316857,0.369336,0.0998992,0.195235
1780915316873,0.369336,0.0998992,0.195235
1780915316889,0.369505,0.100029,0.195131
1780915316905,0.369505,0.100029,0.195131
1780915316920,0.369162,0.099769,0.195337
1780915316935,0.369505,0.100029,0.195131
1780915316950,0.369162,0.099769,0.195337
1780915316966,0.369336,0.0998998,0.195234
1780915316982,0.369505,0.100029,0.195131
1780915316998,0.369336,0.0998998,0.195234
1780915317014,0.369336,0.0998998,0.195234
1780915317030,0.369336,0.0998998,0.195234
1780915317045,0.369336,0.0998998,0.195234
1780915317060,0.369336,0.0998998,0.195234
1780915317076,0.369336,0.0998998,0.195234
1780915317092,0.369505,0.100029,0.195131
1780915317108,0.369505,0.100029,0.195131
1780915317124,0.369336,0.0998998,0.195234
1780915317141,0.369505,0.100029,0.195131
1780915317156,0.369336,0.0998998,0.195234
1780915317172,0.369505,0.100029,0.195131
1780915317189,0.369505,0.100029,0.195131
1780915317205,0.369336,0.0998998,0.195234
1780915317220,0.369336,0.0998998,0.195234
1780915317236,0.369336,0.0998998,0.195234
1780915317252,0.369505,0.100029,0.195131
1780915317269,0.369162,0.099769,0.195337
1780915317284,0.369336,0.0998998,0.195234
1780915317301,0.369162,0.099769,0.195337
1780915317316,0.369336,0.0998998,0.195234
1780915317333,0.369505,0.100029,0.195131
1780915317349,0.369505,0.100029,0.195131
1780915317364,0.369162,0.099769,0.195337
1780915317380,0.369336,0.0998998,0.195234
1780915317396,0.369507,0.100028,0.195134
1780915317411,0.369338,0.0998986,0.195236
1780915317428,0.369338,0.0998986,0.195236
1780915317443,0.369507,0.100028,0.195134
1780915317459,0.369507,0.100028,0.195134
1780915317475,0.369164,0.0997677,0.195339
1780915317491,0.369338,0.0998986,0.195236
1780915317508,0.369164,0.0997677,0.195339
1780915317522,0.369507,0.100028,0.195134
1780915317539,0.369338,0.0998986,0.195236
1780915317554,0.369507,0.100028,0.195134
1780915317570,0.369338,0.0998986,0.195236
1780915317586,0.369507,0.100028,0.195134
1780915317602,0.369507,0.100028,0.195134
1780915317618,0.369507,0.100028,0.195134
1780915317634,0.369338,0.0998986,0.195236
1780915317650,0.369338,0.0998986,0.195236
1780915317666,0.369507,0.100028,0.195134
1780915317683,0.369507,0.100028,0.195134
1780915317698,0.369338,0.0998986,0.195236
1780915317715,0.369507,0.100028,0.195134
1780915317730,0.369338,0.0998986,0.195236
1780915317746,0.369338,0.0998986,0.195236
1780915317760,0.369507,0.100028,0.195134
1780915317776,0.369164,0.0997677,0.195339
1780915317791,0.369338,0.0998986,0.195236
1780915317807,0.369507,0.100028,0.195134
1780915317823,0.369507,0.100028,0.195134
1780915317839,0.368982,0.0996349,0.195443
1780915317856,0.369507,0.100028,0.195134
1780915317871,0.369507,0.100028,0.195134
1780915317887,0.369338,0.0998986,0.195236
1780915317904,0.369164,0.0997677,0.195339
1780915317919,0.369508,0.100027,0.195134
1780915317936,0.369508,0.100027,0.195134
1780915317952,0.369339,0.0998983,0.195237
1780915317968,0.369508,0.100027,0.195134
1780915317984,0.369508,0.100027,0.195134
1780915318000,0.369508,0.100027,0.195134
1780915318016,0.369508,0.100027,0.195134
1780915318031,0.369339,0.0998983,0.195237
1780915318047,0.369339,0.0998983,0.195237
1780915318063,0.369508,0.100027,0.195134
1780915318079,0.369508,0.100027,0.195134
1780915318094,0.369339,0.0998983,0.195237
1780915318109,0.369508,0.100027,0.195134
1780915318125,0.369508,0.100027,0.195134
1780915318142,0.369339,0.0998983,0.195237
1780915318158,0.369508,0.100027,0.195134
1780915318173,0.369339,0.0998983,0.195237
1780915318189,0.369339,0.0998983,0.195237
1780915318206,0.369508,0.100027,0.195134
1780915318222,0.369508,0.100027,0.195134
1780915318237,0.369339,0.0998983,0.195237
1780915318253,0.369339,0.0998983,0.195237
1780915318269,0.369339,0.0998983,0.195237
Timestamp(ms),Theta,Beta,FocusRatio
1780915713514,0,0,1
1780915713529,0,0,1
1780915713544,0,0,1
1780915713560,0,0,1
1780915713576,0,0,1
1780915713592,0,0,1
1780915713608,0,0,1
1780915713624,0,0,1
1780915713640,0,0,1
1780915713655,0,0,1
1780915713671,0,0,1
1780915713687,0,0,1
1780915713703,0,0,1
1780915713719,0,0,1
1780915713735,0,0,1
1780915713751,0,0,1
1780915713767,0,0,1
1780915713782,0,0,1
1780915713798,0,0,1
1780915713814,0,0,1
1780915713829,0,0,1
1780915713844,0,0,1
1780915713860,0,0,1
1780915713876,0,0,1
1780915713892,0,0,1
1780915713907,0,0,1
1780915713923,0,0,1
1780915713939,0,0,1
1780915713955,0,0,1
1780915713971,0,0,1
1780915713987,0,0,1
1780915714003,0,0,1
1780915714019,0,0,1
1780915714035,0,0,1
1780915714051,0,0,1
1780915714067,0,0,1
1780915714083,0,0,1
1780915714099,0,0,1
1780915714115,0,0,1
1780915714131,0,0,1
1780915714146,0,0,1
1780915714162,0,0,1
1780915714178,0,0,1
1780915714194,0,0,1
1780915714210,0,0,1
1780915714226,0,0,1
1780915714242,0,0,1
1780915714258,0,0,1
1780915714274,0,0,1
1780915714290,0,0,1
1780915714306,0,0,1
1780915714322,0,0,1
1780915714338,0,0,1
1780915714354,0,0,1
1780915714370,0,0,1
1780915714386,0,0,1
1780915714401,0,0,1
1780915714416,0,0,1
1780915714432,0,0,1
1780915714448,0,0,1
1780915714464,0,0,1
1780915714480,0,0,1
1780915714495,0,0,1
1780915714511,0,0,1
1780915714527,0,0,1
1780915714543,0,0,1
1780915714559,0,0,1
1780915714575,0,0,1
1780915714591,0,0,1
1780915714607,0,0,1
1780915714623,0,0,1
1780915714639,0,0,1
1780915714655,0,0,1
1780915714670,0,0,1
1780915714686,0,0,1
1780915714702,0,0,1
1780915714718,0,0,1
1780915714734,0,0,1
1780915714750,0,0,1
1780915714766,0,0,1
1780915714782,0,0,1
1780915714798,0,0,1
1780915714813,0,0,1
1780915714829,0,0,1
1780915714845,0,0,1
1780915714861,0,0,1
1780915714876,0,0,1
1780915714891,0,0,1
1780915714907,0,0,1
1780915714923,0,0,1
1780915714938,0,0,1
1780915714954,0,0,1
1780915714970,0,0,1
1780915714985,0,0,1
1780915715001,0.335317,0.158272,0.103634
1780915715016,0.335971,0.1586,0.103607
1780915715031,0.341718,0.159099,0.106553
1780915715046,0.37903,0.138634,0.151927
1780915715061,0.37903,0.138634,0.151927
1780915715076,0.377825,0.137812,0.152386
1780915715092,0.377051,0.137538,0.152377
1780915715108,0.376566,0.137362,0.152375
1780915715124,0.375937,0.137131,0.152377
1780915715140,0.375216,0.137299,0.151855
1780915715155,0.375407,0.136487,0.152923
1780915715170,0.374735,0.137108,0.151873
1780915715186,0.37499,0.136757,0.152411
1780915715202,0.37559,0.136529,0.152952
1780915715218,0.374997,0.137186,0.151894
1780915715234,0.375465,0.13692,0.152424
1780915715250,0.375418,0.137341,0.151893
1780915715266,0.375418,0.137341,0.151893
1780915715282,0.375536,0.137388,0.151889
1780915715298,0.375552,0.137395,0.151887
1780915715313,0.364682,0.120529,0.167953
1780915715328,0.364485,0.120462,0.167955
1780915715344,0.364412,0.120438,0.167955
1780915715360,0.364412,0.120438,0.167955
1780915715376,0.364325,0.120409,0.167956
1780915715392,0.364154,0.120021,0.168369
1780915715408,0.364333,0.120413,0.167954
1780915715424,0.364241,0.120052,0.168366
1780915715440,0.364388,0.120432,0.167953
1780915715456,0.36429,0.120068,0.168366
1780915715472,0.36453,0.12048,0.167951
1780915715488,0.364541,0.120483,0.167951
1780915715504,0.364462,0.120292,0.168158
1780915715520,0.36446,0.120291,0.168158
1780915715536,0.364535,0.120481,0.167952
1780915715552,0.354572,0.114248,0.171721
1780915715568,0.354572,0.114248,0.171721
1780915715584,0.354629,0.114246,0.171747
1780915715600,0.354554,0.114242,0.171721
1780915715616,0.354638,0.114249,0.171748
1780915715632,0.354744,0.114259,0.171778
1780915715648,0.354667,0.114257,0.171748
1780915715664,0.354685,0.114263,0.171749
1780915715680,0.354702,0.114268,0.171749
1780915715696,0.354726,0.114276,0.171749
1780915715711,0.354834,0.114287,0.171779
1780915715727,0.354672,0.114278,0.171724
1780915715743,0.35475,0.114283,0.171749
1780915715759,0.354677,0.114279,0.171724
1780915715775,0.354677,0.114279,0.171724
1780915715791,0.354847,0.114292,0.171778
1780915715807,0.354758,0.114286,0.171749
1780915715823,0.353895,0.113976,0.17179
1780915715839,0.353752,0.113951,0.171763
1780915715855,0.353755,0.113952,0.171763
1780915715871,0.353762,0.113954,0.171763
1780915715887,0.353628,0.113929,0.17174
1780915715903,0.353642,0.113933,0.17174
1780915715919,0.353784,0.113962,0.171763
1780915715935,0.353792,0.113964,0.171763
1780915715951,0.353797,0.113966,0.171763
1780915715967,0.353673,0.113943,0.171741
1780915715983,0.353682,0.113946,0.171741
1780915715999,0.353823,0.113974,0.171763
1780915716015,0.353828,0.113976,0.171763
1780915716031,0.353975,0.114003,0.171789
1780915716046,0.353837,0.113979,0.171763
1780915716062,0.379483,0.10459,0.192904
1780915716077,0.379527,0.104729,0.192752
1780915716093,0.379571,0.104866,0.192603
1780915716109,0.379572,0.104866,0.192603
1780915716125,0.379572,0.104866,0.192603
1780915716140,0.379572,0.104866,0.192603
1780915716156,0.379572,0.104866,0.192603
1780915716172,0.379572,0.104866,0.192603
1780915716188,0.379572,0.104866,0.192603
1780915716204,0.379571,0.104865,0.192603
1780915716220,0.37952,0.104726,0.192753
1780915716236,0.379569,0.104864,0.192604
1780915716252,0.379466,0.104585,0.192904
1780915716268,0.379567,0.104864,0.192604
1780915716284,0.379513,0.104724,0.192753
1780915716300,0.379512,0.104724,0.192753
1780915716316,0.379563,0.104862,0.192604
1780915716332,0.379509,0.104723,0.192753
1780915716348,0.379508,0.104722,0.192753
1780915716364,0.379451,0.104581,0.192904
1780915716380,0.37956,0.104861,0.192604
1780915716396,0.37956,0.104861,0.192604
1780915716412,0.379559,0.104861,0.192605
1780915716428,0.379558,0.10486,0.192605
1780915716444,0.3795,0.10472,0.192754
1780915716460,0.37944,0.104578,0.192904
1780915716476,0.379437,0.104577,0.192904
1780915716492,0.379553,0.104858,0.192605
1780915716508,0.379493,0.104718,0.192754
1780915716524,0.379492,0.104718,0.192754
1780915716540,0.37955,0.104858,0.192605
1780915716556,0.379489,0.104717,0.192754
1780915716572,0.373018,0.100798,0.195353
1780915716588,0.372889,0.100577,0.19558
1780915716603,0.373016,0.100797,0.195353
1780915716619,0.372951,0.100687,0.195466
1780915716635,0.373013,0.100796,0.195354
1780915716651,0.372882,0.100575,0.19558
1780915716667,0.372946,0.100686,0.195466
1780915716683,0.373011,0.100796,0.195354
1780915716699,0.373009,0.100795,0.195354
1780915716715,0.372874,0.100573,0.19558
1780915716731,0.373008,0.100795,0.195354
1780915716746,0.37294,0.100684,0.195466
1780915716761,0.373005,0.100794,0.195354
1780915716777,0.372935,0.100683,0.195466
1780915716793,0.373003,0.100793,0.195354
1780915716809,0.372932,0.100682,0.195466
1780915716825,0.372861,0.100569,0.19558
1780915716841,0.372929,0.100681,0.195467
1780915716857,0.372929,0.100681,0.195467
1780915716873,0.372997,0.100791,0.195355
1780915716889,0.372926,0.10068,0.195467
1780915716905,0.372996,0.100791,0.195355
1780915716921,0.372923,0.100679,0.195467
1780915716937,0.372921,0.100679,0.195467
1780915716953,0.372992,0.100789,0.195355
1780915716969,0.372992,0.100789,0.195355
1780915716985,0.372845,0.100565,0.19558
1780915717001,0.372841,0.100564,0.19558
1780915717017,0.372988,0.100788,0.195355
1780915717033,0.372838,0.100563,0.19558
1780915717049,0.372985,0.100787,0.195355
1780915717065,0.372984,0.100787,0.195356
1780915717080,0.372759,0.100724,0.195358
1780915717095,0.372693,0.100615,0.195469
1780915717111,0.372756,0.100724,0.195358
1780915717127,0.372622,0.100504,0.195582
1780915717143,0.372755,0.100723,0.195358
1780915717159,0.372687,0.100614,0.195469
1780915717174,0.372752,0.100722,0.195358
1780915717190,0.372685,0.100613,0.195469
1780915717206,0.372751,0.100722,0.195358
1780915717222,0.37275,0.100722,0.195358
1780915717238,0.372681,0.100612,0.195469
1780915717254,0.37261,0.100501,0.195582
1780915717270,0.372747,0.100721,0.195358
1780915717286,0.372747,0.100721,0.195358
1780915717302,0.372674,0.10061,0.195469
1780915717318,0.372673,0.10061,0.195469
1780915717333,0.372673,0.100609,0.195469
1780915717348,0.372741,0.100719,0.195359
1780915717364,0.372598,0.100497,0.195582
1780915717380,0.372669,0.100608,0.195469
1780915717396,0.372594,0.100496,0.195582
1780915717412,0.372738,0.100718,0.195359
1780915717427,0.372737,0.100718,0.195359
1780915717443,0.372591,0.100495,0.195582
1780915717459,0.372734,0.100717,0.195359
1780915717475,0.372661,0.100606,0.19547
1780915717491,0.372733,0.100716,0.195359
1780915717507,0.372659,0.100605,0.19547
1780915717523,0.372732,0.100716,0.195359
1780915717539,0.372582,0.100493,0.195582
1780915717555,0.372656,0.100605,0.19547
1780915717571,0.372578,0.100492,0.195582
1780915717587,0.372575,0.100491,0.195582
1780915717603,0.372649,0.100604,0.195468
1780915717619,0.372724,0.100715,0.195358
1780915717635,0.372647,0.100604,0.195468
1780915717650,0.372568,0.100491,0.19558
1780915717665,0.372721,0.100714,0.195358
1780915717681,0.372719,0.100713,0.195358
1780915717697,0.372642,0.100602,0.195468
1780915717713,0.372562,0.100489,0.19558
1780915717729,0.37264,0.100602,0.195468
1780915717745,0.372559,0.100488,0.19558
1780915717761,0.372716,0.100712,0.195358
1780915717776,0.372556,0.100487,0.19558
1780915717791,0.372714,0.100712,0.195358
1780915717807,0.372634,0.1006,0.195468
1780915717823,0.372712,0.100711,0.195358
1780915717839,0.372551,0.100486,0.19558
1780915717855,0.372711,0.100711,0.195358
1780915717871,0.37263,0.100599,0.195468
1780915717887,0.372708,0.10071,0.195359
1780915717903,0.372627,0.100598,0.195469
1780915717919,0.372543,0.100484,0.19558
1780915717935,0.372705,0.100709,0.195359
1780915717951,0.372623,0.100597,0.195469
1780915717967,0.372703,0.100708,0.195359
1780915717983,0.372702,0.100708,0.195359
1780915717999,0.372702,0.100708,0.195359
1780915718014,0.372619,0.100595,0.195469
1780915718029,0.372618,0.100595,0.195469
1780915718044,0.372617,0.100595,0.195469
1780915718060,0.372699,0.100707,0.195359
1780915718076,0.372615,0.100594,0.195469
1780915718092,0.372614,0.100594,0.195469
1780915718108,0.372613,0.100594,0.195469
1780915718124,0.37261,0.100595,0.195466
1780915718140,0.37261,0.100595,0.195466
1780915718156,0.372693,0.100707,0.195357
1780915718172,0.372693,0.100707,0.195357
1780915718188,0.372605,0.100594,0.195466
1780915718204,0.372689,0.100706,0.195357
1780915718220,0.372689,0.100706,0.195357
1780915718236,0.372688,0.100706,0.195357
1780915718252,0.372601,0.100593,0.195466
1780915718268,0.372686,0.100705,0.195357
1780915718284,0.372511,0.100477,0.195577
1780915718300,0.372685,0.100705,0.195357
1780915718316,0.372597,0.100591,0.195467
1780915718332,0.372683,0.100704,0.195357
1780915718348,0.372506,0.100476,0.195577
1780915718363,0.372594,0.10059,0.195467
1780915718379,0.372681,0.100704,0.195357
1780915718395,0.37268,0.100703,0.195357
1780915718411,0.37268,0.100703,0.195357
1780915718426,0.37259,0.100589,0.195467
1780915718441,0.372678,0.100703,0.195357
1780915718457,0.372587,0.100588,0.195467
1780915718472,0.372675,0.100702,0.195358
1780915718488,0.372494,0.100473,0.195577
1780915718504,0.372492,0.100472,0.195577
1780915718520,0.372673,0.100701,0.195358
1780915718536,0.37249,0.100472,0.195577
1780915718552,0.372672,0.100701,0.195358
1780915718568,0.372581,0.100587,0.195467
1780915718584,0.37258,0.100586,0.195467
1780915718599,0.372486,0.10047,0.195577
1780915718614,0.372578,0.100586,0.195467
1780915718629,0.372482,0.100472,0.195575
1780915718644,0.372575,0.100587,0.195464
1780915718660,0.372574,0.100587,0.195464
1780915718676,0.372665,0.100701,0.195355
1780915718692,0.372665,0.100701,0.195355
1780915718708,0.372571,0.100586,0.195464
1780915718724,0.372662,0.1007,0.195355
1780915718740,0.372569,0.100586,0.195464
1780915718756,0.372473,0.100469,0.195575
1780915718772,0.37266,0.1007,0.195355
1780915718788,0.372567,0.100585,0.195464
1780915718804,0.372565,0.100584,0.195464
1780915718820,0.372564,0.100584,0.195464
1780915718836,0.372563,0.100584,0.195464
1780915718852,0.372562,0.100584,0.195464
1780915718868,0.372656,0.100698,0.195356
1780915718883,0.372655,0.100698,0.195356
1780915718899,0.372559,0.100583,0.195465
1780915718914,0.372558,0.100583,0.195465
1780915718929,0.372558,0.100582,0.195465
1780915718944,0.372652,0.100697,0.195356
1780915718960,0.372243,0.100225,0.195798
1780915718976,0.372555,0.100582,0.195465
1780915718992,0.37265,0.100696,0.195356
1780915719008,0.372649,0.100696,0.195356
1780915719024,0.372649,0.100696,0.195356
1780915719040,0.372454,0.100464,0.195575
1780915719056,0.372647,0.100695,0.195356
1780915719072,0.37245,0.100463,0.195575
1780915719088,0.372645,0.100695,0.195356
1780915719104,0.372645,0.100695,0.195356
1780915719120,0.372548,0.100579,0.195465
1780915719136,0.372545,0.100581,0.195462
1780915719152,0.372544,0.100581,0.195462
1780915719168,0.372642,0.100696,0.195353
1780915719184,0.372443,0.100464,0.195572
1780915719200,0.372441,0.100463,0.195572
1780915719216,0.372639,0.100695,0.195354
1780915719232,0.372639,0.100695,0.195354
1780915719248,0.372539,0.10058,0.195462
1780915719263,0.372638,0.100695,0.195354
1780915719279,0.372637,0.100695,0.195354
1780915719295,0.372537,0.100579,0.195462
1780915719311,0.372434,0.100461,0.195572
1780915719326,0.372535,0.100578,0.195462
1780915719342,0.372634,0.100694,0.195354
1780915719358,0.372533,0.100578,0.195462
1780915719374,0.372633,0.100694,0.195354
1780915719390,0.372632,0.100693,0.195354
1780915719405,0.372428,0.100459,0.195572
1780915719420,0.372631,0.100693,0.195354
1780915719436,0.372529,0.100577,0.195462
1780915719452,0.372629,0.100692,0.195354
1780915719468,0.372424,0.100458,0.195572
1780915719484,0.372628,0.100692,0.195354
1780915719500,0.372628,0.100692,0.195354
1780915719516,0.372527,0.100576,0.195462
1780915719532,0.372627,0.100691,0.195354
1780915719547,0.37242,0.100457,0.195572
1780915719563,0.372523,0.100575,0.195462
1780915719579,0.372308,0.100337,0.195682
1780915719595,0.372522,0.100574,0.195462
1780915719611,0.37252,0.100574,0.195462
1780915719626,0.372623,0.10069,0.195354
1780915719642,0.372519,0.100574,0.195462
1780915719658,0.372508,0.100603,0.195423
1780915719674,0.372507,0.100603,0.195423
1780915719690,0.3724,0.100486,0.195531
1780915719706,0.372505,0.100602,0.195423
1780915719721,0.372505,0.100602,0.195423
1780915719737,0.372608,0.100718,0.195316
1780915719753,0.372396,0.100485,0.195531
1780915719769,0.372607,0.100717,0.195316
1780915719785,0.372607,0.100717,0.195316
1780915719801,0.372606,0.100717,0.195316
1780915719817,0.372393,0.100484,0.195531
1780915719833,0.372605,0.100716,0.195316
1780915719849,0.372604,0.100716,0.195317
1780915719865,0.372498,0.1006,0.195423
1780915719881,0.372604,0.100716,0.195317
1780915719897,0.372274,0.100363,0.195639
1780915719913,0.372602,0.100715,0.195317
1780915719929,0.372495,0.100599,0.195423
1780915719945,0.3726,0.100715,0.195317
1780915719960,0.372493,0.100599,0.195423
1780915719975,0.372599,0.100715,0.195317
1780915719991,0.372492,0.100598,0.195423
1780915720007,0.372491,0.100598,0.195423
1780915720022,0.372381,0.100481,0.195531
1780915720037,0.372597,0.100714,0.195317
1780915720053,0.372597,0.100714,0.195317
1780915720069,0.372379,0.10048,0.195531
1780915720085,0.372488,0.100597,0.195423
1780915720101,0.372487,0.100597,0.195423
1780915720116,0.372487,0.100597,0.195423
1780915720132,0.372594,0.100713,0.195317
1780915720148,0.372485,0.100597,0.195423
1780915720164,0.372485,0.100596,0.195423
1780915720180,0.372484,0.100596,0.195423
1780915720196,0.37232,0.100623,0.195337
1780915720212,0.372541,0.100852,0.19513
1780915720228,0.372318,0.100622,0.195337
1780915720244,0.372539,0.100852,0.19513
1780915720260,0.372429,0.100737,0.195233
1780915720276,0.372539,0.100852,0.19513
1780915720292,0.372428,0.100737,0.195233
1780915720308,0.372427,0.100737,0.195233
1780915720324,0.372426,0.100737,0.195233
1780915720340,0.372536,0.100851,0.19513
1780915720356,0.372536,0.100851,0.19513
1780915720372,0.372312,0.100621,0.195337
1780915720388,0.372534,0.10085,0.19513
1780915720404,0.372534,0.10085,0.19513
1780915720420,0.372423,0.100736,0.195233
1780915720436,0.372533,0.10085,0.19513
1780915720452,0.372421,0.100735,0.195233
1780915720467,0.372532,0.100849,0.19513
1780915720482,0.372419,0.100735,0.195233
1780915720498,0.372531,0.100849,0.19513
1780915720514,0.37253,0.100849,0.19513
1780915720529,0.37253,0.100849,0.19513
1780915720545,0.372302,0.100618,0.195337
1780915720561,0.372529,0.100849,0.19513
1780915720577,0.372416,0.100734,0.195233
1780915720593,0.372528,0.100848,0.19513
1780915720609,0.372527,0.100848,0.19513
1780915720625,0.372527,0.100848,0.19513
1780915720641,0.372413,0.100733,0.195233
1780915720657,0.372413,0.100733,0.195233
1780915720673,0.372525,0.100847,0.19513
1780915720689,0.372482,0.100965,0.194973
1780915720705,0.372369,0.10085,0.195076
1780915720721,0.372252,0.100734,0.195179
1780915720736,0.372481,0.100964,0.194973
1780915720752,0.372481,0.100964,0.194973
1780915720767,0.372481,0.100964,0.194973
1780915720783,0.37248,0.100964,0.194973
1780915720799,0.372479,0.100964,0.194973
1780915720815,0.372478,0.100964,0.194973
1780915720831,0.372363,0.100848,0.195076
1780915720846,0.372478,0.100963,0.194973
1780915720862,0.372123,0.100613,0.195283
1780915720878,0.372362,0.100848,0.195076
1780915720894,0.372361,0.100848,0.195076
1780915720910,0.372243,0.100731,0.195179
1780915720926,0.372475,0.100963,0.194973
1780915720942,0.37236,0.100847,0.195076
1780915720958,0.372474,0.100962,0.194973
1780915720974,0.372359,0.100847,0.195076
1780915720990,0.372358,0.100847,0.195076
1780915721006,0.372357,0.100847,0.195076
1780915721022,0.372472,0.100962,0.194973
1780915721038,0.372356,0.100846,0.195076
1780915721054,0.372355,0.100846,0.195076
1780915721070,0.372471,0.100961,0.194974
1780915721086,0.372235,0.100729,0.195179
1780915721102,0.372353,0.100846,0.195076
1780915721117,0.372353,0.100845,0.195076
1780915721133,0.372352,0.100845,0.195076
1780915721149,0.372352,0.100845,0.195076
1780915721165,0.372468,0.10096,0.194974
1780915721181,0.372107,0.100609,0.195283
1780915721197,0.37235,0.100845,0.195076
1780915721213,0.37246,0.100976,0.194952
1780915721229,0.37246,0.100976,0.194952
1780915721245,0.372342,0.10086,0.195055
1780915721260,0.372459,0.100975,0.194952
1780915721276,0.372221,0.100742,0.195159
1780915721292,0.37234,0.100859,0.195055
1780915721308,0.372339,0.100859,0.195055
1780915721323,0.372456,0.100975,0.194952
1780915721339,0.372338,0.100859,0.195055
1780915721355,0.372217,0.100741,0.195159
1780915721371,0.372337,0.100858,0.195055
1780915721387,0.372455,0.100974,0.194953
1780915721403,0.372336,0.100858,0.195055
1780915721419,0.372215,0.10074,0.195159
1780915721435,0.372454,0.100974,0.194953
1780915721451,0.372214,0.10074,0.195159
1780915721467,0.372334,0.100857,0.195055
1780915721483,0.372453,0.100974,0.194953
1780915721499,0.372334,0.100857,0.195055
1780915721515,0.372452,0.100973,0.194953
1780915721531,0.372451,0.100973,0.194953
1780915721546,0.372331,0.100857,0.195055
1780915721561,0.372331,0.100856,0.195055
1780915721576,0.37245,0.100973,0.194953
1780915721592,0.37233,0.100856,0.195055
1780915721608,0.37233,0.100856,0.195055
1780915721624,0.372449,0.100972,0.194953
1780915721640,0.372449,0.100972,0.194953
1780915721656,0.372448,0.100972,0.194953
1780915721672,0.372327,0.100855,0.195055
1780915721688,0.372447,0.100972,0.194953
1780915721703,0.372327,0.100855,0.195055
1780915721719,0.372444,0.100975,0.194948
1780915721735,0.3722,0.100741,0.195153
1780915721751,0.372443,0.100975,0.194948
1780915721767,0.372199,0.10074,0.195153
1780915721782,0.372322,0.100858,0.19505
1780915721798,0.372069,0.10062,0.195257
1780915721814,0.372441,0.100974,0.194948
1780915721829,0.372197,0.10074,0.195153
1780915721845,0.37232,0.100858,0.19505
1780915721861,0.372319,0.100857,0.19505
1780915721877,0.372318,0.100857,0.19505
1780915721893,0.372318,0.100857,0.19505
1780915721910,0.372318,0.100857,0.19505
1780915721925,0.372317,0.100857,0.19505
1780915721941,0.372438,0.100973,0.194948
1780915721957,0.372316,0.100856,0.19505
1780915721972,0.372316,0.100856,0.19505
1780915721988,0.372437,0.100973,0.194948
1780915722004,0.372315,0.100856,0.19505
1780915722020,0.372436,0.100973,0.194948
1780915722036,0.372436,0.100973,0.194948
1780915722052,0.372435,0.100973,0.194948
1780915722068,0.372435,0.100973,0.194948
1780915722084,0.372435,0.100972,0.194948
1780915722100,0.372312,0.100855,0.19505
1780915722116,0.372311,0.100855,0.19505
1780915722132,0.372434,0.100972,0.194948
1780915722148,0.37231,0.100855,0.19505
1780915722164,0.372432,0.100972,0.194948
1780915722180,0.372432,0.100972,0.194948
1780915722195,0.372309,0.100854,0.19505
1780915722210,0.372432,0.100971,0.194948
1780915722226,0.372428,0.100975,0.194942
1780915722242,0.372179,0.10074,0.195147
1780915722257,0.372304,0.100858,0.195044
1780915722272,0.372428,0.100975,0.194942
1780915722288,0.372304,0.100858,0.195045
1780915722304,0.372303,0.100858,0.195045
1780915722320,0.372303,0.100858,0.195045
1780915722336,0.372426,0.100974,0.194943
1780915722352,0.372426,0.100974,0.194943
1780915722368,0.372175,0.100739,0.195147
1780915722384,0.372301,0.100857,0.195045
1780915722400,0.372425,0.100974,0.194943
1780915722416,0.372424,0.100974,0.194943
1780915722432,0.372423,0.100974,0.194943
1780915722448,0.37204,0.100617,0.195251
1780915722464,0.372299,0.100856,0.195045
1780915722480,0.372298,0.100856,0.195045
1780915722496,0.372422,0.100973,0.194943
1780915722512,0.37217,0.100737,0.195147
1780915722528,0.372297,0.100856,0.195045
1780915722544,0.372421,0.100973,0.194943
1780915722560,0.372296,0.100856,0.195045
1780915722576,0.372296,0.100855,0.195045
1780915722592,0.372168,0.100737,0.195147
1780915722608,0.372295,0.100855,0.195045
1780915722624,0.372294,0.100855,0.195045
1780915722640,0.372419,0.100972,0.194943
1780915722656,0.372166,0.100736,0.195147
1780915722672,0.372293,0.100855,0.195045
1780915722688,0.372418,0.100972,0.194943
1780915722704,0.372292,0.100854,0.195045
1780915722720,0.372291,0.100854,0.195045
1780915722736,0.372417,0.100972,0.194943
1780915722752,0.372413,0.100978,0.194934
1780915722767,0.372287,0.10086,0.195036
1780915722782,0.372413,0.100978,0.194934
1780915722797,0.372412,0.100978,0.194934
1780915722813,0.372412,0.100977,0.194934
1780915722829,0.372412,0.100977,0.194934
1780915722845,0.372412,0.100977,0.194934
1780915722861,0.372284,0.100859,0.195036
1780915722877,0.372411,0.100977,0.194934
1780915722893,0.372284,0.100859,0.195036
1780915722909,0.372283,0.100859,0.195036
1780915722924,0.372283,0.100859,0.195036
1780915722940,0.372409,0.100977,0.194934
1780915722956,0.372282,0.100859,0.195036
1780915722972,0.372152,0.10074,0.195139
1780915722988,0.372408,0.100976,0.194935
1780915723004,0.372281,0.100858,0.195036
1780915723020,0.37228,0.100858,0.195036
1780915723035,0.37228,0.100858,0.195036
1780915723050,0.37228,0.100858,0.195036
1780915723066,0.372407,0.100976,0.194935
1780915723082,0.372407,0.100976,0.194935
1780915723098,0.372278,0.100858,0.195036
1780915723114,0.372278,0.100858,0.195036
1780915723129,0.372405,0.100975,0.194935
1780915723146,0.372405,0.100975,0.194935
1780915723161,0.372147,0.100738,0.195139
1780915723177,0.372404,0.100975,0.194935
1780915723193,0.372277,0.100857,0.195036
1780915723209,0.372276,0.100857,0.195036
1780915723226,0.372403,0.100975,0.194935
1780915723241,0.372008,0.100616,0.195242
1780915723257,0.372144,0.100737,0.195139
1780915723273,0.372272,0.100862,0.195029
1780915723289,0.372271,0.100862,0.195029
1780915723305,0.37214,0.100743,0.195131
1780915723321,0.372271,0.100862,0.195029
1780915723338,0.37227,0.100862,0.195029
1780915723353,0.372398,0.10098,0.194927
1780915723369,0.372138,0.100742,0.195131
1780915723385,0.372398,0.100979,0.194927
1780915723401,0.372138,0.100742,0.195131
1780915723416,0.372397,0.100979,0.194927
1780915723431,0.372268,0.100861,0.195029
1780915723446,0.372397,0.100979,0.194927
1780915723462,0.372136,0.100742,0.195131
1780915723478,0.372396,0.100979,0.194927
1780915723494,0.372267,0.100861,0.195029
1780915723510,0.372396,0.100979,0.194927
1780915723526,0.372134,0.100741,0.195131
1780915723541,0.372265,0.10086,0.195029
1780915723557,0.372265,0.10086,0.195029
1780915723574,0.372394,0.100978,0.194927
1780915723589,0.372394,0.100978,0.194927
1780915723605,0.372394,0.100978,0.194928
1780915723620,0.372393,0.100978,0.194928
1780915723636,0.372393,0.100978,0.194928
1780915723652,0.372263,0.10086,0.195029
1780915723668,0.372263,0.100859,0.195029
1780915723684,0.372262,0.100859,0.195029
1780915723700,0.372262,0.100859,0.195029
1780915723716,0.372262,0.100859,0.195029
1780915723733,0.372391,0.100977,0.194928
1780915723748,0.372391,0.100977,0.194928
1780915723764,0.372391,0.100977,0.194928
1780915723780,0.372389,0.100982,0.194922
1780915723797,0.372389,0.100982,0.194922
1780915723812,0.372125,0.100744,0.195125
1780915723828,0.372388,0.100981,0.194922
1780915723844,0.372257,0.100863,0.195023
1780915723860,0.372257,0.100863,0.195023
1780915723877,0.372387,0.100981,0.194922
1780915723892,0.372256,0.100863,0.195023
1780915723908,0.372387,0.100981,0.194922
1780915723924,0.372255,0.100862,0.195023
1780915723939,0.372386,0.100981,0.194922
1780915723955,0.372386,0.100981,0.194922
1780915723972,0.372254,0.100862,0.195023
1780915723987,0.372254,0.100862,0.195023
1780915724003,0.372254,0.100862,0.195023
1780915724019,0.372385,0.10098,0.194922
1780915724034,0.372253,0.100862,0.195023
1780915724051,0.372253,0.100862,0.195023
1780915724067,0.372252,0.100862,0.195023
1780915724082,0.372383,0.10098,0.194922
1780915724098,0.372118,0.100742,0.195125
1780915724114,0.372251,0.100861,0.195023
1780915724129,0.372383,0.10098,0.194922
1780915724145,0.372251,0.100861,0.195023
1780915724161,0.37225,0.100861,0.195023
1780915724177,0.37225,0.100861,0.195023
1780915724193,0.372382,0.100979,0.194922
1780915724209,0.372249,0.100861,0.195023
1780915724226,0.372381,0.100979,0.194922
1780915724240,0.372381,0.100979,0.194922
1780915724256,0.372114,0.100741,0.195125
1780915724271,0.372248,0.10086,0.195023
1780915724287,0.371972,0.100618,0.195227
1780915724303,0.372376,0.100987,0.194911
1780915724320,0.372108,0.100749,0.195113
1780915724335,0.372375,0.100987,0.194911
1780915724351,0.372107,0.100749,0.195113
1780915724368,0.372242,0.100868,0.195011
1780915724383,0.372241,0.100868,0.195011
1780915724399,0.372106,0.100748,0.195113
1780915724416,0.372241,0.100868,0.195011
1780915724431,0.372374,0.100986,0.194911
1780915724447,0.372373,0.100986,0.194911
1780915724463,0.372373,0.100986,0.194911
1780915724478,0.372372,0.100986,0.194911
1780915724494,0.372238,0.100867,0.195011
1780915724509,0.372238,0.100867,0.195011
1780915724524,0.372101,0.100747,0.195113
1780915724541,0.372101,0.100747,0.195113
1780915724555,0.372237,0.100867,0.195011
1780915724570,0.37237,0.100985,0.194911
1780915724587,0.372236,0.100867,0.195011
1780915724602,0.372236,0.100867,0.195011
1780915724618,0.37237,0.100985,0.194911
1780915724635,0.37237,0.100985,0.194911
1780915724650,0.372369,0.100985,0.194911
1780915724667,0.372368,0.100985,0.194911
1780915724682,0.372097,0.100746,0.195113
1780915724698,0.372234,0.100866,0.195011
1780915724714,0.372233,0.100866,0.195011
1780915724729,0.372367,0.100985,0.194911
1780915724744,0.372096,0.100746,0.195113
1780915724760,0.372233,0.100866,0.195011
1780915724777,0.372367,0.100984,0.194911
1780915724793,0.372232,0.100866,0.195011
1780915724808,0.37219,0.100998,0.194835
1780915724824,0.372323,0.101113,0.194739
1780915724840,0.372322,0.101113,0.194739
1780915724856,0.372322,0.101113,0.194739
1780915724873,0.372188,0.100998,0.194835
1780915724888,0.372324,0.101113,0.194739
1780915724905,0.372325,0.101113,0.19474
1780915724919,0.372324,0.101113,0.19474
1780915724936,0.372188,0.100998,0.194835
1780915724951,0.372189,0.100998,0.194835
1780915724968,0.372323,0.101113,0.194739
1780915724984,0.372052,0.100882,0.194931
1780915724999,0.37219,0.100998,0.194835
1780915725015,0.372051,0.100882,0.194931
1780915725032,0.372323,0.101113,0.19474
1780915725046,0.372323,0.101113,0.19474
1780915725063,0.372048,0.100881,0.194931
1780915725077,0.372183,0.100996,0.194835
1780915725094,0.372319,0.101112,0.19474
1780915725109,0.372318,0.101111,0.19474
1780915725126,0.372181,0.100996,0.194835
1780915725141,0.372181,0.100996,0.194835
1780915725157,0.372181,0.100996,0.194835
1780915725174,0.372317,0.101111,0.19474
1780915725189,0.372181,0.100996,0.194835
1780915725206,0.372181,0.100996,0.194835
1780915725221,0.372317,0.101111,0.19474
1780915725238,0.372317,0.101111,0.19474
1780915725253,0.372316,0.101111,0.19474
1780915725268,0.372316,0.101111,0.19474
1780915725285,0.372315,0.10111,0.19474
1780915725301,0.372178,0.100995,0.194835
1780915725316,0.372038,0.100878,0.194931
1780915725332,0.373354,0.101275,0.194883
1780915725348,0.373259,0.101161,0.19499
1780915725364,0.373451,0.101388,0.194778
1780915725381,0.373451,0.101388,0.194778
1780915725395,0.373355,0.101275,0.194884
1780915725412,0.373352,0.101274,0.194884
1780915725426,0.373351,0.101273,0.194884
1780915725442,0.373349,0.101273,0.194884
1780915725458,0.373347,0.101272,0.194884
1780915725474,0.373345,0.101272,0.194884
1780915725490,0.373343,0.101271,0.194884
1780915725506,0.373439,0.101384,0.194778
1780915725522,0.373243,0.101157,0.19499
1780915725537,0.373438,0.101384,0.194778
1780915725553,0.373437,0.101384,0.194778
1780915725568,0.373434,0.101383,0.194778
1780915725584,0.373434,0.101383,0.194778
1780915725600,0.373434,0.101383,0.194778
1780915725615,0.373434,0.101383,0.194778
1780915725631,0.373442,0.101385,0.194778
1780915725647,0.373346,0.101272,0.194884
1780915725661,0.373346,0.101272,0.194884
1780915725677,0.373443,0.101385,0.194778
1780915725693,0.373443,0.101385,0.194778
1780915725710,0.37344,0.101385,0.194778
1780915725725,0.373341,0.101271,0.194884
1780915725741,0.37334,0.10127,0.194884
1780915725757,0.373339,0.10127,0.194884
1780915725773,0.373338,0.10127,0.194884
1780915725789,0.373435,0.101383,0.194778
1780915725805,0.373435,0.101383,0.194778
1780915725821,0.373436,0.101383,0.194778
1780915725837,0.373436,0.101383,0.194778
1780915725853,0.377448,0.10126,0.196239
1780915725869,0.377352,0.101028,0.196487
1780915725885,0.377436,0.101256,0.196239
1780915725901,0.377436,0.101256,0.196239
1780915725917,0.377436,0.101256,0.196239
1780915725932,0.37739,0.101142,0.196362
1780915725949,0.37739,0.101142,0.196362
1780915725964,0.377347,0.101027,0.196486
1780915725980,0.377392,0.101142,0.196362
1780915725996,0.377393,0.101142,0.196362
1780915726012,0.377438,0.101257,0.196239
1780915726029,0.377395,0.101143,0.196362
1780915726045,0.377395,0.101143,0.196362
1780915726061,0.377438,0.101257,0.196239
1780915726077,0.377394,0.101143,0.196362
1780915726093,0.377393,0.101143,0.196362
1780915726109,0.377348,0.101027,0.196486
1780915726124,0.377435,0.101256,0.196239
1780915726140,0.377347,0.101027,0.196486
1780915726156,0.377434,0.101256,0.196239
1780915726172,0.377433,0.101256,0.196239
1780915726188,0.377433,0.101256,0.196239
1780915726204,0.37739,0.101142,0.196362
1780915726220,0.37739,0.101142,0.196362
1780915726236,0.377433,0.101256,0.196239
1780915726252,0.377433,0.101256,0.196239
1780915726268,0.377345,0.101027,0.196486
1780915726285,0.377433,0.101256,0.196239
1780915726300,0.377345,0.101026,0.196486
1780915726317,0.377433,0.101256,0.196239
1780915726332,0.377388,0.101141,0.196362
1780915726348,0.379673,0.101241,0.196976
1780915726364,0.379778,0.101449,0.19676
1780915726380,0.379725,0.101345,0.196868
1780915726395,0.379777,0.101449,0.19676
1780915726411,0.379671,0.101241,0.196976
1780915726427,0.379724,0.101345,0.196868
1780915726442,0.379671,0.10124,0.196976
1780915726458,0.379776,0.101448,0.196761
1780915726473,0.379724,0.101345,0.196868
1780915726489,0.379776,0.101448,0.196761
1780915726505,0.37967,0.10124,0.196976
1780915726521,0.379776,0.101448,0.196761
1780915726538,0.379723,0.101345,0.196868
1780915726552,0.379776,0.101448,0.196761
1780915726568,0.379776,0.101448,0.196761
1780915726584,0.379775,0.101448,0.196761
1780915726600,0.379775,0.101448,0.196761
1780915726616,0.379669,0.10124,0.196976
1780915726632,0.379775,0.101448,0.196761
1780915726647,0.379775,0.101448,0.196761
1780915726663,0.379668,0.10124,0.196976
1780915726679,0.379721,0.101344,0.196868
1780915726695,0.379774,0.101448,0.196761
1780915726711,0.379774,0.101448,0.196761
1780915726727,0.379667,0.10124,0.196976
1780915726742,0.379721,0.101344,0.196868
1780915726758,0.379774,0.101448,0.196761
1780915726774,0.37972,0.101344,0.196868
1780915726790,0.37972,0.101344,0.196868
1780915726806,0.37972,0.101344,0.196868
1780915726822,0.37972,0.101344,0.196868
1780915726838,0.379773,0.101447,0.196761
1780915726854,0.379773,0.101447,0.196761
1780915726870,0.379719,0.101344,0.196868
1780915726886,0.379819,0.101869,0.196271
1780915726902,0.379819,0.101869,0.196271
1780915726918,0.379818,0.101869,0.196271
1780915726933,0.379698,0.101665,0.196477
1780915726948,0.379758,0.101767,0.196373
1780915726964,0.379758,0.101767,0.196373
1780915726980,0.379818,0.101869,0.196271
1780915726996,0.379818,0.101869,0.196271
1780915727012,0.379818,0.101869,0.196271
1780915727027,0.379696,0.101664,0.196477
1780915727043,0.379817,0.101869,0.196271
1780915727059,0.379757,0.101767,0.196373
1780915727075,0.379757,0.101767,0.196373
1780915727091,0.379696,0.101664,0.196477
1780915727107,0.379817,0.101868,0.196271
1780915727123,0.379756,0.101767,0.196373
1780915727139,0.379816,0.101868,0.196271
1780915727155,0.379695,0.101664,0.196477
1780915727171,0.379756,0.101766,0.196373
1780915727187,0.379695,0.101664,0.196477
1780915727203,0.379755,0.101766,0.196373
1780915727219,0.379755,0.101766,0.196373
1780915727235,0.379755,0.101766,0.196373
1780915727251,0.379815,0.101868,0.196271
1780915727267,0.379815,0.101868,0.196271
1780915727283,0.379693,0.101663,0.196477
1780915727299,0.379815,0.101868,0.196271
1780915727315,0.379815,0.101868,0.196271
1780915727331,0.379754,0.101766,0.196373
1780915727346,0.379815,0.101868,0.196271
1780915727362,0.379692,0.101663,0.196477
1780915727377,0.379814,0.101868,0.196271
1780915727393,0.379621,0.101787,0.196306
1780915727409,0.379682,0.10189,0.196202
1780915727425,0.379559,0.101682,0.196411
1780915727441,0.379682,0.10189,0.196202
1780915727457,0.379621,0.101787,0.196306
1780915727473,0.379558,0.101682,0.196411
1780915727489,0.37962,0.101786,0.196306
1780915727505,0.37962,0.101786,0.196306
1780915727521,0.379681,0.10189,0.196202
1780915727537,0.379557,0.101682,0.196411
1780915727553,0.379619,0.101786,0.196306
1780915727569,0.379681,0.10189,0.196202
1780915727584,0.379619,0.101786,0.196306
1780915727600,0.379681,0.10189,0.196202
1780915727616,0.379681,0.10189,0.196202
1780915727632,0.379619,0.101786,0.196306
1780915727647,0.379619,0.101786,0.196306
1780915727663,0.37968,0.101889,0.196202
1780915727679,0.379618,0.101786,0.196306
1780915727694,0.37968,0.101889,0.196202
1780915727710,0.37968,0.101889,0.196202
1780915727726,0.37968,0.101889,0.196202
1780915727742,0.379618,0.101786,0.196306
1780915727758,0.379555,0.101681,0.196411
1780915727774,0.379617,0.101786,0.196306
1780915727790,0.379617,0.101786,0.196306
1780915727806,0.379679,0.101889,0.196202
1780915727821,0.379679,0.101889,0.196202
1780915727836,0.379679,0.101889,0.196202
1780915727851,0.379678,0.101889,0.196202
1780915727867,0.379616,0.101785,0.196306
1780915727883,0.379553,0.101681,0.196411
1780915727899,0.379584,0.101783,0.196298
1780915727915,0.379646,0.101887,0.196194
1780915727931,0.379646,0.101887,0.196194
1780915727947,0.379584,0.101783,0.196298
1780915727963,0.379645,0.101886,0.196194
1780915727979,0.379584,0.101783,0.196298
1780915727995,0.379584,0.101783,0.196298
1780915728011,0.379455,0.101574,0.196507
1780915728028,0.379645,0.101886,0.196194
1780915728043,0.379645,0.101886,0.196194
1780915728059,0.379645,0.101886,0.196194
1780915728075,0.379583,0.101783,0.196298
1780915728091,0.379644,0.101886,0.196194
1780915728106,0.379582,0.101783,0.196298
1780915728121,0.379582,0.101783,0.196298
1780915728137,0.379644,0.101886,0.196194
1780915728153,0.379644,0.101886,0.196194
1780915728169,0.379582,0.101783,0.196298
1780915728185,0.379519,0.101679,0.196402
1780915728201,0.379581,0.101783,0.196298
1780915728217,0.379643,0.101886,0.196194
1780915728233,0.379643,0.101886,0.196194
1780915728249,0.379581,0.101782,0.196298
1780915728264,0.379643,0.101886,0.196194
1780915728279,0.379518,0.101678,0.196402
1780915728294,0.379643,0.101886,0.196194
1780915728310,0.379643,0.101886,0.196194
1780915728326,0.379643,0.101886,0.196194
1780915728342,0.379517,0.101678,0.196403
1780915728358,0.37958,0.101782,0.196298
1780915728374,0.37958,0.101782,0.196298
1780915728390,0.379579,0.101782,0.196298
1780915728406,0.379579,0.101782,0.196298
1780915728422,0.379639,0.101892,0.196185
1780915728438,0.379638,0.101892,0.196185
1780915728454,0.379512,0.101684,0.196393
1780915728470,0.379576,0.101788,0.196289
1780915728486,0.379638,0.101892,0.196185
1780915728502,0.379575,0.101788,0.196289
1780915728517,0.379575,0.101788,0.196289
1780915728533,0.379638,0.101892,0.196185
1780915728550,0.379637,0.101892,0.196185
1780915728565,0.379637,0.101892,0.196185
Timestamp(ms),Theta,Beta,FocusRatio
Timestamp(ms),Theta,Beta,FocusRatio
1780918706584,0,0,1
1780918706599,0,0,1
1780918706615,0,0,1
1780918706631,0,0,1
1780918706647,0,0,1
1780918706663,0,0,1
1780918706679,0,0,1
1780918706695,0,0,1
1780918706711,0,0,1
1780918706726,0,0,1
1780918706742,0,0,1
1780918706758,0,0,1
1780918706774,0,0,1
1780918706790,0,0,1
1780918706805,0,0,1
1780918706820,0,0,1
1780918706836,0,0,1
1780918706851,0,0,1
1780918706867,0,0,1
1780918706882,0,0,1
1780918706897,0,0,1
1780918706913,0,0,1
1780918706929,0,0,1
1780918706944,0,0,1
1780918706959,0,0,1
1780918706974,0,0,1
1780918706989,0,0,1
1780918707005,0,0,1
1780918707021,0,0,1
1780918707037,0,0,1
1780918707052,0,0,1
1780918707067,0,0,1
1780918707083,0,0,1
1780918707099,0,0,1
1780918707115,0,0,1
1780918707131,0,0,1
1780918707147,0,0,1
1780918707163,0,0,1
1780918707179,0,0,1
1780918707195,0,0,1
1780918707211,0,0,1
1780918707226,0,0,1
1780918707241,0,0,1
1780918707257,0,0,1
1780918707273,0,0,1
1780918707289,0,0,1
1780918707304,0,0,1
1780918707319,0,0,1
1780918707335,0,0,1
1780918707351,0,0,1
1780918707367,0,0,1
1780918707382,0,0,1
1780918707398,0,0,1
1780918707414,0,0,1
1780918707430,0,0,1
1780918707445,0,0,1
1780918707461,0,0,1
1780918707477,0,0,1
1780918707493,0,0,1
1780918707509,0,0,1
1780918707524,0,0,1
1780918707539,0,0,1
1780918707555,0,0,1
1780918707571,0,0,1
1780918707587,0,0,1
1780918707603,0,0,1
1780918707619,0,0,1
1780918707634,0,0,1
1780918707650,0,0,1
1780918707666,0,0,1
1780918707682,0,0,1
1780918707698,0,0,1
1780918707714,0,0,1
1780918707730,0,0,1
1780918707746,0,0,1
1780918707761,0,0,1
1780918707776,0,0,1
1780918707792,0,0,1
1780918707808,0,0,1
1780918707824,0,0,1
1780918707840,0,0,1
1780918707856,0,0,1
1780918707872,0,0,1
1780918707888,0,0,1
1780918707904,0,0,1
1780918707920,0,0,1
1780918707936,0,0,1
1780918707952,0,0,1
1780918707968,0,0,1
1780918707984,0,0,1
1780918708000,0,0,1
1780918708015,0,0,1
1780918708031,0,0,1
1780918708047,0,0,1
1780918708063,0,0,1
1780918708079,0,0,1
1780918708095,0,0,1
1780918708111,0.325031,0.250507,0
1780918708127,0.323725,0.243282,0
1780918708143,0.470411,0.0604421,0.259778
1780918708159,0.470799,0.0618146,0.258501
1780918708175,0.471466,0.0619198,0.258484
1780918708191,0.471649,0.061946,0.258482
1780918708207,0.472701,0.0594761,0.26099
1780918708223,0.471282,0.0619085,0.258472
1780918708239,0.470791,0.0605446,0.259726
1780918708255,0.468748,0.0603057,0.259703
1780918708271,0.467429,0.0614481,0.258427
1780918708287,0.466499,0.0613354,0.258418
1780918708303,0.465632,0.0612298,0.25841
1780918708319,0.464146,0.0610482,0.258396
1780918708335,0.464342,0.0610702,0.2584
1780918708351,0.464342,0.0610702,0.2584
1780918708367,0.466436,0.0587486,0.260931
1780918708383,0.466448,0.0600258,0.259688
1780918708399,0.464138,0.0371198,0.281829
1780918708415,0.463697,0.0369052,0.282005
1780918708431,0.463687,0.0370823,0.281831
1780918708447,0.462693,0.0368204,0.28201
1780918708463,0.461841,0.0367481,0.282014
1780918708479,0.461637,0.0367312,0.282015
1780918708495,0.461532,0.0367224,0.282015
1780918708511,0.461513,0.0367208,0.282015
1780918708527,0.461551,0.0367239,0.282015
1780918708543,0.461576,0.0367258,0.282015
1780918708559,0.461981,0.0369374,0.281839
1780918708575,0.461367,0.0365307,0.282191
1780918708591,0.462299,0.0369639,0.281838
1780918708607,0.462299,0.0369639,0.281838
1780918708623,0.461587,0.0365489,0.282191
1780918708639,0.46191,0.0367541,0.282014
1780918708655,0.441713,0.0366337,0.280484
1780918708671,0.441558,0.036622,0.280483
1780918708687,0.441235,0.0366683,0.280407
1780918708703,0.4409,0.036709,0.280337
1780918708719,0.4415,0.036618,0.280482
1780918708735,0.441526,0.0366203,0.280482
1780918708751,0.441553,0.0366225,0.280482
1780918708767,0.44126,0.036671,0.280407
1780918708783,0.441528,0.0366203,0.280482
1780918708799,0.441481,0.0366164,0.280482
1780918708815,0.441459,0.0366145,0.280482
1780918708830,0.441536,0.0366208,0.280482
1780918708845,0.441536,0.0366208,0.280482
1780918708861,0.441334,0.0366765,0.280407
1780918708877,0.441281,0.0366722,0.280407
1780918708893,0.441241,0.036669,0.280407
1780918708909,0.441227,0.0366679,0.280407
1780918708924,0.433189,0.0426757,0.273402
1780918708940,0.433195,0.0426765,0.273402
1780918708956,0.433231,0.0426175,0.273468
1780918708973,0.433169,0.042674,0.273402
1780918708988,0.433225,0.0426172,0.273467
1780918709004,0.433242,0.0426189,0.273467
1780918709020,0.433244,0.0426191,0.273467
1780918709036,0.433205,0.0426151,0.273467
1780918709051,0.433137,0.0426706,0.273402
1780918709067,0.433138,0.0426708,0.273402
1780918709083,0.433197,0.0426143,0.273467
1780918709099,0.433217,0.0426166,0.273467
1780918709115,0.433213,0.042616,0.273467
1780918709131,0.433164,0.0426735,0.273402
1780918709146,0.433209,0.0426157,0.273467
1780918709162,0.487215,0.0355035,0.285059
1780918709178,0.487436,0.0354238,0.285148
1780918709195,0.487435,0.0354239,0.285148
1780918709210,0.487235,0.0355049,0.285059
1780918709226,0.487252,0.0355063,0.285059
1780918709242,0.486976,0.0355825,0.284969
1780918709258,0.487459,0.0354256,0.285148
1780918709274,0.487443,0.0354245,0.285148
1780918709289,0.486972,0.0355823,0.284969
1780918709304,0.487243,0.0355055,0.285059
1780918709320,0.48745,0.0354251,0.285148
1780918709336,0.48745,0.0354251,0.285148
1780918709351,0.487453,0.0354251,0.285148
1780918709367,0.487237,0.0355052,0.285059
1780918709383,0.487451,0.0354251,0.285148
1780918709399,0.487445,0.0354247,0.285148
1780918709414,0.487447,0.0354247,0.285148
1780918709430,0.487447,0.0354247,0.285148
1780918709445,0.486964,0.0355816,0.284969
1780918709461,0.487441,0.0354243,0.285148
1780918709477,0.487219,0.0355039,0.285059
1780918709493,0.487428,0.0354233,0.285148
1780918709509,0.487254,0.0355065,0.285059
1780918709524,0.487261,0.0355069,0.285059
1780918709540,0.486985,0.0355831,0.284969
1780918709556,0.487467,0.0354262,0.285148
1780918709572,0.487249,0.035506,0.285059
1780918709588,0.486973,0.0355823,0.284969
1780918709605,0.486972,0.0355822,0.284969
1780918709620,0.487245,0.0355057,0.285059
1780918709636,0.487248,0.0355058,0.285059
1780918709652,0.487248,0.0355059,0.285059
1780918709668,0.471126,0.0451799,0.274592
1780918709684,0.470846,0.0453919,0.274361
1780918709700,0.471127,0.0451796,0.274592
1780918709715,0.470845,0.0453918,0.274361
1780918709732,0.471128,0.0451792,0.274593
1780918709747,0.470848,0.0453912,0.274362
1780918709763,0.470522,0.0456008,0.274129
1780918709779,0.470848,0.0453914,0.274362
1780918709795,0.470848,0.0453914,0.274362
1780918709812,0.470845,0.0453912,0.274362
1780918709827,0.471123,0.045179,0.274593
1780918709842,0.470516,0.0456005,0.274129
1780918709858,0.471123,0.0451788,0.274593
1780918709873,0.470843,0.0453908,0.274362
1780918709888,0.471125,0.0451788,0.274593
1780918709904,0.471125,0.045179,0.274593
1780918709920,0.470519,0.0456008,0.274129
1780918709936,0.470847,0.0453912,0.274362
1780918709952,0.470847,0.0453913,0.274362
1780918709968,0.470847,0.0453914,0.274362
1780918709985,0.47052,0.045601,0.274129
1780918710000,0.470848,0.0453915,0.274362
1780918710017,0.471129,0.0451794,0.274593
1780918710032,0.471128,0.0451794,0.274593
1780918710048,0.47052,0.045601,0.274129
1780918710064,0.471126,0.0451792,0.274593
1780918710080,0.470846,0.0453912,0.274362
1780918710095,0.470518,0.0456007,0.274129
1780918710111,0.471126,0.0451791,0.274593
1780918710127,0.470847,0.0453914,0.274362
1780918710143,0.471127,0.0451794,0.274593
1780918710159,0.47052,0.0456012,0.274129
1780918710175,0.470846,0.0453914,0.274362
1780918710191,0.46231,0.0582172,0.260942
1780918710208,0.462304,0.0582165,0.260942
1780918710223,0.462012,0.0585382,0.26059
1780918710240,0.462021,0.0585396,0.260589
1780918710255,0.461688,0.05886,0.260232
1780918710272,0.462317,0.0582186,0.260942
1780918710287,0.462027,0.0585405,0.260589
1780918710304,0.462318,0.0582187,0.260942
1780918710320,0.462317,0.0582184,0.260942
1780918710336,0.462022,0.0585394,0.26059
1780918710352,0.462314,0.0582179,0.260942
1780918710367,0.462023,0.0585397,0.26059
1780918710382,0.462024,0.0585399,0.260589
1780918710398,0.462315,0.0582183,0.260942
1780918710415,0.462317,0.0582185,0.260942
1780918710431,0.461689,0.05886,0.260233
1780918710445,0.462026,0.0585404,0.260589
1780918710461,0.462318,0.0582187,0.260942
1780918710476,0.462318,0.0582187,0.260942
1780918710491,0.462026,0.0585405,0.260589
1780918710508,0.462319,0.0582189,0.260942
1780918710522,0.462028,0.0585406,0.260589
1780918710539,0.462028,0.0585406,0.260589
1780918710555,0.462319,0.0582189,0.260942
1780918710570,0.462027,0.0585405,0.260589
1780918710586,0.462319,0.0582188,0.260942
1780918710602,0.461689,0.05886,0.260232
1780918710619,0.461689,0.05886,0.260233
1780918710635,0.462316,0.0582186,0.260942
1780918710651,0.462317,0.0582186,0.260942
1780918710667,0.462318,0.0582187,0.260942
1780918710682,0.462318,0.0582187,0.260942
1780918710697,0.454137,0.0728768,0.245239
1780918710713,0.454137,0.0728768,0.245239
1780918710729,0.454143,0.0728775,0.24524
1780918710745,0.453801,0.0732807,0.244781
1780918710761,0.454141,0.0728775,0.245239
1780918710777,0.454139,0.0728772,0.245239
1780918710793,0.453797,0.0732803,0.244781
1780918710808,0.453414,0.0736806,0.244317
1780918710825,0.454138,0.0728773,0.245239
1780918710841,0.453407,0.0736794,0.244317
1780918710857,0.454133,0.0728764,0.245239
1780918710873,0.454133,0.0728764,0.245239
1780918710888,0.453789,0.0732792,0.24478
1780918710904,0.453793,0.0732798,0.24478
1780918710919,0.453409,0.0736796,0.244318
1780918710935,0.454136,0.0728769,0.245239
1780918710950,0.453793,0.0732799,0.24478
1780918710967,0.454134,0.0728768,0.245239
1780918710983,0.453792,0.0732797,0.24478
1780918710999,0.454133,0.0728766,0.245239
1780918711015,0.454132,0.0728766,0.245239
1780918711031,0.454132,0.0728766,0.245239
1780918711047,0.453791,0.0732797,0.24478
1780918711062,0.453792,0.0732799,0.24478
1780918711078,0.453408,0.0736798,0.244317
1780918711095,0.453794,0.07328,0.24478
1780918711110,0.454136,0.072877,0.245239
1780918711127,0.454136,0.072877,0.245239
1780918711143,0.453794,0.07328,0.24478
1780918711158,0.453793,0.0732799,0.24478
1780918711175,0.454136,0.072877,0.245239
1780918711190,0.453794,0.0732799,0.24478
1780918711207,0.454135,0.0728769,0.245239
1780918711223,0.445745,0.0841687,0.232351
1780918711238,0.446128,0.0837355,0.232866
1780918711255,0.44613,0.083736,0.232866
1780918711271,0.446122,0.0837346,0.232866
1780918711287,0.446121,0.0837344,0.232866
1780918711303,0.445745,0.0841688,0.232351
1780918711319,0.445327,0.0846001,0.23183
1780918711335,0.446131,0.0837362,0.232866
1780918711351,0.446131,0.0837362,0.232866
1780918711367,0.445746,0.084169,0.232351
1780918711383,0.445746,0.0841689,0.232351
1780918711398,0.445323,0.0845994,0.23183
1780918711415,0.446124,0.083735,0.232866
1780918711431,0.445326,0.0845999,0.231831
1780918711447,0.446131,0.0837362,0.232866
1780918711463,0.445747,0.0841692,0.232351
1780918711478,0.445746,0.084169,0.232351
1780918711495,0.44482,0.0850168,0.231306
1780918711511,0.446127,0.0837355,0.232866
1780918711527,0.445745,0.0841689,0.232351
1780918711543,0.445746,0.084169,0.232351
1780918711559,0.445747,0.084169,0.232351
1780918711575,0.446127,0.0837354,0.232866
1780918711591,0.445745,0.0841688,0.232351
1780918711607,0.446126,0.0837354,0.232866
1780918711623,0.446127,0.0837355,0.232866
1780918711639,0.445746,0.084169,0.232351
1780918711655,0.445325,0.0845997,0.23183
1780918711671,0.446127,0.0837354,0.232866
1780918711687,0.446127,0.0837354,0.232866
1780918711703,0.445746,0.0841691,0.232351
1780918711719,0.445747,0.084169,0.232351
1780918711735,0.436136,0.0978137,0.216239
1780918711751,0.435208,0.0989278,0.214859
1780918711767,0.436138,0.0978144,0.216239
1780918711782,0.436141,0.097815,0.216239
1780918711798,0.435697,0.0983736,0.215552
1780918711813,0.435697,0.0983738,0.215552
1780918711829,0.435698,0.098374,0.215552
1780918711845,0.435212,0.098929,0.214858
1780918711860,0.436141,0.0978149,0.216239
1780918711876,0.435694,0.098373,0.215552
1780918711892,0.43614,0.0978148,0.216239
1780918711908,0.43614,0.0978148,0.216239
1780918711924,0.435694,0.098373,0.215552
1780918711940,0.435694,0.098373,0.215552
1780918711956,0.435693,0.0983728,0.215552
1780918711971,0.43614,0.0978147,0.216239
1780918711987,0.435694,0.0983731,0.215552
1780918712003,0.435694,0.098373,0.215552
1780918712019,0.43521,0.0989285,0.214858
1780918712035,0.43614,0.0978146,0.216239
1780918712051,0.43614,0.0978148,0.216239
1780918712067,0.43614,0.0978148,0.216239
1780918712083,0.43521,0.0989285,0.214858
1780918712099,0.43614,0.0978148,0.216239
1780918712115,0.43614,0.0978148,0.216239
1780918712131,0.436141,0.097815,0.216239
1780918712146,0.436141,0.097815,0.216239
1780918712162,0.435696,0.0983733,0.215553
1780918712177,0.435695,0.0983732,0.215552
1780918712192,0.43614,0.0978148,0.216239
1780918712208,0.43614,0.0978148,0.216239
1780918712224,0.435694,0.0983731,0.215552
1780918712240,0.425878,0.113949,0.196562
1780918712256,0.425417,0.114544,0.195795
1780918712271,0.425879,0.11395,0.196562
1780918712286,0.425417,0.114544,0.195795
1780918712302,0.424353,0.115707,0.194242
1780918712318,0.425877,0.113949,0.196562
1780918712334,0.425877,0.113949,0.196562
1780918712350,0.425877,0.113949,0.196562
1780918712366,0.425876,0.113949,0.196562
1780918712382,0.424919,0.115134,0.195021
1780918712398,0.425416,0.114544,0.195795
1780918712414,0.425877,0.113949,0.196562
1780918712430,0.425878,0.113949,0.196562
1780918712446,0.425416,0.114544,0.195795
1780918712462,0.425878,0.113949,0.196562
1780918712477,0.425416,0.114544,0.195795
1780918712493,0.425878,0.113949,0.196562
1780918712509,0.42492,0.115134,0.195021
1780918712525,0.425878,0.113949,0.196562
1780918712541,0.425416,0.114544,0.195795
1780918712557,0.425415,0.114544,0.195795
1780918712573,0.425416,0.114544,0.195795
1780918712589,0.425415,0.114544,0.195795
1780918712605,0.425878,0.113949,0.196562
1780918712621,0.425416,0.114544,0.195795
1780918712637,0.425878,0.113949,0.196562
1780918712653,0.425878,0.113949,0.196562
1780918712669,0.424921,0.115134,0.19502
1780918712685,0.425416,0.114544,0.195795
1780918712701,0.425416,0.114544,0.195795
1780918712716,0.425416,0.114544,0.195795
1780918712731,0.425878,0.113949,0.196562
1780918712746,0.425415,0.114544,0.195795
1780918712761,0.425877,0.113949,0.196562
1780918712777,0.425877,0.113949,0.196562
1780918712793,0.419001,0.124632,0.182977
1780918712809,0.418997,0.12463,0.182978
1780918712825,0.418997,0.12463,0.182978
1780918712841,0.418063,0.125785,0.18142
1780918712857,0.418547,0.12521,0.182202
1780918712873,0.418066,0.125786,0.18142
1780918712889,0.419,0.124631,0.182978
1780918712905,0.419001,0.124631,0.182978
1780918712921,0.418551,0.125212,0.182202
1780918712937,0.419002,0.124632,0.182978
1780918712953,0.419001,0.124632,0.182977
1780918712969,0.419001,0.124632,0.182977
1780918712985,0.419001,0.124632,0.182978
1780918713001,0.419001,0.124632,0.182977
1780918713016,0.418067,0.125787,0.18142
1780918713031,0.419,0.124631,0.182978
1780918713047,0.418547,0.12521,0.182202
1780918713063,0.418547,0.12521,0.182202
1780918713079,0.418998,0.124631,0.182978
1780918713095,0.418998,0.124631,0.182978
1780918713111,0.418548,0.125211,0.182202
1780918713127,0.418999,0.124631,0.182978
1780918713143,0.418066,0.125786,0.18142
1780918713159,0.419,0.124631,0.182978
1780918713175,0.418549,0.125211,0.182202
1780918713191,0.418549,0.125211,0.182202
1780918713207,0.419,0.124631,0.182978
1780918713223,0.418549,0.125211,0.182202
1780918713238,0.418067,0.125786,0.18142
1780918713254,0.419,0.124631,0.182978
1780918713270,0.418549,0.125211,0.182202
1780918713286,0.416142,0.130348,0.175804
1780918713301,0.415736,0.130902,0.17506
1780918713316,0.415744,0.130904,0.17506
1780918713331,0.415312,0.131454,0.17431
1780918713346,0.415748,0.130906,0.17506
1780918713362,0.415309,0.131453,0.17431
1780918713378,0.415746,0.130905,0.17506
1780918713394,0.415748,0.130906,0.17506
1780918713410,0.414803,0.131981,0.173556
1780918713425,0.416146,0.13035,0.175804
1780918713441,0.415304,0.131451,0.17431
1780918713457,0.416145,0.13035,0.175804
1780918713472,0.415739,0.130903,0.17506
1780918713488,0.416145,0.130349,0.175804
1780918713504,0.415303,0.131451,0.17431
1780918713520,0.41574,0.130903,0.17506
1780918713536,0.416145,0.13035,0.175804
1780918713552,0.41574,0.130903,0.17506
1780918713568,0.41574,0.130903,0.17506
1780918713584,0.416146,0.13035,0.175804
1780918713600,0.416146,0.13035,0.175804
1780918713616,0.416147,0.13035,0.175804
1780918713632,0.415741,0.130903,0.17506
1780918713648,0.415305,0.131452,0.17431
1780918713664,0.416148,0.13035,0.175804
1780918713680,0.416147,0.13035,0.175804
1780918713696,0.415741,0.130903,0.17506
1780918713712,0.41574,0.130903,0.17506
1780918713728,0.41574,0.130903,0.17506
1780918713744,0.415739,0.130903,0.17506
1780918713760,0.415303,0.131451,0.17431
1780918713776,0.41574,0.130903,0.17506
1780918713792,0.416869,0.133347,0.172782
1780918713808,0.417238,0.132818,0.173488
1780918713824,0.416464,0.13387,0.172071
1780918713840,0.416864,0.133346,0.172783
1780918713856,0.416467,0.133871,0.172071
1780918713872,0.417235,0.132817,0.173488
1780918713888,0.417235,0.132817,0.173488
1780918713904,0.416866,0.133347,0.172782
1780918713920,0.416861,0.133345,0.172782
1780918713936,0.416863,0.133346,0.172782
1780918713952,0.417232,0.132816,0.173488
1780918713968,0.417232,0.132816,0.173488
1780918713984,0.417226,0.132814,0.173488
1780918714000,0.416462,0.13387,0.17207
1780918714016,0.416863,0.133346,0.172782
1780918714031,0.417233,0.132816,0.173488
1780918714046,0.416866,0.133347,0.172782
1780918714062,0.417237,0.132818,0.173487
1780918714078,0.416868,0.133348,0.172782
1780918714094,0.417237,0.132818,0.173488
1780918714110,0.417235,0.132818,0.173487
1780918714125,0.416866,0.133347,0.172782
1780918714141,0.417232,0.132817,0.173487
1780918714157,0.416463,0.133871,0.172069
1780918714173,0.41646,0.13387,0.172069
1780918714189,0.416002,0.134377,0.171355
1780918714205,0.41686,0.133346,0.172781
1780918714221,0.41723,0.132817,0.173486
1780918714237,0.416863,0.133347,0.172781
1780918714253,0.416864,0.133348,0.172781
1780918714269,0.417233,0.132818,0.173486
1780918714284,0.417234,0.132818,0.173486
1780918714299,0.416597,0.136395,0.169362
1780918714315,0.416597,0.136395,0.169362
1780918714331,0.416597,0.136395,0.169362
1780918714346,0.416211,0.136955,0.168612
1780918714362,0.415798,0.137511,0.167856
1780918714377,0.416614,0.136401,0.169362
1780918714393,0.416614,0.136401,0.169362
1780918714409,0.416223,0.136959,0.168613
1780918714425,0.416222,0.136958,0.168613
1780918714441,0.416614,0.1364,0.169362
1780918714457,0.415801,0.137512,0.167857
1780918714473,0.416224,0.136959,0.168613
1780918714489,0.416229,0.13696,0.168613
1780918714505,0.41623,0.136961,0.168613
1780918714521,0.416623,0.136403,0.169363
1780918714537,0.416622,0.136403,0.169363
1780918714552,0.416622,0.136403,0.169363
1780918714568,0.416228,0.13696,0.168614
1780918714583,0.416619,0.136402,0.169363
1780918714598,0.415804,0.137512,0.167858
1780918714614,0.416225,0.136959,0.168614
1780918714630,0.416619,0.136401,0.169363
1780918714646,0.416227,0.136959,0.168614
1780918714662,0.41662,0.136402,0.169363
1780918714678,0.416621,0.136402,0.169363
1780918714694,0.416622,0.136402,0.169363
1780918714710,0.416623,0.136402,0.169364
1780918714725,0.416623,0.136402,0.169364
1780918714740,0.41623,0.13696,0.168614
1780918714756,0.416623,0.136402,0.169364
1780918714772,0.416623,0.136402,0.169364
1780918714788,0.416229,0.136959,0.168615
1780918714804,0.416622,0.136402,0.169364
1780918714820,0.41171,0.142139,0.161255
1780918714836,0.412151,0.141583,0.162035
1780918714852,0.411701,0.142136,0.161254
1780918714868,0.411694,0.142133,0.161255
1780918714884,0.411221,0.142681,0.160469
1780918714900,0.412131,0.141576,0.162036
1780918714916,0.412131,0.141576,0.162036
1780918714932,0.412128,0.141574,0.162037
1780918714948,0.411688,0.142129,0.161257
1780918714964,0.412131,0.141574,0.162037
1780918714980,0.411693,0.142131,0.161257
1780918714995,0.411695,0.142131,0.161257
1780918715011,0.411697,0.142132,0.161257
1780918715027,0.412138,0.141577,0.162037
1780918715043,0.411698,0.142133,0.161257
1780918715059,0.411702,0.142134,0.161257
1780918715075,0.412144,0.141579,0.162037
1780918715091,0.412144,0.141579,0.162037
1780918715107,0.411703,0.142135,0.161256
1780918715123,0.411702,0.142134,0.161256
1780918715139,0.412142,0.141579,0.162037
1780918715155,0.412141,0.141578,0.162037
1780918715171,0.411699,0.142133,0.161257
1780918715187,0.411699,0.142133,0.161257
1780918715203,0.41214,0.141578,0.162037
1780918715219,0.411699,0.142133,0.161257
1780918715235,0.41214,0.141578,0.162037
1780918715251,0.4117,0.142133,0.161257
1780918715267,0.412141,0.141578,0.162037
1780918715283,0.411701,0.142134,0.161257
1780918715299,0.411701,0.142134,0.161257
1780918715315,0.412142,0.141578,0.162037
1780918715330,0.411701,0.142134,0.161257
1780918715345,0.405134,0.142027,0.158832
1780918715361,0.405131,0.142026,0.158832
1780918715376,0.404665,0.142497,0.15812
1780918715392,0.404663,0.142497,0.15812
1780918715408,0.404663,0.142497,0.15812
1780918715424,0.405129,0.142025,0.158833
1780918715440,0.405129,0.142025,0.158833
1780918715456,0.405129,0.142025,0.158833
1780918715472,0.404665,0.142497,0.158121
1780918715488,0.404173,0.142961,0.157403
1780918715504,0.405127,0.142024,0.158833
1780918715520,0.404171,0.142961,0.157403
1780918715536,0.405127,0.142024,0.158833
1780918715552,0.404663,0.142496,0.15812
1780918715568,0.405128,0.142025,0.158833
1780918715584,0.404175,0.142963,0.157403
1780918715600,0.404664,0.142497,0.15812
1780918715616,0.405127,0.142025,0.158833
1780918715632,0.404662,0.142496,0.15812
1780918715648,0.40466,0.142495,0.15812
1780918715664,0.405125,0.142024,0.158833
1780918715680,0.405126,0.142024,0.158833
1780918715696,0.404661,0.142496,0.15812
1780918715712,0.405126,0.142024,0.158833
1780918715728,0.404662,0.142496,0.15812
1780918715744,0.404662,0.142496,0.15812
1780918715760,0.404662,0.142496,0.15812
1780918715776,0.405126,0.142024,0.158833
1780918715792,0.404171,0.142961,0.157403
1780918715808,0.404172,0.142961,0.157403
1780918715824,0.404171,0.142961,0.157403
1780918715840,0.405127,0.142024,0.158833
1780918715856,0.397486,0.140959,0.156988
1780918715872,0.398418,0.140055,0.158396
1780918715888,0.397485,0.140959,0.156988
1780918715904,0.398413,0.140053,0.158396
1780918715919,0.397959,0.140508,0.157695
1780918715935,0.398414,0.140054,0.158396
1780918715951,0.398414,0.140054,0.158396
1780918715967,0.398413,0.140053,0.158396
1780918715983,0.397486,0.140959,0.156988
1780918715999,0.398418,0.140055,0.158396
1780918716015,0.398419,0.140056,0.158396
1780918716031,0.398419,0.140056,0.158396
1780918716046,0.398419,0.140056,0.158396
1780918716061,0.398419,0.140056,0.158396
1780918716077,0.398419,0.140056,0.158396
1780918716093,0.398418,0.140055,0.158396
1780918716109,0.397487,0.140959,0.156988
1780918716125,0.39696,0.141392,0.156278
1780918716141,0.397964,0.14051,0.157695
1780918716157,0.397964,0.14051,0.157695
1780918716173,0.398417,0.140055,0.158396
1780918716189,0.397964,0.14051,0.157695
1780918716205,0.397964,0.14051,0.157695
1780918716220,0.397965,0.14051,0.157695
1780918716236,0.398419,0.140056,0.158396
1780918716252,0.397966,0.140511,0.157695
1780918716268,0.398419,0.140056,0.158396
1780918716284,0.398419,0.140055,0.158396
1780918716300,0.398418,0.140055,0.158396
1780918716316,0.397487,0.14096,0.156988
1780918716332,0.397964,0.14051,0.157695
1780918716348,0.397964,0.14051,0.157695
1780918716364,0.398417,0.140055,0.158396
1780918716380,0.39477,0.141618,0.15512
1780918716396,0.394344,0.142093,0.154396
1780918716412,0.39476,0.141614,0.155121
1780918716428,0.394759,0.141613,0.155121
1780918716444,0.394759,0.141613,0.155121
1780918716460,0.394772,0.14162,0.155118
1780918716475,0.394354,0.1421,0.154393
1780918716491,0.394775,0.141622,0.155118
1780918716507,0.393909,0.142573,0.153662
1780918716522,0.394768,0.14162,0.155117
1780918716539,0.394768,0.14162,0.155117
1780918716554,0.394348,0.142097,0.154394
1780918716570,0.394768,0.141618,0.155119
1780918716586,0.393904,0.142568,0.153665
1780918716602,0.394348,0.142096,0.154395
1780918716618,0.394769,0.141618,0.15512
1780918716634,0.394773,0.141621,0.155119
1780918716650,0.394774,0.141621,0.155118
1780918716666,0.394354,0.142099,0.154394
1780918716682,0.394352,0.142098,0.154394
1780918716698,0.394771,0.14162,0.155119
1780918716714,0.39477,0.141619,0.155119
1780918716730,0.394768,0.141618,0.155119
1780918716745,0.394767,0.141618,0.155119
1780918716760,0.394345,0.142095,0.154395
1780918716776,0.394765,0.141617,0.155119
1780918716792,0.394765,0.141617,0.155119
1780918716808,0.393902,0.142568,0.153665
1780918716824,0.394766,0.141618,0.155119
1780918716840,0.394766,0.141618,0.155119
1780918716856,0.394766,0.141618,0.155119
1780918716872,0.393904,0.142569,0.153664
1780918716888,0.395933,0.142924,0.1541
1780918716904,0.395631,0.143339,0.153498
1780918716920,0.395906,0.142915,0.154099
1780918716936,0.395562,0.143317,0.153495
1780918716952,0.395242,0.143725,0.152893
1780918716968,0.395563,0.143317,0.153495
1780918716984,0.395245,0.143725,0.152893
1780918716999,0.39587,0.142903,0.154098
1780918717014,0.39587,0.142903,0.154098
1780918717030,0.395881,0.142907,0.154098
1780918717046,0.395266,0.143732,0.152894
1780918717061,0.395891,0.14291,0.154098
1780918717076,0.395595,0.143327,0.153496
1780918717092,0.395898,0.142912,0.154099
1780918717108,0.394915,0.144125,0.152294
1780918717124,0.395596,0.143328,0.153496
1780918717139,0.395897,0.142912,0.154099
1780918717155,0.395595,0.143328,0.153496
1780918717171,0.395593,0.143327,0.153496
1780918717187,0.395592,0.143327,0.153496
1780918717203,0.395273,0.143734,0.152894
1780918717218,0.395591,0.143326,0.153496
1780918717235,0.395892,0.142911,0.154098
1780918717251,0.395894,0.142911,0.154098
1780918717267,0.395894,0.142911,0.154098
1780918717283,0.395895,0.142911,0.154098
1780918717299,0.395594,0.143327,0.153496
1780918717315,0.395895,0.142912,0.154098
1780918717331,0.395595,0.143327,0.153496
1780918717347,0.395896,0.142912,0.154099
1780918717363,0.395897,0.142912,0.154099
1780918717379,0.395897,0.142912,0.154098
1780918717395,0.395594,0.143327,0.153496
1780918717411,0.414963,0.129613,0.176206
1780918717427,0.414971,0.129615,0.176206
1780918717443,0.414843,0.129892,0.175859
1780918717459,0.414963,0.129611,0.176207
1780918717475,0.41494,0.129604,0.176207
1780918717491,0.41494,0.129604,0.176207
1780918717507,0.41494,0.129604,0.176207
1780918717523,0.4147,0.130001,0.17569
1780918717538,0.41494,0.129604,0.176207
1780918717553,0.414884,0.129747,0.176032
1780918717569,0.414939,0.129604,0.176207
1780918717585,0.414821,0.129884,0.175859
1780918717600,0.414949,0.129607,0.176207
1780918717616,0.414951,0.129607,0.176207
1780918717632,0.414952,0.129607,0.176208
1780918717648,0.414897,0.12975,0.176032
1780918717664,0.414827,0.129886,0.175859
1780918717680,0.4149,0.129751,0.176032
1780918717696,0.414896,0.12975,0.176032
1780918717712,0.414945,0.129605,0.176207
1780918717728,0.414816,0.129883,0.17586
1780918717744,0.414946,0.129606,0.176207
1780918717760,0.414955,0.129609,0.176207
1780918717775,0.414962,0.129611,0.176208
1780918717790,0.414909,0.129754,0.176033
1780918717806,0.414959,0.129609,0.176208
1780918717822,0.414955,0.129608,0.176208
1780918717838,0.414951,0.129607,0.176208
1780918717854,0.41495,0.129607,0.176208
1780918717870,0.414819,0.129884,0.17586
1780918717886,0.414947,0.129606,0.176207
1780918717902,0.426496,0.113646,0.197061
1780918717918,0.426495,0.113646,0.197061
1780918717934,0.426483,0.113643,0.197062
1780918717949,0.426281,0.113802,0.196834
1780918717965,0.426274,0.1138,0.196835
1780918717981,0.426263,0.113796,0.196836
1780918717997,0.426457,0.113634,0.197063
1780918718013,0.426457,0.113634,0.197063
1780918718029,0.42626,0.113795,0.196836
1780918718045,0.426467,0.113636,0.197064
1780918718061,0.426485,0.113641,0.197064
1780918718076,0.426485,0.113641,0.197064
1780918718091,0.426095,0.113967,0.196605
1780918718107,0.4261,0.113968,0.196605
1780918718123,0.426503,0.113647,0.197063
1780918718139,0.426495,0.113645,0.197063
1780918718155,0.42649,0.113643,0.197063
1780918718171,0.426286,0.113802,0.196836
1780918718187,0.426477,0.113639,0.197064
1780918718203,0.426064,0.113957,0.196607
1780918718218,0.426273,0.113797,0.196837
1780918718234,0.426466,0.113635,0.197065
1780918718250,0.42606,0.113956,0.196607
1780918718266,0.426273,0.113797,0.196837
1780918718282,0.426468,0.113636,0.197065
1780918718298,0.426472,0.113637,0.197064
1780918718314,0.42628,0.113799,0.196837
1780918718330,0.426475,0.113638,0.197064
1780918718346,0.426475,0.113638,0.197064
1780918718361,0.426474,0.113638,0.197064
1780918718376,0.426068,0.113958,0.196607
1780918718392,0.426278,0.113799,0.196837
1780918718408,0.426471,0.113637,0.197065
1780918718424,0.420836,0.112399,0.196779
1780918718440,0.420551,0.112639,0.196438
1780918718455,0.42083,0.112398,0.196779
1780918718470,0.42025,0.112875,0.196095
1780918718486,0.420546,0.112638,0.196438
1780918718502,0.420548,0.112638,0.196438
1780918718518,0.420828,0.112397,0.196779
1780918718534,0.420255,0.112877,0.196095
1780918718549,0.420833,0.112399,0.196779
1780918718564,0.420556,0.112641,0.196437
1780918718580,0.42056,0.112642,0.196437
1780918718596,0.420264,0.112879,0.196095
1780918718612,0.42056,0.112642,0.196437
1780918718628,0.420266,0.11288,0.196094
1780918718644,0.42056,0.112642,0.196437
1780918718660,0.420561,0.112642,0.196437
1780918718676,0.420562,0.112643,0.196437
1780918718691,0.420563,0.112643,0.196437
1780918718706,0.420562,0.112643,0.196437
1780918718722,0.420841,0.112402,0.196778
1780918718738,0.420556,0.112641,0.196437
1780918718754,0.420554,0.112641,0.196437
1780918718770,0.420553,0.11264,0.196437
1780918718786,0.420552,0.11264,0.196437
1780918718802,0.420834,0.112399,0.196779
1780918718818,0.420559,0.112642,0.196437
1780918718834,0.42084,0.112401,0.196778
1780918718850,0.420269,0.112881,0.196094
1780918718866,0.420844,0.112402,0.196778
1780918718882,0.420565,0.112644,0.196437
1780918718898,0.420564,0.112643,0.196437
1780918718914,0.42084,0.112401,0.196778
1780918718930,0.420559,0.112642,0.196437
1780918718946,0.409374,0.113702,0.191934
1780918718962,0.409358,0.113698,0.191934
1780918718977,0.409377,0.113703,0.191934
1780918718993,0.40976,0.113497,0.19228
1780918719009,0.409771,0.1135,0.19228
1780918719025,0.40909,0.113935,0.191586
1780918719041,0.409796,0.113507,0.19228
1780918719057,0.409445,0.113722,0.191934
1780918719073,0.409774,0.113501,0.19228
1780918719089,0.40942,0.113715,0.191934
1780918719105,0.409763,0.113498,0.19228
1780918719121,0.409411,0.113712,0.191934
1780918719137,0.409412,0.113712,0.191934
1780918719153,0.409416,0.113713,0.191934
1780918719169,0.409765,0.113498,0.19228
1780918719185,0.409417,0.113714,0.191934
1780918719201,0.409057,0.113926,0.191587
1780918719216,0.409418,0.113714,0.191934
1780918719231,0.409765,0.113498,0.19228
1780918719247,0.409418,0.113714,0.191934
1780918719263,0.409417,0.113714,0.191934
1780918719279,0.409413,0.113712,0.191934
1780918719295,0.409411,0.113712,0.191934
1780918719311,0.409758,0.113496,0.19228
1780918719326,0.409758,0.113496,0.19228
1780918719342,0.409758,0.113496,0.19228
1780918719358,0.409411,0.113712,0.191934
1780918719374,0.409411,0.113712,0.191934
1780918719390,0.409049,0.113924,0.191587
1780918719406,0.409758,0.113496,0.19228
1780918719422,0.409759,0.113497,0.19228
1780918719438,0.409759,0.113497,0.19228
1780918719454,0.398638,0.114295,0.187857
1780918719470,0.398329,0.114521,0.187498
1780918719486,0.398645,0.114297,0.187858
1780918719502,0.398003,0.114743,0.187138
1780918719518,0.398329,0.114521,0.187498
1780918719534,0.398001,0.114742,0.187138
1780918719550,0.39864,0.114295,0.187858
1780918719566,0.398326,0.11452,0.187498
1780918719582,0.398326,0.11452,0.187498
1780918719598,0.39864,0.114295,0.187858
1780918719613,0.398326,0.11452,0.187498
1780918719629,0.398001,0.114742,0.187138
1780918719645,0.39833,0.114521,0.187498
1780918719661,0.398643,0.114296,0.187858
1780918719677,0.398327,0.114521,0.187498
1780918719693,0.398639,0.114295,0.187858
1780918719709,0.397998,0.114742,0.187138
1780918719725,0.398324,0.11452,0.187498
1780918719740,0.398637,0.114295,0.187858
1780918719756,0.398324,0.11452,0.187498
1780918719772,0.398326,0.11452,0.187498
1780918719788,0.398327,0.114521,0.187498
1780918719803,0.398327,0.114521,0.187498
1780918719819,0.398641,0.114296,0.187857
1780918719835,0.39864,0.114296,0.187857
1780918719851,0.398326,0.11452,0.187498
1780918719867,0.398326,0.11452,0.187498
1780918719883,0.398,0.114742,0.187138
1780918719899,0.398327,0.11452,0.187498
1780918719914,0.398326,0.11452,0.187498
1780918719930,0.398639,0.114295,0.187858
1780918719945,0.398325,0.11452,0.187498
1780918719961,0.398639,0.114295,0.187857
1780918719977,0.398,0.114742,0.187138
1780918719993,0.393007,0.117207,0.182622
1780918720009,0.392418,0.117684,0.181866
1780918720025,0.392997,0.117205,0.182621
1780918720041,0.392709,0.117445,0.182244
1780918720057,0.39241,0.117682,0.181866
1780918720073,0.392996,0.117204,0.182621
1780918720089,0.392712,0.117445,0.182244
1780918720105,0.392722,0.117448,0.182245
1780918720120,0.392724,0.117449,0.182245
1780918720135,0.393014,0.117209,0.182622
1780918720151,0.392432,0.117688,0.181867
1780918720167,0.393017,0.11721,0.182622
1780918720183,0.393017,0.11721,0.182622
1780918720199,0.393014,0.117209,0.182622
1780918720215,0.392426,0.117686,0.181866
1780918720231,0.393008,0.117208,0.182622
1780918720246,0.392721,0.117448,0.182245
1780918720262,0.393006,0.117207,0.182622
1780918720278,0.393006,0.117207,0.182622
1780918720294,0.393006,0.117207,0.182622
1780918720310,0.392721,0.117448,0.182245
1780918720326,0.392721,0.117448,0.182245
1780918720341,0.392721,0.117448,0.182245
1780918720357,0.393007,0.117207,0.182622
1780918720373,0.393006,0.117207,0.182622
1780918720389,0.392421,0.117685,0.181866
1780918720405,0.392721,0.117448,0.182245
1780918720421,0.393008,0.117208,0.182622
1780918720437,0.392722,0.117448,0.182245
1780918720453,0.393007,0.117207,0.182622
1780918720469,0.393007,0.117207,0.182622
1780918720485,0.393007,0.117207,0.182622
1780918720501,0.389607,0.12088,0.177154
1780918720516,0.389605,0.12088,0.177153
1780918720531,0.389603,0.120879,0.177153
1780918720547,0.388776,0.121593,0.176018
1780918720563,0.389344,0.121122,0.176776
1780918720579,0.389604,0.120879,0.177154
1780918720595,0.389072,0.121362,0.176397
1780918720611,0.389603,0.120879,0.177154
1780918720627,0.389343,0.121122,0.176776
1780918720643,0.389602,0.120879,0.177153
1780918720659,0.389604,0.120879,0.177154
1780918720675,0.389604,0.12088,0.177154
1780918720691,0.389345,0.121123,0.176776
1780918720706,0.389074,0.121363,0.176397
1780918720722,0.389345,0.121123,0.176776
1780918720738,0.389074,0.121363,0.176397
1780918720754,0.389345,0.121123,0.176776
1780918720770,0.389345,0.121123,0.176776
1780918720786,0.389345,0.121123,0.176776
1780918720802,0.389344,0.121123,0.176776
1780918720818,0.389344,0.121122,0.176776
1780918720834,0.389344,0.121122,0.176776
1780918720850,0.389603,0.120879,0.177153
1780918720866,0.389344,0.121122,0.176776
1780918720882,0.389072,0.121362,0.176397
1780918720898,0.389602,0.120879,0.177154
1780918720914,0.389602,0.120879,0.177153
1780918720930,0.389344,0.121123,0.176776
1780918720946,0.389074,0.121363,0.176397
1780918720961,0.389604,0.12088,0.177154
1780918720976,0.389345,0.121123,0.176776
1780918720992,0.389074,0.121363,0.176397
1780918721008,0.388231,0.125392,0.171371
1780918721024,0.388734,0.124883,0.172157
1780918721040,0.38849,0.125139,0.171765
1780918721056,0.388489,0.125139,0.171765
1780918721072,0.388232,0.125393,0.171371
1780918721088,0.388733,0.124882,0.172157
1780918721104,0.388733,0.124882,0.172157
1780918721120,0.388486,0.125138,0.171765
1780918721135,0.388489,0.125139,0.171765
1780918721150,0.38849,0.12514,0.171765
1780918721166,0.38849,0.12514,0.171765
1780918721182,0.388232,0.125393,0.171371
1780918721198,0.388734,0.124883,0.172157
1780918721213,0.388489,0.125139,0.171765
1780918721228,0.388487,0.125139,0.171764
1780918721244,0.38823,0.125392,0.171371
1780918721260,0.388489,0.125139,0.171765
1780918721276,0.388491,0.12514,0.171765
1780918721292,0.388738,0.124884,0.172157
1780918721308,0.388738,0.124884,0.172157
1780918721324,0.388738,0.124884,0.172157
1780918721340,0.388235,0.125393,0.171371
1780918721356,0.388491,0.12514,0.171765
1780918721372,0.388734,0.124883,0.172157
1780918721388,0.388489,0.125139,0.171765
1780918721404,0.388734,0.124883,0.172157
1780918721420,0.388232,0.125393,0.171371
1780918721436,0.388735,0.124883,0.172157
1780918721452,0.388735,0.124883,0.172157
1780918721468,0.388735,0.124883,0.172157
1780918721484,0.388234,0.125393,0.171371
1780918721500,0.388735,0.124883,0.172157
1780918721516,0.38849,0.12514,0.171765
1780918721532,0.386906,0.130176,0.165248
1780918721548,0.386906,0.130176,0.165248
1780918721564,0.386906,0.130176,0.165248
1780918721579,0.386906,0.130176,0.165248
1780918721595,0.387161,0.129913,0.165658
1780918721611,0.386906,0.130176,0.165248
1780918721627,0.386906,0.130176,0.165248
1780918721643,0.386906,0.130176,0.165248
1780918721659,0.386906,0.130176,0.165248
1780918721675,0.387162,0.129913,0.165658
1780918721691,0.386906,0.130176,0.165248
1780918721706,0.386906,0.130176,0.165248
1780918721722,0.386906,0.130176,0.165248
1780918721737,0.386907,0.130176,0.165248
1780918721752,0.387162,0.129913,0.165658
1780918721768,0.386906,0.130176,0.165248
1780918721783,0.387161,0.129913,0.165658
1780918721798,0.386637,0.130435,0.164837
1780918721813,0.38716,0.129912,0.165658
1780918721828,0.386905,0.130176,0.165248
1780918721843,0.386905,0.130176,0.165248
1780918721859,0.387161,0.129913,0.165658
1780918721875,0.386905,0.130176,0.165248
1780918721891,0.386905,0.130176,0.165248
1780918721907,0.386638,0.130436,0.164837
1780918721923,0.386906,0.130176,0.165248
1780918721939,0.386906,0.130176,0.165248
1780918721955,0.386638,0.130436,0.164837
1780918721971,0.387161,0.129913,0.165658
1780918721987,0.386905,0.130176,0.165248
1780918722003,0.387161,0.129913,0.165658
1780918722019,0.386638,0.130436,0.164837
1780918722035,0.385398,0.133133,0.161162
1780918722051,0.385639,0.132902,0.161533
1780918722067,0.38564,0.132902,0.161533
1780918722083,0.38564,0.132902,0.161533
1780918722099,0.38564,0.132902,0.161533
1780918722115,0.385639,0.132902,0.161533
1780918722131,0.385397,0.133133,0.161162
1780918722146,0.385638,0.132901,0.161533
1780918722162,0.385641,0.132902,0.161533
1780918722178,0.385642,0.132903,0.161533
1780918722193,0.385403,0.133135,0.161162
1780918722209,0.385644,0.132903,0.161533
1780918722225,0.385404,0.133135,0.161162
1780918722242,0.385644,0.132903,0.161533
1780918722257,0.385151,0.133362,0.160791
1780918722273,0.385401,0.133134,0.161162
1780918722289,0.3854,0.133134,0.161162
1780918722305,0.38564,0.132902,0.161533
1780918722321,0.385639,0.132902,0.161533
1780918722337,0.38564,0.132902,0.161533
1780918722353,0.385399,0.133134,0.161162
1780918722369,0.38564,0.132902,0.161533
1780918722385,0.385401,0.133134,0.161162
1780918722401,0.385401,0.133134,0.161162
1780918722417,0.385641,0.132903,0.161533
1780918722432,0.385641,0.132903,0.161533
1780918722447,0.3854,0.133134,0.161162
1780918722463,0.3854,0.133134,0.161162
1780918722479,0.38564,0.132902,0.161533
1780918722495,0.385639,0.132902,0.161533
1780918722511,0.385639,0.132902,0.161533
1780918722527,0.385639,0.132902,0.161533
1780918722543,0.385639,0.132902,0.161533
1780918722559,0.386283,0.132948,0.16174
1780918722575,0.386287,0.13295,0.16174
1780918722591,0.386289,0.13295,0.16174
1780918722607,0.386492,0.132745,0.162063
1780918722624,0.386491,0.132745,0.162063
1780918722639,0.386489,0.132744,0.162063
1780918722655,0.386489,0.132743,0.162064
1780918722671,0.386486,0.132743,0.162064
1780918722687,0.386485,0.132742,0.162064
1780918722702,0.386484,0.132742,0.162064
1780918722718,0.38628,0.132947,0.16174
1780918722734,0.386484,0.132742,0.162063
1780918722750,0.386067,0.133148,0.161416
1780918722766,0.386282,0.132948,0.16174
1780918722781,0.386069,0.133149,0.161416
1780918722797,0.386284,0.132948,0.16174
1780918722813,0.386069,0.133149,0.161417
1780918722829,0.386487,0.132743,0.162064
1780918722846,0.386069,0.133149,0.161417
1780918722861,0.386069,0.133149,0.161417
1780918722877,0.386487,0.132743,0.162064
1780918722893,0.386486,0.132742,0.162064
1780918722908,0.386486,0.132743,0.162064
1780918722924,0.386068,0.133148,0.161417
1780918722940,0.386283,0.132947,0.16174
1780918722956,0.386068,0.133149,0.161417
1780918722972,0.386487,0.132743,0.162064
1780918722988,0.386283,0.132947,0.16174
1780918723003,0.386487,0.132743,0.162064
1780918723019,0.386284,0.132948,0.16174
1780918723035,0.386488,0.132743,0.162064
1780918723051,0.38607,0.133149,0.161417
1780918723067,0.389188,0.131473,0.16463
1780918723083,0.388766,0.131872,0.163997
1780918723099,0.38918,0.13147,0.164631
1780918723115,0.388976,0.131672,0.164314
1780918723131,0.388977,0.131672,0.164314
1780918723147,0.388978,0.131672,0.164314
1780918723163,0.38898,0.131673,0.164314
1780918723179,0.388772,0.131874,0.163997
1780918723195,0.389207,0.131479,0.16463
1780918723211,0.389211,0.131481,0.16463
1780918723227,0.389198,0.131476,0.16463
1780918723243,0.38898,0.131673,0.164314
1780918723259,0.389154,0.131461,0.164631
1780918723275,0.389154,0.131461,0.164631
1780918723292,0.389143,0.131457,0.164631
1780918723307,0.389143,0.131457,0.164631
1780918723323,0.388945,0.131661,0.164315
1780918723339,0.389183,0.131471,0.164631
1780918723355,0.389186,0.131472,0.16463
1780918723371,0.388986,0.131675,0.164314
1780918723387,0.388981,0.131674,0.164314
1780918723403,0.388977,0.131672,0.164314
1780918723419,0.389178,0.131469,0.164631
1780918723435,0.389186,0.131472,0.16463
1780918723451,0.389192,0.131474,0.16463
1780918723467,0.388995,0.131678,0.164314
1780918723483,0.389,0.13168,0.164314
1780918723499,0.389202,0.131478,0.16463
1780918723515,0.38899,0.131677,0.164314
1780918723531,0.388768,0.131873,0.163997
1780918723546,0.388975,0.131671,0.164314
1780918723562,0.389172,0.131467,0.164631
1780918723578,0.388966,0.131669,0.164314
1780918723594,0.388749,0.132619,0.163116
1780918723610,0.389067,0.132216,0.163714
1780918723626,0.38901,0.132204,0.163706
1780918723642,0.38901,0.132204,0.163706
1780918723658,0.388781,0.132387,0.163401
1780918723674,0.388789,0.132389,0.163402
1780918723690,0.388808,0.132394,0.163403
1780918723706,0.388827,0.1324,0.163404
1780918723722,0.389004,0.132201,0.163707
1780918723738,0.388839,0.132406,0.163402
1780918723754,0.389004,0.132202,0.163706
1780918723770,0.388825,0.132404,0.163399
1780918723786,0.388819,0.132402,0.163399
1780918723802,0.38897,0.132194,0.163702
1780918723818,0.388125,0.133191,0.162198
1780918723834,0.388984,0.132197,0.163704
1780918723850,0.388844,0.132408,0.163401
1780918723866,0.38901,0.132204,0.163706
1780918723882,0.38901,0.132204,0.163706
1780918723898,0.389018,0.132207,0.163706
1780918723914,0.388847,0.132409,0.163401
1780918723930,0.38901,0.132205,0.163705
1780918723945,0.38901,0.132205,0.163705
1780918723961,0.388837,0.132406,0.163401
1780918723977,0.389003,0.132202,0.163705
1780918723993,0.389003,0.132202,0.163706
1780918724009,0.38884,0.132406,0.163402
1780918724025,0.389006,0.132202,0.163706
1780918724041,0.389011,0.132204,0.163706
1780918724057,0.389012,0.132204,0.163706
1780918724073,0.389007,0.132203,0.163706
1780918724089,0.388661,0.132604,0.163099
1780918724105,0.452121,0.116927,0.200628
1780918724120,0.452111,0.116927,0.200625
1780918724136,0.450826,0.11713,0.200085
1780918724151,0.450808,0.11713,0.200081
1780918724166,0.450808,0.11713,0.200081
1780918724182,0.45079,0.11713,0.200076
1780918724198,0.450747,0.117125,0.200069
1780918724214,0.452006,0.116924,0.200601
1780918724230,0.450746,0.117125,0.20007
1780918724246,0.452017,0.116924,0.200604
1780918724262,0.452024,0.116925,0.200605
1780918724278,0.450766,0.117126,0.200073
1780918724293,0.452032,0.116927,0.200605
1780918724309,0.450773,0.117128,0.200074
1780918724325,0.452027,0.116927,0.200604
1780918724341,0.450764,0.117128,0.200072
1780918724357,0.453279,0.116717,0.201139
1780918724373,0.450753,0.117127,0.20007
1780918724389,0.45327,0.116716,0.201138
1780918724406,0.452005,0.116925,0.2006
1780918724421,0.450749,0.117126,0.200069
1780918724437,0.452008,0.116925,0.200601
1780918724452,0.450752,0.117126,0.20007
1780918724468,0.453277,0.116716,0.201139
1780918724484,0.450756,0.117127,0.20007
1780918724501,0.452014,0.116926,0.200601
1780918724516,0.450758,0.117127,0.200071
1780918724532,0.450761,0.117127,0.200071
1780918724548,0.452021,0.116926,0.200603
1780918724564,0.450762,0.117127,0.200071
1780918724580,0.450762,0.117127,0.200071
1780918724596,0.452017,0.116926,0.200602
1780918724611,0.584824,0.0787966,0.256938
1780918724626,0.585757,0.0785463,0.25723
1780918724642,0.58576,0.0785456,0.257231
1780918724658,0.585789,0.0785478,0.257232
1780918724674,0.586745,0.0783053,0.25752
1780918724690,0.587659,0.0780615,0.257802
1780918724706,0.584893,0.0788028,0.256941
1780918724722,0.584887,0.0788034,0.25694
1780918724737,0.585827,0.0785563,0.25723
1780918724752,0.586732,0.0783081,0.257516
1780918724768,0.584851,0.0788003,0.256938
1780918724784,0.586697,0.0783041,0.257515
1780918724800,0.585768,0.0785502,0.257228
1780918724815,0.585764,0.0785495,0.257228
1780918724830,0.585759,0.0785488,0.257228
1780918724846,0.586683,0.0783018,0.257516
1780918724862,0.585763,0.0785489,0.257229
1780918724878,0.585766,0.0785493,0.257229
1780918724893,0.584828,0.0787969,0.256939
1780918724909,0.589399,0.0775738,0.258357
1780918724925,0.584841,0.0787985,0.256939
1780918724941,0.586708,0.078305,0.257516
1780918724957,0.585786,0.0785519,0.257229
1780918724973,0.584844,0.0787991,0.256938
1780918724989,0.584842,0.0787991,0.256938
1780918725006,0.584841,0.078799,0.256938
1780918725021,0.58578,0.0785515,0.257228
1780918725037,0.585779,0.0785513,0.257228
1780918725053,0.587595,0.0780565,0.2578
1780918725069,0.585778,0.0785513,0.257228
1780918725085,0.585778,0.0785512,0.257229
1780918725101,0.585779,0.0785513,0.257229
1780918725116,0.586702,0.0783045,0.257516
1780918725133,0.622114,0.0602997,0.274124
1780918725148,0.622319,0.0601524,0.274246
1780918725164,0.622107,0.060299,0.274124
1780918725180,0.622213,0.0602251,0.274186
1780918725196,0.622098,0.0602982,0.274124
1780918725212,0.622204,0.0602243,0.274185
1780918725227,0.622085,0.0602969,0.274124
1780918725243,0.622081,0.0602966,0.274124
1780918725259,0.622077,0.0602961,0.274124
1780918725275,0.622288,0.0601494,0.274246
1780918725291,0.62208,0.0602964,0.274124
1780918725307,0.622083,0.0602966,0.274124
1780918725323,0.622192,0.060223,0.274186
1780918725339,0.622082,0.0602966,0.274124
1780918725355,0.622288,0.0601494,0.274246
1780918725371,0.62206,0.0602945,0.274124
1780918725387,0.622256,0.0601464,0.274246
1780918725403,0.622163,0.0602203,0.274186
1780918725419,0.622192,0.0602231,0.274186
1780918725435,0.622212,0.060225,0.274186
1780918725451,0.622216,0.0602254,0.274186
1780918725467,0.622216,0.0602255,0.274185
1780918725483,0.622298,0.0601505,0.274246
1780918725499,0.622087,0.0602972,0.274124
1780918725515,0.622078,0.0602962,0.274124
1780918725531,0.622078,0.0602962,0.274124
1780918725548,0.622194,0.0602232,0.274186
1780918725563,0.622199,0.0602236,0.274186
1780918725580,0.622099,0.0602982,0.274124
1780918725596,0.622109,0.0602991,0.274124
1780918725612,0.62211,0.0602992,0.274124
1780918725626,0.622313,0.0601518,0.274246
1780918725642,0.617128,0.0550158,0.27766
1780918725658,0.617159,0.0550071,0.277668
1780918725674,0.617213,0.0550129,0.277668
1780918725690,0.61721,0.0550245,0.277659
1780918725707,0.617231,0.0550146,0.277668
1780918725722,0.617226,0.0550139,0.277668
1780918725738,0.617216,0.0550128,0.277668
1780918725754,0.617181,0.0550213,0.277659
1780918725771,0.617178,0.055009,0.277668
1780918725786,0.617167,0.0549962,0.277677
1780918725802,0.617137,0.055017,0.27766
1780918725819,0.617147,0.054983,0.277685
1780918725834,0.61714,0.0550173,0.27766
1780918725850,0.617145,0.0550179,0.27766
1780918725866,0.617149,0.0550182,0.27766
1780918725882,0.617162,0.0549844,0.277685
1780918725898,0.617161,0.0550073,0.277668
1780918725915,0.617157,0.0550069,0.277668
1780918725930,0.617149,0.0550061,0.277668
1780918725946,0.617138,0.055017,0.27766
1780918725962,0.617143,0.0550055,0.277668
1780918725977,0.617144,0.0550056,0.277668
1780918725993,0.61715,0.0550063,0.277668
1780918726009,0.617162,0.0549733,0.277694
1780918726025,0.617154,0.0550186,0.27766
1780918726041,0.61716,0.0550191,0.27766
1780918726057,0.617173,0.0550084,0.277668
1780918726073,0.617172,0.0550083,0.277668
1780918726089,0.617167,0.0550078,0.277668
1780918726105,0.617153,0.0550185,0.27766
1780918726122,0.617161,0.0550073,0.277668
1780918726137,0.617161,0.0550074,0.277668
1780918726153,0.617163,0.0549845,0.277685
1780918726169,0.61098,0.0536862,0.278241
1780918726185,0.61098,0.0536862,0.278241
1780918726201,0.610952,0.0536833,0.278242
1780918726217,0.610947,0.0536828,0.278242
1780918726233,0.610919,0.0536801,0.278242
1780918726248,0.610838,0.0536721,0.278243
1780918726265,0.610906,0.0536789,0.278242
1780918726280,0.610912,0.0536794,0.278242
1780918726296,0.610882,0.0536765,0.278242
1780918726311,0.61092,0.0536802,0.278242
1780918726327,0.610858,0.0536739,0.278243
1780918726343,0.610896,0.0536779,0.278242
1780918726359,0.610896,0.0536779,0.278242
1780918726375,0.610894,0.0536776,0.278242
1780918726391,0.610852,0.0536734,0.278243
1780918726407,0.610922,0.0536804,0.278242
1780918726423,0.610885,0.0536768,0.278242
1780918726438,0.610884,0.0536767,0.278242
1780918726454,0.610846,0.0536729,0.278243
1780918726470,0.610884,0.0536768,0.278242
1780918726485,0.610885,0.0536768,0.278242
1780918726501,0.610886,0.0536769,0.278242
1780918726517,0.610888,0.0536771,0.278242
1780918726532,0.61089,0.0536773,0.278242
1780918726549,0.610891,0.0536773,0.278242
1780918726565,0.610925,0.0536807,0.278242
1780918726580,0.610925,0.0536807,0.278242
1780918726596,0.610893,0.0536776,0.278242
1780918726612,0.610925,0.0536807,0.278242
1780918726627,0.610925,0.0536807,0.278242
1780918726643,0.610893,0.0536775,0.278242
1780918726658,0.610891,0.0536774,0.278242
1780918726674,0.596743,0.0509641,0.279362
1780918726690,0.596979,0.0510198,0.279335
1780918726706,0.59675,0.0509647,0.279362
1780918726722,0.596985,0.0510202,0.279335
1780918726739,0.596999,0.0510213,0.279335
1780918726753,0.596998,0.0510214,0.279335
1780918726769,0.59698,0.0510204,0.279334
1780918726784,0.596968,0.0510195,0.279334
1780918726800,0.596716,0.0509625,0.279361
1780918726816,0.59683,0.05099,0.279348
1780918726833,0.596832,0.0509901,0.279348
1780918726848,0.596843,0.0509909,0.279348
1780918726865,0.596978,0.0510201,0.279335
1780918726881,0.596867,0.050993,0.279348
1780918726896,0.596872,0.0509936,0.279348
1780918726912,0.596872,0.0509937,0.279348
1780918726928,0.596986,0.0510211,0.279334
1780918726945,0.596983,0.0510209,0.279334
1780918726961,0.596982,0.0510208,0.279334
1780918726976,0.596745,0.050965,0.279361
1780918726992,0.596865,0.050993,0.279348
1780918727009,0.59698,0.0510204,0.279334
1780918727024,0.596981,0.0510204,0.279334
1780918727041,0.596981,0.0510205,0.279334
1780918727056,0.596867,0.050993,0.279348
1780918727073,0.596987,0.0510209,0.279335
1780918727089,0.596987,0.0510209,0.279335
1780918727104,0.596872,0.0509934,0.279348
1780918727120,0.596752,0.0509654,0.279361
1780918727136,0.596986,0.0510209,0.279334
1780918727152,0.596986,0.0510209,0.279334
1780918727168,0.596869,0.0509933,0.279348
1780918727184,0.584725,0.0479598,0.2809
1780918727200,0.584777,0.0479853,0.280883
1780918727215,0.584756,0.0479729,0.280891
1780918727231,0.584781,0.0479856,0.280883
1780918727248,0.584781,0.0479856,0.280883
1780918727264,0.584775,0.0479851,0.280883
1780918727279,0.584771,0.0479848,0.280883
1780918727295,0.584771,0.0479847,0.280883
1780918727311,0.584744,0.0479719,0.280891
1780918727328,0.584769,0.0479846,0.280883
1780918727342,0.584745,0.0479719,0.280891
1780918727357,0.584744,0.0479718,0.280891
1780918727373,0.584717,0.0479591,0.2809
1780918727389,0.584772,0.0479849,0.280883
1780918727406,0.584772,0.0479849,0.280883
1780918727422,0.58475,0.0479723,0.280891
1780918727437,0.584776,0.0479851,0.280883
1780918727453,0.584661,0.0479334,0.280916
1780918727469,0.584776,0.0479852,0.280883
1780918727485,0.584777,0.0479852,0.280883
1780918727501,0.584777,0.0479852,0.280883
1780918727517,0.584752,0.0479725,0.280891
1780918727533,0.584777,0.0479852,0.280883
1780918727549,0.584723,0.0479595,0.2809
1780918727565,0.584751,0.0479724,0.280891
1780918727582,0.584722,0.0479594,0.2809
1780918727597,0.584775,0.0479851,0.280883
1780918727611,0.584722,0.0479594,0.2809
1780918727627,0.584749,0.0479723,0.280891
1780918727643,0.584775,0.0479851,0.280883
1780918727659,0.58475,0.0479723,0.280891
1780918727675,0.584722,0.0479595,0.2809
1780918727691,0.584776,0.0479851,0.280883
1780918727707,0.580883,0.0470254,0.281384
1780918727723,0.580883,0.0470253,0.281384
1780918727739,0.580883,0.0470253,0.281384
1780918727755,0.580891,0.0470232,0.281386
1780918727772,0.580883,0.0470253,0.281384
1780918727787,0.580884,0.0470253,0.281384
1780918727803,0.580873,0.0470273,0.281382
1780918727819,0.580892,0.0470233,0.281386
1780918727835,0.580873,0.0470273,0.281382
1780918727851,0.580894,0.0470234,0.281386
1780918727868,0.580875,0.0470275,0.281382
1780918727883,0.580886,0.0470256,0.281384
1780918727899,0.580874,0.0470274,0.281382
1780918727915,0.580885,0.0470255,0.281384
1780918727931,0.580892,0.0470233,0.281386
1780918727946,0.580884,0.0470254,0.281384
1780918727963,0.580892,0.0470232,0.281386
1780918727977,0.580884,0.0470253,0.281384
1780918727992,0.580892,0.0470232,0.281386
1780918728008,0.580872,0.0470272,0.281382
1780918728022,0.580892,0.0470232,0.281386
1780918728038,0.580873,0.0470273,0.281382
1780918728055,0.580892,0.0470233,0.281386
1780918728070,0.580884,0.0470254,0.281384
1780918728086,0.580892,0.0470232,0.281386
1780918728102,0.580892,0.0470232,0.281386
1780918728118,0.580892,0.0470233,0.281386
1780918728134,0.580873,0.0470273,0.281382
1780918728150,0.580884,0.0470254,0.281384
1780918728165,0.580892,0.0470233,0.281386
1780918728182,0.580884,0.0470254,0.281384
1780918728197,0.580872,0.0470272,0.281382
1780918728213,0.575865,0.04712,0.280989
1780918728229,0.57585,0.0471295,0.28098
1780918728246,0.57585,0.0471295,0.28098
1780918728262,0.575865,0.04712,0.280989
1780918728277,0.575865,0.04712,0.280989
1780918728293,0.575865,0.04712,0.280989
1780918728309,0.57585,0.0471295,0.28098
1780918728325,0.575864,0.04712,0.280989
1780918728342,0.575832,0.0471389,0.280972
1780918728357,0.57585,0.0471295,0.28098
1780918728373,0.575865,0.04712,0.280989
1780918728389,0.575832,0.0471389,0.280972
1780918728406,0.575849,0.0471295,0.28098
1780918728421,0.575864,0.0471199,0.280989
1780918728437,0.575849,0.0471295,0.28098
1780918728453,0.57585,0.0471295,0.28098
1780918728468,0.57585,0.0471295,0.28098
1780918728484,0.575865,0.04712,0.280989
1780918728499,0.575832,0.0471389,0.280972
1780918728515,0.575865,0.04712,0.280989
1780918728531,0.575865,0.04712,0.280989
1780918728548,0.57585,0.0471295,0.28098
1780918728564,0.575865,0.0471199,0.280989
1780918728579,0.575865,0.0471199,0.280989
1780918728595,0.575865,0.04712,0.280989
1780918728611,0.575851,0.0471296,0.28098
1780918728627,0.575865,0.04712,0.280989
1780918728642,0.575831,0.0471388,0.280972
1780918728657,0.575846,0.0471293,0.28098
1780918728673,0.575846,0.0471292,0.28098
1780918728689,0.575846,0.0471293,0.28098
1780918728705,0.575862,0.0471198,0.280989
1780918728720,0.575831,0.0471388,0.280972
1780918728736,0.573289,0.0478457,0.280246
1780918728752,0.573317,0.0478727,0.280227
1780918728769,0.573287,0.0478456,0.280246
1780918728785,0.573287,0.0478456,0.280246
1780918728800,0.573313,0.0478723,0.280227
1780918728816,0.573285,0.0478452,0.280246
1780918728832,0.573301,0.0478589,0.280237
1780918728849,0.573287,0.0478454,0.280246
1780918728865,0.573303,0.0478591,0.280237
1780918728880,0.573304,0.0478593,0.280236
1780918728896,0.573289,0.0478457,0.280246
1780918728913,0.573289,0.0478457,0.280246
1780918728927,0.573289,0.0478457,0.280246
1780918728942,0.573289,0.0478458,0.280246
1780918728958,0.573289,0.0478458,0.280246
1780918728973,0.573289,0.0478458,0.280246
1780918728989,0.573318,0.0478728,0.280227
1780918729006,0.573289,0.0478457,0.280246
1780918729021,0.573305,0.0478594,0.280236
1780918729038,0.573289,0.0478457,0.280246
1780918729054,0.573305,0.0478594,0.280236
1780918729070,0.573289,0.0478457,0.280246
1780918729086,0.573305,0.0478594,0.280236
1780918729102,0.573318,0.0478728,0.280227
1780918729116,0.573289,0.0478457,0.280246
1780918729132,0.573318,0.0478728,0.280227
1780918729148,0.573305,0.0478594,0.280236
1780918729165,0.573318,0.0478728,0.280227
1780918729180,0.573305,0.0478594,0.280236
1780918729196,0.573289,0.0478457,0.280246
1780918729212,0.573289,0.0478457,0.280246
1780918729228,0.573289,0.0478457,0.280246
1780918729245,0.572401,0.0484223,0.27973
1780918729260,0.572417,0.0484281,0.279726
1780918729276,0.572404,0.0484226,0.279729
1780918729293,0.572417,0.0484281,0.279726
1780918729309,0.572398,0.0484221,0.279729
1780918729325,0.572419,0.0484325,0.279723
1780918729341,0.572406,0.0484272,0.279726
1780918729356,0.572405,0.0484271,0.279726
1780918729372,0.572405,0.048427,0.279726
1780918729388,0.572391,0.0484215,0.279729
1780918729404,0.572414,0.048432,0.279723
1780918729421,0.572391,0.0484215,0.279729
1780918729436,0.572415,0.0484321,0.279723
1780918729452,0.572392,0.0484216,0.279729
1780918729468,0.572406,0.0484271,0.279726
1780918729484,0.572394,0.0484217,0.279729
1780918729500,0.572395,0.0484218,0.279729
1780918729517,0.572395,0.0484218,0.279729
1780918729533,0.572407,0.0484272,0.279726
1780918729549,0.572393,0.0484217,0.279729
1780918729565,0.572406,0.0484271,0.279726
1780918729580,0.572405,0.0484271,0.279726
1780918729596,0.572405,0.0484271,0.279726
1780918729611,0.572392,0.0484216,0.279729
1780918729626,0.572405,0.0484271,0.279726
1780918729642,0.572392,0.0484216,0.279729
1780918729656,0.572415,0.0484322,0.279723
1780918729672,0.572405,0.0484271,0.279726
1780918729688,0.572405,0.0484271,0.279726
1780918729704,0.572405,0.0484271,0.279726
1780918729721,0.572415,0.0484321,0.279723
1780918729736,0.572392,0.0484215,0.279729
1780918729752,0.572405,0.048427,0.279726
1780918729769,0.569399,0.0480498,0.279824
1780918729784,0.569377,0.0480514,0.279821
1780918729800,0.569397,0.0480497,0.279824
1780918729815,0.569352,0.0480527,0.279819
1780918729831,0.569375,0.0480512,0.279821
1780918729846,0.569395,0.0480495,0.279824
1780918729863,0.569392,0.0480493,0.279824
1780918729878,0.569371,0.0480509,0.279821
1780918729894,0.569393,0.0480493,0.279824
1780918729911,0.569373,0.048051,0.279821
1780918729927,0.569393,0.0480494,0.279824
1780918729942,0.569393,0.0480494,0.279824
1780918729958,0.569395,0.0480495,0.279824
1780918729973,0.569397,0.0480497,0.279824
1780918729989,0.569377,0.0480514,0.279821
1780918730005,0.569397,0.0480497,0.279824
1780918730021,0.569353,0.0480528,0.279819
1780918730037,0.569376,0.0480513,0.279821
1780918730052,0.569353,0.0480528,0.279819
1780918730069,0.569376,0.0480513,0.279821
1780918730085,0.569353,0.0480527,0.279819
1780918730101,0.569396,0.0480496,0.279824
1780918730116,0.569376,0.0480513,0.279821
1780918730132,0.569396,0.0480496,0.279824
1780918730149,0.569396,0.0480496,0.279824
1780918730164,0.569376,0.0480512,0.279821
1780918730180,0.569396,0.0480496,0.279824
1780918730196,0.569396,0.0480496,0.279824
1780918730212,0.569377,0.0480513,0.279821
1780918730228,0.569397,0.0480497,0.279824
1780918730244,0.569397,0.0480497,0.279824
1780918730259,0.569354,0.0480528,0.279819
1780918730276,0.564857,0.0484417,0.2792
1780918730292,0.56487,0.0484263,0.279214
1780918730308,0.56487,0.0484263,0.279214
1780918730323,0.564858,0.0484418,0.2792
1780918730339,0.564858,0.0484418,0.2792
1780918730354,0.564843,0.0484571,0.279187
1780918730369,0.564871,0.0484264,0.279214
1780918730386,0.564858,0.0484418,0.2792
1780918730401,0.564871,0.0484264,0.279214
1780918730416,0.564871,0.0484264,0.279214
1780918730432,0.564871,0.0484264,0.279214
1780918730449,0.564858,0.0484418,0.2792
1780918730465,0.564871,0.0484264,0.279214
1780918730480,0.564871,0.0484264,0.279214
1780918730496,0.564843,0.0484571,0.279187
1780918730513,0.564871,0.0484264,0.279214
1780918730528,0.564871,0.0484264,0.279214
1780918730545,0.564871,0.0484264,0.279214
1780918730561,0.564871,0.0484264,0.279214
1780918730575,0.564858,0.0484419,0.2792
1780918730591,0.564871,0.0484264,0.279214
1780918730606,0.564871,0.0484264,0.279214
1780918730622,0.564858,0.0484418,0.2792
1780918730639,0.564871,0.0484264,0.279214
1780918730655,0.564858,0.0484418,0.2792
1780918730670,0.564858,0.0484418,0.2792
1780918730686,0.564871,0.0484264,0.279214
1780918730702,0.564858,0.0484418,0.2792
1780918730716,0.564871,0.0484264,0.279214
1780918730732,0.564858,0.0484418,0.2792
1780918730748,0.564871,0.0484264,0.279214
1780918730765,0.564858,0.0484418,0.2792
1780918730781,0.56268,0.0497013,0.278032
1780918730796,0.562671,0.0496842,0.278045
1780918730812,0.56268,0.0497012,0.278032
1780918730829,0.562671,0.0496842,0.278045
1780918730844,0.562671,0.0496842,0.278045
1780918730861,0.562672,0.0496842,0.278045
1780918730876,0.562687,0.049718,0.278019
1780918730893,0.562672,0.0496843,0.278045
1780918730909,0.562672,0.0496843,0.278045
1780918730925,0.562681,0.0497013,0.278032
1780918730939,0.562687,0.0497181,0.278019
1780918730955,0.562681,0.0497013,0.278032
1780918730971,0.562681,0.0497013,0.278032
1780918730986,0.562681,0.0497013,0.278032
1780918731002,0.562681,0.0497013,0.278032
1780918731019,0.562672,0.0496843,0.278045
1780918731034,0.562688,0.0497181,0.278019
1780918731051,0.562673,0.0496843,0.278045
1780918731065,0.562682,0.0497014,0.278032
1780918731082,0.562681,0.0497013,0.278032
1780918731098,0.562678,0.0497012,0.278032
1780918731113,0.562683,0.0497178,0.278019
1780918731129,0.562677,0.049701,0.278032
1780918731146,0.562678,0.0497011,0.278032
1780918731162,0.562679,0.0497012,0.278032
1780918731178,0.562687,0.049718,0.278019
1780918731193,0.562672,0.0496843,0.278045
1780918731208,0.562688,0.0497181,0.278019
1780918731223,0.562672,0.0496843,0.278045
1780918731239,0.562672,0.0496843,0.278045
1780918731253,0.562672,0.0496843,0.278045
1780918731270,0.562681,0.0497014,0.278032
1780918731286,0.562671,0.0496843,0.278045
1780918731302,0.561554,0.0508121,0.277052
1780918731317,0.561546,0.050797,0.277064
1780918731333,0.561568,0.0508132,0.277052
1780918731349,0.56157,0.0508133,0.277053
1780918731365,0.561579,0.0508283,0.277041
1780918731380,0.561567,0.0508129,0.277053
1780918731397,0.561554,0.0507975,0.277064
1780918731413,0.561562,0.0508126,0.277053
1780918731429,0.561561,0.0508124,0.277053
1780918731444,0.561568,0.0508273,0.277041
1780918731461,0.561561,0.0508124,0.277053
1780918731477,0.561562,0.0508126,0.277053
1780918731493,0.561563,0.0508126,0.277053
1780918731509,0.561552,0.0507974,0.277064
1780918731525,0.561566,0.0508129,0.277053
1780918731541,0.561555,0.0507976,0.277064
1780918731557,0.561557,0.0507978,0.277064
1780918731573,0.561557,0.0507978,0.277064
1780918731589,0.561558,0.0507978,0.277064
1780918731604,0.561568,0.0508131,0.277053
1780918731621,0.56158,0.0508424,0.27703
1780918731637,0.561569,0.0508132,0.277053
1780918731653,0.561583,0.0508427,0.27703
1780918731669,0.561571,0.0508134,0.277053
1780918731685,0.56158,0.0508284,0.277041
1780918731701,0.561558,0.0507979,0.277064
1780918731717,0.561569,0.0508132,0.277053
1780918731733,0.561579,0.0508423,0.27703
1780918731750,0.561566,0.0508129,0.277053
1780918731765,0.561577,0.0508422,0.27703
1780918731781,0.561555,0.0507976,0.277064
1780918731797,0.561575,0.0508279,0.277041
1780918731812,0.561566,0.050813,0.277053
1780918731827,0.560366,0.0511416,0.276698
1780918731843,0.560384,0.0511422,0.276699
1780918731859,0.560379,0.0511417,0.276699
1780918731875,0.560382,0.0511425,0.276698
1780918731891,0.560384,0.0511427,0.276698
1780918731907,0.560392,0.0511429,0.276699
1780918731923,0.56041,0.0511446,0.276699
1780918731939,0.560416,0.0511452,0.276699
1780918731955,0.560417,0.0511452,0.276699
1780918731972,0.560418,0.0511454,0.276699
1780918731987,0.560417,0.0511459,0.276698
1780918732003,0.560401,0.051145,0.276698
1780918732019,0.56041,0.0511446,0.276699
1780918732035,0.560403,0.0511449,0.276698
1780918732051,0.560404,0.051144,0.276699
1780918732066,0.560403,0.0511439,0.276699
1780918732082,0.560398,0.0511434,0.276699
1780918732097,0.560393,0.051144,0.276698
1780918732112,0.560396,0.0511433,0.276699
1780918732128,0.560393,0.051144,0.276698
1780918732144,0.560397,0.0511433,0.276699
1780918732160,0.560387,0.0511436,0.276698
1780918732176,0.560389,0.0511438,0.276698
1780918732192,0.560401,0.0511437,0.276699
1780918732208,0.560401,0.0511443,0.276698
1780918732224,0.560401,0.0511443,0.276698
1780918732240,0.560401,0.0511443,0.276698
1780918732256,0.560401,0.0511437,0.276699
1780918732272,0.560401,0.0511437,0.276699
1780918732287,0.5604,0.0511442,0.276698
1780918732303,0.560399,0.0511435,0.276699
1780918732320,0.560398,0.0511434,0.276699
1780918732336,0.556218,0.0499714,0.277345
1780918732352,0.55626,0.0499796,0.277341
1780918732368,0.556221,0.0499716,0.277345
1780918732383,0.556301,0.0499878,0.277337
1780918732400,0.556136,0.0499552,0.277352
1780918732415,0.556267,0.0499803,0.277341
1780918732430,0.556178,0.0499633,0.277349
1780918732446,0.556264,0.0499801,0.277341
1780918732461,0.556264,0.04998,0.277341
1780918732477,0.556302,0.049988,0.277337
1780918732492,0.556262,0.0499798,0.277341
1780918732509,0.55622,0.0499716,0.277345
1780918732524,0.5563,0.0499877,0.277337
1780918732540,0.556299,0.0499877,0.277337
1780918732556,0.556261,0.0499797,0.277341
1780918732572,0.556219,0.0499715,0.277345
1780918732586,0.556299,0.0499877,0.277337
1780918732602,0.556219,0.0499715,0.277345
1780918732618,0.556261,0.0499797,0.277341
1780918732634,0.5563,0.0499877,0.277337
1780918732650,0.556299,0.0499877,0.277337
1780918732666,0.556299,0.0499877,0.277337
1780918732682,0.556299,0.0499877,0.277337
1780918732697,0.556299,0.0499877,0.277337
1780918732712,0.556299,0.0499877,0.277337
1780918732728,0.556299,0.0499877,0.277337
1780918732744,0.556173,0.0499628,0.277349
1780918732760,0.556261,0.0499797,0.277341
1780918732776,0.556173,0.0499628,0.277349
1780918732792,0.556173,0.0499628,0.277349
1780918732808,0.556299,0.0499877,0.277337
1780918732824,0.556299,0.0499877,0.277337
1780918732840,0.556173,0.0499628,0.277349
1780918732856,0.550883,0.0491599,0.277619
1780918732872,0.550859,0.0491624,0.277615
1780918732888,0.550833,0.0491648,0.277611
1780918732904,0.550883,0.0491599,0.277619
1780918732920,0.550883,0.0491599,0.277619
1780918732936,0.550859,0.0491624,0.277615
1780918732952,0.550858,0.0491623,0.277615
1780918732968,0.550883,0.0491598,0.277619
1780918732984,0.550883,0.0491598,0.277619
1780918733000,0.550833,0.0491648,0.277611
1780918733017,0.550884,0.0491599,0.277619
1780918733032,0.550879,0.0491595,0.277619
1780918733048,0.550878,0.0491594,0.277619
1780918733065,0.550878,0.0491594,0.277619
1780918733080,0.550879,0.0491595,0.277619
1780918733096,0.550856,0.0491621,0.277615
1780918733112,0.550857,0.0491622,0.277615
1780918733128,0.550882,0.0491597,0.277619
1780918733145,0.550884,0.0491599,0.277619
1780918733160,0.550833,0.0491648,0.277611
1780918733176,0.550884,0.0491599,0.277619
1780918733192,0.550833,0.0491648,0.277611
1780918733208,0.550859,0.0491624,0.277615
1780918733224,0.550859,0.0491624,0.277615
1780918733240,0.550883,0.0491599,0.277619
1780918733256,0.550858,0.0491623,0.277615
1780918733271,0.550832,0.0491647,0.277611
1780918733287,0.550882,0.0491598,0.277619
1780918733303,0.550883,0.0491599,0.277619
1780918733319,0.550832,0.0491647,0.277611
1780918733334,0.550883,0.0491599,0.277619
1780918733350,0.550859,0.0491624,0.277615
1780918733366,0.550833,0.0491648,0.277611
1780918733382,0.548425,0.0493298,0.277296
1780918733398,0.548425,0.0493297,0.277296
1780918733414,0.548424,0.0493297,0.277296
1780918733430,0.548422,0.0493379,0.277289
1780918733446,0.548423,0.0493296,0.277296
1780918733462,0.548424,0.0493296,0.277296
1780918733478,0.548423,0.0493213,0.277303
1780918733493,0.548423,0.0493213,0.277303
1780918733509,0.548427,0.0493299,0.277296
1780918733524,0.548425,0.0493463,0.277283
1780918733539,0.54843,0.0493219,0.277303
1780918733555,0.548425,0.0493381,0.277289
1780918733570,0.548422,0.0493212,0.277303
1780918733587,0.548421,0.049321,0.277303
1780918733601,0.548418,0.0493456,0.277283
1780918733616,0.548425,0.0493297,0.277296
1780918733633,0.548424,0.0493213,0.277303
1780918733649,0.548427,0.0493299,0.277296
1780918733665,0.548426,0.0493298,0.277296
1780918733681,0.548425,0.0493297,0.277296
1780918733697,0.548423,0.0493296,0.277296
1780918733713,0.54842,0.049321,0.277303
1780918733728,0.548418,0.0493209,0.277303
1780918733743,0.548418,0.0493209,0.277303
1780918733759,0.54842,0.0493293,0.277296
1780918733775,0.54842,0.0493377,0.277289
1780918733791,0.548421,0.0493294,0.277296
1780918733807,0.548422,0.0493295,0.277296
1780918733823,0.548423,0.0493296,0.277296
1780918733839,0.548424,0.0493297,0.277296
1780918733855,0.548425,0.0493298,0.277296
1780918733871,0.548424,0.049338,0.277289
1780918733887,0.547614,0.049845,0.276808
1780918733903,0.547605,0.0498275,0.276822
1780918733919,0.547604,0.0498274,0.276822
1780918733934,0.547596,0.0498182,0.276829
1780918733950,0.547596,0.0498182,0.276829
1780918733966,0.547599,0.0498184,0.276829
1780918733983,0.547617,0.0498369,0.276815
1780918733999,0.547603,0.0498187,0.276829
1780918734014,0.547603,0.0498187,0.276829
1780918734030,0.547614,0.0498281,0.276822
1780918734046,0.547606,0.0498189,0.276829
1780918734062,0.547607,0.049819,0.276829
1780918734078,0.547623,0.0498373,0.276815
1780918734094,0.547607,0.049819,0.276829
1780918734110,0.547604,0.0498187,0.276829
1780918734126,0.547604,0.0498188,0.276829
1780918734142,0.547605,0.0498189,0.276829
1780918734158,0.547623,0.0498373,0.276815
1780918734174,0.547617,0.0498283,0.276822
1780918734190,0.547607,0.049819,0.276829
1780918734207,0.547615,0.0498282,0.276822
1780918734222,0.547606,0.0498189,0.276829
1780918734238,0.547614,0.0498281,0.276822
1780918734254,0.547622,0.0498456,0.276808
1780918734270,0.547614,0.0498281,0.276822
1780918734286,0.547623,0.0498457,0.276808
1780918734302,0.547606,0.0498189,0.276829
1780918734317,0.547622,0.0498372,0.276815
1780918734332,0.547615,0.0498282,0.276822
1780918734349,0.547615,0.0498282,0.276822
1780918734365,0.547615,0.0498282,0.276822
1780918734380,0.547624,0.0498457,0.276808
1780918734396,0.546836,0.0499676,0.276647
1780918734412,0.546837,0.0499643,0.27665
1780918734428,0.546841,0.0499664,0.276649
1780918734445,0.546841,0.0499646,0.27665
1780918734460,0.546841,0.0499646,0.27665
1780918734476,0.546839,0.0499644,0.27665
1780918734491,0.546837,0.0499643,0.27665
1780918734506,0.546835,0.0499658,0.276649
1780918734522,0.546833,0.0499655,0.276649
1780918734539,0.546825,0.0499631,0.27665
1780918734555,0.546823,0.0499679,0.276646
1780918734569,0.546824,0.049963,0.27665
1780918734584,0.546824,0.0499679,0.276646
1780918734600,0.546825,0.0499631,0.27665
1780918734616,0.546825,0.0499681,0.276646
1780918734632,0.546826,0.0499633,0.27665
1780918734647,0.54683,0.0499654,0.276649
1780918734663,0.546827,0.0499633,0.27665
1780918734678,0.54683,0.049967,0.276647
1780918734693,0.54683,0.049967,0.276647
1780918734709,0.546829,0.0499653,0.276649
1780918734725,0.546826,0.0499632,0.27665
1780918734742,0.546829,0.0499652,0.276649
1780918734758,0.546826,0.0499632,0.27665
1780918734774,0.546826,0.0499632,0.27665
1780918734790,0.546828,0.0499652,0.276649
1780918734806,0.546825,0.049968,0.276646
1780918734821,0.546828,0.0499651,0.276649
1780918734837,0.546829,0.0499668,0.276647
1780918734853,0.546828,0.0499651,0.276649
1780918734869,0.546828,0.0499651,0.276649
1780918734884,0.546825,0.0499631,0.27665
1780918734900,0.546825,0.0499631,0.27665
1780918734916,0.545284,0.0495715,0.276859
1780918734931,0.545284,0.0495716,0.276859
1780918734946,0.545287,0.0495695,0.276861
1780918734963,0.545277,0.0495733,0.276857
1780918734978,0.545282,0.0495714,0.276859
1780918734994,0.545275,0.0495731,0.276857
1780918735010,0.545284,0.0495693,0.276861
1780918735026,0.545285,0.0495693,0.276861
1780918735042,0.545282,0.0495713,0.276859
1780918735059,0.545285,0.0495693,0.276861
1780918735074,0.545276,0.0495732,0.276857
1780918735091,0.545281,0.0495713,0.276859
1780918735106,0.545275,0.0495732,0.276857
1780918735122,0.545285,0.0495693,0.276861
1780918735138,0.545275,0.0495731,0.276857
1780918735153,0.545285,0.0495693,0.276861
1780918735169,0.545285,0.0495693,0.276861
1780918735185,0.545282,0.0495714,0.276859
1780918735201,0.545282,0.0495714,0.276859
1780918735218,0.545282,0.0495714,0.276859
1780918735233,0.545282,0.0495714,0.276859
1780918735249,0.545282,0.0495713,0.276859
1780918735265,0.545282,0.0495713,0.276859
1780918735281,0.545285,0.0495693,0.276861
1780918735297,0.545285,0.0495693,0.276861
1780918735313,0.545285,0.0495693,0.276861
1780918735329,0.545285,0.0495693,0.276861
1780918735345,0.545265,0.0495746,0.276855
1780918735361,0.545285,0.0495693,0.276861
1780918735377,0.545266,0.0495747,0.276855
1780918735394,0.545285,0.0495693,0.276861
1780918735409,0.545286,0.0495694,0.276861
1780918735424,0.543696,0.049719,0.276615
1780918735440,0.543696,0.049719,0.276615
1780918735456,0.543696,0.0497278,0.276608
1780918735473,0.543694,0.0497188,0.276615
1780918735489,0.543694,0.0497188,0.276615
1780918735504,0.543682,0.0497532,0.276586
1780918735520,0.543695,0.0497189,0.276615
1780918735536,0.543695,0.0497189,0.276615
1780918735552,0.543696,0.0497189,0.276615
1780918735569,0.543695,0.0497277,0.276608
1780918735584,0.543695,0.0497277,0.276608
1780918735599,0.543695,0.0497277,0.276608
1780918735614,0.543693,0.0497364,0.276601
1780918735631,0.543695,0.0497277,0.276608
1780918735646,0.543696,0.0497189,0.276615
1780918735662,0.543696,0.0497278,0.276608
1780918735678,0.543693,0.0497364,0.276601
1780918735694,0.543696,0.0497277,0.276608
1780918735710,0.543696,0.0497277,0.276608
1780918735726,0.543695,0.0497277,0.276608
1780918735743,0.543696,0.0497189,0.276615
1780918735758,0.543687,0.0497446,0.276593
1780918735774,0.543696,0.0497277,0.276608
1780918735789,0.543687,0.0497446,0.276593
1780918735805,0.543696,0.0497189,0.276615
1780918735821,0.543696,0.0497189,0.276615
1780918735837,0.543696,0.0497189,0.276615
1780918735853,0.543696,0.0497189,0.276615
1780918735868,0.543696,0.0497277,0.276608
1780918735883,0.543696,0.0497189,0.276615
1780918735901,0.543693,0.0497364,0.276601
1780918735915,0.543695,0.0497277,0.276608
1780918735930,0.543696,0.0497189,0.276615
1780918735946,0.542656,0.0502219,0.276114
1780918735962,0.54265,0.0502127,0.276122
1780918735977,0.542654,0.0502217,0.276114
1780918735993,0.542657,0.0502305,0.276107
1780918736010,0.542654,0.0502217,0.276114
1780918736025,0.542658,0.0502306,0.276107
1780918736042,0.542656,0.0502219,0.276114
1780918736057,0.542659,0.0502307,0.276107
1780918736074,0.542652,0.0502129,0.276122
1780918736090,0.542652,0.0502129,0.276122
1780918736106,0.542657,0.0502219,0.276114
1780918736121,0.542652,0.0502129,0.276122
1780918736136,0.542652,0.0502129,0.276122
1780918736152,0.542652,0.0502129,0.276122
1780918736168,0.542656,0.0502219,0.276114
1780918736184,0.542652,0.0502129,0.276122
1780918736200,0.542656,0.0502219,0.276114
1780918736216,0.542656,0.0502219,0.276114
1780918736232,0.542657,0.0502219,0.276114
1780918736248,0.542652,0.0502129,0.276122
1780918736264,0.542652,0.0502129,0.276122
1780918736280,0.542657,0.050222,0.276114
1780918736296,0.542652,0.0502129,0.276122
1780918736311,0.542652,0.0502129,0.276122
1780918736326,0.542657,0.050222,0.276114
1780918736343,0.542652,0.0502129,0.276122
1780918736358,0.542657,0.050222,0.276114
1780918736374,0.542657,0.0502219,0.276114
1780918736390,0.542659,0.0502307,0.276107
1780918736407,0.542657,0.0502391,0.2761
1780918736423,0.542656,0.0502219,0.276114
1780918736439,0.542659,0.0502308,0.276107
1780918736454,0.542102,0.0506966,0.275673
1780918736470,0.542102,0.0506966,0.275673
1780918736486,0.542104,0.0506967,0.275673
1780918736503,0.542117,0.0507154,0.275659
1780918736519,0.542104,0.0506967,0.275673
1780918736534,0.542104,0.0506967,0.275673
1780918736551,0.542109,0.050706,0.275666
1780918736567,0.542098,0.0506963,0.275673
1780918736583,0.542111,0.0507147,0.275659
1780918736597,0.542097,0.0506961,0.275673
1780918736613,0.542098,0.0506961,0.275673
1780918736628,0.542099,0.0506963,0.275673
1780918736644,0.5421,0.0506964,0.275673
1780918736659,0.542109,0.050706,0.275666
1780918736675,0.542109,0.050706,0.275666
1780918736691,0.542109,0.0507059,0.275666
1780918736707,0.5421,0.0506965,0.275673
1780918736723,0.542113,0.050715,0.275659
1780918736740,0.542099,0.0506964,0.275673
1780918736755,0.542107,0.0507058,0.275666
1780918736771,0.542108,0.0507058,0.275666
1780918736787,0.542108,0.0507059,0.275666
1780918736803,0.542101,0.0506965,0.275673
1780918736819,0.542115,0.0507152,0.275659
1780918736835,0.542102,0.0506966,0.275673
1780918736852,0.542117,0.050724,0.275652
1780918736868,0.54211,0.050706,0.275666
1780918736883,0.54211,0.050706,0.275666
1780918736899,0.542102,0.0506966,0.275673
1780918736916,0.542115,0.0507152,0.275659
1780918736932,0.54211,0.050706,0.275666
1780918736947,0.54211,0.050706,0.275666
1780918736964,0.540643,0.0524823,0.274057
1780918736979,0.540675,0.0524321,0.274102
1780918736996,0.540676,0.0524322,0.274102
1780918737011,0.540646,0.0524826,0.274057
1780918737028,0.540676,0.0524323,0.274102
1780918737044,0.540699,0.0523821,0.274146
1780918737059,0.540699,0.0523821,0.274146
1780918737076,0.540692,0.0523815,0.274146
1780918737091,0.540627,0.0524811,0.274057
1780918737108,0.540686,0.052381,0.274146
1780918737123,0.540687,0.052381,0.274146
1780918737140,0.540658,0.0524307,0.274102
1780918737155,0.540592,0.0525318,0.274012
1780918737172,0.540689,0.0523813,0.274146
1780918737187,0.540691,0.0523814,0.274146
1780918737203,0.540663,0.0524311,0.274102
1780918737220,0.540694,0.0523817,0.274146
1780918737235,0.540634,0.0524817,0.274057
1780918737251,0.540666,0.0524314,0.274102
1780918737268,0.540695,0.0523817,0.274146
1780918737284,0.540694,0.0523817,0.274146
1780918737298,0.540634,0.0524816,0.274057
1780918737314,0.540665,0.0524314,0.274102
1780918737329,0.540634,0.0524816,0.274057
1780918737346,0.540693,0.0523816,0.274146
1780918737362,0.540633,0.0524815,0.274057
1780918737378,0.540693,0.0523816,0.274146
1780918737393,0.540633,0.0524816,0.274057
1780918737410,0.540693,0.0523816,0.274146
1780918737426,0.540633,0.0524816,0.274057
1780918737442,0.540694,0.0523816,0.274146
1780918737457,0.540694,0.0523817,0.274146
1780918737474,0.540665,0.0524313,0.274102
1780918737490,0.531318,0.0605299,0.266398
1780918737505,0.531194,0.0606314,0.266299
1780918737520,0.531436,0.0604276,0.266497
1780918737536,0.531436,0.0604276,0.266497
1780918737553,0.531436,0.0604276,0.266497
1780918737568,0.531066,0.0607321,0.2662
1780918737585,0.531437,0.0604278,0.266497
1780918737601,0.531195,0.0606315,0.266299
1780918737617,0.531439,0.0604279,0.266497
1780918737632,0.531439,0.0604279,0.266497
1780918737649,0.531438,0.0604279,0.266497
1780918737665,0.531438,0.0604279,0.266497
1780918737680,0.53144,0.060428,0.266497
1780918737697,0.531319,0.06053,0.266398
1780918737712,0.531068,0.0607323,0.266201
1780918737728,0.531317,0.0605298,0.266398
1780918737745,0.531438,0.0604278,0.266497
1780918737761,0.531194,0.0606313,0.266299
1780918737776,0.531317,0.0605297,0.266398
1780918737792,0.531317,0.0605298,0.266398
1780918737808,0.531317,0.0605298,0.266398
1780918737825,0.531194,0.0606313,0.266299
1780918737840,0.531317,0.0605298,0.266398
1780918737856,0.531317,0.0605298,0.266398
1780918737873,0.531317,0.0605298,0.266398
1780918737888,0.531317,0.0605298,0.266398
1780918737904,0.531438,0.0604278,0.266497
1780918737920,0.531194,0.0606313,0.266299
1780918737936,0.531194,0.0606313,0.266299
1780918737952,0.531317,0.0605297,0.266398
1780918737968,0.531194,0.0606313,0.266299
1780918737984,0.531317,0.0605297,0.266398
1780918738000,0.5197,0.0673411,0.259283
1780918738017,0.519835,0.0672657,0.259364
1780918738033,0.519699,0.067341,0.259283
1780918738049,0.519834,0.0672656,0.259364
1780918738065,0.519766,0.0673037,0.259323
1780918738081,0.519832,0.0672653,0.259364
1780918738096,0.519833,0.0672655,0.259364
1780918738112,0.519767,0.0673038,0.259323
1780918738128,0.519628,0.0673771,0.259244
1780918738144,0.519767,0.0673038,0.259323
1780918738160,0.519699,0.067341,0.259283
1780918738177,0.519699,0.067341,0.259283
1780918738193,0.519699,0.067341,0.259283
1780918738208,0.519628,0.067377,0.259244
1780918738224,0.519834,0.0672656,0.259364
1780918738240,0.519627,0.0673769,0.259244
1780918738256,0.519766,0.0673036,0.259323
1780918738274,0.519766,0.0673037,0.259323
1780918738289,0.519833,0.0672656,0.259364
1780918738305,0.519699,0.067341,0.259283
1780918738320,0.519767,0.0673038,0.259323
1780918738337,0.519834,0.0672657,0.259364
1780918738353,0.519767,0.0673038,0.259323
1780918738367,0.519834,0.0672657,0.259364
1780918738385,0.519834,0.0672657,0.259364
1780918738399,0.519834,0.0672656,0.259364
1780918738415,0.519834,0.0672656,0.259364
1780918738431,0.519767,0.0673038,0.259323
1780918738447,0.519834,0.0672656,0.259364
1780918738463,0.519834,0.0672656,0.259364
1780918738478,0.519767,0.0673038,0.259323
1780918738494,0.519834,0.0672656,0.259364
1780918738511,0.519629,0.0673771,0.259244
1780918738526,0.516441,0.0683376,0.258034
1780918738543,0.516437,0.0683505,0.258023
1780918738559,0.516437,0.0683505,0.258023
1780918738575,0.516441,0.0683376,0.258034
1780918738591,0.516437,0.0683505,0.258023
1780918738606,0.516432,0.0683631,0.258011
1780918738623,0.516441,0.0683376,0.258034
1780918738638,0.516441,0.0683376,0.258034
1780918738655,0.516441,0.0683376,0.258034
1780918738669,0.516441,0.0683376,0.258034
1780918738684,0.516441,0.0683376,0.258034
1780918738701,0.516432,0.0683631,0.258011
1780918738716,0.516423,0.0683752,0.257999
1780918738734,0.516432,0.0683631,0.258011
1780918738749,0.516441,0.0683376,0.258034
1780918738765,0.516423,0.0683752,0.257999
1780918738781,0.516437,0.0683505,0.258023
1780918738797,0.516441,0.0683376,0.258034
1780918738813,0.516441,0.0683376,0.258034
1780918738829,0.516441,0.0683376,0.258034
1780918738845,0.516437,0.0683505,0.258023
1780918738860,0.516432,0.0683631,0.258011
1780918738876,0.516437,0.0683505,0.258023
1780918738892,0.516423,0.0683752,0.257999
1780918738908,0.516437,0.0683505,0.258023
1780918738923,0.516423,0.0683752,0.257999
1780918738939,0.516441,0.0683376,0.258034
1780918738955,0.516437,0.0683504,0.258023
1780918738971,0.516437,0.0683504,0.258023
1780918738987,0.516437,0.0683504,0.258023
1780918739004,0.516441,0.0683376,0.258034
1780918739020,0.516437,0.0683505,0.258023
1780918739035,0.515812,0.0688834,0.25748
1780918739052,0.515814,0.0688704,0.257492
1780918739068,0.515806,0.0688958,0.257468
1780918739084,0.515815,0.0688572,0.257504
1780918739099,0.515815,0.0688571,0.257504
1780918739116,0.515815,0.0688571,0.257504
1780918739131,0.515814,0.0688571,0.257504
1780918739147,0.515814,0.0688571,0.257504
1780918739163,0.515814,0.0688571,0.257504
1780918739179,0.515814,0.0688703,0.257492
1780918739195,0.515805,0.0688957,0.257468
1780918739211,0.515814,0.0688571,0.257504
1780918739227,0.515814,0.0688704,0.257492
1780918739242,0.515814,0.0688704,0.257492
1780918739258,0.515815,0.0688572,0.257504
1780918739275,0.515814,0.0688704,0.257492
1780918739290,0.515811,0.0688834,0.25748
1780918739306,0.515815,0.0688571,0.257504
1780918739321,0.515814,0.0688704,0.257492
1780918739336,0.515815,0.0688571,0.257504
1780918739351,0.515814,0.0688704,0.257492
1780918739366,0.515815,0.0688571,0.257504
1780918739382,0.515815,0.0688571,0.257504
1780918739397,0.515805,0.0688958,0.257468
1780918739414,0.515815,0.0688571,0.257504
1780918739429,0.515805,0.0688958,0.257468
1780918739446,0.515814,0.0688703,0.257492
1780918739461,0.515814,0.0688571,0.257504
1780918739478,0.515814,0.0688703,0.257492
1780918739494,0.515814,0.0688703,0.257492
1780918739510,0.515814,0.0688571,0.257504
1780918739526,0.515814,0.0688571,0.257504
1780918739542,0.515334,0.0693692,0.256995
1780918739557,0.515335,0.0693563,0.257007
1780918739573,0.515334,0.0693692,0.256995
1780918739589,0.515333,0.0693432,0.257018
1780918739605,0.515333,0.0693432,0.257018
1780918739622,0.515335,0.0693564,0.257007
1780918739638,0.515333,0.0693432,0.257018
1780918739654,0.515331,0.0693816,0.256984
1780918739670,0.515335,0.0693563,0.257007
1780918739686,0.515335,0.0693563,0.257007
1780918739702,0.51533,0.0693816,0.256984
1780918739719,0.515333,0.0693432,0.257018
1780918739733,0.515333,0.0693432,0.257018
1780918739748,0.515335,0.0693563,0.257007
1780918739763,0.515335,0.0693563,0.257007
1780918739779,0.515331,0.0693816,0.256984
1780918739794,0.515335,0.0693564,0.257007
1780918739810,0.515334,0.0693432,0.257018
1780918739826,0.515334,0.0693432,0.257018
1780918739843,0.515335,0.0693564,0.257007
1780918739859,0.515331,0.0693816,0.256984
1780918739876,0.515334,0.0693432,0.257018
1780918739891,0.515335,0.0693693,0.256995
1780918739906,0.515335,0.0693564,0.257007
1780918739923,0.515334,0.0693432,0.257018
1780918739939,0.515334,0.0693432,0.257018
1780918739955,0.515331,0.0693816,0.256984
1780918739970,0.515335,0.0693564,0.257007
1780918739987,0.515335,0.0693564,0.257007
1780918740003,0.515335,0.0693564,0.257007
1780918740017,0.515331,0.0693816,0.256984
1780918740034,0.515335,0.0693564,0.257007
1780918740050,0.515334,0.0693432,0.257018
1780918740066,0.515331,0.0693816,0.256984
1780918740082,0.515019,0.0699403,0.256454
1780918740097,0.515014,0.0699547,0.256441
1780918740114,0.51502,0.0699254,0.256467
1780918740130,0.515019,0.0699403,0.256454
1780918740146,0.515019,0.0699102,0.25648
1780918740162,0.515014,0.0699546,0.256441
1780918740178,0.51502,0.0699253,0.256467
1780918740195,0.51502,0.0699253,0.256467
1780918740209,0.515019,0.0699102,0.25648
1780918740226,0.515014,0.0699546,0.256441
1780918740242,0.515019,0.0699102,0.25648
1780918740258,0.515014,0.0699546,0.256441
1780918740274,0.51502,0.0699253,0.256467
1780918740290,0.515011,0.0699695,0.256427
1780918740307,0.515019,0.0699102,0.25648
1780918740322,0.51502,0.0699253,0.256467
1780918740336,0.515019,0.0699102,0.25648
1780918740352,0.51502,0.0699253,0.256467
1780918740368,0.515019,0.0699403,0.256454
1780918740382,0.51502,0.0699254,0.256467
1780918740398,0.515014,0.0699546,0.256441
1780918740414,0.51502,0.0699254,0.256467
1780918740430,0.515019,0.0699102,0.25648
1780918740447,0.51502,0.0699253,0.256467
1780918740463,0.515014,0.0699546,0.256441
1780918740479,0.51502,0.0699253,0.256467
1780918740494,0.515014,0.0699546,0.256441
1780918740511,0.515019,0.0699102,0.25648
1780918740527,0.515014,0.0699546,0.256441
1780918740543,0.515019,0.0699102,0.25648
1780918740560,0.515019,0.0699102,0.25648
1780918740575,0.51502,0.0699254,0.256467
1780918740591,0.514425,0.0706873,0.255723
1780918740607,0.514438,0.0706419,0.255764
1780918740623,0.514438,0.0706419,0.255764
1780918740639,0.514425,0.0706873,0.255723
1780918740656,0.514438,0.070642,0.255764
1780918740671,0.514439,0.070642,0.255764
1780918740687,0.514439,0.070642,0.255764
1780918740702,0.514439,0.070642,0.255764
1780918740717,0.514437,0.0706575,0.25575
1780918740734,0.514426,0.0706874,0.255723
1780918740749,0.514439,0.0706421,0.255764
1780918740765,0.514437,0.0706575,0.25575
1780918740781,0.514439,0.0706421,0.255764
1780918740797,0.514437,0.0706575,0.25575
1780918740812,0.514437,0.0706575,0.25575
1780918740829,0.514437,0.0706575,0.25575
1780918740845,0.514433,0.0706727,0.255736
1780918740861,0.514439,0.070642,0.255764
1780918740878,0.514433,0.0706727,0.255736
1780918740893,0.514426,0.0706874,0.255723
1780918740908,0.514439,0.070642,0.255764
1780918740924,0.514426,0.0706874,0.255723
1780918740939,0.514439,0.070642,0.255764
1780918740956,0.514426,0.0706874,0.255723
1780918740972,0.514439,0.070642,0.255764
1780918740988,0.514433,0.0706728,0.255736
1780918741003,0.514437,0.0706575,0.25575
1780918741020,0.514437,0.0706575,0.25575
1780918741035,0.514433,0.0706728,0.255736
1780918741052,0.514426,0.0706874,0.255723
1780918741068,0.514437,0.0706575,0.25575
1780918741084,0.513873,0.0712136,0.25519
1780918741098,0.513873,0.0712268,0.255178
1780918741116,0.513873,0.0712136,0.25519
1780918741130,0.513873,0.0712136,0.25519
1780918741146,0.513866,0.0712521,0.255155
1780918741162,0.513873,0.0712136,0.25519
1780918741179,0.513873,0.0712136,0.25519
1780918741194,0.513871,0.0712397,0.255167
1780918741210,0.513873,0.0712136,0.25519
1780918741227,0.513871,0.0712397,0.255167
1780918741243,0.513873,0.0712268,0.255178
1780918741259,0.513866,0.0712521,0.255155
1780918741275,0.513873,0.0712268,0.255178
1780918741291,0.513873,0.0712136,0.25519
1780918741306,0.513873,0.0712268,0.255178
1780918741322,0.513871,0.0712397,0.255167
1780918741337,0.513873,0.0712268,0.255178
1780918741353,0.513871,0.0712397,0.255167
1780918741368,0.513873,0.0712268,0.255178
1780918741383,0.513862,0.0712649,0.255143
1780918741399,0.513873,0.0712136,0.25519
1780918741415,0.513873,0.0712136,0.25519
1780918741432,0.513873,0.0712136,0.25519
1780918741447,0.513873,0.0712268,0.255178
1780918741464,0.513871,0.0712397,0.255167
1780918741480,0.513873,0.0712268,0.255178
1780918741495,0.513873,0.0712268,0.255178
1780918741511,0.513873,0.0712136,0.25519
1780918741526,0.513873,0.0712136,0.25519
1780918741543,0.513873,0.0712136,0.25519
1780918741558,0.513873,0.0712268,0.255178
1780918741575,0.513873,0.0712136,0.25519
1780918741591,0.513873,0.0712136,0.25519
1780918741606,0.513394,0.0716815,0.254717
1780918741623,0.513393,0.0716955,0.254704
1780918741638,0.513394,0.0716815,0.254717
1780918741654,0.513384,0.0717226,0.254679
1780918741670,0.513394,0.0716816,0.254717
1780918741687,0.513383,0.0717225,0.254679
1780918741702,0.513383,0.0717225,0.254679
1780918741718,0.513393,0.0716955,0.254704
1780918741735,0.513383,0.0717225,0.254679
1780918741750,0.513389,0.0717092,0.254692
1780918741767,0.513393,0.0716814,0.254717
1780918741782,0.513393,0.0716814,0.254717
1780918741798,0.513378,0.0717362,0.254667
1780918741813,0.513392,0.0716955,0.254704
1780918741829,0.513394,0.0716815,0.254717
1780918741845,0.51339,0.0717093,0.254692
1780918741860,0.513394,0.0716815,0.254717
1780918741877,0.513394,0.0716815,0.254717
1780918741892,0.513392,0.0716954,0.254704
1780918741908,0.513389,0.0717092,0.254692
1780918741924,0.513393,0.0716814,0.254717
1780918741940,0.513393,0.0716814,0.254717
1780918741956,0.513389,0.0717092,0.254692
1780918741973,0.513393,0.0716814,0.254717
1780918741989,0.513383,0.0717224,0.254679
1780918742005,0.513392,0.0716955,0.254704
1780918742021,0.513383,0.0717225,0.254679
1780918742036,0.513394,0.0716815,0.254717
1780918742052,0.513389,0.0717092,0.254692
1780918742069,0.513394,0.0716815,0.254717
1780918742085,0.513394,0.0716815,0.254717
1780918742100,0.513394,0.0716815,0.254717
1780918742116,0.513394,0.0716815,0.254717
1780918742132,0.512823,0.0723003,0.254098
1780918742148,0.512824,0.0722848,0.254112
1780918742164,0.512824,0.0722848,0.254112
1780918742180,0.512824,0.0722848,0.254112
1780918742196,0.512813,0.0723303,0.25407
1780918742213,0.512823,0.0723004,0.254098
1780918742229,0.512824,0.0722849,0.254112
1780918742243,0.512823,0.0723005,0.254098
1780918742259,0.512821,0.0723157,0.254084
1780918742276,0.512823,0.0723004,0.254098
1780918742292,0.512819,0.0723155,0.254084
1780918742309,0.512823,0.0722847,0.254112
1780918742323,0.512818,0.0723153,0.254084
1780918742339,0.512821,0.0723001,0.254098
1780918742354,0.512818,0.0723154,0.254084
1780918742371,0.512823,0.0722847,0.254112
1780918742385,0.512823,0.0722847,0.254112
1780918742401,0.512824,0.0722849,0.254112
1780918742417,0.512823,0.0723004,0.254098
1780918742434,0.512823,0.0723004,0.254098
1780918742449,0.512823,0.0723004,0.254098
1780918742465,0.512823,0.0723004,0.254098
1780918742481,0.512824,0.0722849,0.254112
1780918742497,0.512824,0.0722849,0.254112
1780918742514,0.512823,0.0723004,0.254098
1780918742529,0.512823,0.0723004,0.254098
1780918742546,0.512823,0.0723004,0.254098
1780918742561,0.512814,0.0723303,0.25407
1780918742577,0.512824,0.0722849,0.254112
1780918742593,0.512824,0.0722849,0.254112
1780918742609,0.512824,0.0722849,0.254112
1780918742626,0.51282,0.0723157,0.254084
1780918742640,0.512311,0.072973,0.253437
1780918742656,0.512311,0.072973,0.253437
1780918742674,0.512311,0.072973,0.253437
1780918742688,0.512311,0.0729883,0.253423
1780918742704,0.512312,0.0729731,0.253437
1780918742720,0.512313,0.0730038,0.25341
1780918742736,0.512318,0.0729738,0.253437
1780918742752,0.512309,0.0730185,0.253396
1780918742768,0.512318,0.0729892,0.253423
1780918742786,0.512319,0.072974,0.253437
1780918742800,0.512317,0.0729891,0.253423
1780918742816,0.512315,0.0729889,0.253423
1780918742832,0.512314,0.0729887,0.253423
1780918742849,0.512314,0.0729734,0.253437
1780918742864,0.512312,0.0729885,0.253423
1780918742880,0.512313,0.0729733,0.253437
1780918742895,0.512314,0.0729733,0.253437
1780918742909,0.512314,0.0729733,0.253437
1780918742925,0.512315,0.0729734,0.253437
1780918742940,0.512314,0.0729887,0.253423
1780918742956,0.512316,0.0729736,0.253437
1780918742973,0.512312,0.0730037,0.25341
1780918742989,0.512317,0.0729737,0.253437
1780918743005,0.512315,0.0729889,0.253423
1780918743020,0.512317,0.0729737,0.253437
1780918743036,0.512299,0.0730481,0.253369
1780918743051,0.512311,0.0730036,0.25341
1780918743067,0.512316,0.0729736,0.253437
1780918743087,0.512315,0.0729735,0.253437
1780918743113,0.512314,0.0729887,0.253423
1780918743129,0.512316,0.0729736,0.253437
1780918743146,0.512305,0.0730179,0.253396
1780918743161,0.511389,0.073308,0.253022
1780918743176,0.511375,0.0733164,0.253013
1780918743191,0.511396,0.0732986,0.253032
1780918743207,0.511396,0.0732985,0.253032
1780918743223,0.511393,0.0732981,0.253032
1780918743239,0.511369,0.0733155,0.253013
1780918743256,0.51138,0.0733067,0.253022
1780918743272,0.511352,0.0733234,0.253004
1780918743287,0.511389,0.0732977,0.253032
1780918743303,0.511391,0.0732978,0.253032
1780918743319,0.511392,0.073298,0.253032
1780918743333,0.511392,0.073298,0.253032
1780918743349,0.511393,0.0732982,0.253032
1780918743365,0.511357,0.0733242,0.253004
1780918743382,0.511394,0.0732984,0.253032
1780918743397,0.511384,0.0733074,0.253022
1780918743413,0.511372,0.073316,0.253013
1780918743429,0.511383,0.0733072,0.253022
1780918743445,0.51137,0.0733158,0.253013
1780918743461,0.511392,0.0732981,0.253032
1780918743477,0.511392,0.073298,0.253032
1780918743494,0.511391,0.0732979,0.253032
1780918743509,0.511369,0.0733155,0.253013
1780918743525,0.511391,0.0732978,0.253032
1780918743542,0.511369,0.0733155,0.253013
1780918743557,0.511381,0.0733069,0.253022
1780918743572,0.511354,0.0733237,0.253004
1780918743590,0.511381,0.0733069,0.253022
1780918743605,0.511391,0.0732979,0.253032
1780918743621,0.51139,0.0732977,0.253032
1780918743637,0.511367,0.0733153,0.253013
1780918743653,0.509632,0.0731647,0.252926
1780918743669,0.509626,0.0731638,0.252926
1780918743685,0.509577,0.0731773,0.252907
1780918743701,0.50957,0.0731762,0.252907
1780918743717,0.509585,0.073168,0.252917
1780918743732,0.509602,0.0731603,0.252926
1780918743749,0.509602,0.0731603,0.252926
1780918743764,0.509624,0.0731635,0.252926
1780918743779,0.509631,0.0731645,0.252926
1780918743795,0.509611,0.0731824,0.252907
1780918743811,0.509642,0.0731662,0.252926
1780918743826,0.509595,0.0731903,0.252898
1780918743841,0.509628,0.0731745,0.252916
1780918743857,0.509639,0.0731657,0.252926
1780918743873,0.509637,0.0731654,0.252926
1780918743889,0.509604,0.0731813,0.252907
1780918743905,0.509618,0.073173,0.252916
1780918743921,0.509632,0.0731647,0.252926
1780918743937,0.50963,0.0731645,0.252926
1780918743953,0.509617,0.0731729,0.252916
1780918743969,0.509631,0.0731646,0.252926
1780918743984,0.509619,0.0731732,0.252916
1780918744001,0.509634,0.073165,0.252926
1780918744017,0.509634,0.0731651,0.252926
1780918744032,0.509606,0.0731816,0.252907
1780918744047,0.509635,0.0731651,0.252926
1780918744063,0.509586,0.0731891,0.252898
1780918744079,0.50962,0.0731733,0.252916
1780918744094,0.509633,0.0731648,0.252926
1780918744111,0.509618,0.0731731,0.252916
1780918744127,0.509602,0.0731811,0.252907
1780918744143,0.509618,0.073173,0.252916
1780918744159,0.509602,0.073181,0.252907
1780918744175,0.509617,0.0731729,0.252916
1780918744191,0.508498,0.073191,0.252757
1780918744207,0.508495,0.0731982,0.25275
1780918744223,0.5085,0.0731912,0.252757
1780918744239,0.5085,0.0731755,0.252771
1780918744254,0.508493,0.0732057,0.252743
1780918744270,0.5085,0.0731913,0.252757
1780918744285,0.508502,0.0731836,0.252764
1780918744302,0.508495,0.0731983,0.25275
1780918744318,0.508501,0.0731756,0.252771
1780918744333,0.508495,0.0731982,0.25275
1780918744348,0.5085,0.0731755,0.252771
1780918744364,0.5085,0.0731755,0.252771
1780918744379,0.508501,0.0731835,0.252764
1780918744395,0.508494,0.0731981,0.25275
1780918744411,0.5085,0.0731834,0.252764
1780918744429,0.508498,0.073191,0.252757
1780918744442,0.508499,0.0731753,0.252771
1780918744459,0.508499,0.073191,0.252757
1780918744475,0.508501,0.0731835,0.252764
1780918744491,0.508501,0.0731755,0.252771
1780918744507,0.508502,0.0731757,0.252771
1780918744524,0.508502,0.0731757,0.252771
1780918744539,0.5085,0.0731912,0.252757
1780918744556,0.508501,0.0731755,0.252771
1780918744572,0.5085,0.0731834,0.252764
1780918744587,0.508491,0.0732134,0.252736
1780918744603,0.508498,0.0731752,0.252771
1780918744619,0.508498,0.0731752,0.252771
1780918744634,0.508498,0.0731752,0.252771
1780918744651,0.508498,0.0731752,0.252771
1780918744667,0.508498,0.0731909,0.252757
1780918744683,0.508499,0.0731753,0.252771
1780918744698,0.508505,0.0727369,0.253163
1780918744714,0.5085,0.0727361,0.253163
1780918744730,0.50849,0.0727391,0.25316
1780918744746,0.508483,0.0727338,0.253163
1780918744762,0.508474,0.0727388,0.253158
1780918744778,0.508474,0.0727326,0.253163
1780918744794,0.508473,0.0727388,0.253158
1780918744810,0.508477,0.0727329,0.253163
1780918744826,0.508482,0.072738,0.253159
1780918744841,0.508482,0.0727336,0.253163
1780918744856,0.508483,0.0727338,0.253163
1780918744871,0.508489,0.0727389,0.253159
1780918744886,0.508484,0.0727339,0.253163
1780918744902,0.508483,0.0727401,0.253158
1780918744917,0.508482,0.0727337,0.253163
1780918744931,0.508482,0.0727337,0.253163
1780918744947,0.508484,0.0727381,0.25316
1780918744963,0.508483,0.0727338,0.253163
1780918744979,0.508484,0.0727402,0.253158
1780918744994,0.508486,0.0727364,0.253161
1780918745010,0.508486,0.0727384,0.25316
1780918745026,0.508484,0.0727339,0.253163
1780918745043,0.508485,0.0727384,0.25316
1780918745059,0.508481,0.0727336,0.253163
1780918745075,0.508482,0.0727336,0.253163
1780918745090,0.508482,0.0727337,0.253163
1780918745106,0.508483,0.0727337,0.253163
1780918745122,0.508482,0.07274,0.253158
1780918745138,0.508483,0.0727338,0.253163
1780918745154,0.508486,0.0727384,0.25316
1780918745170,0.508485,0.0727362,0.253161
1780918745186,0.508483,0.0727338,0.253163
1780918745203,0.508481,0.0727421,0.253156
1780918745218,0.507683,0.0725176,0.253254
1780918745234,0.507683,0.0725176,0.253254
1780918745249,0.507616,0.0725813,0.253189
1780918745265,0.507682,0.0725174,0.253254
1780918745281,0.507682,0.0725173,0.253254
1780918745297,0.507681,0.0725172,0.253254
1780918745313,0.507684,0.0725176,0.253254
1780918745329,0.507665,0.0725388,0.253233
1780918745345,0.507644,0.0725602,0.253211
1780918745361,0.50762,0.0725819,0.253189
1780918745377,0.507685,0.0725178,0.253254
1780918745393,0.507685,0.0725178,0.253254
1780918745410,0.507619,0.0725818,0.253189
1780918745425,0.507665,0.0725387,0.253233
1780918745441,0.507684,0.0725176,0.253254
1780918745457,0.507684,0.0725176,0.253254
1780918745474,0.507684,0.0725176,0.253254
1780918745489,0.507683,0.0725175,0.253254
1780918745504,0.507683,0.0725175,0.253254
1780918745520,0.507664,0.0725386,0.253233
1780918745536,0.507684,0.0725176,0.253254
1780918745552,0.507683,0.0725176,0.253254
1780918745568,0.507683,0.0725175,0.253254
1780918745583,0.507683,0.0725175,0.253254
1780918745598,0.507664,0.0725387,0.253233
1780918745613,0.507618,0.0725816,0.253189
1780918745629,0.507664,0.0725386,0.253233
1780918745645,0.507664,0.0725386,0.253233
1780918745662,0.507684,0.0725176,0.253254
1780918745677,0.507684,0.0725176,0.253254
1780918745693,0.507643,0.0725601,0.253211
1780918745709,0.507683,0.0725176,0.253254
1780918745726,0.502179,0.0782736,0.247333
1780918745741,0.502261,0.0781668,0.247441
1780918745757,0.502007,0.0784888,0.247114
1780918745774,0.502341,0.0780602,0.247549
1780918745789,0.502261,0.0781667,0.247441
1780918745805,0.502092,0.0783806,0.247224
1780918745821,0.502261,0.0781667,0.247441
1780918745837,0.502342,0.0780603,0.247549
1780918745854,0.502092,0.0783807,0.247224
1780918745870,0.502341,0.0780603,0.247549
1780918745885,0.502261,0.0781667,0.247441
1780918745900,0.502179,0.0782737,0.247333
1780918745916,0.502342,0.0780603,0.247549
1780918745933,0.502342,0.0780603,0.247549
1780918745948,0.502008,0.0784889,0.247114
1780918745962,0.502342,0.0780604,0.247549
1780918745978,0.502342,0.0780604,0.247549
1780918745994,0.502007,0.0784888,0.247114
1780918746011,0.502342,0.0780603,0.247549
1780918746026,0.502261,0.0781668,0.247441
1780918746042,0.502179,0.0782736,0.247333
1780918746057,0.502261,0.0781668,0.247441
1780918746072,0.502093,0.0783807,0.247224
1780918746088,0.502342,0.0780603,0.247549
1780918746104,0.502342,0.0780603,0.247549
1780918746121,0.502342,0.0780603,0.247549
1780918746136,0.502342,0.0780603,0.247549
1780918746152,0.502342,0.0780603,0.247549
1780918746168,0.502092,0.0783807,0.247224
1780918746184,0.502342,0.0780603,0.247549
1780918746200,0.502092,0.0783807,0.247224
1780918746216,0.502261,0.0781667,0.247441
1780918746233,0.502092,0.0783806,0.247224
1780918746248,0.493405,0.0892854,0.235928
1780918746264,0.493549,0.0890854,0.236136
1780918746279,0.493618,0.0889841,0.236241
1780918746294,0.493618,0.0889841,0.236241
1780918746310,0.493403,0.0892854,0.235928
1780918746327,0.493614,0.0889836,0.236241
1780918746343,0.493475,0.0891858,0.236032
1780918746358,0.493546,0.0890853,0.236136
1780918746374,0.493404,0.0892855,0.235928
1780918746390,0.493548,0.0890856,0.236136
1780918746406,0.493479,0.0891863,0.236032
1780918746422,0.493549,0.0890857,0.236136
1780918746439,0.493479,0.0891864,0.236032
1780918746455,0.493619,0.0889842,0.236241
1780918746470,0.493478,0.0891864,0.236032
1780918746487,0.493549,0.0890857,0.236136
1780918746502,0.493618,0.0889841,0.236241
1780918746518,0.493618,0.088984,0.236241
1780918746534,0.493549,0.0890856,0.236136
1780918746550,0.493406,0.0892856,0.235928
1780918746564,0.493618,0.088984,0.236241
1780918746580,0.493479,0.0891863,0.236032
1780918746594,0.493549,0.0890856,0.236136
1780918746610,0.493478,0.0891863,0.236032
1780918746627,0.493618,0.088984,0.236241
1780918746642,0.493549,0.0890856,0.236136
1780918746658,0.493549,0.0890856,0.236136
1780918746674,0.493618,0.088984,0.236241
1780918746690,0.493618,0.088984,0.236241
1780918746706,0.493618,0.088984,0.236241
1780918746722,0.493405,0.0892857,0.235928
1780918746739,0.493549,0.0890856,0.236136
1780918746754,0.493618,0.088984,0.236241
1780918746770,0.489342,0.0945135,0.230389
1780918746786,0.4894,0.0944237,0.230483
1780918746800,0.4894,0.0944237,0.230483
1780918746816,0.4894,0.0944237,0.230483
1780918746832,0.489381,0.0944543,0.230451
1780918746849,0.489399,0.0944235,0.230483
1780918746864,0.48938,0.0944542,0.230451
1780918746880,0.489397,0.0944233,0.230483
1780918746896,0.489339,0.094513,0.230389
1780918746912,0.489397,0.0944231,0.230483
1780918746928,0.489397,0.0944231,0.230483
1780918746944,0.489397,0.0944232,0.230483
1780918746959,0.489362,0.0944843,0.23042
1780918746976,0.489399,0.0944234,0.230483
1780918746992,0.489342,0.0945136,0.230389
1780918747007,0.4894,0.0944236,0.230483
1780918747023,0.489343,0.0945137,0.230389
1780918747039,0.4894,0.0944237,0.230483
1780918747056,0.489343,0.0945137,0.230389
1780918747071,0.489364,0.0944846,0.23042
1780918747087,0.489363,0.0944846,0.23042
1780918747103,0.489399,0.0944236,0.230483
1780918747119,0.489399,0.0944235,0.230483
1780918747135,0.489399,0.0944235,0.230483
1780918747151,0.489399,0.0944235,0.230483
1780918747168,0.489399,0.0944235,0.230483
1780918747183,0.489382,0.0944544,0.230451
1780918747200,0.489399,0.0944235,0.230483
1780918747215,0.489363,0.0944845,0.23042
1780918747231,0.489342,0.0945135,0.230389
1780918747247,0.489382,0.0944544,0.230451
1780918747263,0.489342,0.0945135,0.230389
1780918747280,0.489127,0.0942142,0.230629
1780918747295,0.489127,0.0942142,0.230629
1780918747311,0.48914,0.0941989,0.230645
1780918747327,0.489128,0.0942143,0.230629
1780918747343,0.489141,0.094199,0.230645
1780918747358,0.489128,0.0942144,0.230629
1780918747375,0.489135,0.0942071,0.230637
1780918747390,0.489129,0.0942145,0.230629
1780918747407,0.489136,0.0942071,0.230637
1780918747422,0.489136,0.0942071,0.230637
1780918747438,0.489144,0.0941904,0.230654
1780918747454,0.489136,0.0942071,0.230637
1780918747470,0.489141,0.0941991,0.230645
1780918747487,0.489128,0.0942144,0.230629
1780918747501,0.489144,0.0941903,0.230654
1780918747518,0.489135,0.094207,0.230637
1780918747532,0.489141,0.0941991,0.230645
1780918747549,0.489128,0.0942144,0.230629
1780918747564,0.489141,0.0941991,0.230645
1780918747580,0.489128,0.0942144,0.230629
1780918747597,0.489148,0.0941818,0.230663
1780918747612,0.489144,0.0941903,0.230654
1780918747629,0.489128,0.0942145,0.230629
1780918747644,0.489144,0.0941903,0.230654
1780918747660,0.489135,0.094207,0.230637
1780918747677,0.489135,0.094207,0.230637
1780918747692,0.489128,0.0942145,0.230629
1780918747708,0.489144,0.0941903,0.230654
1780918747724,0.489128,0.0942145,0.230629
1780918747741,0.489141,0.0941991,0.230645
1780918747755,0.489141,0.0941991,0.230645
1780918747771,0.489144,0.0941903,0.230654
1780918747787,0.490011,0.0919948,0.232845
1780918747804,0.490012,0.0919948,0.232845
1780918747819,0.490011,0.0919948,0.232845
1780918747835,0.490008,0.0919995,0.23284
1780918747852,0.490008,0.0919995,0.23284
1780918747867,0.490012,0.0919847,0.232855
1780918747883,0.490008,0.0919995,0.23284
1780918747898,0.490013,0.0919899,0.23285
1780918747914,0.490008,0.0919995,0.23284
1780918747930,0.490011,0.0919948,0.232845
1780918747946,0.490011,0.0919948,0.232845
1780918747962,0.490008,0.0919995,0.23284
1780918747977,0.490013,0.0919801,0.232859
1780918747994,0.490011,0.0919947,0.232845
1780918748009,0.490013,0.0919899,0.23285
1780918748025,0.490012,0.0919846,0.232855
1780918748041,0.490007,0.0919994,0.23284
1780918748057,0.490011,0.0919947,0.232845
1780918748074,0.490008,0.0919994,0.23284
1780918748089,0.490008,0.0919995,0.23284
1780918748104,0.490008,0.0919995,0.23284
1780918748119,0.490012,0.0919847,0.232855
1780918748134,0.490011,0.0919947,0.232845
1780918748149,0.490008,0.0919995,0.23284
1780918748164,0.490007,0.0919995,0.23284
1780918748180,0.490013,0.0919899,0.23285
1780918748195,0.490011,0.0919947,0.232845
1780918748210,0.490012,0.0919847,0.232855
1780918748228,0.490013,0.0919899,0.23285
1780918748242,0.490008,0.0919995,0.23284
1780918748258,0.490012,0.0919847,0.232855
1780918748274,0.490013,0.0919899,0.23285
1780918748292,0.490011,0.0919947,0.232845
1780918748307,0.489952,0.0914276,0.233361
1780918748322,0.489956,0.0914146,0.233374
1780918748338,0.489952,0.0914275,0.233361
1780918748354,0.489957,0.0914147,0.233374
1780918748370,0.489957,0.0914147,0.233374
1780918748386,0.489956,0.0914146,0.233374
1780918748402,0.489952,0.0914275,0.233361
Timestamp(ms),Theta,Beta,FocusRatio
1780918804434,0,0,1
1780918804450,0,0,1
1780918804465,0,0,1
1780918804481,0,0,1
1780918804498,0,0,1
1780918804514,0,0,1
1780918804528,0,0,1
1780918804544,0,0,1
1780918804559,0,0,1
1780918804575,0,0,1
1780918804591,0,0,1
1780918804607,0,0,1
1780918804623,0,0,1
1780918804639,0,0,1
1780918804654,0,0,1
1780918804670,0,0,1
1780918804686,0,0,1
1780918804701,0,0,1
1780918804716,0,0,1
1780918804733,0,0,1
1780918804748,0,0,1
1780918804763,0,0,1
1780918804779,0,0,1
1780918804795,0,0,1
1780918804810,0,0,1
1780918804826,0,0,1
1780918804842,0,0,1
1780918804858,0,0,1
1780918804874,0,0,1
1780918804890,0,0,1
1780918804906,0,0,1
1780918804922,0,0,1
1780918804938,0,0,1
1780918804954,0,0,1
1780918804970,0,0,1
1780918804986,0,0,1
1780918805002,0,0,1
1780918805018,0,0,1
1780918805034,0,0,1
1780918805050,0,0,1
1780918805065,0,0,1
1780918805081,0,0,1
1780918805097,0,0,1
1780918805113,0,0,1
1780918805129,0,0,1
1780918805145,0,0,1
1780918805161,0,0,1
1780918805177,0,0,1
1780918805193,0,0,1
1780918805209,0,0,1
1780918805224,0,0,1
1780918805240,0,0,1
1780918805256,0,0,1
1780918805272,0,0,1
1780918805288,0,0,1
1780918805304,0,0,1
1780918805320,0,0,1
1780918805335,0,0,1
1780918805351,0,0,1
1780918805367,0,0,1
1780918805382,0,0,1
1780918805398,0,0,1
1780918805414,0,0,1
1780918805430,0,0,1
1780918805446,0,0,1
1780918805463,0,0,1
1780918805478,0,0,1
1780918805494,0,0,1
1780918805510,0,0,1
1780918805526,0,0,1
1780918805542,0,0,1
1780918805558,0,0,1
1780918805573,0,0,1
1780918805589,0,0,1
1780918805605,0,0,1
1780918805621,0,0,1
1780918805637,0,0,1
1780918805653,0,0,1
1780918805669,0,0,1
1780918805685,0,0,1
1780918805701,0,0,1
1780918805716,0,0,1
1780918805732,0,0,1
1780918805748,0,0,1
1780918805763,0,0,1
1780918805778,0,0,1
1780918805794,0,0,1
1780918805810,0,0,1
1780918805825,0,0,1
1780918805841,0,0,1
1780918805857,0,0,1
1780918805873,0,0,1
1780918805888,0,0,1
1780918805904,0,0,1
1780918805920,0,0,1
1780918805936,0,0,1
1780918805953,0.169475,0.403834,0
1780918805968,0.158404,0.433022,0
1780918805984,0.157568,0.431504,0
1780918806000,0.158352,0.432908,0
1780918806016,0.157354,0.430758,0
1780918806032,0.157161,0.430216,0
1780918806048,0.158117,0.432193,0
1780918806064,0.158188,0.432453,0
1780918806080,0.157496,0.431283,0
1780918806095,0.15829,0.432856,0
1780918806111,0.158213,0.432607,0
1780918806127,0.15822,0.432551,0
1780918806143,0.15822,0.432551,0
1780918806158,0.157556,0.43141,0
1780918806173,0.156802,0.434809,0
1780918806189,0.158409,0.433027,0
1780918806205,0.156759,0.434663,0
1780918806221,0.15754,0.431389,0
1780918806237,0.13995,0.44786,0
1780918806253,0.139928,0.447823,0
1780918806269,0.139021,0.449492,0
1780918806285,0.140229,0.449071,0
1780918806301,0.139742,0.447652,0
1780918806317,0.14027,0.449099,0
1780918806333,0.139711,0.447541,0
1780918806349,0.139694,0.447503,0
1780918806364,0.139756,0.447625,0
1780918806379,0.140331,0.449186,0
1780918806394,0.139766,0.447676,0
1780918806409,0.140296,0.449092,0
1780918806424,0.139811,0.447785,0
1780918806440,0.139076,0.449624,0
1780918806456,0.139036,0.449564,0
1780918806472,0.139751,0.447738,0
1780918806488,0.139746,0.447728,0
1780918806504,0.155589,0.416757,0
1780918806520,0.155632,0.416886,0
1780918806536,0.155657,0.4169,0
1780918806552,0.156026,0.416929,0
1780918806567,0.155108,0.418372,0
1780918806582,0.155615,0.416785,0
1780918806597,0.155618,0.416757,0
1780918806612,0.155113,0.418348,0
1780918806628,0.155096,0.41828,0
1780918806644,0.155567,0.416606,0
1780918806660,0.155562,0.416615,0
1780918806676,0.155584,0.416691,0
1780918806692,0.155119,0.418428,0
1780918806708,0.155119,0.418428,0
1780918806724,0.155177,0.41857,0
1780918806739,0.15517,0.418546,0
1780918806754,0.155654,0.416903,0
1780918806769,0.185618,0.392266,0
1780918806785,0.185721,0.392492,0
1780918806801,0.186051,0.391759,0
1780918806817,0.186156,0.392005,0
1780918806833,0.185887,0.392873,0
1780918806849,0.186528,0.392523,0
1780918806864,0.186186,0.392076,0
1780918806880,0.186141,0.391979,0
1780918806896,0.185832,0.392762,0
1780918806912,0.185824,0.392744,0
1780918806928,0.18581,0.39271,0
1780918806944,0.186434,0.392338,0
1780918806960,0.185825,0.392743,0
1780918806977,0.185821,0.392734,0
1780918806993,0.173216,0.38995,0
1780918807008,0.173551,0.389138,0
1780918807025,0.173549,0.389143,0
1780918807040,0.173555,0.389157,0
1780918807057,0.173501,0.389067,0
1780918807072,0.173161,0.389888,0
1780918807088,0.173477,0.38902,0
1780918807104,0.173164,0.389877,0
1780918807120,0.173506,0.389058,0
1780918807136,0.173589,0.389215,0
1780918807152,0.173596,0.38923,0
1780918807168,0.173241,0.390017,0
1780918807183,0.173559,0.389156,0
1780918807200,0.173543,0.389123,0
1780918807216,0.173542,0.389118,0
1780918807231,0.173542,0.389114,0
1780918807248,0.173214,0.389951,0
1780918807264,0.173216,0.389955,0
1780918807279,0.173216,0.389955,0
1780918807294,0.173545,0.389137,0
1780918807309,0.173215,0.389959,0
1780918807325,0.173214,0.389959,0
1780918807341,0.173532,0.389108,0
1780918807357,0.174034,0.388772,0
1780918807373,0.173202,0.389931,0
1780918807389,0.173527,0.389088,0
1780918807405,0.173211,0.389942,0
1780918807421,0.173555,0.389148,0
1780918807437,0.173227,0.389979,0
1780918807453,0.173226,0.389971,0
1780918807469,0.174043,0.388779,0
1780918807484,0.173549,0.389142,0
1780918807500,0.17355,0.38913,0
1780918807515,0.193616,0.372056,0
1780918807531,0.19338,0.372383,0
1780918807545,0.193936,0.371939,0
1780918807561,0.193372,0.372363,0
1780918807576,0.193601,0.372016,0
1780918807591,0.193915,0.371896,0
1780918807606,0.19361,0.372044,0
1780918807621,0.193614,0.37205,0
1780918807637,0.193389,0.372398,0
1780918807653,0.19339,0.372398,0
1780918807668,0.193383,0.37239,0
1780918807684,0.193613,0.372051,0
1780918807700,0.193374,0.372373,0
1780918807716,0.193374,0.372371,0
1780918807733,0.193928,0.371929,0
1780918807749,0.193378,0.372375,0
1780918807764,0.193929,0.371932,0
1780918807780,0.193378,0.37238,0
1780918807796,0.193614,0.372052,0
1780918807812,0.19338,0.372377,0
1780918807828,0.193613,0.37205,0
1780918807844,0.193374,0.372368,0
1780918807860,0.193374,0.372368,0
1780918807875,0.193372,0.372364,0
1780918807890,0.193606,0.372035,0
1780918807906,0.193375,0.372372,0
1780918807922,0.193376,0.372375,0
1780918807937,0.193614,0.372048,0
1780918807953,0.193615,0.372055,0
1780918807969,0.193379,0.37238,0
1780918807985,0.19393,0.371929,0
1780918808001,0.193613,0.372052,0
1780918808017,0.207845,0.379618,0
1780918808033,0.208146,0.379568,0
1780918808049,0.207851,0.379633,0
1780918808064,0.208165,0.379613,0
1780918808080,0.207862,0.379657,0
1780918808096,0.208161,0.3796,0
1780918808112,0.208159,0.379598,0
1780918808128,0.208516,0.379679,0
1780918808144,0.207857,0.379647,0
1780918808160,0.207855,0.379647,0
1780918808176,0.207854,0.379639,0
1780918808192,0.20815,0.379575,0
1780918808208,0.20815,0.379577,0
1780918808224,0.208152,0.379578,0
1780918808240,0.208154,0.379582,0
1780918808256,0.207855,0.379638,0
1780918808272,0.208515,0.379676,0
1780918808288,0.208154,0.379588,0
1780918808304,0.207847,0.379625,0
1780918808320,0.207846,0.379625,0
1780918808335,0.20815,0.379583,0
1780918808350,0.207852,0.379636,0
1780918808366,0.208515,0.379676,0
1780918808382,0.207856,0.379644,0
1780918808398,0.207856,0.379644,0
1780918808414,0.208157,0.37959,0
1780918808429,0.208154,0.379583,0
1780918808444,0.208512,0.379666,0
1780918808459,0.208153,0.379583,0
1780918808474,0.208513,0.379668,0
1780918808490,0.208155,0.379588,0
1780918808505,0.208875,0.379735,0
1780918808521,0.207857,0.379644,0
1780918808537,0.207857,0.379646,0
1780918808554,0.226509,0.393801,0
1780918808569,0.226505,0.393794,0
1780918808585,0.226507,0.393796,0
1780918808601,0.22651,0.393799,0
1780918808617,0.226775,0.393951,0
1780918808633,0.226522,0.393816,0
1780918808649,0.226313,0.393778,0
1780918808665,0.226313,0.393778,0
1780918808680,0.226773,0.393946,0
1780918808696,0.226524,0.393818,0
1780918808712,0.226791,0.393975,0
1780918808728,0.226332,0.393809,0
1780918808744,0.226548,0.393858,0
1780918808760,0.226546,0.393857,0
1780918808775,0.22679,0.393977,0
1780918808790,0.226325,0.393799,0
1780918808806,0.226321,0.393791,0
1780918808822,0.226313,0.393776,0
1780918808838,0.226775,0.393949,0
1780918808854,0.226312,0.393773,0
1780918808870,0.226314,0.393777,0
1780918808886,0.226783,0.393961,0
1780918808901,0.226531,0.393829,0
1780918808916,0.226531,0.393829,0
1780918808931,0.22632,0.393788,0
1780918808946,0.226319,0.393787,0
1780918808961,0.22653,0.393826,0
1780918808977,0.226527,0.393824,0
1780918808993,0.226315,0.393781,0
1780918809009,0.226525,0.393819,0
1780918809024,0.226313,0.393776,0
1780918809039,0.226523,0.393816,0
1780918809055,0.234738,0.400238,0
1780918809071,0.234544,0.400366,0
1780918809086,0.234557,0.400372,0
1780918809101,0.234995,0.400205,0
1780918809117,0.23455,0.400351,0
1780918809133,0.234732,0.400201,0
1780918809149,0.234529,0.400311,0
1780918809165,0.234956,0.400131,0
1780918809180,0.234518,0.400292,0
1780918809195,0.234714,0.40017,0
1780918809211,0.234518,0.400294,0
1780918809227,0.234518,0.400295,0
1780918809241,0.234716,0.400178,0
1780918809257,0.234717,0.40018,0
1780918809273,0.234519,0.400299,0
1780918809289,0.234951,0.400127,0
1780918809305,0.234524,0.400307,0
1780918809320,0.234955,0.400131,0
1780918809336,0.234521,0.400298,0
1780918809352,0.234521,0.4003,0
1780918809368,0.234956,0.400132,0
1780918809383,0.234523,0.400301,0
1780918809398,0.234721,0.400181,0
1780918809414,0.234521,0.400298,0
1780918809429,0.234721,0.400181,0
1780918809445,0.23472,0.40018,0
1780918809461,0.23472,0.40018,0
1780918809477,0.235393,0.399953,0
1780918809493,0.234519,0.400295,0
1780918809509,0.234519,0.400294,0
1780918809524,0.234519,0.400294,0
1780918809540,0.234717,0.400175,0
1780918809556,0.234718,0.400177,0
1780918809571,0.252248,0.38303,0
1780918809587,0.252244,0.383025,0
1780918809603,0.252511,0.382731,0
1780918809619,0.252231,0.383006,0
1780918809635,0.252488,0.382698,0
1780918809651,0.252479,0.382686,0
1780918809667,0.25248,0.382688,0
1780918809683,0.252488,0.382699,0
1780918809699,0.252233,0.383012,0
1780918809715,0.25281,0.382499,0
1780918809731,0.252501,0.382718,0
1780918809747,0.252229,0.383006,0
1780918809764,0.252234,0.383014,0
1780918809778,0.252234,0.383014,0
1780918809794,0.252226,0.383001,0
1780918809810,0.252806,0.382493,0
1780918809827,0.252232,0.383011,0
1780918809842,0.252803,0.382488,0
1780918809858,0.252222,0.382994,0
1780918809874,0.25279,0.382469,0
1780918809891,0.252215,0.382984,0
1780918809906,0.252219,0.38299,0
1780918809920,0.252226,0.383,0
1780918809936,0.252227,0.383003,0
1780918809951,0.252804,0.38249,0
1780918809968,0.252227,0.383001,0
1780918809984,0.252227,0.383001,0
1780918810000,0.252494,0.382707,0
1780918810016,0.252211,0.382976,0
1780918810032,0.252211,0.382975,0
1780918810048,0.25221,0.382975,0
1780918810064,0.252483,0.38269,0
1780918810080,0.261442,0.370574,0
1780918810096,0.261517,0.370507,0
1780918810112,0.261612,0.370478,0
1780918810128,0.261505,0.370493,0
1780918810144,0.261433,0.370567,0
1780918810160,0.261412,0.370537,0
1780918810176,0.261472,0.370444,0
1780918810192,0.261546,0.370381,0
1780918810208,0.261447,0.370405,0
1780918810224,0.261382,0.370489,0
1780918810240,0.261388,0.370498,0
1780918810255,0.261462,0.370427,0
1780918810270,0.261397,0.370512,0
1780918810286,0.261572,0.370419,0
1780918810301,0.261405,0.370523,0
1780918810317,0.261667,0.370386,0
1780918810333,0.261403,0.370522,0
1780918810349,0.261571,0.370419,0
1780918810365,0.261474,0.370448,0
1780918810381,0.261475,0.370449,0
1780918810397,0.261403,0.370524,0
1780918810413,0.261568,0.370415,0
1780918810429,0.261473,0.370445,0
1780918810444,0.261479,0.370455,0
1780918810460,0.261675,0.3704,0
1780918810476,0.261579,0.370431,0
1780918810492,0.26148,0.370456,0
1780918810508,0.261574,0.370423,0
1780918810524,0.261476,0.370449,0
1780918810540,0.261404,0.370524,0
1780918810556,0.261571,0.370419,0
1780918810571,0.261475,0.370448,0
1780918810587,0.261476,0.370449,0
1780918810603,0.26003,0.369225,0
1780918810619,0.259825,0.369483,0
1780918810634,0.26013,0.369082,0
1780918810650,0.259816,0.36947,0
1780918810666,0.25982,0.369474,0
1780918810682,0.25982,0.369474,0
1780918810698,0.260017,0.369202,0
1780918810714,0.259853,0.369243,0
1780918810730,0.259808,0.369177,0
1780918810746,0.259753,0.369373,0
1780918810762,0.259909,0.36932,0
1780918810778,0.260013,0.369475,0
1780918810794,0.259932,0.36964,0
1780918810810,0.259902,0.369597,0
1780918810825,0.259965,0.369409,0
1780918810840,0.259953,0.369391,0
1780918810856,0.259823,0.369477,0
1780918810872,0.259814,0.369462,0
1780918810888,0.259899,0.369304,0
1780918810904,0.259913,0.369322,0
1780918810920,0.259917,0.369327,0
1780918810936,0.260169,0.36913,0
1780918810952,0.259941,0.369364,0
1780918810968,0.259851,0.369514,0
1780918810984,0.259936,0.369358,0
1780918810999,0.260045,0.36924,0
1780918811014,0.259919,0.369335,0
1780918811029,0.259913,0.369326,0
1780918811044,0.259905,0.369315,0
1780918811060,0.259896,0.369303,0
1780918811076,0.260004,0.36918,0
1780918811092,0.259889,0.369291,0
1780918811108,0.259802,0.369444,0
1780918811124,0.276222,0.338439,0
1780918811140,0.276975,0.337563,0
1780918811156,0.277049,0.337638,0
1780918811172,0.277854,0.336781,0
1780918811188,0.277115,0.337703,0
1780918811204,0.277134,0.337719,0
1780918811220,0.277126,0.337704,0
1780918811236,0.276373,0.338575,0
1780918811252,0.276354,0.338552,0
1780918811268,0.276354,0.338552,0
1780918811284,0.277059,0.337625,0
1780918811300,0.277024,0.337587,0
1780918811316,0.277769,0.336672,0
1780918811332,0.277009,0.337574,0
1780918811348,0.277014,0.33758,0
1780918811364,0.276309,0.338507,0
1780918811380,0.276314,0.338513,0
1780918811396,0.277039,0.337608,0
1780918811412,0.276326,0.338528,0
1780918811427,0.277042,0.337612,0
1780918811443,0.276347,0.338548,0
1780918811459,0.277813,0.336719,0
1780918811474,0.277056,0.337623,0
1780918811489,0.276342,0.338542,0
1780918811505,0.277049,0.337615,0
1780918811521,0.276336,0.338534,0
1780918811537,0.276334,0.338533,0
1780918811552,0.276334,0.338533,0
1780918811567,0.277048,0.337614,0
1780918811583,0.277801,0.336706,0
1780918811599,0.277048,0.337614,0
1780918811615,0.277046,0.337613,0
1780918811631,0.389181,0.200976,0.0834507
1780918811647,0.389168,0.20097,0.0834507
1780918811663,0.390179,0.199659,0.085586
1780918811679,0.390162,0.199652,0.0855844
1780918811695,0.390153,0.199648,0.0855832
1780918811711,0.390154,0.199649,0.0855828
1780918811727,0.389092,0.200934,0.0834463
1780918811743,0.391227,0.198385,0.0876895
1780918811759,0.390156,0.199648,0.0855845
1780918811775,0.390163,0.199652,0.0855843
1780918811791,0.389098,0.200936,0.0834478
1780918811807,0.390167,0.199654,0.0855845
1780918811823,0.390173,0.199657,0.0855845
1780918811839,0.389104,0.200939,0.0834482
1780918811855,0.391207,0.198374,0.0876904
1780918811871,0.390131,0.199636,0.0855848
1780918811887,0.38907,0.200921,0.0834481
1780918811903,0.391206,0.198374,0.0876896
1780918811919,0.390138,0.199639,0.0855843
1780918811935,0.390147,0.199644,0.0855846
1780918811951,0.390152,0.199646,0.0855849
1780918811967,0.390155,0.199647,0.0855851
1780918811983,0.390155,0.199647,0.0855854
1780918811999,0.391222,0.198381,0.0876909
1780918812015,0.38909,0.200931,0.0834489
1780918812031,0.38909,0.200931,0.0834489
1780918812047,0.39015,0.199645,0.0855854
1780918812063,0.389085,0.200929,0.0834489
1780918812079,0.390146,0.199642,0.0855854
1780918812095,0.391215,0.198378,0.0876906
1780918812111,0.390146,0.199643,0.0855852
1780918812127,0.390154,0.199647,0.0855852
1780918812143,0.443662,0.13049,0.184491
1780918812159,0.443462,0.130799,0.184113
1780918812175,0.443475,0.130803,0.184113
1780918812191,0.44326,0.131115,0.183728
1780918812207,0.443659,0.130489,0.184491
1780918812223,0.443419,0.130786,0.184114
1780918812238,0.443416,0.130785,0.184114
1780918812253,0.4432,0.131097,0.183729
1780918812268,0.443627,0.130479,0.184491
1780918812284,0.443194,0.131095,0.183729
1780918812300,0.443432,0.13079,0.184114
1780918812316,0.443225,0.131104,0.183729
1780918812331,0.443229,0.131106,0.183729
1780918812346,0.44323,0.131106,0.183729
1780918812361,0.443229,0.131106,0.183729
1780918812376,0.443224,0.131104,0.183729
1780918812392,0.44343,0.130789,0.184114
1780918812408,0.44343,0.130789,0.184114
1780918812424,0.443219,0.131103,0.183729
1780918812440,0.44322,0.131103,0.183729
1780918812456,0.443437,0.130792,0.184114
1780918812472,0.443435,0.130791,0.184114
1780918812488,0.44366,0.130489,0.184491
1780918812504,0.443227,0.131105,0.183729
1780918812520,0.443665,0.130491,0.184491
1780918812536,0.443232,0.131107,0.183729
1780918812552,0.443667,0.130491,0.184491
1780918812568,0.443233,0.131107,0.183729
1780918812584,0.443666,0.130491,0.184491
1780918812600,0.443232,0.131107,0.183729
1780918812616,0.443664,0.130491,0.184491
1780918812632,0.443444,0.130794,0.184114
1780918812647,0.443443,0.130793,0.184114
1780918812662,0.445192,0.124527,0.191038
1780918812677,0.445185,0.124521,0.191042
1780918812693,0.445191,0.124527,0.191038
1780918812709,0.445185,0.124521,0.191042
1780918812725,0.445187,0.124522,0.191042
1780918812741,0.445192,0.124528,0.191038
1780918812757,0.44519,0.124527,0.191038
1780918812773,0.445183,0.124521,0.191042
1780918812789,0.445182,0.124515,0.191048
1780918812805,0.445177,0.12452,0.191042
1780918812821,0.445178,0.12452,0.191042
1780918812837,0.445186,0.124526,0.191037
1780918812853,0.445186,0.124526,0.191037
1780918812869,0.445186,0.124526,0.191037
1780918812885,0.445179,0.12452,0.191042
1780918812901,0.445187,0.124527,0.191037
1780918812916,0.44518,0.12452,0.191042
1780918812931,0.445181,0.124521,0.191042
1780918812947,0.445188,0.124527,0.191038
1780918812963,0.44519,0.124527,0.191038
1780918812979,0.445183,0.124521,0.191042
1780918812995,0.445189,0.124527,0.191038
1780918813011,0.445189,0.124527,0.191038
1780918813027,0.445189,0.124527,0.191038
1780918813043,0.445181,0.124521,0.191042
1780918813059,0.445186,0.124526,0.191037
1780918813075,0.445178,0.12452,0.191042
1780918813091,0.445185,0.124526,0.191037
1780918813107,0.445178,0.12452,0.191042
1780918813123,0.445181,0.124517,0.191045
1780918813138,0.445186,0.124526,0.191037
1780918813154,0.445182,0.124517,0.191045
1780918813170,0.445179,0.12452,0.191042
1780918813186,0.439805,0.13044,0.18337
1780918813202,0.439805,0.13044,0.18337
1780918813218,0.439799,0.13046,0.183347
1780918813234,0.439806,0.130441,0.18337
1780918813250,0.439778,0.130497,0.183302
1780918813266,0.439806,0.130441,0.18337
1780918813282,0.439822,0.130424,0.183391
1780918813298,0.4398,0.13046,0.183348
1780918813314,0.439823,0.130425,0.183391
1780918813330,0.439808,0.130441,0.18337
1780918813346,0.439825,0.130425,0.183392
1780918813362,0.439809,0.130441,0.18337
1780918813378,0.439809,0.130441,0.18337
1780918813394,0.439825,0.130425,0.183392
1780918813410,0.439824,0.130425,0.183392
1780918813425,0.439823,0.130425,0.183392
1780918813440,0.439823,0.130424,0.183392
1780918813456,0.439822,0.130424,0.183391
1780918813472,0.439822,0.130425,0.183391
1780918813487,0.439809,0.130442,0.18337
1780918813503,0.439809,0.130442,0.18337
1780918813519,0.439825,0.130425,0.183391
1780918813535,0.439803,0.130461,0.183347
1780918813551,0.439825,0.130425,0.183391
1780918813567,0.439825,0.130425,0.183391
1780918813583,0.439823,0.130425,0.183391
1780918813599,0.439807,0.130441,0.18337
1780918813615,0.439806,0.130441,0.18337
1780918813631,0.439806,0.130441,0.18337
1780918813646,0.439799,0.13046,0.183347
1780918813662,0.439806,0.130441,0.18337
1780918813677,0.439806,0.130441,0.18337
1780918813693,0.433948,0.137791,0.17385
1780918813709,0.433941,0.137845,0.173792
1780918813724,0.433949,0.137791,0.173851
1780918813740,0.43394,0.137844,0.173792
1780918813756,0.433934,0.137814,0.173822
1780918813772,0.433937,0.137787,0.173851
1780918813788,0.433927,0.137812,0.173822
1780918813804,0.433927,0.137812,0.173822
1780918813820,0.433936,0.137786,0.173851
1780918813836,0.433936,0.137786,0.173851
1780918813852,0.43393,0.137813,0.173822
1780918813868,0.433938,0.137787,0.173851
1780918813883,0.43393,0.137813,0.173822
1780918813898,0.433939,0.137788,0.173851
1780918813913,0.433939,0.137788,0.173851
1780918813929,0.43394,0.137788,0.173851
1780918813945,0.433932,0.137814,0.173822
1780918813961,0.43394,0.137788,0.173851
1780918813976,0.433938,0.137787,0.173851
1780918813991,0.43393,0.137813,0.173822
1780918814006,0.433938,0.137787,0.173851
1780918814022,0.433938,0.137787,0.173851
1780918814038,0.43393,0.137813,0.173822
1780918814054,0.433938,0.137787,0.173851
1780918814070,0.43394,0.137788,0.173851
1780918814086,0.43394,0.137788,0.173851
1780918814102,0.43394,0.137788,0.173851
1780918814118,0.433931,0.137813,0.173822
1780918814134,0.43394,0.137788,0.173851
1780918814150,0.433931,0.137813,0.173822
1780918814166,0.433931,0.137841,0.173792
1780918814182,0.433939,0.137788,0.173851
1780918814198,0.429475,0.144363,0.165392
1780918814213,0.429473,0.144385,0.165367
1780918814228,0.429468,0.144372,0.16538
1780918814244,0.429466,0.144371,0.16538
1780918814261,0.429466,0.144371,0.16538
1780918814276,0.429469,0.144384,0.165368
1780918814292,0.429465,0.144371,0.16538
1780918814308,0.42947,0.144361,0.165392
1780918814324,0.429465,0.144371,0.16538
1780918814340,0.429468,0.144383,0.165368
1780918814356,0.429464,0.144371,0.16538
1780918814372,0.429469,0.14436,0.165392
1780918814388,0.429466,0.144371,0.16538
1780918814403,0.429466,0.144371,0.16538
1780918814418,0.429467,0.144372,0.16538
1780918814434,0.42947,0.144384,0.165367
1780918814450,0.42947,0.144361,0.165392
1780918814466,0.429464,0.144371,0.16538
1780918814482,0.429461,0.144381,0.165367
1780918814498,0.429463,0.14437,0.16538
1780918814514,0.429469,0.144372,0.16538
1780918814530,0.429468,0.144372,0.16538
1780918814546,0.429461,0.144369,0.16538
1780918814562,0.429455,0.144367,0.16538
1780918814578,0.429459,0.144357,0.165393
1780918814593,0.429459,0.144357,0.165393
1780918814608,0.429455,0.144367,0.16538
1780918814624,0.429472,0.144362,0.165392
1780918814640,0.429474,0.144363,0.165392
1780918814656,0.429478,0.144364,0.165392
1780918814672,0.429484,0.144366,0.165392
1780918814688,0.42948,0.144376,0.165379
1780918814704,0.429484,0.144366,0.165392
1780918814720,0.429483,0.144366,0.165392
1780918814736,0.424882,0.149068,0.158707
1780918814752,0.424882,0.149068,0.158707
1780918814768,0.424906,0.149065,0.158718
1780918814784,0.424965,0.149092,0.158712
1780918814800,0.424965,0.149092,0.158712
1780918814816,0.424966,0.149081,0.158724
1780918814832,0.424952,0.149087,0.158713
1780918814847,0.424948,0.149075,0.158724
1780918814863,0.424955,0.149066,0.158736
1780918814879,0.424942,0.149073,0.158724
1780918814895,0.424965,0.149057,0.158749
1780918814911,0.424941,0.149073,0.158723
1780918814927,0.424957,0.149067,0.158735
1780918814943,0.424942,0.149084,0.158712
1780918814959,0.424987,0.149065,0.158749
1780918814975,0.42496,0.14908,0.158723
1780918814991,0.424977,0.149074,0.158736
1780918815007,0.424967,0.149082,0.158724
1780918815023,0.424968,0.149082,0.158724
1780918815038,0.424963,0.149091,0.158712
1780918815054,0.424962,0.149091,0.158712
1780918815071,0.424966,0.149081,0.158724
1780918815085,0.424966,0.149081,0.158724
1780918815100,0.424965,0.149081,0.158724
1780918815116,0.42496,0.14909,0.158712
1780918815132,0.424959,0.14909,0.158712
1780918815147,0.424963,0.149081,0.158724
1780918815162,0.424963,0.149081,0.158724
1780918815178,0.42496,0.14909,0.158712
1780918815194,0.424978,0.149074,0.158736
1780918815210,0.42496,0.14909,0.158712
1780918815225,0.431402,0.143256,0.16724
1780918815240,0.431398,0.143255,0.16724
1780918815256,0.431751,0.14285,0.16779
1780918815273,0.431384,0.143249,0.167241
1780918815288,0.431561,0.143048,0.167515
1780918815304,0.431389,0.143251,0.167241
1780918815320,0.43157,0.143051,0.167515
1780918815336,0.431582,0.143056,0.167515
1780918815352,0.431608,0.143065,0.167513
1780918815368,0.431605,0.143064,0.167513
1780918815383,0.431609,0.143066,0.167513
1780918815398,0.431581,0.143055,0.167515
1780918815413,0.431393,0.143253,0.167241
1780918815428,0.43174,0.142845,0.167791
1780918815444,0.431564,0.143049,0.167515
1780918815460,0.431577,0.143054,0.167515
1780918815475,0.431763,0.142854,0.16779
1780918815491,0.431574,0.143053,0.167515
1780918815507,0.431569,0.143051,0.167515
1780918815523,0.431569,0.143051,0.167515
1780918815539,0.431571,0.143052,0.167515
1780918815555,0.431395,0.143253,0.167241
1780918815571,0.431577,0.143054,0.167515
1780918815587,0.431398,0.143255,0.167241
1780918815603,0.431397,0.143254,0.167241
1780918815619,0.431397,0.143254,0.167241
1780918815635,0.431763,0.142854,0.16779
1780918815651,0.431761,0.142853,0.16779
1780918815667,0.431395,0.143254,0.167241
1780918815683,0.431392,0.143253,0.167241
1780918815699,0.43157,0.143051,0.167515
1780918815715,0.431391,0.143252,0.167241
1780918815731,0.43157,0.143051,0.167515
1780918815747,0.441648,0.127105,0.187365
1780918815763,0.441654,0.127107,0.187365
1780918815779,0.441679,0.126996,0.187486
1780918815795,0.441668,0.126993,0.187487
1780918815811,0.441664,0.126991,0.187487
1780918815827,0.441661,0.126991,0.187486
1780918815843,0.441687,0.126883,0.187604
1780918815859,0.441659,0.12699,0.187487
1780918815875,0.441634,0.127101,0.187365
1780918815891,0.441685,0.126883,0.187604
1780918815907,0.441682,0.126882,0.187604
1780918815923,0.441629,0.127099,0.187365
1780918815938,0.441634,0.127101,0.187365
1780918815953,0.441636,0.127101,0.187365
1780918815969,0.441665,0.126991,0.187487
1780918815985,0.441668,0.126992,0.187487
1780918816001,0.441643,0.127103,0.187365
1780918816017,0.441667,0.126992,0.187487
1780918816033,0.44164,0.127102,0.187365
1780918816049,0.441664,0.126991,0.187487
1780918816065,0.441637,0.127101,0.187365
1780918816081,0.441637,0.127101,0.187365
1780918816096,0.441637,0.127101,0.187365
1780918816111,0.44166,0.12699,0.187487
1780918816127,0.441635,0.127101,0.187365
1780918816143,0.441635,0.127101,0.187365
1780918816159,0.44166,0.12699,0.187487
1780918816175,0.44166,0.12699,0.187487
1780918816191,0.441688,0.126884,0.187605
1780918816207,0.44169,0.126884,0.187605
1780918816223,0.44169,0.126884,0.187605
1780918816238,0.441661,0.12699,0.187487
1780918816254,0.441661,0.126991,0.187487
1780918816270,0.43333,0.130173,0.181636
1780918816286,0.433227,0.130258,0.181514
1780918816302,0.433327,0.130173,0.181635
1780918816318,0.433131,0.130346,0.181391
1780918816334,0.433328,0.130173,0.181635
1780918816350,0.433231,0.130259,0.181514
1780918816366,0.433231,0.130259,0.181514
1780918816382,0.433227,0.130258,0.181514
1780918816398,0.433328,0.130173,0.181635
1780918816414,0.433228,0.130259,0.181514
1780918816431,0.433328,0.130173,0.181635
1780918816446,0.433328,0.130173,0.181635
1780918816462,0.433132,0.130346,0.181391
1780918816477,0.433228,0.130258,0.181514
1780918816492,0.433331,0.130173,0.181636
1780918816507,0.43323,0.130259,0.181514
1780918816523,0.43333,0.130173,0.181635
1780918816538,0.433329,0.130173,0.181635
1780918816554,0.433229,0.130259,0.181514
1780918816570,0.433134,0.130347,0.181391
1780918816586,0.433229,0.130259,0.181514
1780918816602,0.433134,0.130347,0.181391
1780918816618,0.433331,0.130174,0.181635
1780918816634,0.433231,0.130259,0.181514
1780918816650,0.43323,0.130259,0.181514
1780918816666,0.433228,0.130259,0.181514
1780918816682,0.433328,0.130173,0.181635
1780918816698,0.433131,0.130346,0.181391
1780918816714,0.433328,0.130173,0.181635
1780918816728,0.433328,0.130173,0.181635
1780918816744,0.433328,0.130173,0.181635
1780918816760,0.433228,0.130259,0.181514
1780918816776,0.433133,0.130347,0.181391
1780918816792,0.423505,0.141797,0.165992
1780918816808,0.423589,0.141666,0.166163
1780918816824,0.42359,0.141666,0.166163
1780918816840,0.42359,0.141665,0.166164
1780918816856,0.423544,0.14173,0.166078
1780918816872,0.423502,0.141796,0.165993
1780918816888,0.423543,0.14173,0.166078
1780918816904,0.423542,0.141729,0.166078
1780918816920,0.423541,0.141729,0.166078
1780918816936,0.423587,0.141665,0.166163
1780918816952,0.423588,0.141665,0.166163
1780918816968,0.423502,0.141796,0.165992
1780918816984,0.423588,0.141665,0.166163
1780918816999,0.423502,0.141795,0.165992
1780918817015,0.423543,0.14173,0.166078
1780918817031,0.423542,0.14173,0.166078
1780918817046,0.423543,0.14173,0.166078
1780918817062,0.423543,0.14173,0.166078
1780918817078,0.423502,0.141795,0.165992
1780918817093,0.423542,0.141729,0.166078
1780918817109,0.423501,0.141795,0.165992
1780918817125,0.423542,0.141729,0.166078
1780918817141,0.423541,0.141729,0.166078
1780918817157,0.423587,0.141665,0.166163
1780918817172,0.423542,0.141729,0.166078
1780918817187,0.423588,0.141665,0.166163
1780918817203,0.423587,0.141665,0.166163
1780918817219,0.423416,0.141924,0.165824
1780918817235,0.423542,0.141729,0.166078
1780918817251,0.423587,0.141665,0.166163
1780918817267,0.423587,0.141665,0.166163
1780918817283,0.423587,0.141665,0.166164
1780918817299,0.417862,0.149119,0.155972
1780918817315,0.417862,0.149119,0.155972
1780918817330,0.417893,0.14908,0.156026
1780918817347,0.417861,0.149118,0.155972
1780918817362,0.417893,0.14908,0.156026
1780918817378,0.41784,0.149161,0.155918
1780918817394,0.417897,0.149082,0.156026
1780918817410,0.417897,0.149082,0.156026
1780918817425,0.417857,0.149117,0.155972
1780918817440,0.417853,0.149115,0.155972
1780918817456,0.417884,0.149077,0.156027
1780918817472,0.417855,0.149116,0.155972
1780918817488,0.417856,0.149116,0.155972
1780918817504,0.417857,0.149117,0.155972
1780918817519,0.417833,0.149158,0.155918
1780918817535,0.417861,0.149118,0.155972
1780918817551,0.417862,0.149119,0.155972
1780918817567,0.417893,0.14908,0.156026
1780918817583,0.417861,0.149118,0.155972
1780918817599,0.41786,0.149118,0.155972
1780918817615,0.41786,0.149118,0.155972
1780918817631,0.41789,0.149079,0.156026
1780918817646,0.417858,0.149117,0.155972
1780918817662,0.417832,0.149158,0.155918
1780918817678,0.417891,0.149079,0.156026
1780918817694,0.417834,0.149158,0.155918
1780918817710,0.417892,0.14908,0.156026
1780918817725,0.417835,0.149159,0.155918
1780918817741,0.417893,0.14908,0.156026
1780918817757,0.417894,0.14908,0.156026
1780918817773,0.417862,0.149119,0.155972
1780918817789,0.417835,0.149159,0.155918
1780918817805,0.417862,0.149119,0.155972
1780918817821,0.412734,0.155382,0.147059
1780918817837,0.412764,0.155347,0.14711
1780918817853,0.412736,0.155383,0.147059
1780918817869,0.412738,0.155383,0.14706
1780918817884,0.412714,0.15542,0.147009
1780918817899,0.412737,0.155383,0.14706
1780918817915,0.412766,0.155347,0.14711
1780918817931,0.412769,0.155349,0.14711
1780918817947,0.412768,0.155349,0.14711
1780918817964,0.412766,0.155348,0.14711
1780918817979,0.412736,0.155383,0.147059
1780918817995,0.412764,0.155347,0.14711
1780918818011,0.412763,0.155347,0.14711
1780918818027,0.412764,0.155347,0.14711
1780918818043,0.412736,0.155383,0.147059
1780918818059,0.412738,0.155383,0.147059
1780918818076,0.412766,0.155348,0.14711
1780918818091,0.412738,0.155383,0.147059
1780918818107,0.41274,0.155384,0.147059
1780918818123,0.412717,0.155421,0.147008
1780918818138,0.412769,0.155349,0.14711
1780918818154,0.412741,0.155385,0.147059
1780918818170,0.412769,0.155349,0.14711
1780918818187,0.412741,0.155384,0.147059
1780918818202,0.412769,0.155349,0.14711
1780918818218,0.412769,0.155349,0.14711
1780918818234,0.412768,0.155349,0.14711
1780918818251,0.41274,0.155384,0.147059
1780918818267,0.41274,0.155384,0.147059
1780918818282,0.41274,0.155384,0.147059
1780918818299,0.412717,0.155421,0.147008
1780918818314,0.412741,0.155384,0.147059
1780918818330,0.412741,0.155384,0.147059
1780918818346,0.408216,0.160454,0.139518
1780918818362,0.408192,0.160472,0.139487
1780918818377,0.408218,0.160454,0.139518
1780918818393,0.408218,0.160454,0.139518
1780918818409,0.408219,0.160455,0.139518
1780918818425,0.408221,0.160455,0.139518
1780918818441,0.408221,0.160455,0.139518
1780918818457,0.408197,0.160474,0.139487
1780918818474,0.408221,0.160455,0.139518
1780918818489,0.408196,0.160474,0.139487
1780918818505,0.408195,0.160474,0.139487
1780918818521,0.408176,0.160494,0.139455
1780918818537,0.408197,0.160474,0.139487
1780918818552,0.408195,0.160474,0.139487
1780918818567,0.40822,0.160455,0.139518
1780918818584,0.408195,0.160473,0.139487
1780918818599,0.40822,0.160455,0.139518
1780918818615,0.408175,0.160493,0.139455
1780918818630,0.408195,0.160473,0.139487
1780918818645,0.40822,0.160455,0.139518
1780918818661,0.408195,0.160473,0.139487
1780918818677,0.40822,0.160455,0.139518
1780918818693,0.40822,0.160455,0.139518
1780918818709,0.40822,0.160455,0.139518
1780918818725,0.408195,0.160473,0.139487
1780918818741,0.40822,0.160455,0.139518
1780918818755,0.40822,0.160455,0.139518
1780918818771,0.408196,0.160474,0.139487
1780918818787,0.40822,0.160455,0.139518
1780918818803,0.408196,0.160474,0.139487
1780918818819,0.408175,0.160494,0.139455
1780918818835,0.404113,0.163968,0.13375
1780918818851,0.404114,0.163969,0.13375
1780918818867,0.404096,0.163981,0.133729
1780918818883,0.404082,0.163994,0.133708
1780918818899,0.404098,0.163981,0.133729
1780918818916,0.404098,0.163981,0.133729
1780918818931,0.404097,0.163981,0.133729
1780918818947,0.404116,0.16397,0.13375
1780918818961,0.404097,0.163981,0.133729
1780918818977,0.404114,0.163969,0.13375
1780918818993,0.404114,0.163969,0.13375
1780918819009,0.404114,0.163969,0.13375
1780918819025,0.404094,0.16398,0.133729
1780918819042,0.404094,0.16398,0.133729
1780918819057,0.404096,0.163981,0.133729
1780918819073,0.404097,0.163981,0.133729
1780918819090,0.404097,0.163981,0.133729
1780918819105,0.404097,0.163981,0.133729
1780918819121,0.404115,0.16397,0.13375
1780918819136,0.404097,0.163981,0.133729
1780918819151,0.404096,0.163981,0.133729
1780918819167,0.404114,0.163969,0.13375
1780918819183,0.404095,0.16398,0.133729
1780918819199,0.404095,0.16398,0.133729
1780918819214,0.404095,0.16398,0.133729
1780918819230,0.404113,0.163969,0.13375
1780918819247,0.40408,0.163993,0.133708
1780918819262,0.404114,0.163969,0.13375
1780918819277,0.404095,0.16398,0.133729
1780918819293,0.404114,0.163969,0.13375
1780918819309,0.404114,0.163969,0.13375
1780918819325,0.404114,0.163969,0.13375
1780918819339,0.404095,0.16398,0.133729
1780918819354,0.404114,0.163969,0.13375
1780918819370,0.400894,0.1674,0.128379
1780918819387,0.400893,0.1674,0.128379
1780918819401,0.400903,0.167388,0.128397
1780918819418,0.400903,0.167387,0.128397
1780918819433,0.400894,0.1674,0.128379
1780918819449,0.400904,0.167388,0.128397
1780918819465,0.400905,0.167388,0.128397
1780918819481,0.400905,0.167388,0.128397
1780918819497,0.400889,0.167414,0.12836
1780918819513,0.400895,0.1674,0.128379
1780918819528,0.400894,0.1674,0.128379
1780918819544,0.400893,0.1674,0.128379
1780918819560,0.400902,0.167387,0.128397
1780918819577,0.400893,0.1674,0.128379
1780918819593,0.400893,0.167399,0.128379
1780918819608,0.400902,0.167387,0.128397
1780918819624,0.400892,0.167399,0.128379
1780918819640,0.400902,0.167387,0.128397
1780918819656,0.400893,0.167399,0.128379
1780918819673,0.400903,0.167387,0.128397
1780918819688,0.400893,0.1674,0.128379
1780918819704,0.400893,0.1674,0.128379
1780918819720,0.400903,0.167388,0.128397
1780918819737,0.400903,0.167388,0.128397
1780918819752,0.400903,0.167387,0.128397
1780918819768,0.400887,0.167413,0.12836
1780918819785,0.400903,0.167387,0.128397
1780918819800,0.400903,0.167387,0.128397
1780918819816,0.400903,0.167387,0.128397
1780918819833,0.400903,0.167387,0.128397
1780918819848,0.400893,0.1674,0.128379
1780918819864,0.400893,0.1674,0.128379
1780918819881,0.398497,0.170231,0.124009
1780918819896,0.3985,0.170228,0.124012
1780918819913,0.398498,0.170231,0.124009
1780918819928,0.398498,0.170231,0.124009
1780918819942,0.3985,0.170228,0.124012
1780918819957,0.3985,0.170229,0.124012
1780918819973,0.398498,0.170231,0.124009
1780918819989,0.398498,0.170231,0.124009
1780918820006,0.398498,0.170234,0.124005
1780918820021,0.398498,0.170228,0.124012
1780918820037,0.398498,0.170227,0.124012
1780918820052,0.398498,0.170227,0.124012
1780918820067,0.398498,0.170227,0.124012
1780918820083,0.398495,0.17023,0.124009
1780918820100,0.398501,0.170229,0.124013
1780918820116,0.398501,0.170229,0.124013
1780918820131,0.398501,0.170232,0.124009
1780918820148,0.398501,0.170229,0.124013
1780918820163,0.398495,0.170229,0.124009
1780918820179,0.398489,0.170227,0.124009
1780918820195,0.398485,0.170225,0.124009
1780918820212,0.398483,0.170224,0.124009
1780918820227,0.398492,0.170225,0.124013
1780918820243,0.398495,0.170229,0.124009
1780918820259,0.398497,0.17023,0.124009
1780918820275,0.398498,0.170231,0.124009
1780918820291,0.398501,0.170229,0.124012
1780918820306,0.398499,0.170235,0.124005
1780918820322,0.3985,0.170228,0.124012
1780918820337,0.398497,0.170237,0.124001
1780918820352,0.398497,0.170227,0.124012
1780918820368,0.398494,0.170229,0.124009
1780918820383,0.396967,0.172199,0.121006
1780918820398,0.396995,0.172199,0.12102
1780918820415,0.397012,0.172205,0.121021
1780918820430,0.397017,0.172207,0.121022
1780918820446,0.397012,0.172203,0.121023
1780918820462,0.397006,0.172201,0.121024
1780918820477,0.39699,0.172205,0.12101
1780918820493,0.396986,0.172192,0.121024
1780918820508,0.396974,0.172187,0.121023
1780918820523,0.396972,0.172186,0.121023
1780918820538,0.397011,0.172165,0.121067
1780918820552,0.396977,0.172189,0.121023
1780918820567,0.396969,0.172197,0.12101
1780918820584,0.396981,0.172191,0.121023
1780918820600,0.396989,0.172194,0.121023
1780918820615,0.396993,0.172196,0.121023
1780918820631,0.396997,0.172197,0.121023
1780918820646,0.396994,0.172207,0.12101
1780918820661,0.396995,0.172208,0.12101
1780918820677,0.397018,0.172194,0.121038
1780918820693,0.397002,0.172199,0.121024
1780918820710,0.397,0.172198,0.121024
1780918820725,0.397,0.172198,0.121024
1780918820741,0.396989,0.172205,0.12101
1780918820757,0.396989,0.172205,0.12101
1780918820773,0.396998,0.172197,0.121023
1780918820790,0.396998,0.172198,0.121023
1780918820805,0.396999,0.172198,0.121023
1780918820821,0.396991,0.172206,0.12101
1780918820837,0.396991,0.172206,0.12101
1780918820854,0.397002,0.172199,0.121023
1780918820869,0.396993,0.172207,0.12101
1780918820885,0.397003,0.1722,0.121023
1780918820901,0.396994,0.172207,0.12101
1780918820916,0.399489,0.167346,0.127773
1780918820932,0.39949,0.167346,0.127773
1780918820947,0.399567,0.167205,0.12797
1780918820963,0.399506,0.167353,0.127772
1780918820979,0.399574,0.167208,0.12797
1780918820996,0.399503,0.167352,0.127773
1780918821012,0.399498,0.16735,0.127773
1780918821027,0.399564,0.167204,0.12797
1780918821044,0.399634,0.167058,0.128169
1780918821059,0.399563,0.167203,0.12797
1780918821075,0.399563,0.167204,0.12797
1780918821091,0.399561,0.167202,0.12797
1780918821108,0.399492,0.167347,0.127773
1780918821123,0.399491,0.167347,0.127773
1780918821138,0.399559,0.167202,0.12797
1780918821154,0.399493,0.167347,0.127773
1780918821168,0.399561,0.167203,0.12797
1780918821184,0.399563,0.167203,0.12797
1780918821201,0.399563,0.167203,0.12797
1780918821217,0.399496,0.167349,0.127773
1780918821232,0.399562,0.167203,0.12797
1780918821248,0.399562,0.167203,0.12797
1780918821264,0.399494,0.167348,0.127773
1780918821281,0.399561,0.167202,0.12797
1780918821296,0.399493,0.167347,0.127773
1780918821313,0.399559,0.167202,0.12797
1780918821328,0.399491,0.167347,0.127773
1780918821345,0.399493,0.167347,0.127773
1780918821361,0.399561,0.167202,0.12797
1780918821377,0.399494,0.167348,0.127773
1780918821393,0.399496,0.167349,0.127773
1780918821409,0.399564,0.167204,0.12797
1780918821424,0.403774,0.151153,0.148022
1780918821439,0.403801,0.150998,0.148209
1780918821455,0.403804,0.150999,0.148209
1780918821472,0.403806,0.151,0.148209
1780918821487,0.403846,0.15085,0.148393
1780918821504,0.403846,0.150851,0.148393
1780918821519,0.40379,0.15116,0.148022
1780918821535,0.403817,0.151004,0.148208
1780918821551,0.403791,0.15116,0.148022
1780918821567,0.40379,0.15116,0.148022
1780918821583,0.403816,0.151003,0.148208
1780918821599,0.403816,0.151004,0.148208
1780918821615,0.403818,0.151004,0.148208
1780918821631,0.403791,0.15116,0.148022
1780918821647,0.403791,0.15116,0.148022
1780918821662,0.403791,0.15116,0.148022
1780918821678,0.403818,0.151004,0.148208
1780918821693,0.403791,0.15116,0.148022
1780918821710,0.403817,0.151004,0.148208
1780918821725,0.403791,0.15116,0.148022
1780918821740,0.403818,0.151005,0.148208
1780918821757,0.403818,0.151005,0.148208
1780918821773,0.403847,0.150851,0.148393
1780918821788,0.403818,0.151004,0.148208
1780918821804,0.403791,0.15116,0.148022
1780918821821,0.403792,0.15116,0.148022
1780918821836,0.403819,0.151005,0.148208
1780918821852,0.403792,0.15116,0.148022
1780918821868,0.403818,0.151004,0.148208
1780918821884,0.403792,0.15116,0.148022
1780918821898,0.403848,0.150851,0.148393
1780918821915,0.403819,0.151005,0.148208
1780918821930,0.403876,0.150699,0.148576
1780918821945,0.402968,0.143448,0.156373
1780918821962,0.40297,0.143415,0.156411
1780918821977,0.402971,0.143484,0.156334
1780918821994,0.402971,0.143484,0.156334
1780918822010,0.402973,0.143484,0.156335
1780918822025,0.402974,0.143417,0.156411
1780918822042,0.402972,0.143449,0.156373
1780918822058,0.402975,0.143484,0.156335
1780918822073,0.402971,0.143449,0.156373
1780918822089,0.40297,0.143449,0.156373
1780918822104,0.40297,0.143449,0.156373
1780918822119,0.402971,0.143483,0.156335
1780918822135,0.402968,0.143448,0.156373
1780918822149,0.40297,0.143449,0.156373
1780918822165,0.402972,0.143416,0.156411
1780918822182,0.402972,0.14345,0.156373
1780918822197,0.402975,0.143485,0.156335
1780918822214,0.402972,0.143416,0.156411
1780918822230,0.402969,0.143448,0.156373
1780918822246,0.40297,0.143483,0.156335
1780918822261,0.40297,0.143483,0.156334
1780918822277,0.402968,0.143483,0.156334
1780918822292,0.402968,0.143483,0.156334
1780918822307,0.402965,0.143414,0.156411
1780918822324,0.402965,0.143447,0.156373
1780918822340,0.402968,0.143483,0.156334
1780918822356,0.402968,0.143483,0.156334
1780918822372,0.402968,0.143448,0.156373
1780918822388,0.402971,0.143483,0.156335
1780918822404,0.402969,0.143415,0.156411
1780918822420,0.402968,0.143448,0.156373
1780918822436,0.402969,0.143415,0.156411
1780918822452,0.402587,0.143161,0.156544
1780918822468,0.402572,0.143176,0.156521
1780918822484,0.402572,0.143176,0.156522
1780918822499,0.402605,0.143147,0.156568
1780918822515,0.402606,0.143147,0.156568
1780918822531,0.402575,0.143177,0.156522
1780918822547,0.402575,0.143177,0.156522
1780918822561,0.402591,0.143162,0.156545
1780918822577,0.402591,0.143162,0.156545
1780918822594,0.402577,0.143177,0.156522
1780918822610,0.402577,0.143177,0.156522
1780918822625,0.402591,0.143162,0.156545
1780918822641,0.402591,0.143162,0.156545
1780918822657,0.402591,0.143162,0.156545
1780918822673,0.402576,0.143177,0.156522
1780918822689,0.402591,0.143162,0.156545
1780918822704,0.402591,0.143162,0.156545
1780918822719,0.402607,0.143147,0.156568
1780918822735,0.402576,0.143177,0.156522
1780918822751,0.40259,0.143161,0.156545
Timestamp(ms),Theta,Beta,FocusRatio
Timestamp(ms),Theta,Beta,FocusRatio
Timestamp(ms),Theta,Beta,FocusRatio
Timestamp(ms),Theta,Beta,FocusRatio
Timestamp(ms),Theta,Beta,FocusRatio
Timestamp(ms),Theta,Beta,FocusRatio
Timestamp(ms),Theta,Beta,FocusRatio
Timestamp(ms),Theta,Beta,FocusRatio
Timestamp(ms),Theta,Beta,FocusRatio
Timestamp(ms),Theta,Beta,FocusRatio
Timestamp(ms),Theta,Beta,FocusRatio
Timestamp(ms),Theta,Beta,FocusRatio
Timestamp(ms),Theta,Beta,FocusRatio
Timestamp(ms),Theta,Beta,FocusRatio
Timestamp(ms),Theta,Beta,FocusRatio
Timestamp(ms),Theta,Beta,FocusRatio
Timestamp(ms),Theta,Beta,FocusRatio
Timestamp(ms),Theta,Beta,FocusRatio
Timestamp(ms),Theta,Beta,FocusRatio
Timestamp(ms),Theta,Beta,FocusRatio
Timestamp(ms),Theta,Beta,FocusRatio
Timestamp(ms),Theta,Beta,FocusRatio
Timestamp(ms),Theta,Beta,FocusRatio
Timestamp(ms),Theta,Beta,FocusRatio
Timestamp(ms),Theta,Beta,FocusRatio
Timestamp(ms),Theta,Beta,FocusRatio
Timestamp(ms),Theta,Beta,FocusRatio
Timestamp(ms),Theta,Beta,FocusRatio
Timestamp(ms),Theta,Beta,FocusRatio
Timestamp(ms),Theta,Beta,FocusRatio
Timestamp(ms),Theta,Beta,FocusRatio
Timestamp(ms),Theta,Beta,FocusRatio
Timestamp(ms),Theta,Beta,FocusRatio
Timestamp(ms),Theta,Beta,FocusRatio
Timestamp(ms),Theta,Beta,FocusRatio
Timestamp(ms),Theta,Beta,FocusRatio
Timestamp(ms),Theta,Beta,FocusRatio
Timestamp(ms),Theta,Beta,FocusRatio
Timestamp(ms),Theta,Beta,FocusRatio
