102,170.008372,164.84357,-2.823624,4.356983,0,0,0,0,0,0,0,0,1780912572,0
102,-56.034921,-58.607972,-1.997107,0.430088,0,0,0,0,0,0,0,0,1780912572,0
103,-1.982147,-5.067564,-2.767526,1.570758,0,0,0,0,0,0,0,0,1780912572,0
103,164.929588,167.222147,-0.714321,-1.084571,0,0,0,0,0,0,0,0,1780912572,0
104,113.023517,116.295929,-3.73242,3.478107,0,0,0,0,0,0,0,0,1780912572,0
104,-58.413497,-57.011035,-0.074798,1.088311,0,0,0,0,0,0,0,0,1780912572,0
105,0.901316,-12.446387,5.920262,-1.50718,0,0,0,0,0,0,0,0,1780912572,0
105,166.7397,162.640769,0.392689,-4.390643,0,0,0,0,0,0,0,0,1780912572,0
106,113.909873,111.837968,1.054652,3.268673,0,0,0,0,0,0,0,0,1780912572,0
106,-62.8191,-60.219869,0.826518,1.933528,0,0,0,0,0,0,0,0,1780912572,0
107,-8.676568,-4.065271,2.513213,0.852697,0,0,0,0,0,0,0,0,1780912572,0
107,163.025979,163.261593,-0.725541,-0.231874,0,0,0,0,0,0,0,0,1780912572,0
108,109.134021,108.524417,1.466041,-2.157922,0,0,0,0,0,0,0,0,1780912572,0
108,-55.541254,-60.964109,0.493667,-0.056098,0,0,0,0,0,0,0,0,1780912572,0
109,-9.877076,-4.12511,-0.76294,0.194475,0,0,0,0,0,0,0,0,1780912572,0
109,165.636429,166.964094,-1.350104,2.674028,0,0,0,0,0,0,0,0,1780912572,0
110,107.970912,109.347195,-1.608157,2.9994,0,0,0,0,0,0,0,0,1780912572,0
110,-55.33182,-58.383578,-2.068165,-1.245387,0,0,0,0,0,0,0,0,1780912572,0
111,-4.10641,-0.691881,-2.816145,-2.083124,0,0,0,0,0,0,0,0,1780912572,0
111,161.724494,164.596737,-1.959708,-3.332251,0,0,0,0,0,0,0,0,1780912572,0
112,113.386287,107.099515,-2.569311,0.837738,0,0,0,0,0,0,0,0,1780912572,0
112,-57.796414,-60.18247,-0.138376,4.356983,0,0,0,0,0,0,0,0,1780912572,0
113,-0.583424,3.021839,0.493667,2.812405,0,0,0,0,0,0,0,0,1780912572,0
113,165.815944,170.786271,3.156476,5.325618,0,0,0,0,0,0,0,0,1780912572,0
114,109.616468,109.956799,-1.50718,3.934375,0,0,0,0,0,0,0,0,1780912572,0
114,-55.298161,-53.562847,-0.841477,1.069611,0,0,0,0,0,0,0,0,1780912572,0
115,2.662809,1.447341,-2.329958,0.273013,0,0,0,0,0,0,0,0,1780912572,0
115,167.828011,158.732574,0.73676,-2.483294,0,0,0,0,0,0,0,0,1780912572,0
116,113.431166,111.41162,0.886356,4.600077,0,0,0,0,0,0,0,0,1780912572,0
116,-55.34304,-56.031181,-0.572205,2.374836,0,0,0,0,0,0,0,0,1780912572,0
117,0.243093,-6.799138,-2.595491,0.258053,0,0,0,0,0,0,0,0,1780912572,0
117,169.286571,158.362324,-5.116183,1.533359,0,0,0,0,0,0,0,0,1780912572,0
118,114.534436,109.1415,-0.029919,2.131743,0,0,0,0,0,0,0,0,1780912572,0
118,-53.334713,-56.764202,-5.396676,-1.290265,0,0,0,0,0,0,0,0,1780912572,0
119,-2.449634,-7.498499,-3.014359,-0.905056,0,0,0,0,0,0,0,0,1780912572,0
119,165.355937,158.063132,-2.367357,3.74364,0,0,0,0,0,0,0,0,1780912572,0
120,116.65122,98.647341,0.482447,-0.01496,0,0,0,0,0,0,0,0,1780912572,0
120,-51.879892,-56.648265,-4.327064,2.733867,0,0,0,0,0,0,0,0,1780912572,0
121,3.829658,0.987334,-2.135483,2.700208,0,0,0,0,0,0,0,0,1780912572,0
121,164.454621,171.500592,-0.504886,2.367357,0,0,0,0,0,0,0,0,1780912572,0
122,112.544809,104.272151,0.949935,7.46858,0,0,0,0,0,0,0,0,1780912572,0
122,-44.056021,-53.379592,-0.994813,4.955367,0,0,0,0,0,0,0,0,1780912572,0
123,7.532159,8.325017,-0.168295,3.635183,0,0,0,0,0,0,0,0,1780912572,0
123,171.164001,173.149888,-2.935821,-2.146703,0,0,0,0,0,0,0,0,1780912572,0
124,114.594275,116.490404,1.353844,-0.243093,0,0,0,0,0,0,0,0,1780912572,0
124,-57.852512,-54.5801,-1.424902,-1.533359,0,0,0,0,0,0,0,0,1780912572,0
125,5.475214,-1.608157,3.74738,-0.407649,0,0,0,0,0,0,0,0,1780912572,0
125,178.632581,162.319138,-6.548565,3.541685,0,0,0,0,0,0,0,0,1780912572,0
126,118.966218,111.662193,-0.340331,7.09833,0,0,0,0,0,0,0,0,1780912572,0
126,-44.276676,-48.570081,-2.030766,-2.030766,0,0,0,0,0,0,0,0,1780912572,0
127,11.818084,10.138869,-2.184102,0.673182,0,0,0,0,0,0,0,0,1780912572,0
127,174.096083,171.276198,-0.942455,3.339731,0,0,0,0,0,0,0,0,1780912572,0
128,117.724571,111.744471,-2.490773,-0.658222,0,0,0,0,0,0,0,0,1780912572,0
128,-50.275475,-58.70147,-5.265779,-5.146102,0,0,0,0,0,0,0,0,1780912572,0
129,5.314398,12.008819,-1.451081,2.857284,0,0,0,0,0,0,0,0,1780912572,0
129,170.82367,169.937314,-5.24334,4.84691,0,0,0,0,0,0,0,0,1780912572,0
130,121.165279,114.302562,-4.237307,0.130896,0,0,0,0,0,0,0,0,1780912572,0
130,-47.971697,-49.804248,-2.314998,0.265533,0,0,0,0,0,0,0,0,1780912572,0
131,7.588257,7.625656,-3.148996,5.23586,0,0,0,0,0,0,0,0,1780912572,0
131,177.331096,177.708826,-4.783332,5.419115,0,0,0,0,0,0,0,0,1780912572,0
132,119.684278,118.940038,-0.418869,-1.342624,0,0,0,0,0,0,0,0,1780912572,0
132,-49.258222,-51.120692,0.718061,-2.214021,0,0,0,0,0,0,0,0,1780912572,0
133,5.60237,16.631335,2.157922,4.992766,0,0,0,0,0,0,0,0,1780912572,0
133,175.33025,180.214559,-4.394382,4.383163,0,0,0,0,0,0,0,0,1780912572,0
134,119.097114,118.910119,-2.434675,3.00688,0,0,0,0,0,0,0,0,1780912572,0
134,-49.448957,-46.834767,1.155629,0.104717,0,0,0,0,0,0,0,0,1780912572,0
135,9.046818,7.726633,-4.510319,3.044279,0,0,0,0,0,0,0,0,1780912572,0
135,178.67372,176.796291,-1.596937,1.87369,0,0,0,0,0,0,0,0,1780912572,0
136,116.819515,118.266856,-3.306072,1.279046,0,0,0,0,0,0,0,0,1780912572,0
136,-53.323494,-60.096452,-0.856437,-2.868503,0,0,0,0,0,0,0,0,1780912572,0
137,4.794552,5.134883,1.611897,2.947041,0,0,0,0,0,0,0,0,1780912572,0
137,172.876875,169.496006,-3.691281,-3.575344,0,0,0,0,0,0,0,0,1780912572,0
138,114.3998,110.992751,-4.409342,-2.128003,0,0,0,0,0,0,0,0,1780912572,0
138,-57.328926,-62.187056,-4.319584,0.441308,0,0,0,0,0,0,0,0,1780912572,0
139,10.931728,9.32731,-0.852697,-4.169988,0,0,0,0,0,0,0,0,1780912572,0
139,174.799184,172.510365,0.38147,-1.690435,0,0,0,0,0,0,0,0,1780912572,0
140,115.454452,114.448418,1.207988,-0.994813,0,0,0,0,0,0,0,0,1780912572,0
140,-49.793028,-51.96591,-2.801185,0.497407,0,0,0,0,0,0,0,0,1780912572,0
141,5.075044,-1.088311,-1.140669,0.534806,0,0,0,0,0,0,0,0,1780912572,0
141,176.07075,173.374282,-1.86621,0.912536,0,0,0,0,0,0,0,0,1780912572,0
142,119.676799,113.217991,1.279046,1.11075,0,0,0,0,0,0,0,0,1780912572,0
142,-51.22915,-53.82838,-6.189534,-7.737853,0,0,0,0,0,0,0,0,1780912572,0
143,9.824717,4.618776,-2.415975,-0.400169,0,0,0,0,0,0,0,0,1780912572,0
143,174.544871,175.820177,-4.959107,-0.411389,0,0,0,0,0,0,0,0,1780912572,0
144,116.699838,116.026656,-0.430088,0.224394,0,0,0,0,0,0,0,0,1780912572,0
144,-52.556814,-52.362339,-3.803478,5.404155,0,0,0,0,0,0,0,0,1780912572,0
145,1.619377,3.410789,0.519846,-0.175775,0,0,0,0,0,0,0,0,1780912572,0
145,169.783978,174.226979,-1.020993,0.508626,0,0,0,0,0,0,0,0,1780912572,0
146,108.816129,110.465425,2.195321,4.147549,0,0,0,0,0,0,0,0,1780912572,0
146,-52.452097,-51.734036,-6.930035,-4.10267,0,0,0,0,0,0,0,0,1780912572,0
147,0.519846,5.314398,0.635783,-5.183501,0,0,0,0,0,0,0,0,1780912572,0
147,165.180161,161.204648,-1.664255,-2.202801,0,0,0,0,0,0,0,0,1780912572,0
148,107.30147,110.349488,-0.882616,3.706241,0,0,0,0,0,0,0,0,1780912572,0
148,-59.41953,-62.011281,-4.199908,0.602124,0,0,0,0,0,0,0,0,1780912572,0
149,-0.7592,-0.082278,-1.11449,2.659069,0,0,0,0,0,0,0,0,1780912572,0
149,171.897022,169.301531,2.745087,-1.918569,0,0,0,0,0,0,0,0,1780912572,0
150,107.451066,107.585702,0.76294,1.944748,0,0,0,0,0,0,0,0,1780912572,0
150,-52.69893,-58.862285,-2.187841,-6.810358,0,0,0,0,0,0,0,0,1780912572,0
151,10.09025,-5.202201,0.871397,-3.35095,0,0,0,0,0,0,0,0,1780912572,0
151,175.954813,160.105117,-1.084571,1.701654,0,0,0,0,0,0,0,0,1780912572,0
152,119.052235,107.585702,3.178915,-0.72928,0,0,0,0,0,0,0,0,1780912572,0
152,-46.505656,-55.245802,-2.745087,-2.124263,0,0,0,0,0,0,0,0,1780912572,0
153,12.367849,6.047418,0.7592,-1.155629,0,0,0,0,0,0,0,0,1780912572,0
153,177.18524,173.47152,-2.296299,1.899869,0,0,0,0,0,0,0,0,1780912572,0
154,112.608388,111.938946,2.128003,1.86621,0,0,0,0,0,0,0,0,1780912572,0
154,-51.461023,-64.000908,-1.342624,0.138376,0,0,0,0,0,0,0,0,1780912572,0
155,5.98384,-0.961154,0.246833,0.632043,0,0,0,0,0,0,0,0,1780912572,0
155,174.096083,162.962401,-5.800585,-1.439861,0,0,0,0,0,0,0,0,1780912572,0
156,114.246464,106.486171,-1.065871,-0.688142,0,0,0,0,0,0,0,0,1780912572,0
156,-55.589873,-63.507241,0.665702,0.452528,0,0,0,0,0,0,0,0,1780912572,0
157,5.478953,-0.089758,0.295452,-0.516106,0,0,0,0,0,0,0,0,1780912572,0
157,171.900762,166.504086,-3.321031,0.00374,0,0,0,0,0,0,0,0,1780912572,0
158,111.456498,99.45516,0.415129,-4.184948,0,0,0,0,0,0,0,0,1780912572,0
158,-56.427611,-64.980762,-0.983594,0.067318,0,0,0,0,0,0,0,0,1780912572,0
159,6.74678,7.09833,-2.371097,-0.482447,0,0,0,0,0,0,0,0,1780912572,0
159,170.120569,170.139269,0.201955,2.457114,0,0,0,0,0,0,0,0,1780912572,0
160,108.520677,105.203386,-2.677768,1.383763,0,0,0,0,0,0,0,0,1780912572,0
160,-54.931651,-57.796414,0.112197,0.531066,0,0,0,0,0,0,0,0,1780912572,0
161,7.909888,0.134636,-0.302932,-2.457114,0,0,0,0,0,0,0,0,1780912572,0
161,171.365956,164.4995,0.35529,-0.927495,0,0,0,0,0,0,0,0,1780912572,0
162,108.659053,110.895513,-2.386056,0.953674,0,0,0,0,0,0,0,0,1780912572,0
162,-58.091866,-55.660931,-3.698761,-2.292559,0,0,0,0,0,0,0,0,1780912572,0
163,9.925694,9.33105,-0.684402,-0.916275,0,0,0,0,0,0,0,0,1780912572,0
163,173.06387,178.774698,-2.670289,0.676922,0,0,0,0,0,0,0,0,1780912572,0
164,109.751104,109.878261,-1.447341,2.861023,0,0,0,0,0,0,0,0,1780912572,0
164,-49.33676,-61.173544,-6.271812,1.058392,0,0,0,0,0,0,0,0,1780912572,0
165,11.19726,5.512613,-3.085417,-1.765233,0,0,0,0,0,0,0,0,1780912572,0
165,171.272458,169.746579,-1.48848,1.252866,0,0,0,0,0,0,0,0,1780912572,0
166,111.535036,111.284463,2.079384,3.904456,0,0,0,0,0,0,0,0,1780912572,0
166,-50.989796,-61.715829,-2.846064,-1.454821,0,0,0,0,0,0,0,0,1780912572,0
167,8.444694,7.947287,-0.860177,4.835691,0,0,0,0,0,0,0,0,1780912572,0
167,169.35389,168.407695,-2.034506,0.905056,0,0,0,0,0,0,0,0,1780912572,0
168,105.652174,103.815883,0.299192,0.882616,0,0,0,0,0,0,0,0,1780912572,0
168,-60.17499,-66.401924,-2.834844,-3.810958,0,0,0,0,0,0,0,0,1780912572,0
169,4.514059,0.673182,0.38521,0.36651,0,0,0,0,0,0,0,0,1780912572,0
169,170.771312,167.798091,-1.948488,-2.763786,0,0,0,0,0,0,0,0,1780912572,0
170,109.17142,105.835429,-2.775006,-1.51092,0,0,0,0,0,0,0,0,1780912572,0
170,-49.000169,-54.93539,-2.509473,3.00688,0,0,0,0,0,0,0,0,1780912572,0
171,8.24274,6.028719,0.37025,-1.813851,0,0,0,0,0,0,0,0,1780912572,0
171,176.422301,170.711473,2.128003,-0.871397,0,0,0,0,0,0,0,0,1780912572,0
172,112.1409,104.066456,-1.780192,3.478107,0,0,0,0,0,0,0,0,1780912572,0
172,-56.954936,-59.292374,-1.712874,2.034506,0,0,0,0,0,0,0,0,1780912572,0
173,8.22778,3.193875,-5.015206,1.065871,0,0,0,0,0,0,0,0,1780912572,0
173,169.840077,165.729927,-3.384609,1.709134,0,0,0,0,0,0,0,0,1780912572,0
174,112.15212,106.385194,-0.36277,0.400169,0,0,0,0,0,0,0,0,1780912572,0
174,-60.762155,-62.576006,0.890096,0.460008,0,0,0,0,0,0,0,0,1780912572,0
175,9.446987,5.291958,-1.623117,-3.597784,0,0,0,0,0,0,0,0,1780912572,0
175,172.940454,169.432428,-3.459407,-3.665102,0,0,0,0,0,0,0,0,1780912572,0
176,104.376868,104.058976,-2.924602,-2.498253,0,0,0,0,0,0,0,0,1780912572,0
176,-53.233736,-58.877245,-6.088557,-4.401862,0,0,0,0,0,0,0,0,1780912572,0
177,8.859823,7.85753,-2.812405,2.913382,0,0,0,0,0,0,0,0,1780912572,0
177,168.557291,165.737406,-1.997107,-1.267826,0,0,0,0,0,0,0,0,1780912572,0
178,106.362755,103.468072,-1.417422,5.97262,0,0,0,0,0,0,0,0,1780912572,0
178,-59.617745,-58.869765,-6.582224,-2.430935,0,0,0,0,0,0,0,0,1780912572,0
179,7.158169,7.259146,-2.273859,1.402462,0,0,0,0,0,0,0,0,1780912572,0
179,170.977006,168.568511,-5.202201,1.189288,0,0,0,0,0,0,0,0,1780912572,0
180,105.958846,103.400754,-4.536499,-4.652436,0,0,0,0,0,0,0,0,1780912572,0
180,-58.824886,-57.94975,-3.104117,0.00374,0,0,0,0,0,0,0,0,1780912572,0
181,6.944994,8.108103,-1.275306,-1.380023,0,0,0,0,0,0,0,0,1780912572,0
181,166.376929,166.530265,-6.032459,-2.128003,0,0,0,0,0,0,0,0,1780912572,0
182,106.467472,109.358415,1.544579,0.224394,0,0,0,0,0,0,0,0,1780912572,0
182,-56.81282,-58.884725,-0.875137,-1.757753,0,0,0,0,0,0,0,0,1780912572,0
183,10.83823,11.537591,-2.184102,3.096637,0,0,0,0,0,0,0,0,1780912572,0
183,171.414575,166.376929,-2.307518,-1.619377,0,0,0,0,0,0,0,0,1780912572,0
184,105.629734,104.044017,-0.411389,-2.97696,0,0,0,0,0,0,0,0,1780912572,0
184,-56.263055,-66.480462,-1.185548,1.279046,0,0,0,0,0,0,0,0,1780912572,0
185,7.558338,4.540239,4.888049,-0.860177,0,0,0,0,0,0,0,0,1780912572,0
185,176.639215,165.557891,-1.813851,1.739053,0,0,0,0,0,0,0,0,1780912572,0
186,106.071043,101.987072,-1.739053,-1.028472,0,0,0,0,0,0,0,0,1780912572,0
186,-63.791474,-60.859392,-0.411389,-3.687541,0,0,0,0,0,0,0,0,1780912572,0
187,6.436368,7.651835,-0.934975,3.272412,0,0,0,0,0,0,0,0,1780912572,0
187,168.20574,168.441354,-0.38895,3.238753,0,0,0,0,0,0,0,0,1780912572,0
188,103.879461,93.677014,-0.235614,-0.448788,0,0,0,0,0,0,0,0,1780912572,0
188,-61.719569,-57.467303,-5.018946,-5.561231,0,0,0,0,0,0,0,0,1780912572,0
189,5.819284,6.989873,-5.460254,-1.394983,0,0,0,0,0,0,0,0,1780912572,0
189,171.713767,171.519292,-3.72494,-0.074798,0,0,0,0,0,0,0,0,1780912572,0
190,101.987072,95.146795,-1.323925,-2.842324,0,0,0,0,0,0,0,0,1780912572,0
190,-63.125771,-66.428103,-2.434675,1.649296,0,0,0,0,0,0,0,0,1780912572,0
191,4.069011,1.387503,0.344071,-1.589457,0,0,0,0,0,0,0,0,1780912572,0
191,169.903655,164.974467,-3.642663,2.023286,0,0,0,0,0,0,0,0,1780912572,0
192,98.434167,93.056191,-1.279046,4.181208,0,0,0,0,0,0,0,0,1780912572,0
192,-61.947703,-65.657684,-1.163109,2.718907,0,0,0,0,0,0,0,0,1780912572,0
193,10.871889,2.468334,-3.508026,-1.791412,0,0,0,0,0,0,0,0,1780912573,0
193,170.913428,169.144455,2.202801,-0.557245,0,0,0,0,0,0,0,0,1780912573,0
194,100.719246,97.671227,2.068165,-2.2589,0,0,0,0,0,0,0,0,1780912573,0
194,-56.655744,-58.70895,-0.519846,1.817591,0,0,0,0,0,0,0,0,1780912573,0
195,10.643755,3.953074,-0.37025,1.054652,0,0,0,0,0,0,0,0,1780912573,0
195,173.08257,175.001139,-3.586564,-0.897576,0,0,0,0,0,0,0,0,1780912573,0
196,104.051497,104.919153,-0.172035,-0.594644,0,0,0,0,0,0,0,0,1780912573,0
196,-60.477922,-62.748041,-2.932082,1.13693,0,0,0,0,0,0,0,0,1780912573,0
197,8.403555,6.982393,-2.98444,-0.38895,0,0,0,0,0,0,0,0,1780912573,0
197,174.9413,171.511812,-2.98818,-0.860177,0,0,0,0,0,0,0,0,1780912573,0
198,109.459392,100.749165,1.207988,-0.235614,0,0,0,0,0,0,0,0,1780912573,0
198,-55.33182,-63.309026,-4.506579,0.478707,0,0,0,0,0,0,0,0,1780912573,0
199,17.910381,8.066964,-5.882863,1.649296,0,0,0,0,0,0,0,0,1780912573,0
199,174.436414,168.463794,-0.568465,-0.710581,0,0,0,0,0,0,0,0,1780912573,0
200,99.788011,98.389288,-3.122816,-4.057791,0,0,0,0,0,0,0,0,1780912573,0
200,-62.194536,-67.131204,-3.235013,-0.37773,0,0,0,0,0,0,0,0,1780912573,0
0,-74.302462,-24.174713,4.49162,11.012135,0,0,0,0,0,0,0,0,1780912573,0
101,84.071081,133.630365,7.019792,9.531135,0,0,0,0,0,0,0,0,1780912573,0
101,19.643825,68.204555,3.986733,9.549835,0,0,0,0,0,0,0,0,1780912573,0
102,-139.06257,-90.034352,8.665348,9.172105,0,0,0,0,0,0,0,0,1780912573,0
102,-72.944879,-29.993998,3.594044,10.903678,0,0,0,0,0,0,0,0,1780912573,0
103,84.437591,138.125725,3.777299,9.647072,0,0,0,0,0,0,0,0,1780912573,0
103,19.015521,74.629704,4.293405,8.996329,0,0,0,0,0,0,0,0,1780912573,0
104,-136.324963,-83.863517,7.883709,13.44681,0,0,0,0,0,0,0,0,1780912573,0
104,-71.602255,-20.285217,-1.50344,9.411458,0,0,0,0,0,0,0,0,1780912573,0
105,90.402732,146.562939,0.134636,13.162578,0,0,0,0,0,0,0,0,1780912573,0
105,20.133751,67.467795,3.309811,11.150512,0,0,0,0,0,0,0,0,1780912573,0
106,-144.709819,-93.101069,10.180008,12.564194,0,0,0,0,0,0,0,0,1780912573,0
106,-67.170473,-19.017391,5.445294,11.651658,0,0,0,0,0,0,0,0,1780912573,0
107,88.457984,141.775867,0.620823,10.058461,0,0,0,0,0,0,0,0,1780912573,0
107,21.31182,76.832505,0.553505,10.784002,0,0,0,0,0,0,0,0,1780912573,0
108,-143.961839,-86.301931,1.466041,8.095013,0,0,0,0,0,0,0,0,1780912573,0
108,-70.697199,-17.289557,-1.054652,10.903678,0,0,0,0,0,0,0,0,1780912573,0
109,98.267741,143.062393,4.342024,11.94711,0,0,0,0,0,0,0,0,1780912573,0
109,24.337399,72.50544,2.415975,9.276822,0,0,0,0,0,0,0,0,1780912573,0
110,-141.418707,-90.47192,4.573898,9.086087,0,0,0,0,0,0,0,0,1780912573,0
110,-63.344555,-14.780085,6.679461,11.775075,0,0,0,0,0,0,0,0,1780912573,0
111,95.728349,139.236475,4.562678,10.959777,0,0,0,0,0,0,0,0,1780912573,0
111,20.773274,65.238815,6.698161,10.649365,0,0,0,0,0,0,0,0,1780912573,0
112,-133.763132,-88.534652,2.329958,12.115406,0,0,0,0,0,0,0,0,1780912573,0
112,-67.600562,-21.122955,3.852097,11.808734,0,0,0,0,0,0,0,0,1780912573,0
113,89.976383,145.455929,3.384609,14.127472,0,0,0,0,0,0,0,0,1780912573,0
113,20.694736,78.612697,6.114736,12.309881,0,0,0,0,0,0,0,0,1780912573,0
114,-137.921901,-80.654682,5.793105,8.012736,0,0,0,0,0,0,0,0,1780912573,0
114,-69.945479,-14.353736,5.763186,8.173551,0,0,0,0,0,0,0,0,1780912573,0
115,93.301154,148.500208,5.359277,10.301554,0,0,0,0,0,0,0,0,1780912573,0
115,20.907911,69.337745,3.874536,11.019615,0,0,0,0,0,0,0,0,1780912573,0
116,-136.05943,-83.583024,5.404155,14.722116,0,0,0,0,0,0,0,0,1780912573,0
116,-66.624448,-13.198107,4.944148,3.498676,0,0,0,0,0,0,0,0,1780912573,0
117,94.400685,146.469442,3.35843,8.020215,0,0,0,0,0,0,0,0,1780912573,0
117,24.490735,70.070766,4.532759,10.507249,0,0,0,0,0,0,0,0,1780912573,0
118,-133.153528,-93.332943,9.304871,13.671204,0,0,0,0,0,0,0,0,1780912573,0
118,-74.620354,-32.13322,4.622516,10.10708,0,0,0,0,0,0,0,0,1780912573,0
119,88.128873,137.605879,7.692974,11.146772,0,0,0,0,0,0,0,0,1780912573,0
119,13.46925,68.290573,3.033059,11.371166,0,0,0,0,0,0,0,0,1780912573,0
120,-151.142447,-95.965833,3.145256,6.382139,0,0,0,0,0,0,0,0,1780912573,0
120,-71.875267,-16.208726,5.639769,10.619446,0,0,0,0,0,0,0,0,1780912573,0
121,88.671158,143.862732,3.840877,10.065941,0,0,0,0,0,0,0,0,1780912573,0
121,21.801747,63.892451,2.270119,11.494583,0,0,0,0,0,0,0,0,1780912573,0
122,-138.041577,-90.621516,4.297145,9.389019,0,0,0,0,0,0,0,0,1780912573,0
122,-72.51853,-21.31743,5.276999,9.497476,0,0,0,0,0,0,0,0,1780912573,0
123,93.574167,143.851512,3.197614,8.566241,0,0,0,0,0,0,0,0,1780912573,0
123,14.654798,70.418576,3.956814,9.063648,0,0,0,0,0,0,0,0,1780912573,0
124,-142.252705,-94.039784,4.420562,14.785694,0,0,0,0,0,0,0,0,1780912573,0
124,-71.362901,-13.385102,5.808065,12.276222,0,0,0,0,0,0,0,0,1780912573,0
125,87.149019,142.04888,4.222347,9.116006,0,0,0,0,0,0,0,0,1780912573,0
125,11.999469,64.277661,0.474967,7.451751,0,0,0,0,0,0,0,0,1780912573,0
126,-146.022524,-87.928788,5.523832,8.521362,0,0,0,0,0,0,0,0,1780912573,0
126,-69.642547,-16.504179,0.654482,8.278269,0,0,0,0,0,0,0,0,1780912573,0
127,91.494782,147.340839,4.465441,12.317361,0,0,0,0,0,0,0,0,1780912573,0
127,17.545741,71.435829,4.10267,9.157145,0,0,0,0,0,0,0,0,1780912573,0
128,-145.442839,-91.335837,2.221501,13.977876,0,0,0,0,0,0,0,0,1780912573,0
128,-64.047657,-23.16868,5.21716,12.190204,0,0,0,0,0,0,0,0,1780912573,0
129,99.146618,148.388011,4.779592,6.894506,0,0,0,0,0,0,0,0,1780912573,0
129,22.946156,73.148703,4.671135,5.398546,0,0,0,0,0,0,0,0,1780912573,0
130,-134.178261,-89.316291,7.173128,9.691951,0,0,0,0,0,0,0,0,1780912573,0
130,-62.858369,-17.734606,-0.572205,6.928165,0,0,0,0,0,0,0,0,1780912573,0
131,96.517468,141.529034,4.360723,10.08464,0,0,0,0,0,0,0,0,1780912573,0
131,14.292028,74.431489,6.406449,9.647072,0,0,0,0,0,0,0,0,1780912573,0
132,-141.272851,-88.549611,-0.418869,13.390712,0,0,0,0,0,0,0,0,1780912573,0
132,-68.04935,-19.260485,0.284232,9.445117,0,0,0,0,0,0,0,0,1780912573,0
133,88.989049,139.935837,6.107257,12.261262,0,0,0,0,0,0,0,0,1780912573,0
133,15.458876,61.540054,4.981547,9.774229,0,0,0,0,0,0,0,0,1780912573,0
134,-147.929873,-96.956906,7.146949,14.056414,0,0,0,0,0,0,0,0,1780912573,0
134,-66.886241,-17.846803,4.697314,6.445718,0,0,0,0,0,0,0,0,1780912573,0
135,96.592266,143.892651,4.166249,10.574567,0,0,0,0,0,0,0,0,1780912573,0
135,20.5601,67.766987,0.291712,3.809088,0,0,0,0,0,0,0,0,1780912573,0
136,-134.660708,-83.35489,6.604663,11.819954,0,0,0,0,0,0,0,0,1780912573,0
136,-56.766071,-13.037291,6.507426,12.743709,0,0,0,0,0,0,0,0,1780912573,0
137,105.687703,145.859838,9.630242,11.131812,0,0,0,0,0,0,0,0,1780912573,0
137,25.021801,74.861577,7.46858,12.72127,0,0,0,0,0,0,0,0,1780912573,0
138,-133.564917,-87.502439,6.440108,9.000069,0,0,0,0,0,0,0,0,1780912573,0
138,-55.015798,-10.127649,5.733267,10.163178,0,0,0,0,0,0,0,0,1780912573,0
139,102.232035,144.68177,2.199061,8.842993,0,0,0,0,0,0,0,0,1780912573,0
139,22.976075,71.40217,5.942701,11.778815,0,0,0,0,0,0,0,0,1780912573,0
140,-139.537537,-86.522585,3.526726,11.943371,0,0,0,0,0,0,0,0,1780912573,0
140,-64.470265,-9.473167,4.989027,13.07282,0,0,0,0,0,0,0,0,1780912573,0
141,94.658738,147.935483,4.169988,13.233636,0,0,0,0,0,0,0,0,1780912573,0
141,16.625725,62.609665,4.656175,9.927564,0,0,0,0,0,0,0,0,1780912573,0
142,-137.970519,-93.871489,3.784779,10.970997,0,0,0,0,0,0,0,0,1780912573,0
142,-62.147788,-13.429981,2.782486,8.895352,0,0,0,0,0,0,0,0,1780912573,0
143,95.373059,134.658838,9.757399,9.654552,0,0,0,0,0,0,0,0,1780912573,0
143,28.858938,73.2796,7.547118,6.269942,0,0,0,0,0,0,0,0,1780912573,0
144,-139.264525,-86.567464,2.875983,11.131812,0,0,0,0,0,0,0,0,1780912573,0
144,-61.631681,-13.893728,1.611897,7.698584,0,0,0,0,0,0,0,0,1780912573,0
145,99.0793,139.318753,1.174329,6.516776,0,0,0,0,0,0,0,0,1780912573,0
145,21.887764,63.626918,5.744486,9.740569,0,0,0,0,0,0,0,0,1780912573,0
146,-136.784971,-84.877029,4.282185,9.172105,0,0,0,0,0,0,0,0,1780912573,0
146,-54.346356,-4.540239,3.616483,8.60738,0,0,0,0,0,0,0,0,1780912573,0
147,98.641731,146.297406,2.898422,15.028788,0,0,0,0,0,0,0,0,1780912573,0
147,26.607518,73.28708,3.36591,9.448857,0,0,0,0,0,0,0,0,1780912573,0
148,-136.904648,-74.906456,2.793705,11.079454,0,0,0,0,0,0,0,0,1780912573,0
148,-52.289411,-8.856083,4.207387,11.842393,0,0,0,0,0,0,0,0,1780912573,0
149,102.018861,149.046233,5.030165,13.166318,0,0,0,0,0,0,0,0,1780912573,0
149,21.562393,73.926602,6.260593,9.766749,0,0,0,0,0,0,0,0,1780912573,0
150,-131.620169,-86.889096,7.045972,6.991743,0,0,0,0,0,0,0,0,1780912573,0
150,-57.678607,-4.985287,0.718061,10.436191,0,0,0,0,0,0,0,0,1780912573,0
151,103.051073,154.959015,1.10701,13.151358,0,0,0,0,0,0,0,0,1780912573,0
151,24.741308,71.319892,5.643509,11.101893,0,0,0,0,0,0,0,0,1780912573,0
152,-136.82611,-86.017699,5.961401,12.968103,0,0,0,0,0,0,0,0,1780912573,0
152,-60.95102,-12.091097,6.761739,8.334367,0,0,0,0,0,0,0,0,1780912573,0
153,96.902678,142.336852,2.202801,11.460923,0,0,0,0,0,0,0,0,1780912573,0
153,16.476129,68.713182,-1.196768,10.297815,0,0,0,0,0,0,0,0,1780912573,0
154,-136.362362,-88.175621,3.605264,11.475883,0,0,0,0,0,0,0,0,1780912573,0
154,-58.69212,-10.359523,1.331404,9.306741,0,0,0,0,0,0,0,0,1780912573,0
155,99.771181,142.80808,3.837137,13.226156,0,0,0,0,0,0,0,0,1780912573,0
155,19.688703,68.78424,5.520092,10.529688,0,0,0,0,0,0,0,0,1780912573,0
156,-135.954713,-79.936622,2.172882,10.279115,0,0,0,0,0,0,0,0,1780912573,0
156,-55.827357,-10.733513,2.038245,11.58434,0,0,0,0,0,0,0,0,1780912573,0
157,108.234575,148.365571,8.089404,11.651658,0,0,0,0,0,0,0,0,1780912573,0
157,21.629711,72.808372,0.665702,9.650812,0,0,0,0,0,0,0,0,1780912573,0
158,-134.548511,-85.24354,3.279892,11.23279,0,0,0,0,0,0,0,0,1780912573,0
158,-52.812997,-8.369896,4.428042,6.251243,0,0,0,0,0,0,0,0,1780912573,0
159,99.599146,147.497914,5.086264,5.59676,0,0,0,0,0,0,0,0,1780912573,0
159,20.724656,64.487095,7.255406,10.529688,0,0,0,0,0,0,0,0,1780912573,0
160,-133.501339,-91.272258,2.292559,11.019615,0,0,0,0,0,0,0,0,1780912573,0
160,-53.239346,-10.254806,4.783332,7.305895,0,0,0,0,0,0,0,0,1780912573,0
161,100.702416,143.982408,4.977807,11.187911,0,0,0,0,0,0,0,0,1780912573,0
161,18.892105,69.880031,-1.264086,13.45429,0,0,0,0,0,0,0,0,1780912573,0
162,-135.666741,-88.527172,4.229827,8.244609,0,0,0,0,0,0,0,0,1780912573,0
162,-57.596329,-8.24274,6.406449,8.857953,0,0,0,0,0,0,0,0,1780912573,0
163,99.030681,149.5212,7.176868,9.123486,0,0,0,0,0,0,0,0,1780912573,0
163,23.346325,75.818992,4.955367,5.97823,0,0,0,0,0,0,0,0,1780912573,0
164,-137.155221,-86.118676,5.467734,10.47359,0,0,0,0,0,0,0,0,1780912573,0
164,-60.356375,-14.761385,1.903609,10.45489,0,0,0,0,0,0,0,0,1780912573,0
165,100.780954,144.805186,5.445294,9.684471,0,0,0,0,0,0,0,0,1780912573,0
165,15.986202,63.391304,7.434921,11.685317,0,0,0,0,0,0,0,0,1780912573,0
166,-131.186341,-88.033505,4.648696,11.730196,0,0,0,0,0,0,0,0,1780912573,0
166,-57.704786,-8.721447,3.74738,13.170058,0,0,0,0,0,0,0,0,1780912573,0
167,98.002208,147.310919,3.178915,13.45803,0,0,0,0,0,0,0,0,1780912573,0
167,21.203363,68.256914,2.060685,8.98137,0,0,0,0,0,0,0,0,1780912573,0
168,-133.789311,-86.178515,5.21716,11.352466,0,0,0,0,0,0,0,0,1780912573,0
168,-55.098076,-8.156722,2.696468,8.682178,0,0,0,0,0,0,0,0,1780912573,0
169,101.887964,149.782993,4.334544,13.285995,0,0,0,0,0,0,0,0,1780912573,0
169,18.069327,67.321939,3.930635,12.840946,0,0,0,0,0,0,0,0,1780912573,0
170,-133.276945,-87.379023,5.093744,7.724763,0,0,0,0,0,0,0,0,1780912573,0
170,-54.279038,-9.424548,4.970327,14.535121,0,0,0,0,0,0,0,0,1780912573,0
171,102.261954,144.3003,2.707688,10.761562,0,0,0,0,0,0,0,0,1780912573,0
171,23.604379,69.487341,6.320431,10.510989,0,0,0,0,0,0,0,0,1780912573,0
172,-134.761685,-83.971974,5.430335,12.567934,0,0,0,0,0,0,0,0,1780912573,0
172,-56.769811,-9.536745,2.580531,9.609673,0,0,0,0,0,0,0,0,1780912573,0
173,97.074713,140.93065,4.308365,12.979323,0,0,0,0,0,0,0,0,1780912573,0
173,15.679531,71.79112,5.737007,7.275975,0,0,0,0,0,0,0,0,1780912573,0
174,-139.500138,-86.290712,2.905902,12.212643,0,0,0,0,0,0,0,0,1780912573,0
174,-62.016891,-8.934621,-1.832551,11.034575,0,0,0,0,0,0,0,0,1780912573,0
175,94.853213,147.741008,1.933528,11.113113,0,0,0,0,0,0,0,0,1780912573,0
175,9.015029,63.114552,5.710827,8.502663,0,0,0,0,0,0,0,0,1780912573,0
176,-144.462986,-96.029411,3.519246,15.122285,0,0,0,0,0,0,0,0,1780912573,0
176,-62.940646,-13.650635,9.503086,10.45489,0,0,0,0,0,0,0,0,1780912573,0
177,94.352066,148.171096,4.947888,12.511835,0,0,0,0,0,0,0,0,1780912573,0
177,14.011535,60.55272,8.164202,13.360793,0,0,0,0,0,0,0,0,1780912573,0
178,-134.555991,-86.253313,2.288819,7.874359,0,0,0,0,0,0,0,0,1780912573,0
178,-53.317884,-7.08711,5.333097,9.145925,0,0,0,0,0,0,0,0,1780912573,0
179,98.163024,152.737514,5.553751,7.433051,0,0,0,0,0,0,0,0,1780912573,0
179,18.349819,65.680123,4.992766,6.763609,0,0,0,0,0,0,0,0,1780912573,0
180,-139.339323,-91.451774,0.239354,10.761562,0,0,0,0,0,0,0,0,1780912573,0
180,-49.469527,-7.921108,1.697915,17.134352,0,0,0,0,0,0,0,0,1780912573,0
181,104.539554,145.590565,6.585964,14.262108,0,0,0,0,0,0,0,0,1780912573,0
181,19.834559,64.920923,5.104963,8.869173,0,0,0,0,0,0,0,0,1780912573,0
182,-131.732366,-92.498946,3.829658,6.520516,0,0,0,0,0,0,0,0,1780912573,0
182,-49.809858,-7.131989,6.922555,8.420385,0,0,0,0,0,0,0,0,1780912573,0
183,104.29646,148.462809,0.882616,13.267295,0,0,0,0,0,0,0,0,1780912573,0
183,19.150158,72.5204,3.100377,8.166072,0,0,0,0,0,0,0,0,1780912573,0
184,-134.410134,-81.597137,4.226087,9.059908,0,0,0,0,0,0,0,0,1780912573,0
184,-53.807811,-7.057191,6.776699,9.445117,0,0,0,0,0,0,0,0,1780912573,0
185,97.474882,149.102331,2.935821,11.984509,0,0,0,0,0,0,0,0,1780912573,0
185,17.833713,68.724402,2.703948,11.154252,0,0,0,0,0,0,0,0,1780912573,0
186,-137.592789,-93.84531,5.011466,11.374906,0,0,0,0,0,0,0,0,1780912573,0
186,-51.702247,-2.135483,5.849204,9.33292,0,0,0,0,0,0,0,0,1780912573,0
187,95.223463,148.571266,9.686341,11.247749,0,0,0,0,0,0,0,0,1780912573,0
187,12.444517,56.476229,4.229827,10.85132,0,0,0,0,0,0,0,0,1780912573,0
188,-139.788111,-87.158368,4.293405,10.421231,0,0,0,0,0,0,0,0,1780912573,0
188,-53.699354,1.009773,0.37399,9.041208,0,0,0,0,0,0,0,0,1780912573,0
189,99.408411,146.342285,8.108103,6.752389,0,0,0,0,0,0,0,0,1780912573,0
189,23.18925,63.694236,5.99506,11.157992,0,0,0,0,0,0,0,0,1780912573,0
190,-130.550558,-84.992966,3.38087,10.09212,0,0,0,0,0,0,0,0,1780912573,0
190,-44.671235,4.824471,4.457961,10.237976,0,0,0,0,0,0,0,0,1780912573,0
191,105.482008,148.148657,6.514906,10.488549,0,0,0,0,0,0,0,0,1780912573,0
191,23.073313,70.164263,2.59923,13.671204,0,0,0,0,0,0,0,0,1780912573,0
192,-132.573844,-82.408696,7.397522,11.883532,0,0,0,0,0,0,0,0,1780912573,0
192,-52.427788,-7.752813,1.548319,8.532582,0,0,0,0,0,0,0,0,1780912573,0
193,106.828372,151.634244,3.201354,8.184771,0,0,0,0,0,0,0,0,1780912574,0
193,24.29252,69.707995,3.036799,10.615706,0,0,0,0,0,0,0,0,1780912574,0
194,-134.058584,-82.509673,3.029319,16.225556,0,0,0,0,0,0,0,0,1780912574,0
194,-48.945941,-2.135483,4.622516,10.46985,0,0,0,0,0,0,0,0,1780912574,0
195,98.30888,143.518661,4.072751,13.256075,0,0,0,0,0,0,0,0,1780912574,0
195,12.433297,61.446556,7.618176,10.357653,0,0,0,0,0,0,0,0,1780912574,0
196,-137.55539,-85.58761,8.100623,7.582647,0,0,0,0,0,0,0,0,1780912574,0
196,-53.310404,-3.7399,5.62107,9.71439,0,0,0,0,0,0,0,0,1780912574,0
197,93.342293,140.440723,5.531312,7.971597,0,0,0,0,0,0,0,0,1780912574,0
197,0.222524,60.758415,3.545425,14.131212,0,0,0,0,0,0,0,0,1780912574,0
198,-145.319423,-95.172974,5.445294,7.86314,0,0,0,0,0,0,0,0,1780912574,0
198,-58.639761,-13.250466,5.546272,12.998022,0,0,0,0,0,0,0,0,1780912574,0
199,97.097153,142.000261,5.505133,10.944817,0,0,0,0,0,0,0,0,1780912574,0
199,9.811628,60.54898,3.160215,10.679284,0,0,0,0,0,0,0,0,1780912574,0
200,-141.261631,-94.761585,7.554598,11.296368,0,0,0,0,0,0,0,0,1780912574,0
200,-54.454813,-6.387749,2.034506,8.259569,0,0,0,0,0,0,0,0,1780912574,0
0,102.80237,152.058722,3.268673,14.712766,0,0,0,0,0,0,0,0,1780912574,0
101,9.562924,58.733259,3.010619,12.932574,0,0,0,0,0,0,0,0,1780912574,0
101,-134.389565,-87.134059,2.887203,9.428288,0,0,0,0,0,0,0,0,1780912574,0
102,-49.695791,5.061955,1.49596,7.752813,0,0,0,0,0,0,0,0,1780912574,0
102,95.165494,146.351635,-2.2402,12.648342,0,0,0,0,0,0,0,0,1780912574,0
103,15.928234,57.484132,-0.198215,13.4412,0,0,0,0,0,0,0,0,1780912574,0
103,-134.524201,-90.559807,5.9801,9.540485,0,0,0,0,0,0,0,0,1780912574,0
104,-53.880739,-4.897399,7.419962,7.012312,0,0,0,0,0,0,0,0,1780912574,0
104,97.996599,144.399407,3.941855,11.421654,0,0,0,0,0,0,0,0,1780912574,0
105,16.986626,59.597176,5.935221,9.648942,0,0,0,0,0,0,0,0,1780912574,0
105,-138.3015,-96.07242,1.802632,10.984086,0,0,0,0,0,0,0,0,1780912574,0
106,-48.839354,-4.725364,4.207387,10.524078,0,0,0,0,0,0,0,0,1780912574,0
106,96.508118,146.55733,2.775006,7.10955,0,0,0,0,0,0,0,0,1780912574,0
107,8.145502,55.012058,6.615883,13.246726,0,0,0,0,0,0,0,0,1780912574,0
107,-142.673443,-95.384278,0.463748,13.508519,0,0,0,0,0,0,0,0,1780912574,0
108,-59.737422,-10.47359,0.460008,9.432028,0,0,0,0,0,0,0,0,1780912574,0
108,92.383009,142.78751,0.175775,7.348903,0,0,0,0,0,0,0,0,1780912574,0
109,9.761139,56.010612,3.104117,11.346856,0,0,0,0,0,0,0,0,1780912574,0
109,-142.729542,-89.243363,4.233567,11.926541,0,0,0,0,0,0,0,0,1780912574,0
110,-50.357753,3.839007,1.653036,10.112689,0,0,0,0,0,0,0,0,1780912574,0
110,102.865948,152.746864,2.920862,10.84571,0,0,0,0,0,0,0,0,1780912574,0
111,12.33793,60.771504,1.286526,8.482093,0,0,0,0,0,0,0,0,1780912574,0
111,-140.257468,-87.11162,4.768372,9.402108,0,0,0,0,0,0,0,0,1780912574,0
112,-53.020562,5.043255,3.810958,7.083371,0,0,0,0,0,0,0,0,1780912574,0
112,97.94424,150.143894,2.326218,6.956214,0,0,0,0,0,0,0,0,1780912574,0
113,8.9608,56.43696,5.882863,15.816037,0,0,0,0,0,0,0,0,1780912574,0
113,-138.372558,-94.232389,-1.772713,10.273505,0,0,0,0,0,0,0,0,1780912574,0
114,-54.527741,-5.910912,2.816145,6.410189,0,0,0,0,0,0,0,0,1780912574,0
114,98.262131,139.582416,4.132589,11.496452,0,0,0,0,0,0,0,0,1780912574,0
115,18.725679,62.596576,0.209434,12.498746,0,0,0,0,0,0,0,0,1780912574,0
115,-140.55666,-87.455691,4.49162,9.903255,0,0,0,0,0,0,0,0,1780912574,0
116,-53.966756,-0.708711,1.817591,7.031012,0,0,0,0,0,0,0,0,1780912574,0
116,96.141608,144.362008,4.674875,8.998199,0,0,0,0,0,0,0,0,1780912574,0
117,9.585364,61.493305,8.497053,10.299684,0,0,0,0,0,0,0,0,1780912574,0
117,-146.106672,-95.204763,7.715414,5.665948,0,0,0,0,0,0,0,0,1780912574,0
118,-52.971943,-10.009842,5.759446,6.066118,0,0,0,0,0,0,0,0,1780912574,0
118,94.533451,140.408934,5.808065,11.294498,0,0,0,0,0,0,0,0,1780912574,0
119,5.355537,52.214613,4.816991,6.462547,0,0,0,0,0,0,0,0,1780912574,0
119,-142.224655,-94.086533,4.405602,4.895529,0,0,0,0,0,0,0,0,1780912574,0
120,-54.553921,-5.028295,2.199061,15.191474,0,0,0,0,0,0,0,0,1780912574,0
120,97.94424,147.436206,4.390643,9.121616,0,0,0,0,0,0,0,0,1780912574,0
121,14.469673,63.666187,12.846556,8.680308,0,0,0,0,0,0,0,0,1780912574,0
121,-144.330219,-90.83282,7.412482,9.802278,0,0,0,0,0,0,0,0,1780912574,0
122,-47.676245,0.690012,5.291958,10.505379,0,0,0,0,0,0,0,0,1780912574,0
122,93.347903,146.411473,6.312951,6.787918,0,0,0,0,0,0,0,0,1780912574,0
123,5.849204,60.93606,8.261439,7.057191,0,0,0,0,0,0,0,0,1780912574,0
123,-143.421423,-90.619646,5.314398,9.802278,0,0,0,0,0,0,0,0,1780912574,0
124,-47.938038,2.645979,0.269273,4.48414,0,0,0,0,0,0,0,0,1780912574,0
124,98.31823,145.196006,2.718907,7.023532,0,0,0,0,0,0,0,0,1780912574,0
125,3.878276,56.709973,3.111597,11.077584,0,0,0,0,0,0,0,0,1780912574,0
125,-144.936083,-94.135152,3.508026,17.383055,0,0,0,0,0,0,0,0,1780912574,0
126,-53.854559,-2.795575,0.624563,11.111243,0,0,0,0,0,0,0,0,1780912574,0
126,88.033505,142.593036,5.680908,15.385948,0,0,0,0,0,0,0,0,1780912574,0
127,6.971174,56.766071,8.272659,12.599723,0,0,0,0,0,0,0,0,1780912574,0
127,-148.133697,-91.390065,6.657022,10.984086,0,0,0,0,0,0,0,0,1780912574,0
128,-55.840446,-2.818015,4.85813,13.84885,0,0,0,0,0,0,0,0,1780912574,0
128,89.039538,149.698845,5.071304,12.046218,0,0,0,0,0,0,0,0,1780912574,0
129,7.188088,56.347203,1.391243,14.533251,0,0,0,0,0,0,0,0,1780912574,0
129,-143.152151,-93.001962,0.089758,12.768018,0,0,0,0,0,0,0,0,1780912574,0
130,-51.023455,1.841901,4.547718,9.177714,0,0,0,0,0,0,0,0,1780912574,0
130,94.772805,146.108542,3.810958,9.230073,0,0,0,0,0,0,0,0,1780912574,0
131,7.85005,57.039084,0.669442,12.259392,0,0,0,0,0,0,0,0,1780912574,0
131,-144.887464,-89.520115,4.173728,7.969727,0,0,0,0,0,0,0,0,1780912574,0
132,-50.634506,3.465017,1.245387,10.965387,0,0,0,0,0,0,0,0,1780912574,0
132,100.988519,157.159946,7.83509,7.378823,0,0,0,0,0,0,0,0,1780912574,0
133,3.882016,54.873682,5.755706,11.137422,0,0,0,0,0,0,0,0,1780912574,0
133,-148.186056,-94.681177,4.274706,10.636275,0,0,0,0,0,0,0,0,1780912574,0
134,-53.910658,-5.585541,2.778746,7.550858,0,0,0,0,0,0,0,0,1780912574,0
134,95.520785,144.070296,3.35469,11.346856,0,0,0,0,0,0,0,0,1780912574,0
135,0.078538,54.047164,8.725187,10.696114,0,0,0,0,0,0,0,0,1780912574,0
135,-147.30344,-93.81352,3.844617,11.862963,0,0,0,0,0,0,0,0,1780912574,0
136,-47.85202,-2.574921,0.048619,14.600569,0,0,0,0,0,0,0,0,1780912574,0
136,92.644802,139.754451,7.10581,16.672474,0,0,0,0,0,0,0,0,1780912574,0
137,9.970573,52.255752,8.444694,12.251912,0,0,0,0,0,0,0,0,1780912574,0
137,-144.173143,-95.896645,3.089157,12.786718,0,0,0,0,0,0,0,0,1780912574,0
138,-49.980023,-2.668419,3.414529,11.23092,0,0,0,0,0,0,0,0,1780912574,0
138,89.637922,145.940246,5.280739,10.183748,0,0,0,0,0,0,0,0,1780912574,0
139,7.315244,53.897568,7.191828,15.116676,0,0,0,0,0,0,0,0,1780912574,0
139,-146.016914,-93.630265,1.170589,9.622763,0,0,0,0,0,0,0,0,1780912574,0
140,-47.317214,2.365487,4.057791,6.578484,0,0,0,0,0,0,0,0,1780912574,0
140,95.606802,141.014798,6.178315,10.913028,0,0,0,0,0,0,0,0,1780912574,0
141,6.103517,61.403547,3.691281,8.448434,0,0,0,0,0,0,0,0,1780912574,0
141,-140.328526,-89.32564,8.459654,14.828703,0,0,0,0,0,0,0,0,1780912574,0
142,-42.126233,8.308188,7.625656,11.481493,0,0,0,0,0,0,0,0,1780912574,0
142,97.611389,149.010704,7.543378,9.35349,0,0,0,0,0,0,0,0,1780912574,0
143,6.268072,57.259738,8.912182,11.20474,0,0,0,0,0,0,0,0,1780912574,0
143,-142.0601,-89.34434,4.652436,16.365802,0,0,0,0,0,0,0,0,1780912574,0
144,-48.398045,-2.559962,1.888649,12.906395,0,0,0,0,0,0,0,0,1780912574,0
144,101.575683,149.683886,6.795398,10.965387,0,0,0,0,0,0,0,0,1780912574,0
145,4.510319,54.121962,1.48848,11.848003,0,0,0,0,0,0,0,0,1780912574,0
145,-141.121385,-95.818107,3.616483,14.024625,0,0,0,0,0,0,0,0,1780912574,0
146,-53.308534,2.855414,3.436968,7.913628,0,0,0,0,0,0,0,0,1780912574,0
146,99.728172,151.213505,-2.056945,9.929434,0,0,0,0,0,0,0,0,1780912574,0
147,1.533359,55.404748,6.039938,14.073244,0,0,0,0,0,0,0,0,1780912574,0
147,-144.382578,-91.042255,6.283032,9.375929,0,0,0,0,0,0,0,0,1780912574,0
148,-48.068934,-0.129027,6.470027,6.847757,0,0,0,0,0,0,0,0,1780912574,0
148,97.966679,147.095875,-1.608157,11.129942,0,0,0,0,0,0,0,0,1780912574,0
149,7.382563,54.432374,3.089157,9.031858,0,0,0,0,0,0,0,0,1780912574,0
149,-140.57162,-90.668265,0.445048,7.146949,0,0,0,0,0,0,0,0,1780912574,0
150,-51.992089,3.255583,7.019792,11.900362,0,0,0,0,0,0,0,0,1780912574,0
150,101.994552,149.257537,1.978407,12.360369,0,0,0,0,0,0,0,0,1780912574,0
151,5.299438,56.051751,4.719754,12.730619,0,0,0,0,0,0,0,0,1780912574,0
151,-138.578253,-92.396098,3.36591,12.281831,0,0,0,0,0,0,0,0,1780912574,0
152,-42.683478,0.446918,7.038492,12.453867,0,0,0,0,0,0,0,0,1780912574,0
152,104.612482,148.76387,6.006279,10.146349,0,0,0,0,0,0,0,0,1780912574,0
153,7.775252,54.492212,1.87743,7.326464,0,0,0,0,0,0,0,0,1780912574,0
153,-142.06758,-92.755129,6.069858,9.749919,0,0,0,0,0,0,0,0,1780912574,0
154,-45.170512,5.035775,6.301731,13.407541,0,0,0,0,0,0,0,0,1780912574,0
154,98.69596,148.131827,7.375083,9.469427,0,0,0,0,0,0,0,0,1780912574,0
155,-0.254313,44.155129,7.734113,11.22344,0,0,0,0,0,0,0,0,1780912574,0
155,-139.655344,-96.259415,-0.048619,8.044525,0,0,0,0,0,0,0,0,1780912574,0
156,-52.190304,-1.711004,6.297992,8.23152,0,0,0,0,0,0,0,0,1780912574,0
156,96.197707,148.124348,5.138623,9.600323,0,0,0,0,0,0,0,0,1780912574,0
157,-3.590304,46.941354,4.024132,12.042478,0,0,0,0,0,0,0,0,1780912574,0
157,-151.189196,-98.555714,6.548565,8.9795,0,0,0,0,0,0,0,0,1780912574,0
158,-48.196091,-2.447765,3.934375,7.214267,0,0,0,0,0,0,0,0,1780912574,0
158,100.427534,142.869788,2.662809,10.486679,0,0,0,0,0,0,0,0,1780912574,0
159,4.083971,50.958007,5.60237,12.124756,0,0,0,0,0,0,0,0,1780912574,0
159,-139.602986,-88.734736,5.935221,10.669935,0,0,0,0,0,0,0,0,1780912574,0
160,-44.673105,2.859154,4.615037,13.508519,0,0,0,0,0,0,0,0,1780912574,0
160,100.225579,149.119161,1.593197,8.620469,0,0,0,0,0,0,0,0,1780912574,0
161,7.225487,57.794544,9.690081,9.809758,0,0,0,0,0,0,0,0,1780912574,0
161,-137.351566,-89.987603,7.610696,12.042478,0,0,0,0,0,0,0,0,1780912574,0
162,-44.49359,3.951204,1.742793,8.354937,0,0,0,0,0,0,0,0,1780912574,0
162,107.65676,148.543216,1.368803,8.500793,0,0,0,0,0,0,0,0,1780912574,0
163,9.454467,59.271804,6.462547,8.160462,0,0,0,0,0,0,0,0,1780912574,0
163,-136.401631,-90.514929,6.784179,6.387749,0,0,0,0,0,0,0,0,1780912574,0
164,-46.894606,0.832128,4.712274,4.551458,0,0,0,0,0,0,0,0,1780912574,0
164,106.91626,153.135814,5.153582,11.171081,0,0,0,0,0,0,0,0,1780912574,0
165,8.897222,50.497999,0.609604,12.461347,0,0,0,0,0,0,0,0,1780912574,0
165,-138.862485,-92.022108,2.801185,11.107503,0,0,0,0,0,0,0,0,1780912574,0
166,-44.766602,4.878699,5.265779,11.623609,0,0,0,0,0,0,0,0,1780912574,0
166,102.42464,151.658553,3.122816,14.21536,0,0,0,0,0,0,0,0,1780912574,0
167,2.61793,49.929534,6.137176,12.69322,0,0,0,0,0,0,0,0,1780912574,0
167,-140.006895,-96.891458,1.432382,5.295698,0,0,0,0,0,0,0,0,1780912574,0
168,-46.572974,2.874113,1.017253,7.176868,0,0,0,0,0,0,0,0,1780912574,0
168,96.481939,144.365748,1.241647,10.539038,0,0,0,0,0,0,0,0,1780912574,0
169,1.712874,48.560731,2.827364,11.320677,0,0,0,0,0,0,0,0,1780912574,0
169,-141.065286,-96.184617,3.72494,11.821824,0,0,0,0,0,0,0,0,1780912574,0
170,-42.021516,2.63102,2.849804,13.115829,0,0,0,0,0,0,0,0,1780912574,0
170,104.058976,148.78257,0.36277,11.919061,0,0,0,0,0,0,0,0,1780912574,0
171,4.682355,51.747126,1.024733,11.642309,0,0,0,0,0,0,0,0,1780912574,0
171,-138.866225,-86.976983,-1.028472,12.416468,0,0,0,0,0,0,0,0,1780912574,0
172,-37.836568,13.962916,3.515506,9.387149,0,0,0,0,0,0,0,0,1780912574,0
172,102.230165,151.800669,6.279292,10.632536,0,0,0,0,0,0,0,0,1780912574,0
173,3.291112,55.602963,4.147549,14.054544,0,0,0,0,0,0,0,0,1780912574,0
173,-142.886618,-89.119946,0.456268,11.369296,0,0,0,0,0,0,0,0,1780912574,0
174,-42.148673,10.914898,4.955367,13.044771,0,0,0,0,0,0,0,0,1780912574,0
174,105.311843,148.303863,4.184948,11.376776,0,0,0,0,0,0,0,0,1780912574,0
175,5.770666,51.855583,3.717461,17.667287,0,0,0,0,0,0,0,0,1780912574,0
175,-142.901577,-95.799407,7.027272,9.215113,0,0,0,0,0,0,0,0,1780912574,0
176,-43.147226,8.685918,9.753659,10.583917,0,0,0,0,0,0,0,0,1780912574,0
176,99.694513,148.502077,4.701054,6.615883,0,0,0,0,0,0,0,0,1780912574,0
177,3.552905,49.383509,10.09025,11.907841,0,0,0,0,0,0,0,0,1780912574,0
177,-146.89953,-96.596006,6.750519,13.987226,0,0,0,0,0,0,0,0,1780912574,0
178,-44.156999,3.648272,7.49102,9.981793,0,0,0,0,0,0,0,0,1780912574,0
178,99.032551,144.691119,3.182655,8.040785,0,0,0,0,0,0,0,0,1780912574,0
179,-1.383763,44.057891,3.448188,7.382563,0,0,0,0,0,0,0,0,1780912574,0
179,-138.121985,-91.161931,2.561831,9.293651,0,0,0,0,0,0,0,0,1780912574,0
180,-41.793382,5.338707,2.775006,10.10521,0,0,0,0,0,0,0,0,1780912574,0
180,102.162847,149.747464,-1.200508,11.021485,0,0,0,0,0,0,0,0,1780912574,0
181,8.60551,56.919407,6.006279,6.582224,0,0,0,0,0,0,0,0,1780912574,0
181,-138.843786,-90.039961,3.665102,9.888295,0,0,0,0,0,0,0,0,1780912574,0
182,-40.727511,8.749496,2.210281,6.552305,0,0,0,0,0,0,0,0,1780912574,0
182,99.586056,156.890673,5.018946,4.656175,0,0,0,0,0,0,0,0,1780912574,0
183,-0.138376,57.226079,5.048865,9.899515,0,0,0,0,0,0,0,0,1780912574,0
183,-137.639538,-86.191604,1.559538,8.990719,0,0,0,0,0,0,0,0,1780912574,0
184,-38.936098,10.84384,1.50718,9.611543,0,0,0,0,0,0,0,0,1780912574,0
184,106.130881,152.081162,3.044279,10.288465,0,0,0,0,0,0,0,0,1780912574,0
185,1.735314,52.928934,3.107857,13.07469,0,0,0,0,0,0,0,0,1780912574,0
185,-136.394151,-94.423124,2.917122,14.357476,0,0,0,0,0,0,0,0,1780912574,0
186,-34.620254,12.968103,2.939561,9.880816,0,0,0,0,0,0,0,0,1780912574,0
186,103.823363,150.28227,-1.608157,5.725787,0,0,0,0,0,0,0,0,1780912574,0
187,-0.74424,51.130042,7.696714,10.606356,0,0,0,0,0,0,0,0,1780912574,0
187,-143.477522,-92.930904,7.49102,10.613836,0,0,0,0,0,0,0,0,1780912574,0
188,-46.083047,4.598207,5.258299,7.737853,0,0,0,0,0,0,0,0,1780912574,0
188,93.946287,152.500031,-1.151889,11.085063,0,0,0,0,0,0,0,0,1780912574,0
189,1.615637,56.878268,3.713721,13.942347,0,0,0,0,0,0,0,0,1780912574,0
189,-143.398984,-89.411658,4.226087,12.371589,0,0,0,0,0,0,0,0,1780912574,0
190,-40.791089,11.457184,3.481847,9.993013,0,0,0,0,0,0,0,0,1780912574,0
190,98.662301,151.295783,1.48474,10.666195,0,0,0,0,0,0,0,0,1780912574,0
191,1.757753,59.900108,9.596583,15.539284,0,0,0,0,0,0,0,0,1780912574,0
191,-139.82364,-88.719777,4.420562,8.758846,0,0,0,0,0,0,0,0,1780912574,0
192,-39.650419,6.034329,0.445048,9.383409,0,0,0,0,0,0,0,0,1780912574,0
192,99.672074,150.555283,4.214867,11.627349,0,0,0,0,0,0,0,0,1780912574,0
193,-2.861023,57.244779,4.4804,4.917968,0,0,0,0,0,0,0,0,1780912575,0
193,-148.010281,-83.71953,2.932082,8.949581,0,0,0,0,0,0,0,0,1780912575,0
194,-39.089434,3.689411,2.184102,14.858623,0,0,0,0,0,0,0,0,1780912575,0
194,99.556137,153.895013,0.703101,9.200154,0,0,0,0,0,0,0,0,1780912575,0
195,-3.029319,54.249119,1.297745,12.72314,0,0,0,0,0,0,0,0,1780912575,0
195,-148.41793,-88.364486,6.698161,11.021485,0,0,0,0,0,0,0,0,1780912575,0
196,-38.274136,14.662278,3.938115,11.795644,0,0,0,0,0,0,0,0,1780912575,0
196,99.488819,149.227618,2.172882,5.190981,0,0,0,0,0,0,0,0,1780912575,0
197,-6.802878,44.420662,1.783932,16.81085,0,0,0,0,0,0,0,0,1780912575,0
197,-141.716029,-91.883732,3.582824,8.856083,0,0,0,0,0,0,0,0,1780912575,0
198,-45.795075,4.399992,5.25082,11.59743,0,0,0,0,0,0,0,0,1780912575,0
198,95.382408,149.010704,1.518399,10.654975,0,0,0,0,0,0,0,0,1780912575,0
199,-3.930635,50.187587,3.163955,10.209927,0,0,0,0,0,0,0,0,1780912575,0
199,-142.306933,-92.179184,3.463147,13.747872,0,0,0,0,0,0,0,0,1780912575,0
200,-41.408172,8.678438,7.951027,11.649788,0,0,0,0,0,0,0,0,1780912575,0
200,100.54721,147.926133,9.252512,9.693821,0,0,0,0,0,0,0,0,1780912575,0
0,-3.485587,46.903955,4.345764,10.776522,0,0,0,0,0,0,0,0,1780912575,0
101,-141.076506,-91.865033,-0.164556,8.5812,0,0,0,0,0,0,0,0,1780912575,0
101,-38.823901,6.258723,4.076491,5.252689,0,0,0,0,0,0,0,0,1780912575,0
102,100.240539,148.737691,2.920862,15.286841,0,0,0,0,0,0,0,0,1780912575,0
102,-0.108457,51.19736,1.028472,13.001762,0,0,0,0,0,0,0,0,1780912575,0
103,-145.717722,-93.491889,5.59489,13.484209,0,0,0,0,0,0,0,0,1780912575,0
103,-41.591427,18.521855,2.531912,10.780262,0,0,0,0,0,0,0,0,1780912575,0
104,100.57713,153.034836,4.304625,8.742016,0,0,0,0,0,0,0,0,1780912575,0
104,-0.942455,51.743386,7.124509,10.136999,0,0,0,0,0,0,0,0,1780912575,0
105,-146.678876,-92.897245,4.839431,10.85506,0,0,0,0,0,0,0,0,1780912575,0
105,-39.059515,10.896199,3.638923,13.057861,0,0,0,0,0,0,0,0,1780912575,0
106,96.530558,149.579169,5.280739,12.373459,0,0,0,0,0,0,0,0,1780912575,0
106,-3.896976,44.719854,2.027026,10.357653,0,0,0,0,0,0,0,0,1780912575,0
107,-147.841985,-94.273528,4.86935,12.919484,0,0,0,0,0,0,0,0,1780912575,0
107,-41.658746,6.931905,3.104117,10.907418,0,0,0,0,0,0,0,0,1780912575,0
108,102.125448,150.087795,2.214021,11.816214,0,0,0,0,0,0,0,0,1780912575,0
108,-9.476906,39.24838,6.615883,9.863986,0,0,0,0,0,0,0,0,1780912575,0
109,-144.588272,-94.57272,3.010619,10.578307,0,0,0,0,0,0,0,0,1780912575,0
109,-42.646079,4.49723,5.912782,16.947357,0,0,0,0,0,0,0,0,1780912575,0
110,99.683293,149.650227,4.413082,5.342447,0,0,0,0,0,0,0,0,1780912575,0
110,-2.348657,50.374582,5.699608,11.008396,0,0,0,0,0,0,0,0,1780912575,0
111,-150.684309,-93.877099,3.508026,9.617153,0,0,0,0,0,0,0,0,1780912575,0
111,-36.318168,12.115406,5.953921,11.030835,0,0,0,0,0,0,0,0,1780912575,0
112,102.641554,159.190712,5.864163,10.83636,0,0,0,0,0,0,0,0,1780912575,0
112,-2.700208,46.960054,3.36217,8.891612,0,0,0,0,0,0,0,0,1780912575,0
113,-148.563786,-90.930058,1.054652,12.35476,0,0,0,0,0,0,0,0,1780912575,0
113,-41.165079,2.780616,4.371943,10.151958,0,0,0,0,0,0,0,0,1780912575,0
114,109.795983,154.470958,4.996506,10.07716,0,0,0,0,0,0,0,0,1780912575,0
114,-5.785625,41.032312,1.611897,10.032282,0,0,0,0,0,0,0,0,1780912575,0
115,-140.758615,-92.960823,1.892389,5.679038,0,0,0,0,0,0,0,0,1780912575,0
115,-42.556322,-7.002963,-0.086018,10.941077,0,0,0,0,0,0,0,0,1780912575,0
116,107.006018,149.377214,4.704794,12.063047,0,0,0,0,0,0,0,0,1780912575,0
116,-8.736406,40.37409,0.714321,11.060754,0,0,0,0,0,0,0,0,1780912575,0
117,-146.753674,-96.984956,1.985887,11.505802,0,0,0,0,0,0,0,0,1780912575,0
117,-41.191258,-1.071481,7.659315,9.564794,0,0,0,0,0,0,0,0,1780912575,0
118,96.08177,134.716806,7.173128,5.96327,0,0,0,0,0,0,0,0,1780912575,0
118,-5.022686,34.943755,6.873936,11.128072,0,0,0,0,0,0,0,0,1780912575,0
119,-151.215375,-105.186556,4.577638,11.995729,0,0,0,0,0,0,0,0,1780912575,0
119,-45.709057,1.909219,5.60237,9.288042,0,0,0,0,0,0,0,0,1780912575,0
120,91.608849,142.79125,2.868503,11.520762,0,0,0,0,0,0,0,0,1780912575,0
120,-13.878769,34.719361,3.822178,12.205164,0,0,0,0,0,0,0,0,1780912575,0
121,-147.27352,-104.614352,4.10641,13.84698,0,0,0,0,0,0,0,0,1780912575,0
121,-44.927418,-1.082701,2.449634,11.363686,0,0,0,0,0,0,0,0,1780912575,0
122,99.096129,137.686287,3.272412,5.342447,0,0,0,0,0,0,0,0,1780912575,0
122,-8.938361,31.79102,6.784179,8.910312,0,0,0,0,0,0,0,0,1780912575,0
123,-149.786733,-100.343386,5.000246,9.676991,0,0,0,0,0,0,0,0,1780912575,0
123,-41.161339,7.735983,5.134883,7.967857,0,0,0,0,0,0,0,0,1780912575,0
124,99.683293,147.791496,6.167095,17.224109,0,0,0,0,0,0,0,0,1780912575,0
124,-10.711073,36.207841,4.005433,15.361639,0,0,0,0,0,0,0,0,1780912575,0
125,-149.233228,-100.631358,6.122216,12.803547,0,0,0,0,0,0,0,0,1780912575,0
125,-40.155306,7.967857,4.888049,7.829481,0,0,0,0,0,0,0,0,1780912575,0
126,101.568203,142.323763,2.62915,6.74491,0,0,0,0,0,0,0,0,1780912575,0
126,-3.242493,34.210735,-1.331404,2.829234,0,0,0,0,0,0,0,0,1780912575,0
127,-147.512874,-99.602886,1.86995,10.776522,0,0,0,0,0,0,0,0,1780912575,0
127,-37.892666,-3.083548,3.268673,8.626079,0,0,0,0,0,0,0,0,1780912575,0
128,98.120015,141.183093,1.952228,12.291181,0,0,0,0,0,0,0,0,1780912575,0
128,-8.081924,38.418122,3.425748,8.334367,0,0,0,0,0,0,0,0,1780912575,0
129,-147.262301,-101.846826,2.528172,12.549234,0,0,0,0,0,0,0,0,1780912575,0
129,-38.670566,4.160639,3.35095,13.895598,0,0,0,0,0,0,0,0,1780912575,0
130,105.319323,148.662893,7.281585,11.60678,0,0,0,0,0,0,0,0,1780912575,0
130,-7.47606,33.64975,2.745087,12.137845,0,0,0,0,0,0,0,0,1780912575,0
131,-150.362678,-111.256414,-0.119677,6.999223,0,0,0,0,0,0,0,0,1780912575,0
131,-41.314675,2.152312,2.812405,8.124933,0,0,0,0,0,0,0,0,1780912575,0
132,101.901054,137.989219,2.333698,6.195144,0,0,0,0,0,0,0,0,1780912575,0
132,-11.537591,27.714529,8.190381,12.661431,0,0,0,0,0,0,0,0,1780912575,0
133,-147.920523,-103.447503,4.588857,11.22157,0,0,0,0,0,0,0,0,1780912575,0
133,-45.465964,-0.73489,5.202201,8.906572,0,0,0,0,0,0,0,0,1780912575,0
134,95.741439,142.80621,3.519246,11.161731,0,0,0,0,0,0,0,0,1780912575,0
134,-14.679107,34.667003,4.461701,12.549234,0,0,0,0,0,0,0,0,1780912575,0
135,-149.689496,-96.382832,5.385456,8.252089,0,0,0,0,0,0,0,0,1780912575,0
135,-35.622547,10.46611,5.520092,14.535121,0,0,0,0,0,0,0,0,1780912575,0
136,97.338376,141.328949,5.075044,10.84384,0,0,0,0,0,0,0,0,1780912575,0
136,-8.007126,36.839885,2.97322,10.85132,0,0,0,0,0,0,0,0,1780912575,0
137,-148.455329,-103.503601,5.793105,11.453444,0,0,0,0,0,0,0,0,1780912575,0
137,-43.610973,5.323748,5.841724,9.991143,0,0,0,0,0,0,0,0,1780912575,0
138,96.541777,138.415567,2.853544,10.8588,0,0,0,0,0,0,0,0,1780912575,0
138,-15.584163,26.147511,1.959708,9.112266,0,0,0,0,0,0,0,0,1780912575,0
139,-164.693974,-118.691335,6.443848,12.433297,0,0,0,0,0,0,0,0,1780912575,0
139,-40.536776,1.984017,7.229227,10.148219,0,0,0,0,0,0,0,0,1780912575,0
140,103.894421,155.589188,2.98444,7.635006,0,0,0,0,0,0,0,0,1780912575,0
140,-11.309457,37.438269,4.046572,8.768195,0,0,0,0,0,0,0,0,1780912575,0
141,-142.41539,-89.579954,6.223194,8.854213,0,0,0,0,0,0,0,0,1780912575,0
141,-42.343147,13.46925,-0.112197,10.626926,0,0,0,0,0,0,0,0,1780912575,0
142,99.342963,150.364548,4.10641,12.889565,0,0,0,0,0,0,0,0,1780912575,0
142,-13.388842,39.24464,1.518399,12.429558,0,0,0,0,0,0,0,0,1780912575,0
143,-149.386564,-101.719669,4.716014,11.438484,0,0,0,0,0,0,0,0,1780912575,0
143,-36.62858,8.992589,1.634336,8.199731,0,0,0,0,0,0,0,0,1780912575,0
144,93.486279,144.578922,1.623117,12.32484,0,0,0,0,0,0,0,0,1780912575,0
144,-13.09339,39.861724,8.58307,11.685317,0,0,0,0,0,0,0,0,1780912575,0
145,-143.829072,-101.487795,4.85065,7.47793,0,0,0,0,0,0,0,0,1780912575,0
145,-32.937299,10.884979,1.896129,9.392759,0,0,0,0,0,0,0,0,1780912575,0
146,99.249465,146.673266,4.959107,10.46237,0,0,0,0,0,0,0,0,1780912575,0
146,-7.689234,40.950035,5.950181,11.431004,0,0,0,0,0,0,0,0,1780912575,0
147,-145.130558,-95.189804,4.10641,9.265602,0,0,0,0,0,0,0,0,1780912575,0
147,-35.753444,13.226156,0.336591,5.21529,0,0,0,0,0,0,0,0,1780912575,0
148,95.232812,147.163193,1.10701,7.433051,0,0,0,0,0,0,0,0,1780912575,0
148,-12.652082,33.952682,4.615037,5.106833,0,0,0,0,0,0,0,0,1780912575,0
149,-151.181716,-97.418784,12.947534,9.961224,0,0,0,0,0,0,0,0,1780912575,0
149,-38.348934,10.219277,8.770065,12.71379,0,0,0,0,0,0,0,0,1780912575,0
150,95.30761,146.284317,5.202201,11.431004,0,0,0,0,0,0,0,0,1780912575,0
150,-13.228026,35.366364,0.602124,11.296368,0,0,0,0,0,0,0,0,1780912575,0
151,-144.427456,-95.227203,2.217761,13.517868,0,0,0,0,0,0,0,0,1780912575,0
151,-39.302609,13.551527,2.352397,6.520516,0,0,0,0,0,0,0,0,1780912575,0
152,98.752058,145.588695,10.378222,4.919838,0,0,0,0,0,0,0,0,1780912575,0
152,-6.585964,39.558792,3.253713,5.58928,0,0,0,0,0,0,0,0,1780912575,0
153,-142.198476,-94.165071,5.23586,13.573967,0,0,0,0,0,0,0,0,1780912575,0
153,-38.352674,11.460923,2.692728,4.658045,0,0,0,0,0,0,0,0,1780912575,0
154,103.198799,149.668926,1.596937,8.828034,0,0,0,0,0,0,0,0,1780912575,0
154,-6.544825,39.330658,3.938115,10.028542,0,0,0,0,0,0,0,0,1780912575,0
155,-144.094605,-93.589126,9.383409,11.318807,0,0,0,0,0,0,0,0,1780912575,0
155,-31.830289,17.381185,1.727834,7.08898,0,0,0,0,0,0,0,0,1780912575,0
156,103.808403,154.37372,4.899269,9.527395,0,0,0,0,0,0,0,0,1780912575,0
156,-7.663055,45.505233,5.527572,7.8407,0,0,0,0,0,0,0,0,1780912575,0
157,-143.503701,-95.085086,2.59923,6.71873,0,0,0,0,0,0,0,0,1780912575,0
157,-27.226472,22.186956,2.558092,12.021908,0,0,0,0,0,0,0,0,1780912575,0
158,104.735898,157.350681,4.753413,6.872066,0,0,0,0,0,0,0,0,1780912575,0
158,-4.704794,42.23282,3.878276,7.448011,0,0,0,0,0,0,0,0,1780912575,0
159,-145.721462,-96.625925,6.331651,11.438484,0,0,0,0,0,0,0,0,1780912575,0
159,-33.457145,19.486749,0.73302,9.834067,0,0,0,0,0,0,0,0,1780912575,0
160,101.586902,152.036283,3.825918,11.509542,0,0,0,0,0,0,0,0,1780912575,0
160,-11.679708,44.749773,1.720354,12.171504,0,0,0,0,0,0,0,0,1780912575,0
161,-146.248788,-91.666818,6.155875,8.278269,0,0,0,0,0,0,0,0,1780912575,0
161,-33.169173,18.488195,2.591751,11.240269,0,0,0,0,0,0,0,0,1780912575,0
162,100.390135,155.52935,2.505733,9.265602,0,0,0,0,0,0,0,0,1780912575,0
162,-15.370989,30.220262,1.731574,14.662278,0,0,0,0,0,0,0,0,1780912575,0
163,-141.712289,-98.649211,4.749673,9.194544,0,0,0,0,0,0,0,0,1780912575,0
163,-33.251451,20.066433,4.656175,9.400239,0,0,0,0,0,0,0,0,1780912575,0
164,98.882955,147.884994,0.983594,10.522209,0,0,0,0,0,0,0,0,1780912575,0
164,-14.282678,33.223401,-0.254313,8.038915,0,0,0,0,0,0,0,0,1780912575,0
165,-145.354952,-95.653551,-0.594644,7.006703,0,0,0,0,0,0,0,0,1780912575,0
165,-40.925725,10.544648,3.825918,10.372613,0,0,0,0,0,0,0,0,1780912575,0
166,96.855929,150.327149,7.719154,15.578553,0,0,0,0,0,0,0,0,1780912575,0
166,-12.128496,29.53586,2.636629,7.025402,0,0,0,0,0,0,0,0,1780912575,0
167,-141.181223,-97.392605,5.045125,14.688457,0,0,0,0,0,0,0,0,1780912575,0
167,-29.369434,20.264648,2.004586,7.548988,0,0,0,0,0,0,0,0,1780912575,0
168,108.41596,153.932412,4.888049,8.442824,0,0,0,0,0,0,0,0,1780912575,0
168,-5.729527,44.689935,4.547718,7.212397,0,0,0,0,0,0,0,0,1780912575,0
169,-139.842339,-93.144078,6.249373,12.541755,0,0,0,0,0,0,0,0,1780912575,0
169,-26.029704,20.302047,2.573051,11.038315,0,0,0,0,0,0,0,0,1780912575,0
170,110.046556,151.228465,1.312705,11.614259,0,0,0,0,0,0,0,0,1780912575,0
170,-11.702147,31.663863,6.952474,10.941077,0,0,0,0,0,0,0,0,1780912575,0
171,-143.223209,-92.919684,2.711427,10.716683,0,0,0,0,0,0,0,0,1780912575,0
171,-33.588042,15.795467,-0.583424,4.082101,0,0,0,0,0,0,0,0,1780912575,0
172,99.754352,150.525363,3.38087,10.45115,0,0,0,0,0,0,0,0,1780912575,0
172,-14.922201,36.510773,6.507426,14.729596,0,0,0,0,0,0,0,0,1780912575,0
173,-149.857791,-99.109219,4.454221,9.815367,0,0,0,0,0,0,0,0,1780912575,0
173,-32.323955,14.647318,8.186641,8.405425,0,0,0,0,0,0,0,0,1780912575,0
174,96.900808,145.147387,3.631443,11.531982,0,0,0,0,0,0,0,0,1780912575,0
174,-16.578977,34.622124,7.057191,6.565394,0,0,0,0,0,0,0,0,1780912575,0
175,-150.26918,-103.787834,5.650989,12.833467,0,0,0,0,0,0,0,0,1780912575,0
175,-32.630627,12.34728,3.567865,11.524502,0,0,0,0,0,0,0,0,1780912575,0
176,97.117722,140.483732,4.929188,10.522209,0,0,0,0,0,0,0,0,1780912575,0
176,-15.543024,36.024586,3.235013,9.983663,0,0,0,0,0,0,0,0,1780912575,0
177,-149.435183,-90.219477,4.233567,6.296122,0,0,0,0,0,0,0,0,1780912575,0
177,-26.957199,20.017815,1.215467,11.434744,0,0,0,0,0,0,0,0,1780912575,0
178,105.891527,157.541416,2.760046,12.164025,0,0,0,0,0,0,0,0,1780912575,0
178,-10.292205,37.423309,3.803478,12.122886,0,0,0,0,0,0,0,0,1780912575,0
179,-139.857299,-84.246856,3.399569,4.171858,0,0,0,0,0,0,0,0,1780912575,0
179,-26.882401,20.724656,3.7212,7.915498,0,0,0,0,0,0,0,0,1780912575,0
180,102.993105,151.516437,6.118476,8.498923,0,0,0,0,0,0,0,0,1780912575,0
180,-14.252759,42.195421,7.569558,11.756376,0,0,0,0,0,0,0,0,1780912575,0
181,-139.460869,-90.256876,3.852097,9.396499,0,0,0,0,0,0,0,0,1780912575,0
181,-28.142747,21.367918,0.695621,7.949157,0,0,0,0,0,0,0,0,1780912575,0
182,106.961139,154.792589,-0.489927,10.548388,0,0,0,0,0,0,0,0,1780912575,0
182,-10.920508,40.74808,4.86935,6.943124,0,0,0,0,0,0,0,0,1780912575,0
183,-140.680077,-94.767195,3.388349,6.034329,0,0,0,0,0,0,0,0,1780912575,0
183,-29.713505,20.320746,4.813251,5.813674,0,0,0,0,0,0,0,0,1780912575,0
184,104.784517,152.582308,8.493313,9.968703,0,0,0,0,0,0,0,0,1780912575,0
184,-11.21596,37.314852,3.926895,16.158238,0,0,0,0,0,0,0,0,1780912575,0
185,-140.19389,-93.675144,6.417668,6.430758,0,0,0,0,0,0,0,0,1780912575,0
185,-25.191966,19.856999,3.463147,10.806441,0,0,0,0,0,0,0,0,1780912575,0
186,105.113628,152.451412,3.36217,6.456937,0,0,0,0,0,0,0,0,1780912575,0
186,-10.954167,29.188049,2.075644,8.038915,0,0,0,0,0,0,0,0,1780912575,0
187,-138.376298,-90.144679,2.068165,12.72501,0,0,0,0,0,0,0,0,1780912575,0
187,-21.332389,29.554559,2.60297,9.564794,0,0,0,0,0,0,0,0,1780912575,0
188,100.737945,154.197945,11.96394,9.957484,0,0,0,0,0,0,0,0,1780912575,0
188,-8.160462,38.563978,10.254806,10.653105,0,0,0,0,0,0,0,0,1780912575,0
189,-139.958276,-94.856953,2.221501,14.19105,0,0,0,0,0,0,0,0,1780912575,0
189,-17.749565,26.054013,4.880569,9.134706,0,0,0,0,0,0,0,0,1780912575,0
190,110.787056,154.134367,6.410189,11.674098,0,0,0,0,0,0,0,0,1780912575,0
190,-6.522386,36.828665,5.60985,12.766148,0,0,0,0,0,0,0,0,1780912575,0
191,-137.392705,-84.553528,5.329357,6.804748,0,0,0,0,0,0,0,0,1780912575,0
191,-21.605402,27.164763,-0.979854,8.626079,0,0,0,0,0,0,0,0,1780912575,0
192,111.983824,161.524409,2.730127,10.193097,0,0,0,0,0,0,0,0,1780912576,0
192,-11.107503,31.095398,-1.522139,9.856506,0,0,0,0,0,0,0,0,1780912576,0
193,-141.416837,-91.756575,5.553751,11.20287,0,0,0,0,0,0,0,0,1780912576,0
193,-24.350489,27.430296,1.305225,14.090073,0,0,0,0,0,0,0,0,1780912576,0
194,103.490512,159.60958,4.11763,11.558161,0,0,0,0,0,0,0,0,1780912576,0
194,-13.149488,40.826618,3.253713,15.619692,0,0,0,0,0,0,0,0,1780912576,0
195,-143.440123,-92.613013,4.903009,14.134952,0,0,0,0,0,0,0,0,1780912576,0
195,-25.700592,24.135444,6.211974,9.149665,0,0,0,0,0,0,0,0,1780912576,0
196,105.670873,151.946525,7.266626,12.590373,0,0,0,0,0,0,0,0,1780912576,0
196,-15.064317,34.128457,2.524432,13.428111,0,0,0,0,0,0,0,0,1780912576,0
197,-147.509134,-92.474636,-0.033659,8.308188,0,0,0,0,0,0,0,0,1780912576,0
197,-25.887587,22.897537,5.082524,10.578307,0,0,0,0,0,0,0,0,1780912576,0
198,102.03943,155.764963,3.37339,12.107926,0,0,0,0,0,0,0,0,1780912576,0
198,-19.335283,27.28818,1.219207,8.727057,0,0,0,0,0,0,0,0,1780912576,0
199,-141.876845,-91.356406,8.60925,9.961224,0,0,0,0,0,0,0,0,1780912576,0
199,-29.317076,28.369011,3.567865,10.286595,0,0,0,0,0,0,0,0,1780912576,0
200,105.147287,156.842054,5.131143,10.241716,0,0,0,0,0,0,0,0,1780912576,0
200,-10.965387,33.840485,5.568711,10.8588,0,0,0,0,0,0,0,0,1780912576,0
0,-142.338722,-94.890612,5.411635,11.935891,0,0,0,0,0,0,0,0,1780912576,0
101,-16.790281,28.567226,1.514659,8.734536,0,0,0,0,0,0,0,0,1780912576,0
101,107.067726,153.711758,4.577638,10.249196,0,0,0,0,0,0,0,0,1780912576,0
102,-14.456583,35.351404,5.310658,12.141585,0,0,0,0,0,0,0,0,1780912576,0
102,-141.845056,-92.822447,-1.578238,7.47793,0,0,0,0,0,0,0,0,1780912576,0
103,-26.876791,22.706803,0.7405,12.178984,0,0,0,0,0,0,0,0,1780912576,0
103,98.955883,153.457445,6.701901,6.172705,0,0,0,0,0,0,0,0,1780912576,0
104,-15.70571,33.574952,7.188088,9.961224,0,0,0,0,0,0,0,0,1780912576,0
104,-143.195159,-98.626772,3.717461,11.5806,0,0,0,0,0,0,0,0,1780912576,0
105,-21.794267,21.865325,3.949334,14.542601,0,0,0,0,0,0,0,0,1780912576,0
105,106.517961,147.107095,3.556645,8.278269,0,0,0,0,0,0,0,0,1780912576,0
106,-15.563594,33.440315,1.952228,12.908265,0,0,0,0,0,0,0,0,1780912576,0
106,-142.200346,-93.114159,5.164802,10.271635,0,0,0,0,0,0,0,0,1780912576,0
107,-22.983555,25.594005,6.888896,11.786295,0,0,0,0,0,0,0,0,1780912576,0
107,99.890858,146.54237,7.027272,13.300954,0,0,0,0,0,0,0,0,1780912576,0
108,-16.401331,29.367564,2.939561,7.08898,0,0,0,0,0,0,0,0,1780912576,0
108,-142.596775,-94.789634,2.872243,9.983663,0,0,0,0,0,0,0,0,1780912576,0
109,-20.358145,27.482655,2.947041,9.942524,0,0,0,0,0,0,0,0,1780912576,0
109,105.545587,154.994544,5.471474,12.309881,0,0,0,0,0,0,0,0,1780912576,0
110,-17.736476,33.171043,7.019792,9.067387,0,0,0,0,0,0,0,0,1780912576,0
110,-134.137122,-85.653059,3.586564,7.496629,0,0,0,0,0,0,0,0,1780912576,0
111,-18.181524,30.676529,1.241647,8.117453,0,0,0,0,0,0,0,0,1780912576,0
111,109.494921,158.480131,3.010619,5.675298,0,0,0,0,0,0,0,0,1780912576,0
112,-14.497722,34.913836,-1.204248,13.08778,0,0,0,0,0,0,0,0,1780912576,0
112,-142.342462,-93.510589,3.407049,13.929257,0,0,0,0,0,0,0,0,1780912576,0
113,-24.225202,28.312913,7.640616,11.812474,0,0,0,0,0,0,0,0,1780912576,0
113,108.541246,157.885486,4.001693,14.056414,0,0,0,0,0,0,0,0,1780912576,0
114,-16.894998,34.094798,0.246833,11.531982,0,0,0,0,0,0,0,0,1780912576,0
114,-140.005025,-83.416599,1.626856,10.795221,0,0,0,0,0,0,0,0,1780912576,0
115,-20.758315,28.866418,7.262886,9.598453,0,0,0,0,0,0,0,0,1780912576,0
115,104.468495,148.247764,5.011466,13.716083,0,0,0,0,0,0,0,0,1780912576,0
116,-19.273574,28.7804,8.126803,12.736229,0,0,0,0,0,0,0,0,1780912576,0
116,-144.926733,-91.19933,6.088557,9.564794,0,0,0,0,0,0,0,0,1780912576,0
117,-15.129765,31.38711,7.532159,9.022509,0,0,0,0,0,0,0,0,1780912576,0
117,112.105371,157.649873,1.724094,9.183324,0,0,0,0,0,0,0,0,1780912576,0
118,-17.115652,34.124717,8.994459,15.365379,0,0,0,0,0,0,0,0,1780912576,0
118,-142.342462,-93.540508,3.769819,8.390466,0,0,0,0,0,0,0,0,1780912576,0
119,-16.046041,33.055106,4.936668,14.228449,0,0,0,0,0,0,0,0,1780912576,0
119,107.939123,156.883193,4.551458,10.604486,0,0,0,0,0,0,0,0,1780912576,0
120,-21.442716,34.827818,6.71686,8.764456,0,0,0,0,0,0,0,0,1780912576,0
120,-140.992358,-94.180031,5.636029,10.724163,0,0,0,0,0,0,0,0,1780912576,0
121,-14.026495,33.537553,4.944148,10.735383,0,0,0,0,0,0,0,0,1780912576,0
121,110.27282,157.649873,3.769819,10.959777,0,0,0,0,0,0,0,0,1780912576,0
122,-15.537414,38.86317,2.595491,8.869173,0,0,0,0,0,0,0,0,1780912576,0
122,-140.401454,-90.963717,2.760046,7.504109,0,0,0,0,0,0,0,0,1780912576,0
123,-18.174044,26.18491,2.415975,5.24521,0,0,0,0,0,0,0,0,1780912576,0
123,103.91873,159.317868,1.963447,7.829481,0,0,0,0,0,0,0,0,1780912576,0
124,-16.356452,36.114344,4.87683,9.400239,0,0,0,0,0,0,0,0,1780912576,0
124,-137.349696,-89.897845,8.022085,7.691104,0,0,0,0,0,0,0,0,1780912576,0
125,-19.44935,38.736014,3.104117,11.154252,0,0,0,0,0,0,0,0,1780912576,0
125,107.28464,164.815521,3.526726,6.180185,0,0,0,0,0,0,0,0,1780912576,0
126,-18.555514,29.614398,5.127403,11.498322,0,0,0,0,0,0,0,0,1780912576,0
126,-141.882455,-85.828834,5.60611,10.735383,0,0,0,0,0,0,0,0,1780912576,0
127,-21.483855,33.552512,4.783332,7.433051,0,0,0,0,0,0,0,0,1780912576,0
127,108.731981,156.782216,2.041985,8.296968,0,0,0,0,0,0,0,0,1780912576,0
128,-19.539107,32.681116,0.871397,17.773875,0,0,0,0,0,0,0,0,1780912576,0
128,-139.339323,-93.08798,3.582824,11.378646,0,0,0,0,0,0,0,0,1780912576,0
129,-17.691597,41.11085,1.731574,10.638145,0,0,0,0,0,0,0,0,1780912576,0
129,109.790373,154.822508,-0.609604,12.941924,0,0,0,0,0,0,0,0,1780912576,0
130,-15.679531,28.713082,5.886603,12.511835,0,0,0,0,0,0,0,0,1780912576,0
130,-143.53175,-90.410211,2.464594,9.130966,0,0,0,0,0,0,0,0,1780912576,0
131,-19.643825,31.880777,1.49596,15.586033,0,0,0,0,0,0,0,0,1780912576,0
131,103.417584,153.378907,6.028719,8.756976,0,0,0,0,0,0,0,0,1780912576,0
132,-18.046887,28.896337,4.379423,8.547541,0,0,0,0,0,0,0,0,1780912576,0
132,-142.551897,-93.001962,3.201354,12.825987,0,0,0,0,0,0,0,0,1780912576,0
133,-15.286841,29.790173,5.882863,11.20287,0,0,0,0,0,0,0,0,1780912576,0
133,106.263647,155.533089,5.291958,10.784002,0,0,0,0,0,0,0,0,1780912576,0
134,-18.996822,28.234375,4.536499,15.223263,0,0,0,0,0,0,0,0,1780912576,0
134,-141.878715,-93.043101,-0.258053,7.649965,0,0,0,0,0,0,0,0,1780912576,0
135,-16.81646,31.574105,3.863317,9.317961,0,0,0,0,0,0,0,0,1780912576,0
135,105.721362,155.996837,3.130296,5.656599,0,0,0,0,0,0,0,0,1780912576,0
136,-15.357899,33.563732,1.578238,12.788588,0,0,0,0,0,0,0,0,1780912576,0
136,-147.073436,-89.894105,3.867057,10.675544,0,0,0,0,0,0,0,0,1780912576,0
137,-16.554667,30.343678,3.34721,14.146172,0,0,0,0,0,0,0,0,1780912576,0
137,106.880731,156.879453,2.210281,11.053274,0,0,0,0,0,0,0,0,1780912576,0
138,-22.003701,27.68087,4.233567,7.006703,0,0,0,0,0,0,0,0,1780912576,0
138,-141.587002,-95.462816,0.063578,5.675298,0,0,0,0,0,0,0,0,1780912576,0
139,-17.145571,28.03616,4.708534,11.101893,0,0,0,0,0,0,0,0,1780912576,0
139,108.578645,156.655059,3.38087,10.353913,0,0,0,0,0,0,0,0,1780912576,0
140,-17.762655,28.873898,4.289665,14.991389,0,0,0,0,0,0,0,0,1780912576,0
140,-141.441146,-85.59322,3.141516,10.604486,0,0,0,0,0,0,0,0,1780912576,0
141,-18.028188,36.013367,4.510319,8.177291,0,0,0,0,0,0,0,0,1780912576,0
141,105.066879,156.415706,5.2209,10.036022,0,0,0,0,0,0,0,0,1780912576,0
142,-14.20227,33.919023,8.463394,12.534275,0,0,0,0,0,0,0,0,1780912576,0
142,-137.009365,-91.266649,4.592597,8.151112,0,0,0,0,0,0,0,0,1780912576,0
143,-15.219523,30.093105,3.321031,2.855414,0,0,0,0,0,0,0,0,1780912576,0
143,107.460415,153.771597,5.011466,8.076314,0,0,0,0,0,0,0,0,1780912576,0
144,-18.248842,31.918176,6.256853,8.498923,0,0,0,0,0,0,0,0,1780912576,0
144,-142.230265,-91.913651,4.682355,11.651658,0,0,0,0,0,0,0,0,1780912576,0
145,-17.310127,33.294459,2.99566,13.858199,0,0,0,0,0,0,0,0,1780912576,0
145,104.947203,147.989711,7.045972,13.289734,0,0,0,0,0,0,0,0,1780912576,0
146,-21.334259,24.251381,1.712874,14.680977,0,0,0,0,0,0,0,0,1780912576,0
146,-139.761931,-95.268342,2.490773,12.751189,0,0,0,0,0,0,0,0,1780912576,0
147,-17.433544,31.630204,1.682955,9.665771,0,0,0,0,0,0,0,0,1780912576,0
147,102.81172,149.826002,5.415375,10.712943,0,0,0,0,0,0,0,0,1780912576,0
148,-24.31122,21.244502,0.287972,4.87122,0,0,0,0,0,0,0,0,1780912576,0
148,-143.17272,-92.856106,4.47666,8.816814,0,0,0,0,0,0,0,0,1780912576,0
149,-13.117699,34.988634,4.760893,14.770735,0,0,0,0,0,0,0,0,1780912576,0
149,101.966502,150.080315,5.149842,10.963517,0,0,0,0,0,0,0,0,1780912576,0
150,-25.537907,28.219415,7.146949,11.453444,0,0,0,0,0,0,0,0,1780912576,0
150,-142.05075,-98.163024,5.194721,10.07716,0,0,0,0,0,0,0,0,1780912576,0
151,-15.903925,36.525733,7.666795,12.642732,0,0,0,0,0,0,0,0,1780912576,0
151,102.549927,156.99913,2.890943,8.267049,0,0,0,0,0,0,0,0,1780912576,0
152,-24.359838,27.710789,5.037645,8.162332,0,0,0,0,0,0,0,0,1780912576,0
152,-141.822616,-93.44701,-0.721801,10.346433,0,0,0,0,0,0,0,0,1780912576,0
153,-9.213244,39.876683,5.060085,14.916591,0,0,0,0,0,0,0,0,1780912576,0
153,107.176183,158.319315,4.031612,11.027095,0,0,0,0,0,0,0,0,1780912576,0
154,-15.227003,33.440315,6.35409,10.211797,0,0,0,0,0,0,0,0,1780912576,0
154,-138.830696,-87.747403,3.085417,5.720177,0,0,0,0,0,0,0,0,1780912576,0
155,-15.271881,34.678222,5.119923,11.109373,0,0,0,0,0,0,0,0,1780912576,0
155,104.210442,151.090088,2.307518,13.256075,0,0,0,0,0,0,0,0,1780912576,0
156,-22.407611,26.944109,4.585117,7.10768,0,0,0,0,0,0,0,0,1780912576,0
156,-147.204332,-94.396945,2.397276,9.314221,0,0,0,0,0,0,0,0,1780912576,0
157,-15.795467,35.88247,0.822778,12.040608,0,0,0,0,0,0,0,0,1780912576,0
157,99.700123,152.922639,7.760292,7.706064,0,0,0,0,0,0,0,0,1780912576,0
158,-28.570966,24.636591,3.75486,12.3398,0,0,0,0,0,0,0,0,1780912576,0
158,-145.210966,-96.682024,8.272659,5.671558,0,0,0,0,0,0,0,0,1780912576,0
159,-16.44995,35.044733,6.944994,9.755529,0,0,0,0,0,0,0,0,1780912576,0
159,100.238669,149.53429,2.857284,7.762162,0,0,0,0,0,0,0,0,1780912576,0
160,-23.858692,27.66217,4.065271,11.771335,0,0,0,0,0,0,0,0,1780912576,0
160,-144.937953,-97.456183,5.96514,13.07656,0,0,0,0,0,0,0,0,1780912576,0
161,-16.973536,29.91733,2.63289,16.696783,0,0,0,0,0,0,0,0,1780912576,0
161,109.479961,158.712004,5.157322,5.22277,0,0,0,0,0,0,0,0,1780912576,0
162,-24.150404,22.486148,6.238153,11.236529,0,0,0,0,0,0,0,0,1780912576,0
162,-138.393128,-93.263755,1.86995,9.149665,0,0,0,0,0,0,0,0,1780912576,0
163,-8.532582,34.809119,6.099777,12.638992,0,0,0,0,0,0,0,0,1780912576,0
163,106.574059,156.26237,5.583671,9.086087,0,0,0,0,0,0,0,0,1780912576,0
164,-21.588572,34.423909,4.532759,11.064494,0,0,0,0,0,0,0,0,1780912576,0
164,-146.624648,-92.605533,-2.015806,9.198284,0,0,0,0,0,0,0,0,1780912576,0
165,-13.016722,39.61115,0.299192,9.893905,0,0,0,0,0,0,0,0,1780912576,0
165,109.087272,146.448872,1.87369,9.33292,0,0,0,0,0,0,0,0,1780912576,0
166,-20.986449,25.119038,3.193875,9.845287,0,0,0,0,0,0,0,0,1780912576,0
166,-141.628141,-93.282455,5.497653,11.849873,0,0,0,0,0,0,0,0,1780912576,0
167,-13.652505,39.308218,0.37025,8.035175,0,0,0,0,0,0,0,0,1780912576,0
167,104.221662,153.693059,5.351797,9.979923,0,0,0,0,0,0,0,0,1780912576,0
168,-29.251628,25.317253,2.752566,10.623186,0,0,0,0,0,0,0,0,1780912576,0
168,-147.65312,-93.192697,3.444448,4.47853,0,0,0,0,0,0,0,0,1780912576,0
169,-18.67893,43.00324,3.388349,6.602793,0,0,0,0,0,0,0,0,1780912576,0
169,105.010781,151.265864,5.116183,8.914052,0,0,0,0,0,0,0,0,1780912576,0
170,-26.54394,22.79656,8.844863,14.669758,0,0,0,0,0,0,0,0,1780912576,0
170,-143.636468,-92.153005,5.60237,9.568534,0,0,0,0,0,0,0,0,1780912576,0
171,-13.44681,42.793805,4.618776,5.952051,0,0,0,0,0,0,0,0,1780912576,0
171,107.565133,159.564702,2.655329,8.334367,0,0,0,0,0,0,0,0,1780912576,0
172,-23.93349,30.672789,3.923155,13.214936,0,0,0,0,0,0,0,0,1780912576,0
172,-141.830096,-88.514082,4.248526,10.761562,0,0,0,0,0,0,0,0,1780912576,0
173,-9.852766,47.10217,2.932082,12.657691,0,0,0,0,0,0,0,0,1780912576,0
173,103.787834,158.816722,1.039692,8.289488,0,0,0,0,0,0,0,0,1780912576,0
174,-26.386864,29.565779,4.371943,12.291181,0,0,0,0,0,0,0,0,1780912576,0
174,-145.05389,-88.057814,6.675721,8.405425,0,0,0,0,0,0,0,0,1780912576,0
175,-8.020215,43.713821,3.635183,13.132659,0,0,0,0,0,0,0,0,1780912576,0
175,103.645717,155.103001,4.966587,13.375752,0,0,0,0,0,0,0,0,1780912576,0
176,-27.011427,19.770981,10.243586,10.664325,0,0,0,0,0,0,0,0,1780912576,0
176,-145.663493,-97.781554,0.497407,16.337753,0,0,0,0,0,0,0,0,1780912576,0
177,-16.173197,34.094798,-1.189288,11.307588,0,0,0,0,0,0,0,0,1780912576,0
177,103.006195,156.939292,-1.267826,11.520762,0,0,0,0,0,0,0,0,1780912576,0
178,-32.14631,27.041347,5.538792,13.686164,0,0,0,0,0,0,0,0,1780912576,0
178,-145.940246,-91.771535,2.543132,9.804148,0,0,0,0,0,0,0,0,1780912576,0
179,-13.630065,38.429342,1.092051,10.701724,0,0,0,0,0,0,0,0,1780912576,0
179,104.202963,152.997437,3.908195,10.387572,0,0,0,0,0,0,0,0,1780912576,0
180,-34.472528,18.129165,3.137776,12.803547,0,0,0,0,0,0,0,0,1780912576,0
180,-144.130134,-91.034775,7.307765,8.330627,0,0,0,0,0,0,0,0,1780912576,0
181,-11.655398,38.332105,5.22838,3.857707,0,0,0,0,0,0,0,0,1780912576,0
181,100.982909,154.355021,2.22898,7.309634,0,0,0,0,0,0,0,0,1780912576,0
182,-30.418476,29.760254,3.915675,16.764102,0,0,0,0,0,0,0,0,1780912576,0
182,-145.483978,-90.630866,4.641216,9.411458,0,0,0,0,0,0,0,0,1780912576,0
183,-7.388172,38.844471,8.721447,10.006102,0,0,0,0,0,0,0,0,1780912576,0
183,107.808226,160.922285,3.197614,9.280562,0,0,0,0,0,0,0,0,1780912576,0
184,-21.977522,26.009134,7.135729,13.278515,0,0,0,0,0,0,0,0,1780912576,0
184,-142.447179,-95.365579,4.087711,9.916345,0,0,0,0,0,0,0,0,1780912576,0
185,-11.161731,44.86571,4.966587,14.520162,0,0,0,0,0,0,0,0,1780912576,0
185,107.452936,157.691012,1.525879,8.693397,0,0,0,0,0,0,0,0,1780912576,0
186,-25.605225,26.719715,3.077938,14.658538,0,0,0,0,0,0,0,0,1780912576,0
186,-138.550204,-94.774675,2.849804,13.731043,0,0,0,0,0,0,0,0,1780912576,0
187,-4.141939,46.275652,5.800585,10.503509,0,0,0,0,0,0,0,0,1780912576,0
187,108.76564,164.392912,3.784779,15.529935,0,0,0,0,0,0,0,0,1780912576,0
188,-24.374798,25.171397,5.478953,10.798961,0,0,0,0,0,0,0,0,1780912576,0
188,-135.300231,-89.082547,2.651589,12.231343,0,0,0,0,0,0,0,0,1780912576,0
189,-1.183678,46.298092,5.568711,10.918638,0,0,0,0,0,0,0,0,1780912576,0
189,111.080639,157.560115,4.674875,8.012736,0,0,0,0,0,0,0,0,1780912576,0
190,-27.643471,16.221816,7.535898,9.516175,0,0,0,0,0,0,0,0,1780912576,0
190,-142.477099,-91.064694,1.783932,9.321701,0,0,0,0,0,0,0,0,1780912576,0
191,-11.330027,46.597283,6.73556,7.601347,0,0,0,0,0,0,0,0,1780912576,0
191,105.351112,153.700538,1.941008,13.214936,0,0,0,0,0,0,0,0,1780912576,0
192,-29.763994,22.691843,5.561231,11.483363,0,0,0,0,0,0,0,0,1780912577,0
192,-141.643101,-96.640885,3.317291,7.593867,0,0,0,0,0,0,0,0,1780912577,0
193,-7.399392,43.137876,3.122816,14.460323,0,0,0,0,0,0,0,0,1780912577,0
193,107.520254,157.960284,4.678615,11.296368,0,0,0,0,0,0,0,0,1780912577,0
194,-26.90297,23.630558,6.959954,11.97329,0,0,0,0,0,0,0,0,1780912577,0
194,-144.526564,-91.793974,4.783332,13.940477,0,0,0,0,0,0,0,0,1780912577,0
195,-0.74985,47.502339,3.384609,13.764702,0,0,0,0,0,0,0,0,1780912577,0
195,111.76878,155.929519,2.019546,10.746603,0,0,0,0,0,0,0,0,1780912577,0
196,-28.750481,14.082593,2.640369,13.113959,0,0,0,0,0,0,0,0,1780912577,0
196,-141.874975,-90.731843,6.253113,6.72621,0,0,0,0,0,0,0,0,1780912577,0
197,-9.306741,41.750373,2.636629,11.352466,0,0,0,0,0,0,0,0,1780912577,0
197,109.988588,159.572181,2.449634,10.959777,0,0,0,0,0,0,0,0,1780912577,0
198,-29.15813,19.501708,6.541085,11.715237,0,0,0,0,0,0,0,0,1780912577,0
198,-143.737445,-92.033328,5.082524,9.130966,0,0,0,0,0,0,0,0,1780912577,0
199,-1.191158,44.529119,4.353244,9.235683,0,0,0,0,0,0,0,0,1780912577,0
199,105.953236,152.657106,5.60237,9.194544,0,0,0,0,0,0,0,0,1780912577,0
200,-26.801993,16.644425,1.907349,13.618846,0,0,0,0,0,0,0,0,1780912577,0
200,-142.323763,-96.427711,1.645556,7.182478,0,0,0,0,0,0,0,0,1780912577,0
0,-3.911935,40.230104,3.659492,12.225733,0,0,0,0,0,0,0,0,1780912577,0
101,106.459992,149.337945,2.915252,5.254559,0,0,0,0,0,0,0,0,1780912577,0
101,-35.080262,15.69262,5.106833,10.123909,0,0,0,0,0,0,0,0,1780912577,0
102,-145.089419,-95.823717,7.769642,10.10147,0,0,0,0,0,0,0,0,1780912577,0
102,-8.459654,33.861054,5.727657,11.511412,0,0,0,0,0,0,0,0,1780912577,0
103,105.091189,155.976268,4.456091,6.541085,0,0,0,0,0,0,0,0,1780912577,0
103,-36.759477,7.782732,6.688811,8.713967,0,0,0,0,0,0,0,0,1780912577,0
104,-142.740762,-97.143901,8.655998,6.814098,0,0,0,0,0,0,0,0,1780912577,0
104,-4.47292,40.76117,-0.633913,8.717707,0,0,0,0,0,0,0,0,1780912577,0
105,107.178053,151.421069,4.643086,8.048265,0,0,0,0,0,0,0,0,1780912577,0
105,-31.77045,15.580423,-0.327241,7.778992,0,0,0,0,0,0,0,0,1780912577,0
106,-141.278461,-99.903948,4.456091,7.827611,0,0,0,0,0,0,0,0,1780912577,0
106,1.080831,44.235537,10.024802,10.85319,0,0,0,0,0,0,0,0,1780912577,0
107,108.359861,155.11983,4.459831,10.744733,0,0,0,0,0,0,0,0,1780912577,0
107,-28.337222,19.017391,3.072328,8.007126,0,0,0,0,0,0,0,0,1780912577,0
108,-139.236475,-96.792351,3.648272,13.201847,0,0,0,0,0,0,0,0,1780912577,0
108,-4.603817,38.419992,-0.117807,10.411881,0,0,0,0,0,0,0,0,1780912577,0
109,109.186379,144.532174,6.333521,11.414175,0,0,0,0,0,0,0,0,1780912577,0
109,-31.097268,8.059484,0.259923,8.343717,0,0,0,0,0,0,0,0,1780912577,0
110,-146.839692,-101.280231,3.278022,6.118476,0,0,0,0,0,0,0,0,1780912577,0
110,-5.090004,36.61736,5.959531,7.236706,0,0,0,0,0,0,0,0,1780912577,0
111,99.679554,150.213082,2.97509,14.174221,0,0,0,0,0,0,0,0,1780912577,0
111,-34.646433,16.889388,0.35716,13.007372,0,0,0,0,0,0,0,0,1780912577,0
112,-151.664163,-101.934713,4.055922,8.908442,0,0,0,0,0,0,0,0,1780912577,0
112,-5.897822,51.816314,3.910065,15.730019,0,0,0,0,0,0,0,0,1780912577,0
113,110.188672,151.537006,3.588434,5.310658,0,0,0,0,0,0,0,0,1780912577,0
113,-32.51843,13.602016,-0.506756,7.072151,0,0,0,0,0,0,0,0,1780912577,0
114,-146.727495,-97.020485,1.400593,3.938115,0,0,0,0,0,0,0,0,1780912577,0
114,-3.190135,43.323001,3.240623,9.379669,0,0,0,0,0,0,0,0,1780912577,0
115,103.479292,157.244094,3.278022,10.052851,0,0,0,0,0,0,0,0,1780912577,0
115,-38.270396,15.838476,3.652012,13.407541,0,0,0,0,0,0,0,0,1780912577,0
116,-151.795059,-98.654821,4.343894,9.252512,0,0,0,0,0,0,0,0,1780912577,0
116,-5.097484,44.890019,5.798715,11.294498,0,0,0,0,0,0,0,0,1780912577,0
117,106.093482,156.477414,6.498076,10.583917,0,0,0,0,0,0,0,0,1780912577,0
117,-32.91112,15.31863,1.912959,10.138869,0,0,0,0,0,0,0,0,1780912577,0
118,-142.190996,-91.2199,2.466464,10.984086,0,0,0,0,0,0,0,0,1780912577,0
118,-7.060931,47.377053,1.51279,12.70444,0,0,0,0,0,0,0,0,1780912577,0
119,103.987918,161.006433,5.316268,11.451574,0,0,0,0,0,0,0,0,1780912577,0
119,-39.182932,18.082416,4.216737,10.954167,0,0,0,0,0,0,0,0,1780912577,0
120,-152.363524,-90.666395,5.884733,8.848603,0,0,0,0,0,0,0,0,1780912577,0
120,-7.206787,45.140592,4.964717,9.454467,0,0,0,0,0,0,0,0,1780912577,0
121,106.344055,157.318892,4.429911,7.46484,0,0,0,0,0,0,0,0,1780912577,0
121,-34.964325,16.006772,4.459831,9.297391,0,0,0,0,0,0,0,0,1780912577,0
122,-146.050573,-93.179607,3.973644,10.662455,0,0,0,0,0,0,0,0,1780912577,0
122,-6.690681,47.253636,4.744063,8.134282,0,0,0,0,0,0,0,0,1780912577,0
123,101.437306,152.258807,2.788095,6.264332,0,0,0,0,0,0,0,0,1780912577,0
123,-36.710858,14.054544,2.010196,11.500192,0,0,0,0,0,0,0,0,1780912577,0
124,-143.945009,-89.851096,-3.962424,13.538438,0,0,0,0,0,0,0,0,1780912577,0
124,-3.960554,42.070135,5.907172,11.122462,0,0,0,0,0,0,0,0,1780912577,0
125,107.907333,155.026333,5.675298,10.669935,0,0,0,0,0,0,0,0,1780912577,0
125,-36.280769,12.637122,4.628126,10.621316,0,0,0,0,0,0,0,0,1780912577,0
126,-142.06758,-89.245233,4.048442,11.253359,0,0,0,0,0,0,0,0,1780912577,0
126,-1.783932,50.634506,2.107434,7.823871,0,0,0,0,0,0,0,0,1780912577,0
127,110.371927,158.478261,5.162932,9.454467,0,0,0,0,0,0,0,0,1780912577,0
127,-35.652466,15.943194,6.890766,12.431427,0,0,0,0,0,0,0,0,1780912577,0
128,-142.924017,-91.9604,4.568288,9.518045,0,0,0,0,0,0,0,0,1780912577,0
128,-2.520693,51.008495,2.967611,4.510319,0,0,0,0,0,0,0,0,1780912577,0
129,105.326802,157.274013,5.495783,6.72434,0,0,0,0,0,0,0,0,1780912577,0
129,-34.261223,17.038984,2.98631,11.391735,0,0,0,0,0,0,0,0,1780912577,0
130,-141.446756,-97.095283,1.307095,11.182301,0,0,0,0,0,0,0,0,1780912577,0
130,-4.562678,49.549935,6.139046,6.888896,0,0,0,0,0,0,0,0,1780912577,0
131,98.411727,158.018253,8.311928,14.488372,0,0,0,0,0,0,0,0,1780912577,0
131,-40.342301,11.844263,4.343894,12.169634,0,0,0,0,0,0,0,0,1780912577,0
132,-147.729788,-95.816237,3.842747,10.879369,0,0,0,0,0,0,0,0,1780912577,0
132,-6.604663,40.809788,3.083548,10.183748,0,0,0,0,0,0,0,0,1780912577,0
133,100.853882,155.217068,4.216737,12.255652,0,0,0,0,0,0,0,0,1780912577,0
133,-40.806048,8.785025,7.294675,12.34915,0,0,0,0,0,0,0,0,1780912577,0
134,-140.601539,-96.552997,3.72681,10.153828,0,0,0,0,0,0,0,0,1780912577,0
134,-4.09519,44.699284,1.692305,11.672228,0,0,0,0,0,0,0,0,1780912577,0
135,102.207726,155.056252,2.769396,11.548811,0,0,0,0,0,0,0,0,1780912577,0
135,-39.24277,10.393182,3.992343,9.248773,0,0,0,0,0,0,0,0,1780912577,0
136,-144.760308,-99.507518,3.883886,13.224286,0,0,0,0,0,0,0,0,1780912577,0
136,-7.274105,45.98207,5.892212,7.165648,0,0,0,0,0,0,0,0,1780912577,0
137,102.465779,151.843678,10.09586,11.103763,0,0,0,0,0,0,0,0,1780912577,0
137,-39.25025,9.832197,4.250396,6.226933,0,0,0,0,0,0,0,0,1780912577,0
138,-145.40357,-95.371189,1.441731,7.764032,0,0,0,0,0,0,0,0,1780912577,0
138,-1.626856,49.852866,-2.477684,7.397522,0,0,0,0,0,0,0,0,1780912577,0
139,101.340069,150.190642,0.880746,12.846556,0,0,0,0,0,0,0,0,1780912577,0
139,-42.047695,7.812651,6.079207,9.293651,0,0,0,0,0,0,0,0,1780912577,0
140,-148.612405,-97.237399,2.473944,13.807711,0,0,0,0,0,0,0,0,1780912577,0
140,-5.535052,48.139992,3.049888,8.358676,0,0,0,0,0,0,0,0,1780912577,0
141,102.450819,152.112951,6.254983,11.466533,0,0,0,0,0,0,0,0,1780912577,0
141,-42.515183,11.402955,1.464171,6.230673,0,0,0,0,0,0,0,0,1780912577,0
142,-144.419977,-93.852789,5.787495,7.805171,0,0,0,0,0,0,0,0,1780912577,0
142,-10.47546,50.286695,4.542108,7.203047,0,0,0,0,0,0,0,0,1780912577,0
143,98.871735,152.831012,3.588434,6.395229,0,0,0,0,0,0,0,0,1780912577,0
143,-41.1389,10.150088,5.046995,11.780685,0,0,0,0,0,0,0,0,1780912577,0
144,-147.329619,-95.838676,3.883886,11.040185,0,0,0,0,0,0,0,0,1780912577,0
144,-3.033059,45.839954,5.641639,13.377622,0,0,0,0,0,0,0,0,1780912577,0
145,100.427534,151.155537,2.526302,8.190381,0,0,0,0,0,0,0,0,1780912577,0
145,-41.322155,10.871889,7.361993,16.582716,0,0,0,0,0,0,0,0,1780912577,0
146,-141.648711,-94.118322,2.638499,5.96514,0,0,0,0,0,0,0,0,1780912577,0
146,-0.770419,54.516522,5.880993,16.223686,0,0,0,0,0,0,0,0,1780912577,0
147,107.020977,157.719061,6.056768,5.119923,0,0,0,0,0,0,0,0,1780912577,0
147,-43.75309,11.249619,3.278022,9.604063,0,0,0,0,0,0,0,0,1780912577,0
148,-148.705902,-95.32631,4.759023,9.787318,0,0,0,0,0,0,0,0,1780912577,0
148,-2.513213,51.797614,3.143386,11.268319,0,0,0,0,0,0,0,0,1780912577,0
149,100.109642,154.581285,-0.334721,10.438061,0,0,0,0,0,0,0,0,1780912577,0
149,-41.662486,4.558938,2.937691,8.878522,0,0,0,0,0,0,0,0,1780912577,0
150,-148.997614,-90.486879,9.878946,12.079877,0,0,0,0,0,0,0,0,1780912577,0
150,-4.48414,55.197183,2.286949,12.423948,0,0,0,0,0,0,0,0,1780912577,0
151,103.857022,154.551366,4.542108,10.699854,0,0,0,0,0,0,0,0,1780912577,0
151,-44.388873,5.041385,6.191404,10.800831,0,0,0,0,0,0,0,0,1780912577,0
152,-152.023193,-95.733959,3.719331,13.138269,0,0,0,0,0,0,0,0,1780912577,0
152,0.983594,47.354613,2.530042,7.973467,0,0,0,0,0,0,0,0,1780912577,0
153,100.730465,148.515167,3.476237,9.162755,0,0,0,0,0,0,0,0,1780912577,0
153,-47.219977,4.585117,5.813674,13.029811,0,0,0,0,0,0,0,0,1780912577,0
154,-143.649557,-101.598122,3.588434,10.262285,0,0,0,0,0,0,0,0,1780912577,0
154,2.423455,49.665871,9.228203,7.984686,0,0,0,0,0,0,0,0,1780912577,0
155,108.04197,157.199215,12.208903,16.81085,0,0,0,0,0,0,0,0,1780912577,0
155,-37.859007,8.23152,3.042409,6.34287,0,0,0,0,0,0,0,0,1780912577,0
156,-144.779007,-90.269965,5.499523,8.328757,0,0,0,0,0,0,0,0,1780912577,0
156,5.24708,55.058807,5.24895,12.32671,0,0,0,0,0,0,0,0,1780912577,0
157,103.602709,148.537607,3.079808,8.381116,0,0,0,0,0,0,0,0,1780912577,0
157,-38.719184,7.958507,4.691704,14.540731,0,0,0,0,0,0,0,0,1780912577,0
158,-138.67549,-91.249819,6.079207,9.761139,0,0,0,0,0,0,0,0,1780912577,0
158,5.508873,50.492389,0.532936,11.739546,0,0,0,0,0,0,0,0,1780912577,0
159,109.231258,158.298745,1.531489,10.486679,0,0,0,0,0,0,0,0,1780912577,0
159,-44.964817,9.181454,2.664679,8.396075,0,0,0,0,0,0,0,0,1780912577,0
160,-142.938976,-93.609696,3.932505,13.542178,0,0,0,0,0,0,0,0,1780912577,0
160,4.712274,44.048542,5.510743,13.961047,0,0,0,0,0,0,0,0,1780912577,0
161,107.65302,157.606864,1.927918,15.382209,0,0,0,0,0,0,0,0,1780912577,0
161,-35.52531,6.847757,3.3603,12.790458,0,0,0,0,0,0,0,0,1780912577,0
162,-147.711089,-95.621762,-2.077514,13.519738,0,0,0,0,0,0,0,0,1780912577,0
162,-3.852097,45.6006,0.476837,7.651835,0,0,0,0,0,0,0,0,1780912577,0
163,97.372035,154.416729,3.442578,6.922555,0,0,0,0,0,0,0,0,1780912577,0
163,-46.36728,4.132589,6.423278,9.71626,0,0,0,0,0,0,0,0,1780912577,0
164,-143.406464,-96.362262,1.673605,9.33853,0,0,0,0,0,0,0,0,1780912577,0
164,5.961401,53.413251,-1.808242,11.608649,0,0,0,0,0,0,0,0,1780912577,0
165,103.224979,155.86781,4.179338,12.517445,0,0,0,0,0,0,0,0,1780912577,0
165,-45.858653,5.153582,2.552482,12.154675,0,0,0,0,0,0,0,0,1780912577,0
166,-141.794567,-94.170681,2.926472,8.620469,0,0,0,0,0,0,0,0,1780912577,0
166,2.270119,50.627026,3.468757,7.064671,0,0,0,0,0,0,0,0,1780912577,0
167,106.822762,153.003047,10.211797,10.860669,0,0,0,0,0,0,0,0,1780912577,0
167,-48.5813,2.292559,4.13072,11.59743,0,0,0,0,0,0,0,0,1780912577,0
168,-144.360138,-94.032305,2.462724,11.133682,0,0,0,0,0,0,0,0,1780912577,0
168,3.096637,50.387672,4.153159,5.026426,0,0,0,0,0,0,0,0,1780912577,0
169,106.938699,157.311412,3.842747,10.550258,0,0,0,0,0,0,0,0,1780912577,0
169,-42.870473,3.474367,5.60424,10.161308,0,0,0,0,0,0,0,0,1780912577,0
170,-139.502008,-94.518492,6.647672,8.448434,0,0,0,0,0,0,0,0,1780912577,0
170,9.619023,42.339407,2.421585,10.209927,0,0,0,0,0,0,0,0,1780912577,0
171,104.051497,151.952135,1.355714,10.120169,0,0,0,0,0,0,0,0,1780912577,0
171,-47.975437,2.685248,2.081254,9.910735,0,0,0,0,0,0,0,0,1780912577,0
172,-146.791073,-95.640462,11.348726,11.833043,0,0,0,0,0,0,0,0,1780912577,0
172,6.032459,55.148565,5.559361,9.34601,0,0,0,0,0,0,0,0,1780912577,0
173,102.031951,154.970234,5.929611,7.887449,0,0,0,0,0,0,0,0,1780912577,0
173,-47.766002,0.774159,0.888226,9.024379,0,0,0,0,0,0,0,0,1780912577,0
174,-141.532774,-93.175867,6.441978,12.667041,0,0,0,0,0,0,0,0,1780912577,0
174,4.805771,51.887372,-0.095367,10.370743,0,0,0,0,0,0,0,0,1780912577,0
175,101.392428,152.172789,5.645379,13.149488,0,0,0,0,0,0,0,0,1780912577,0
175,-45.821254,0.811558,5.349927,11.290758,0,0,0,0,0,0,0,0,1780912577,0
176,-146.14781,-96.575437,5.073174,13.041031,0,0,0,0,0,0,0,0,1780912577,0
176,9.274952,52.126726,5.323748,8.624209,0,0,0,0,0,0,0,0,1780912577,0
177,109.807203,152.004494,5.155452,10.194967,0,0,0,0,0,0,0,0,1780912577,0
177,-43.988703,6.35783,4.620646,9.869596,0,0,0,0,0,0,0,0,1780912577,0
178,-141.132605,-89.308811,4.990896,11.462793,0,0,0,0,0,0,0,0,1780912577,0
178,9.559184,61.551273,2.889073,6.268072,0,0,0,0,0,0,0,0,1780912577,0
179,103.842062,158.478261,3.73055,10.217407,0,0,0,0,0,0,0,0,1780912577,0
179,-42.571281,11.189781,2.855414,9.458207,0,0,0,0,0,0,0,0,1780912577,0
180,-143.451343,-91.036645,5.271389,8.377376,0,0,0,0,0,0,0,0,1780912577,0
180,12.016299,54.265948,2.496383,8.040785,0,0,0,0,0,0,0,0,1780912577,0
181,107.978392,152.778653,1.606287,12.128496,0,0,0,0,0,0,0,0,1780912577,0
181,-44.056021,2.816145,7.021662,8.751366,0,0,0,0,0,0,0,0,1780912577,0
182,-139.711443,-97.514151,2.803055,11.750766,0,0,0,0,0,0,0,0,1780912577,0
182,8.59429,58.907164,1.265956,14.679107,0,0,0,0,0,0,0,0,1780912577,0
183,108.101808,154.951535,0.570335,13.041031,0,0,0,0,0,0,0,0,1780912577,0
183,-44.912459,7.517199,4.523409,12.932574,0,0,0,0,0,0,0,0,1780912577,0
184,-139.333713,-95.509565,7.122639,10.681154,0,0,0,0,0,0,0,0,1780912577,0
184,8.751366,49.778068,3.091027,13.291604,0,0,0,0,0,0,0,0,1780912577,0
185,104.331989,148.836799,-0.110327,10.08277,0,0,0,0,0,0,0,0,1780912577,0
185,-41.325895,1.402462,3.644533,8.807464,0,0,0,0,0,0,0,0,1780912577,0
186,-143.578499,-94.507272,5.349927,9.555444,0,0,0,0,0,0,0,0,1780912577,0
186,6.877676,57.388765,0.244963,10.071551,0,0,0,0,0,0,0,0,1780912577,0
187,101.456006,151.649203,4.212997,13.572097,0,0,0,0,0,0,0,0,1780912577,0
187,-46.385979,1.024733,7.305895,10.07903,0,0,0,0,0,0,0,0,1780912577,0
188,-141.917984,-93.325463,3.670712,11.679708,0,0,0,0,0,0,0,0,1780912577,0
188,14.96708,58.907164,3.173305,10.778392,0,0,0,0,0,0,0,0,1780912577,0
189,105.633474,149.670796,5.050735,11.436614,0,0,0,0,0,0,0,0,1780912577,0
189,-38.734144,2.786225,1.916699,13.512259,0,0,0,0,0,0,0,0,1780912577,0
190,-139.44217,-94.529711,8.282008,16.373282,0,0,0,0,0,0,0,0,1780912577,0
190,14.391135,60.56394,4.785202,11.040185,0,0,0,0,0,0,0,0,1780912577,0
191,104.874275,153.885663,5.450904,11.144902,0,0,0,0,0,0,0,0,1780912577,0
191,-46.442078,3.414529,6.909465,10.176268,0,0,0,0,0,0,0,0,1780912577,0
192,-142.396691,-92.046418,10.279115,8.377376,0,0,0,0,0,0,0,0,1780912578,0
192,8.205341,59.322293,1.737184,8.811204,0,0,0,0,0,0,0,0,1780912578,0
193,105.502578,154.431689,3.704371,7.412482,0,0,0,0,0,0,0,0,1780912578,0
193,-45.96711,-1.301485,2.788095,8.867303,0,0,0,0,0,0,0,0,1780912578,0
194,-145.369911,-94.750365,6.827187,12.483786,0,0,0,0,0,0,0,0,1780912578,0
194,10.299684,61.655991,-1.049042,8.440954,0,0,0,0,0,0,0,0,1780912578,0
195,107.432366,155.108611,6.513036,6.481247,0,0,0,0,0,0,0,0,1780912578,0
195,-47.234936,2.700208,6.542955,11.466533,0,0,0,0,0,0,0,0,1780912578,0
196,-141.076506,-95.31135,4.328934,10.337083,0,0,0,0,0,0,0,0,1780912578,0
196,15.026918,61.607372,5.435945,8.403555,0,0,0,0,0,0,0,0,1780912578,0
197,105.734452,152.281246,0.514236,8.396075,0,0,0,0,0,0,0,0,1780912578,0
197,-45.99703,0.501147,0.835868,12.012559,0,0,0,0,0,0,0,0,1780912578,0
198,-139.752582,-94.114582,2.963871,11.833043,0,0,0,0,0,0,0,0,1780912578,0
198,15.307411,58.888465,1.150019,8.478353,0,0,0,0,0,0,0,0,1780912578,0
199,111.920246,154.304532,5.091874,12.536145,0,0,0,0,0,0,0,0,1780912578,0
199,-42.814375,-3.474367,3.068588,15.550504,0,0,0,0,0,0,0,0,1780912578,0
200,-136.225856,-93.688234,4.1008,5.815544,0,0,0,0,0,0,0,0,1780912578,0
200,16.893128,63.94107,3.120947,10.269765,0,0,0,0,0,0,0,0,1780912578,0
0,114.222154,161.571158,-0.282362,12.470696,0,0,0,0,0,0,0,0,1780912578,0
101,-45.96524,-1.047172,7.227357,12.799808,0,0,0,0,0,0,0,0,1780912578,0
101,-138.942893,-90.950627,6.72621,7.350773,0,0,0,0,0,0,0,0,1780912578,0
102,13.570227,60.578899,5.630419,8.992589,0,0,0,0,0,0,0,0,1780912578,0
102,106.581539,157.790119,5.664078,10.559608,0,0,0,0,0,0,0,0,1780912578,0
103,-49.368549,0.186995,7.765902,13.44681,0,0,0,0,0,0,0,0,1780912578,0
103,-145.308203,-93.643355,4.299015,10.746603,0,0,0,0,0,0,0,0,1780912578,0
104,9.273082,62.609665,3.315421,15.126025,0,0,0,0,0,0,0,0,1780912578,0
104,103.267988,153.818345,6.243763,11.023355,0,0,0,0,0,0,0,0,1780912578,0
105,-50.232466,-6.200754,5.712697,4.706664,0,0,0,0,0,0,0,0,1780912578,0
105,-143.453213,-95.801277,1.456691,5.462124,0,0,0,0,0,0,0,0,1780912578,0
106,9.71813,56.584686,5.316268,9.415198,0,0,0,0,0,0,0,0,1780912578,0
106,99.150358,148.182316,8.083794,6.74491,0,0,0,0,0,0,0,0,1780912578,0
107,-53.886349,-2.314998,4.055922,6.524255,0,0,0,0,0,0,0,0,1780912578,0
107,-141.171874,-90.060531,3.536075,6.954344,0,0,0,0,0,0,0,0,1780912578,0
108,14.127472,63.810173,3.558515,8.371766,0,0,0,0,0,0,0,0,1780912578,0
108,107.467895,158.676475,5.402285,8.397945,0,0,0,0,0,0,0,0,1780912578,0
109,-46.234513,4.342024,4.044702,12.956883,0,0,0,0,0,0,0,0,1780912578,0
109,-138.32207,-85.277199,0.484317,11.363686,0,0,0,0,0,0,0,0,1780912578,0
110,10.301554,62.834059,4.444871,14.314467,0,0,0,0,0,0,0,0,1780912578,0
110,101.499015,157.812558,3.034929,10.896199,0,0,0,0,0,0,0,0,1780912578,0
111,-49.510666,1.776452,5.144232,10.929858,0,0,0,0,0,0,0,0,1780912578,0
111,-144.388188,-95.756398,4.138199,8.558761,0,0,0,0,0,0,0,0,1780912578,0
112,12.912005,62.893898,4.306495,10.028542,0,0,0,0,0,0,0,0,1780912578,0
112,101.390558,154.297052,3.393959,14.329427,0,0,0,0,0,0,0,0,1780912578,0
113,-54.742786,-2.191581,3.042409,11.404825,0,0,0,0,0,0,0,0,1780912578,0
113,-146.366595,-90.905748,3.027449,7.227357,0,0,0,0,0,0,0,0,1780912578,0
114,11.012135,60.590119,0.409519,10.488549,0,0,0,0,0,0,0,0,1780912578,0
114,96.988696,150.205602,0.499277,11.763855,0,0,0,0,0,0,0,0,1780912578,0
115,-54.305217,0.512366,4.385033,15.455137,0,0,0,0,0,0,0,0,1780912578,0
115,-146.91262,-94.21182,0.73863,8.098753,0,0,0,0,0,0,0,0,1780912578,0
116,8.102493,61.046387,0.701231,13.521608,0,0,0,0,0,0,0,0,1780912578,0
116,102.781801,156.99352,-0.570335,10.226756,0,0,0,0,0,0,0,0,1780912578,0
117,-49.099277,-2.352397,4.239177,12.182724,0,0,0,0,0,0,0,0,1780912578,0
117,-144.616321,-92.439107,2.126133,8.386726,0,0,0,0,0,0,0,0,1780912578,0
118,10.585787,68.241954,6.606533,11.670358,0,0,0,0,0,0,0,0,1780912578,0
118,102.261954,154.38307,2.036376,8.921531,0,0,0,0,0,0,0,0,1780912578,0
119,-54.795144,-2.341177,7.126379,9.527395,0,0,0,0,0,0,0,0,1780912578,0
119,-143.774844,-91.859423,9.130966,12.825987,0,0,0,0,0,0,0,0,1780912578,0
120,13.024202,64.748888,2.111174,13.798361,0,0,0,0,0,0,0,0,1780912578,0
120,102.620985,153.395737,3.954944,7.182478,0,0,0,0,0,0,0,0,1780912578,0
121,-53.108449,-8.197861,7.354513,5.24521,0,0,0,0,0,0,0,0,1780912578,0
121,-149.306156,-94.903701,8.21095,9.130966,0,0,0,0,0,0,0,0,1780912578,0
122,6.415798,63.200569,6.74117,9.744309,0,0,0,0,0,0,0,0,1780912578,0
122,99.296214,154.136237,2.496383,4.85626,0,0,0,0,0,0,0,0,1780912578,0
123,-62.450719,-6.526125,0.652613,9.224463,0,0,0,0,0,0,0,0,1780912578,0
123,-146.736845,-98.793197,-0.181385,4.1008,0,0,0,0,0,0,0,0,1780912578,0
124,5.432205,52.384779,6.591574,10.11082,0,0,0,0,0,0,0,0,1780912578,0
124,103.361485,153.343378,3.685671,7.979077,0,0,0,0,0,0,0,0,1780912578,0
125,-58.205933,-10.426841,5.637899,10.82514,0,0,0,0,0,0,0,0,1780912578,0
125,-149.814782,-98.681,4.093321,7.298415,0,0,0,0,0,0,0,0,1780912578,0
126,5.750096,56.865179,6.812228,16.147018,0,0,0,0,0,0,0,0,1780912578,0
126,94.441824,154.906656,1.213598,11.97329,0,0,0,0,0,0,0,0,1780912578,0
127,-63.415614,-9.776098,2.006456,8.136152,0,0,0,0,0,0,0,0,1780912578,0
127,-138.752158,-94.851343,2.283209,4.691704,0,0,0,0,0,0,0,0,1780912578,0
128,11.378646,62.104779,4.908619,9.845287,0,0,0,0,0,0,0,0,1780912578,0
128,100.032974,150.691789,0.850827,9.250643,0,0,0,0,0,0,0,0,1780912578,0
129,-62.955606,-9.34975,4.048442,11.58808,0,0,0,0,0,0,0,0,1780912578,0
129,-147.110835,-87.723093,0.936845,9.744309,0,0,0,0,0,0,0,0,1780912578,0
130,13.794621,66.562739,1.576368,11.416045,0,0,0,0,0,0,0,0,1780912578,0
130,102.265694,155.108611,8.300708,13.405671,0,0,0,0,0,0,0,0,1780912578,0
131,-54.750265,-8.261439,2.013936,11.689057,0,0,0,0,0,0,0,0,1780912578,0
131,-139.672174,-93.83783,1.800762,10.46611,0,0,0,0,0,0,0,0,1780912578,0
132,19.969196,67.000308,3.539815,10.163178,0,0,0,0,0,0,0,0,1780912578,0
132,102.549927,151.424809,3.319161,14.20227,0,0,0,0,0,0,0,0,1780912578,0
133,-57.708526,-5.434075,6.789788,6.965564,0,0,0,0,0,0,0,0,1780912578,0
133,-142.574336,-88.074644,2.971351,9.923825,0,0,0,0,0,0,0,0,1780912578,0
134,10.978476,60.462963,6.973043,8.427865,0,0,0,0,0,0,0,0,1780912578,0
134,104.722809,156.914982,4.414952,9.576014,0,0,0,0,0,0,0,0,1780912578,0
135,-59.959946,-4.080231,4.598207,9.893905,0,0,0,0,0,0,0,0,1780912578,0
135,-148.752651,-90.84965,5.204071,9.493736,0,0,0,0,0,0,0,0,1780912578,0
136,11.049534,65.534267,4.459831,11.20287,0,0,0,0,0,0,0,0,1780912578,0
136,92.403578,151.39863,3.337861,6.498076,0,0,0,0,0,0,0,0,1780912578,0
137,-62.81349,-14.312597,3.637053,13.693644,0,0,0,0,0,0,0,0,1780912578,0
137,-142.278884,-89.780038,3.629573,9.770489,0,0,0,0,0,0,0,0,1780912578,0
138,14.643578,70.037106,6.483117,10.540908,0,0,0,0,0,0,0,0,1780912578,0
138,107.875544,151.544486,6.232543,12.638992,0,0,0,0,0,0,0,0,1780912578,0
139,-60.651828,-9.177714,3.790389,8.861693,0,0,0,0,0,0,0,0,1780912578,0
139,-140.1808,-88.381316,2.051335,11.434744,0,0,0,0,0,0,0,0,1780912578,0
140,21.966302,70.478415,3.633313,10.656845,0,0,0,0,0,0,0,0,1780912578,0
140,104.898584,148.384271,3.322901,6.505556,0,0,0,0,0,0,0,0,1780912578,0
141,-56.205086,-7.060931,0.039269,7.548988,0,0,0,0,0,0,0,0,1780912578,0
141,-136.908388,-84.338484,0.140246,9.216983,0,0,0,0,0,0,0,0,1780912578,0
142,25.104078,70.762647,2.002716,11.015875,0,0,0,0,0,0,0,0,1780912578,0
142,111.836098,157.090758,0.517976,8.154852,0,0,0,0,0,0,0,0,1780912578,0
143,-51.294598,-7.158169,0.802209,10.0809,0,0,0,0,0,0,0,0,1780912578,0
143,-137.880762,-89.248973,-1.617507,14.437884,0,0,0,0,0,0,0,0,1780912578,0
144,15.851566,67.105025,4.519669,7.788342,0,0,0,0,0,0,0,0,1780912578,0
144,102.127318,152.999307,8.053875,6.931905,0,0,0,0,0,0,0,0,1780912578,0
145,-59.316683,-9.619023,10.982216,5.98945,0,0,0,0,0,0,0,0,1780912578,0
145,-143.902001,-92.32317,2.559962,10.597007,0,0,0,0,0,0,0,0,1780912578,0
146,21.562393,72.935529,7.792082,11.453444,0,0,0,0,0,0,0,0,1780912578,0
146,100.5603,156.62701,2.754436,11.483363,0,0,0,0,0,0,0,0,1780912578,0
147,-56.504278,-9.233813,6.670112,11.861093,0,0,0,0,0,0,0,0,1780912578,0
147,-138.404348,-92.001539,4.433651,4.47853,0,0,0,0,0,0,0,0,1780912578,0
148,19.168857,72.583978,6.647672,7.46671,0,0,0,0,0,0,0,0,1780912578,0
148,101.659831,147.845725,5.159192,7.204917,0,0,0,0,0,0,0,0,1780912578,0
149,-59.765471,-8.257699,3.386479,12.784848,0,0,0,0,0,0,0,0,1780912578,0
149,-136.758792,-85.423055,3.951204,8.476483,0,0,0,0,0,0,0,0,1780912578,0
150,24.105525,66.009234,3.932505,11.883532,0,0,0,0,0,0,0,0,1780912578,0
150,103.784094,152.356044,1.11636,5.308788,0,0,0,0,0,0,0,0,1780912578,0
151,-59.129688,-4.005433,5.880993,6.887026,0,0,0,0,0,0,0,0,1780912578,0
151,-134.892582,-89.529465,2.320608,10.114559,0,0,0,0,0,0,0,0,1780912578,0
152,21.068726,72.464302,6.060508,12.71005,0,0,0,0,0,0,0,0,1780912578,0
152,105.455829,159.402016,1.408072,13.648765,0,0,0,0,0,0,0,0,1780912578,0
153,-57.312097,-7.300285,5.495783,12.923224,0,0,0,0,0,0,0,0,1780912578,0
153,-133.018892,-103.943039,2.268249,7.339554,0,0,0,0,0,0,0,0,1780912578,0
154,25.41449,67.815606,3.670712,5.548142,0,0,0,0,0,0,0,0,1780912578,0
154,105.250135,163.209234,4.220477,15.133505,0,0,0,0,0,0,0,0,1780912578,0
155,-55.69646,-0.972374,3.483717,13.873159,0,0,0,0,0,0,0,0,1780912578,0
155,-135.221693,-81.982347,3.019969,7.84818,0,0,0,0,0,0,0,0,1780912578,0
156,27.415337,76.290219,3.431358,11.704017,0,0,0,0,0,0,0,0,1780912578,0
156,99.07556,144.760308,1.13132,19.045441,0,0,0,0,0,0,0,0,1780912578,0
157,-59.010011,-11.9789,6.038068,12.878345,0,0,0,0,0,0,0,0,1780912578,0
157,-134.855183,-87.84651,3.573474,11.995729,0,0,0,0,0,0,0,0,1780912578,0
158,27.635991,88.874983,4.422432,11.468403,0,0,0,0,0,0,0,0,1780912578,0
158,107.505294,160.886756,6.617753,11.640439,0,0,0,0,0,0,0,0,1780912578,0
159,-54.720346,32.877461,2.111174,11.494583,0,0,0,0,0,0,0,0,1780912578,0
159,-126.679761,-41.056622,0.110327,12.792328,0,0,0,0,0,0,0,0,1780912578,0
160,40.882716,130.705764,1.026603,6.127826,0,0,0,0,0,0,0,0,1780912578,0
160,132.947834,224.861485,7.130119,14.471543,0,0,0,0,0,0,0,0,1780912578,0
161,-17.616799,110.169973,6.438238,13.510389,0,0,0,0,0,0,0,0,1780912578,0
161,-88.405625,45.795075,4.47479,11.898492,0,0,0,0,0,0,0,0,1780912578,0
162,77.37292,220.242708,6.890766,12.893305,0,0,0,0,0,0,0,0,1780912578,0
162,163.188665,253.4418,3.767949,11.827434,0,0,0,0,0,0,0,0,1780912578,0
163,4.908619,148.743301,7.48541,12.597853,0,0,0,0,0,0,0,0,1780912578,0
163,-81.670065,79.682308,4.987157,12.489396,0,0,0,0,0,0,0,0,1780912578,0
164,69.395714,226.869811,1.393113,11.165471,0,0,0,0,0,0,0,0,1780912578,0
164,158.12858,269.841262,3.872666,10.245456,0,0,0,0,0,0,0,0,1780912578,0
165,2.436545,103.527911,6.535475,9.931304,0,0,0,0,0,0,0,0,1780912578,0
165,-92.556914,55.283201,7.1189,8.60364,0,0,0,0,0,0,0,0,1780912578,0
166,55.453367,208.043155,0.603994,13.618846,0,0,0,0,0,0,0,0,1780912578,0
166,131.478053,265.742331,4.209257,13.712343,0,0,0,0,0,0,0,0,1780912578,0
167,-31.488088,82.262839,-1.198638,10.552128,0,0,0,0,0,0,0,0,1780912578,0
167,-125.060385,-13.949827,1.636206,14.164871,0,0,0,0,0,0,0,0,1780912578,0
168,37.74868,129.879246,7.739723,7.399392,0,0,0,0,0,0,0,0,1780912578,0
168,110.302739,205.724417,3.472497,9.665771,0,0,0,0,0,0,0,0,1780912578,0
169,-62.263724,31.295483,7.519069,11.775075,0,0,0,0,0,0,0,0,1780912578,0
169,-142.914667,-54.5801,3.532336,11.434744,0,0,0,0,0,0,0,0,1780912578,0
170,15.70945,98.247172,5.013336,6.868326,0,0,0,0,0,0,0,0,1780912578,0
170,94.273528,163.557045,1.797022,6.939384,0,0,0,0,0,0,0,0,1780912578,0
171,-73.730258,-2.154182,6.254983,11.139292,0,0,0,0,0,0,0,0,1780912578,0
171,-158.842901,-81.612097,1.740923,8.824294,0,0,0,0,0,0,0,0,1780912578,0
172,11.838653,79.154983,4.257876,9.441377,0,0,0,0,0,0,0,0,1780912578,0
172,85.903632,143.608418,2.649719,13.185017,0,0,0,0,0,0,0,0,1780912578,0
173,-81.47933,-21.68394,7.249796,16.038561,0,0,0,0,0,0,0,0,1780912578,0
173,-149.665186,-99.42898,2.859154,10.181878,0,0,0,0,0,0,0,0,1780912578,0
174,13.985356,66.828272,3.046149,12.852166,0,0,0,0,0,0,0,0,1780912578,0
174,87.564148,138.174344,3.861447,5.323748,0,0,0,0,0,0,0,0,1780912578,0
175,-76.669819,-27.604202,2.417845,13.360793,0,0,0,0,0,0,0,0,1780912578,0
175,-157.728411,-109.567849,2.971351,7.46671,0,0,0,0,0,0,0,0,1780912578,0
176,4.444871,50.881339,4.86748,11.479623,0,0,0,0,0,0,0,0,1780912578,0
176,83.109927,127.82978,2.324348,10.555868,0,0,0,0,0,0,0,0,1780912578,0
177,-79.744017,-38.083401,2.97883,12.496876,0,0,0,0,0,0,0,0,1780912578,0
177,-156.868234,-106.321616,2.118653,9.912605,0,0,0,0,0,0,0,0,1780912578,0
178,10.914898,53.0991,4.654305,10.716683,0,0,0,0,0,0,0,0,1780912578,0
178,84.546048,130.283155,7.668665,10.402532,0,0,0,0,0,0,0,0,1780912578,0
179,-80.263863,-37.612174,1.658646,9.70317,0,0,0,0,0,0,0,0,1780912578,0
179,-157.466618,-117.548796,0.74611,13.559007,0,0,0,0,0,0,0,0,1780912578,0
180,4.691704,44.994736,3.296722,10.668065,0,0,0,0,0,0,0,0,1780912578,0
180,74.01823,118.307995,3.087287,8.525102,0,0,0,0,0,0,0,0,1780912578,0
181,-85.062155,-41.202478,7.025402,7.672405,0,0,0,0,0,0,0,0,1780912578,0
181,-159.25429,-113.102054,4.755283,7.732243,0,0,0,0,0,0,0,0,1780912578,0
182,5.899692,53.226256,9.658292,5.518222,0,0,0,0,0,0,0,0,1780912578,0
182,81.367133,124.404032,6.116606,11.861093,0,0,0,0,0,0,0,0,1780912578,0
183,-80.529396,-40.776129,6.868326,7.84818,0,0,0,0,0,0,0,0,1780912578,0
183,-161.87596,-124.721924,0.514236,9.235683,0,0,0,0,0,0,0,0,1780912578,0
184,9.063648,58.30504,5.114313,9.931304,0,0,0,0,0,0,0,0,1780912578,0
184,85.331427,128.555321,0.099107,12.807287,0,0,0,0,0,0,0,0,1780912578,0
185,-77.645933,-26.53459,6.049288,8.379246,0,0,0,0,0,0,0,0,1780912578,0
185,-149.642747,-114.250204,3.573474,11.640439,0,0,0,0,0,0,0,0,1780912578,0
186,15.874005,54.120092,1.329534,10.712943,0,0,0,0,0,0,0,0,1780912578,0
186,88.641239,129.643632,0.166426,10.892459,0,0,0,0,0,0,0,0,1780912578,0
187,-80.641593,-36.239631,6.329781,13.020462,0,0,0,0,0,0,0,0,1780912578,0
187,-157.257183,-113.764017,5.98197,13.865679,0,0,0,0,0,0,0,0,1780912578,0
188,16.225556,56.248095,5.286349,13.82828,0,0,0,0,0,0,0,0,1780912578,0
188,90.46257,129.415498,6.677591,11.790035,0,0,0,0,0,0,0,0,1780912578,0
189,-79.594421,-37.986164,10.073421,12.014429,0,0,0,0,0,0,0,0,1780912578,0
189,-155.89212,-114.874767,4.523409,9.400239,0,0,0,0,0,0,0,0,1780912578,0
190,19.793421,63.90741,3.420139,7.754683,0,0,0,0,0,0,0,0,1780912579,0
190,91.262909,135.567633,1.711004,14.164871,0,0,0,0,0,0,0,0,1780912579,0
191,-81.677545,-40.252543,3.049888,9.957484,0,0,0,0,0,0,0,0,1780912579,0
191,-151.550096,-109.089142,-0.547895,13.82828,0,0,0,0,0,0,0,0,1780912579,0
192,13.46177,53.929357,7.519069,13.218676,0,0,0,0,0,0,0,0,1780912579,0
192,88.686118,132.856206,5.166672,8.59242,0,0,0,0,0,0,0,0,1780912579,0
193,-76.65112,-33.367387,4.044702,8.255829,0,0,0,0,0,0,0,0,1780912579,0
193,-148.535737,-100.304117,4.414952,11.027095,0,0,0,0,0,0,0,0,1780912579,0
194,22.927457,65.814759,1.164979,9.807888,0,0,0,0,0,0,0,0,1780912579,0
194,94.165071,137.837753,3.124686,11.273928,0,0,0,0,0,0,0,0,1780912579,0
195,-74.137907,-29.844402,5.417245,9.198284,0,0,0,0,0,0,0,0,1780912579,0
195,-143.860862,-106.91626,2.126133,13.962916,0,0,0,0,0,0,0,0,1780912579,0
196,23.402424,62.654544,4.702924,8.278269,0,0,0,0,0,0,0,0,1780912579,0
196,95.848026,134.913151,5.147972,16.038561,0,0,0,0,0,0,0,0,1780912579,0
197,-74.220185,-31.347841,9.628372,10.765302,0,0,0,0,0,0,0,0,1780912579,0
197,-146.493751,-101.571943,1.202378,9.441377,0,0,0,0,0,0,0,0,1780912579,0
198,15.140985,49.692051,6.752389,11.939631,0,0,0,0,0,0,0,0,1780912579,0
198,94.127672,142.310673,4.983417,11.034575,0,0,0,0,0,0,0,0,1780912579,0
199,-76.232251,-28.239985,9.72935,10.873759,0,0,0,0,0,0,0,0,1780912579,0
199,-148.535737,-101.153074,5.084394,8.315668,0,0,0,0,0,0,0,0,1780912579,0
200,19.722362,63.510981,4.459831,9.740569,0,0,0,0,0,0,0,0,1780912579,0
200,93.978076,135.436737,-3.270543,12.126626,0,0,0,0,0,0,0,0,1780912579,0
0,-73.662939,-34.096668,3.407049,11.023355,0,0,0,0,0,0,0,0,1780912579,0
101,-147.208072,-98.815637,3.530466,5.637899,0,0,0,0,0,0,0,0,1780912579,0
101,27.202162,68.215775,6.578484,9.112266,0,0,0,0,0,0,0,0,1780912579,0
102,98.918484,140.425764,7.894929,10.522209,0,0,0,0,0,0,0,0,1780912579,0
102,-75.188819,-35.977838,0.76294,8.502663,0,0,0,0,0,0,0,0,1780912579,0
103,-140.042424,-98.819377,4.282185,9.789188,0,0,0,0,0,0,0,0,1780912579,0
103,26.16621,66.90681,0.826518,9.370319,0,0,0,0,0,0,0,0,1780912579,0
104,98.544494,139.591766,7.621916,8.083794,0,0,0,0,0,0,0,0,1780912579,0
104,-68.812289,-25.41262,5.759446,9.976183,0,0,0,0,0,0,0,0,1780912579,0
105,-140.068603,-103.041724,3.175175,11.045795,0,0,0,0,0,0,0,0,1780912579,0
105,27.161023,74.371651,3.687541,6.554175,0,0,0,0,0,0,0,0,1780912579,0
106,101.398038,145.848618,7.371343,10.155698,0,0,0,0,0,0,0,0,1780912579,0
106,-74.38848,-30.895314,4.753413,10.84758,0,0,0,0,0,0,0,0,1780912579,0
107,-144.100215,-99.514998,5.531312,8.764456,0,0,0,0,0,0,0,0,1780912579,0
107,25.399531,67.968942,1.196768,10.46985,0,0,0,0,0,0,0,0,1780912579,0
108,100.104032,140.493082,6.081077,10.548388,0,0,0,0,0,0,0,0,1780912579,0
108,-71.531197,-25.921247,3.930635,8.846733,0,0,0,0,0,0,0,0,1780912579,0
109,-141.183093,-103.198799,7.644356,9.254382,0,0,0,0,0,0,0,0,1780912579,0
109,28.088519,74.248234,2.513213,11.128072,0,0,0,0,0,0,0,0,1780912579,0
110,92.096906,144.348919,6.436368,16.621985,0,0,0,0,0,0,0,0,1780912579,0
110,-75.88444,-30.439046,2.793705,7.878099,0,0,0,0,0,0,0,0,1780912579,0
111,-144.489165,-97.330896,5.138623,5.473344,0,0,0,0,0,0,0,0,1780912579,0
111,29.120731,71.245094,2.288819,7.724763,0,0,0,0,0,0,0,0,1780912579,0
112,97.665617,140.840892,7.756553,13.547788,0,0,0,0,0,0,0,0,1780912579,0
112,-73.621801,-28.247464,2.913382,13.319654,0,0,0,0,0,0,0,0,1780912579,0
113,-149.990558,-102.978145,8.98698,9.665771,0,0,0,0,0,0,0,0,1780912579,0
113,24.468295,66.16631,2.565571,6.228803,0,0,0,0,0,0,0,0,1780912579,0
114,105.605425,144.337699,4.143809,10.47359,0,0,0,0,0,0,0,0,1780912579,0
114,-67.892274,-32.1594,1.338884,11.5993,0,0,0,0,0,0,0,0,1780912579,0
115,-124.47322,-96.048111,2.359877,10.47733,0,0,0,0,0,0,0,0,1780912579,0
115,39.857984,67.770727,1.675475,10.870019,0,0,0,0,0,0,0,0,1780912579,0
116,112.872051,138.33142,6.125956,10.712943,0,0,0,0,0,0,0,0,1780912579,0
116,-58.30691,-35.012943,4.001693,9.445117,0,0,0,0,0,0,0,0,1780912579,0
117,-130.258846,-103.198799,7.356383,7.593867,0,0,0,0,0,0,0,0,1780912579,0
117,37.576645,65.773621,5.860423,10.054721,0,0,0,0,0,0,0,0,1780912579,0
118,105.665263,133.166618,3.025579,10.10708,0,0,0,0,0,0,0,0,1780912579,0
118,-60.255398,-36.161093,8.201601,12.567934,0,0,0,0,0,0,0,0,1780912579,0
119,-136.646595,-106.938699,0.568465,11.464663,0,0,0,0,0,0,0,0,1780912579,0
119,39.783186,62.403971,2.644109,11.655398,0,0,0,0,0,0,0,0,1780912579,0
120,103.671897,137.000015,6.118476,9.074867,0,0,0,0,0,0,0,0,1780912579,0
120,-66.92738,-34.930666,1.095791,11.543201,0,0,0,0,0,0,0,0,1780912579,0
121,-129.421108,-105.895267,2.9994,10.148219,0,0,0,0,0,0,0,0,1780912579,0
121,39.461554,71.233874,5.104963,12.631512,0,0,0,0,0,0,0,0,1780912579,0
122,108.458969,132.018468,3.698761,12.478176,0,0,0,0,0,0,0,0,1780912579,0
122,-61.590542,-34.736191,4.962847,9.576014,0,0,0,0,0,0,0,0,1780912579,0
123,-125.434375,-99.571096,3.687541,7.818261,0,0,0,0,0,0,0,0,1780912579,0
123,37.109157,68.41399,3.257453,6.34848,0,0,0,0,0,0,0,0,1780912579,0
124,105.646564,131.887572,5.022686,10.997176,0,0,0,0,0,0,0,0,1780912579,0
124,-67.832435,-34.190165,7.304025,12.048088,0,0,0,0,0,0,0,0,1780912579,0
125,-138.071497,-102.966926,6.264332,13.405671,0,0,0,0,0,0,0,0,1780912579,0
125,38.369504,66.069073,5.849204,11.071974,0,0,0,0,0,0,0,0,1780912579,0
126,107.28464,131.846433,8.743886,9.082347,0,0,0,0,0,0,0,0,1780912579,0
126,-68.490658,-37.694452,2.146703,13.84698,0,0,0,0,0,0,0,0,1780912579,0
127,-134.541031,-101.194213,-0.916275,13.689904,0,0,0,0,0,0,0,0,1780912579,0
127,38.930489,68.39529,5.303178,10.727903,0,0,0,0,0,0,0,0,1780912579,0
128,103.698076,142.247095,5.127403,10.496029,0,0,0,0,0,0,0,0,1780912579,0
128,-66.628188,-36.378007,5.733267,10.578307,0,0,0,0,0,0,0,0,1780912579,0
129,-132.487826,-93.856529,7.386302,7.10394,0,0,0,0,0,0,0,0,1780912579,0
129,37.311112,75.392643,3.822178,8.689658,0,0,0,0,0,0,0,0,1780912579,0
130,107.056506,138.608172,7.348903,11.281408,0,0,0,0,0,0,0,0,1780912579,0
130,-66.519731,-31.534836,7.173128,11.96581,0,0,0,0,0,0,0,0,1780912579,0
131,-130.558038,-91.732266,4.899269,15.384078,0,0,0,0,0,0,0,0,1780912579,0
131,40.018799,76.454775,0.276753,13.248596,0,0,0,0,0,0,0,0,1780912579,0
132,98.043347,136.667164,3.829658,8.267049,0,0,0,0,0,0,0,0,1780912579,0
132,-68.284963,-34.575375,4.929188,5.637899,0,0,0,0,0,0,0,0,1780912579,0
133,-128.243039,-95.868595,5.953921,12.788588,0,0,0,0,0,0,0,0,1780912579,0
133,43.268773,82.053405,1.813851,7.242316,0,0,0,0,0,0,0,0,1780912579,0
134,100.964209,145.216575,3.990473,9.116006,0,0,0,0,0,0,0,0,1780912579,0
134,-71.639654,-25.296683,0.422609,8.106233,0,0,0,0,0,0,0,0,1780912579,0
135,-128.175721,-93.695714,2.187841,10.84384,0,0,0,0,0,0,0,0,1780912579,0
135,42.131843,75.074752,-2.202801,8.723317,0,0,0,0,0,0,0,0,1780912579,0
136,103.787834,138.466056,4.12137,12.773628,0,0,0,0,0,0,0,0,1780912579,0
136,-63.583909,-27.750058,7.573297,8.487703,0,0,0,0,0,0,0,0,1780912579,0
137,-133.198407,-96.025671,6.170835,8.98511,0,0,0,0,0,0,0,0,1780912579,0
137,40.961254,81.264286,4.371943,10.922378,0,0,0,0,0,0,0,0,1780912579,0
138,98.600592,133.761262,2.98818,9.983663,0,0,0,0,0,0,0,0,1780912579,0
138,-77.716991,-44.321554,2.767526,13.054121,0,0,0,0,0,0,0,0,1780912579,0
139,-129.787618,-98.441647,4.712274,11.262709,0,0,0,0,0,0,0,0,1780912579,0
139,49.895875,81.451281,5.086264,10.83262,0,0,0,0,0,0,0,0,1780912579,0
140,108.006441,139.382331,0.317891,10.806441,0,0,0,0,0,0,0,0,1780912579,0
140,-64.65352,-35.001724,2.573051,12.953143,0,0,0,0,0,0,0,0,1780912579,0
141,-125.344617,-91.702347,4.371943,8.199731,0,0,0,0,0,0,0,0,1780912579,0
141,48.20918,77.105517,3.100377,11.356206,0,0,0,0,0,0,0,0,1780912579,0
142,102.347972,132.990842,3.968034,12.250042,0,0,0,0,0,0,0,0,1780912579,0
142,-70.771997,-33.28885,4.181208,13.652505,0,0,0,0,0,0,0,0,1780912579,0
143,-126.586264,-92.977653,6.118476,13.45429,0,0,0,0,0,0,0,0,1780912579,0
143,40.856537,70.093205,4.270966,6.707511,0,0,0,0,0,0,0,0,1780912579,0
144,104.150604,132.153105,5.340577,9.243163,0,0,0,0,0,0,0,0,1780912579,0
144,-74.852228,-34.590335,5.445294,10.84758,0,0,0,0,0,0,0,0,1780912579,0
145,-125.22868,-92.951473,1.86247,10.806441,0,0,0,0,0,0,0,0,1780912579,0
145,47.633236,75.972328,3.100377,7.055321,0,0,0,0,0,0,0,0,1780912579,0
146,109.330365,137.508642,4.839431,9.34788,0,0,0,0,0,0,0,0,1780912579,0
146,-67.043317,-33.430966,5.538792,8.869173,0,0,0,0,0,0,0,0,1780912579,0
147,-128.041085,-93.108549,6.563524,4.093321,0,0,0,0,0,0,0,0,1780912579,0
147,44.435621,77.913336,2.60297,7.436791,0,0,0,0,0,0,0,0,1780912579,0
148,106.981708,139.905917,5.886603,12.074267,0,0,0,0,0,0,0,0,1780912579,0
148,-69.825802,-35.87312,4.637476,12.418338,0,0,0,0,0,0,0,0,1780912579,0
149,-124.723794,-89.940854,2.715167,7.593867,0,0,0,0,0,0,0,0,1780912579,0
149,44.304725,83.160415,0.579684,6.595314,0,0,0,0,0,0,0,0,1780912579,0
150,106.54788,137.774174,4.618776,13.607626,0,0,0,0,0,0,0,0,1780912579,0
150,-68.939446,-31.374021,1.705394,10.892459,0,0,0,0,0,0,0,0,1780912579,0
151,-131.246179,-94.260438,4.772112,8.334367,0,0,0,0,0,0,0,0,1780912579,0
151,42.935921,77.172836,5.96514,12.268742,0,0,0,0,0,0,0,0,1780912579,0
152,103.526041,135.010388,2.210281,10.784002,0,0,0,0,0,0,0,0,1780912579,0
152,-69.964178,-33.468365,3.642663,11.187911,0,0,0,0,0,0,0,0,1780912579,0
153,-133.385402,-97.244879,4.274706,10.784002,0,0,0,0,0,0,0,0,1780912579,0
153,44.226187,80.36671,-1.12945,8.884132,0,0,0,0,0,0,0,0,1780912579,0
154,103.140831,139.41973,1.073351,5.97823,0,0,0,0,0,0,0,0,1780912579,0
154,-74.874667,-31.336622,7.659315,10.46611,0,0,0,0,0,0,0,0,1780912579,0
155,-135.146895,-97.985379,6.698161,10.862539,0,0,0,0,0,0,0,0,1780912579,0
155,42.288919,82.064625,6.208234,10.424971,0,0,0,0,0,0,0,0,1780912579,0
156,106.024294,144.210542,3.466887,7.11516,0,0,0,0,0,0,0,0,1780912579,0
156,-70.599961,-34.425779,0.549765,8.655998,0,0,0,0,0,0,0,0,1780912579,0
157,-123.639223,-86.556245,4.719754,8.839254,0,0,0,0,0,0,0,0,1780912579,0
157,52.921454,88.242939,4.080231,12.504356,0,0,0,0,0,0,0,0,1780912579,0
158,108.537507,145.070719,2.139223,6.557915,0,0,0,0,0,0,0,0,1780912579,0
158,-68.367241,-28.258684,1.077091,8.925271,0,0,0,0,0,0,0,0,1780912579,0
159,-132.895475,-95.958353,6.507426,5.301308,0,0,0,0,0,0,0,0,1780912579,0
159,49.387249,92.734559,3.425748,6.595314,0,0,0,0,0,0,0,0,1780912579,0
160,109.098492,146.678876,7.405002,10.697984,0,0,0,0,0,0,0,0,1780912579,0
160,-70.128734,-32.1594,7.84631,11.438484,0,0,0,0,0,0,0,0,1780912579,0
161,-125.98414,-87.738053,2.161662,7.167518,0,0,0,0,0,0,0,0,1780912579,0
161,51.309557,83.018299,-0.37025,5.21903,0,0,0,0,0,0,0,0,1780912579,0
162,104.887364,136.798061,1.645556,8.454044,0,0,0,0,0,0,0,0,1780912579,0
162,-70.581262,-31.261824,3.672582,11.457184,0,0,0,0,0,0,0,0,1780912579,0
163,-124.611597,-86.818038,4.656175,9.33666,0,0,0,0,0,0,0,0,1780912579,0
163,49.215213,85.366956,2.098084,11.258969,0,0,0,0,0,0,0,0,1780912579,0
164,100.365825,137.355306,2.752566,12.597853,0,0,0,0,0,0,0,0,1780912579,0
164,-75.372074,-40.791089,5.314398,12.448257,0,0,0,0,0,0,0,0,1780912579,0
165,-125.393236,-89.207834,4.270966,8.147372,0,0,0,0,0,0,0,0,1780912579,0
165,43.455768,82.505933,1.421162,9.875206,0,0,0,0,0,0,0,0,1780912579,0
166,99.700123,138.712889,4.802032,7.773382,0,0,0,0,0,0,0,0,1780912579,0
166,-72.365194,-33.139254,3.650142,12.036868,0,0,0,0,0,0,0,0,1780912579,0
167,-128.762886,-97.050404,0.605864,7.10768,0,0,0,0,0,0,0,0,1780912579,0
167,54.234159,86.36551,4.585117,7.967857,0,0,0,0,0,0,0,0,1780912579,0
168,101.233482,138.215483,5.24334,12.025648,0,0,0,0,0,0,0,0,1780912579,0
168,-74.983124,-29.309596,2.483294,8.020215,0,0,0,0,0,0,0,0,1780912579,0
169,-130.782432,-90.715013,5.59115,7.1189,0,0,0,0,0,0,0,0,1780912579,0
169,44.794652,86.847957,5.867903,4.751543,0,0,0,0,0,0,0,0,1780912579,0
170,96.771781,141.102685,4.543978,9.748049,0,0,0,0,0,0,0,0,1780912579,0
170,-76.149973,-27.058176,0.198215,10.305294,0,0,0,0,0,0,0,0,1780912579,0
171,-127.367903,-86.597383,6.72434,11.057014,0,0,0,0,0,0,0,0,1780912579,0
171,42.191681,82.969681,-1.985887,7.204917,0,0,0,0,0,0,0,0,1780912579,0
172,104.371258,147.621331,7.917368,13.282255,0,0,0,0,0,0,0,0,1780912579,0
172,-74.736291,-31.119708,5.935221,9.261862,0,0,0,0,0,0,0,0,1780912579,0
173,-131.934321,-90.898268,0.489927,10.372613,0,0,0,0,0,0,0,0,1780912579,0
173,44.48798,89.492066,1.10701,13.282255,0,0,0,0,0,0,0,0,1780912579,0
174,103.391404,146.944409,2.281339,11.674098,0,0,0,0,0,0,0,0,1780912579,0
174,-78.737984,-27.338669,4.529019,11.113113,0,0,0,0,0,0,0,0,1780912579,0
175,-134.720546,-86.402909,5.740746,15.069927,0,0,0,0,0,0,0,0,1780912579,0
175,47.034852,90.135329,6.511166,14.740816,0,0,0,0,0,0,0,0,1780912579,0
176,99.845979,141.985302,3.044279,11.629219,0,0,0,0,0,0,0,0,1780912579,0
176,-81.976737,-37.413959,1.398723,13.330873,0,0,0,0,0,0,0,0,1780912579,0
177,-130.85349,-85.337037,5.796845,10.555868,0,0,0,0,0,0,0,0,1780912579,0
177,47.188188,94.376375,3.522986,12.160285,0,0,0,0,0,0,0,0,1780912579,0
178,94.082793,143.952489,1.847511,13.951697,0,0,0,0,0,0,0,0,1780912579,0
178,-75.944278,-28.01933,6.600923,10.750342,0,0,0,0,0,0,0,0,1780912579,0
179,-130.262585,-86.320631,4.394382,12.33606,0,0,0,0,0,0,0,0,1780912579,0
179,48.856183,92.068857,8.455914,8.540062,0,0,0,0,0,0,0,0,1780912579,0
180,99.969396,146.611558,4.353244,8.652259,0,0,0,0,0,0,0,0,1780912579,0
180,-78.285456,-31.504917,0.108457,3.498676,0,0,0,0,0,0,0,0,1780912579,0
181,-127.409042,-78.982947,2.281339,12.900785,0,0,0,0,0,0,0,0,1780912579,0
181,47.592097,89.039538,6.039938,12.160285,0,0,0,0,0,0,0,0,1780912579,0
182,101.67853,146.237568,8.448434,10.967257,0,0,0,0,0,0,0,0,1780912579,0
182,-78.472451,-28.527957,4.947888,8.412905,0,0,0,0,0,0,0,0,1780912579,0
183,-128.160762,-83.149196,7.356383,9.493736,0,0,0,0,0,0,0,0,1780912579,0
183,40.344171,80.688342,3.75486,8.057614,0,0,0,0,0,0,0,0,1780912579,0
184,101.596252,146.237568,9.914475,12.34354,0,0,0,0,0,0,0,0,1780912579,0
184,-72.417553,-26.474752,0.620823,12.597853,0,0,0,0,0,0,0,0,1780912579,0
185,-129.761439,-81.12217,6.862716,6.483117,0,0,0,0,0,0,0,0,1780912579,0
185,46.417768,100.008665,6.406449,7.541508,0,0,0,0,0,0,0,0,1780912579,0
186,99.06434,142.336852,5.849204,8.020215,0,0,0,0,0,0,0,0,1780912579,0
186,-81.587787,-35.697345,5.793105,8.756976,0,0,0,0,0,0,0,0,1780912579,0
187,-134.264278,-84.043032,10.000492,11.681578,0,0,0,0,0,0,0,0,1780912579,0
187,40.890196,89.7202,1.88491,14.060154,0,0,0,0,0,0,0,0,1780912579,0
188,87.84464,138.825086,3.638923,11.565641,0,0,0,0,0,0,0,0,1780912579,0
188,-86.801208,-41.052882,5.505133,15.563594,0,0,0,0,0,0,0,0,1780912579,0
189,-139.702093,-89.533205,4.895529,13.244856,0,0,0,0,0,0,0,0,1780912579,0
189,35.833851,90.221347,4.072751,13.222416,0,0,0,0,0,0,0,0,1780912579,0
190,91.988449,143.881431,3.833397,-0.73863,0,0,0,0,0,0,0,0,1780912580,0
190,-82.810735,-34.451958,2.943301,12.867126,0,0,0,0,0,0,0,0,1780912580,0
191,-133.291904,-76.985841,4.4991,13.117699,0,0,0,0,0,0,0,0,1780912580,0
191,44.330904,92.917814,6.144656,13.001762,0,0,0,0,0,0,0,0,1780912580,0
192,95.941524,148.7807,4.50284,7.743463,0,0,0,0,0,0,0,0,1780912580,0
192,-84.564748,-28.595275,4.543978,10.754082,0,0,0,0,0,0,0,0,1780912580,0
193,-129.862416,-86.904055,5.62481,12.70257,0,0,0,0,0,0,0,0,1780912580,0
193,48.347557,99.010111,5.733267,9.972443,0,0,0,0,0,0,0,0,1780912580,0
194,96.786741,142.078799,4.603817,7.657445,0,0,0,0,0,0,0,0,1780912580,0
194,-85.084594,-31.336622,5.183501,9.950004,0,0,0,0,0,0,0,0,1780912580,0
195,-131.014305,-87.790412,9.383409,11.644179,0,0,0,0,0,0,0,0,1780912580,0
195,46.466387,94.555891,4.319584,13.517868,0,0,0,0,0,0,0,0,1780912580,0
196,97.130812,140.231289,3.773559,12.612813,0,0,0,0,0,0,0,0,1780912580,0
196,-80.817368,-38.333975,8.859823,12.575414,0,0,0,0,0,0,0,0,1780912580,0
197,-133.112389,-82.333898,6.032459,4.254136,0,0,0,0,0,0,0,0,1780912580,0
197,48.654228,97.465533,4.637476,12.149065,0,0,0,0,0,0,0,0,1780912580,0
198,94.94297,145.848618,6.137176,16.479869,0,0,0,0,0,0,0,0,1780912580,0
198,-87.025602,-35.89556,6.810358,8.255829,0,0,0,0,0,0,0,0,1780912580,0
199,-129.447287,-78.938068,6.36531,9.400239,0,0,0,0,0,0,0,0,1780912580,0
199,46.043778,94.279138,3.186395,9.007549,0,0,0,0,0,0,0,0,1780912580,0
200,91.506002,147.314659,2.655329,11.023355,0,0,0,0,0,0,0,0,1780912580,0
200,-82.556422,-38.681785,7.502239,16.016122,0,0,0,0,0,0,0,0,1780912580,0
0,-135.053397,-88.549611,4.450481,14.845533,0,0,0,0,0,0,0,0,1780912580,0
101,45.015306,95.771358,1.933528,13.181277,0,0,0,0,0,0,0,0,1780912580,0
101,97.441223,143.649557,1.727834,11.071974,0,0,0,0,0,0,0,0,1780912580,0
102,-83.068788,-38.793982,4.727234,10.421231,0,0,0,0,0,0,0,0,1780912580,0
102,-130.872189,-91.044125,-0.433828,13.394452,0,0,0,0,0,0,0,0,1780912580,0
103,48.269019,91.459253,3.010619,12.190204,0,0,0,0,0,0,0,0,1780912580,0
103,94.019215,137.299207,6.440108,13.981616,0,0,0,0,0,0,0,0,1780912580,0
104,-90.144679,-41.535329,3.062978,10.705464,0,0,0,0,0,0,0,0,1780912580,0
104,-135.977153,-77.831058,-1.746533,9.763009,0,0,0,0,0,0,0,0,1780912580,0
105,42.674128,97.57773,4.689835,9.265602,0,0,0,0,0,0,0,0,1780912580,0
105,87.523009,141.865625,2.034506,6.894506,0,0,0,0,0,0,0,0,1780912580,0
106,-84.415152,-31.564756,3.451928,8.798115,0,0,0,0,0,0,0,0,1780912580,0
106,-129.121916,-83.762539,2.756306,11.079454,0,0,0,0,0,0,0,0,1780912580,0
107,42.419815,88.302778,5.856683,8.869173,0,0,0,0,0,0,0,0,1780912580,0
107,90.956237,138.731589,1.49222,7.706064,0,0,0,0,0,0,0,0,1780912580,0
108,-88.514082,-40.256283,4.166249,12.078007,0,0,0,0,0,0,0,0,1780912580,0
108,-130.988126,-84.921908,2.838584,10.941077,0,0,0,0,0,0,0,0,1780912580,0
109,47.431281,99.380362,4.566418,9.041208,0,0,0,0,0,0,0,0,1780912580,0
109,95.526395,141.914244,-0.669442,17.893551,0,0,0,0,0,0,0,0,1780912580,0
110,-85.716637,-38.102101,8.093144,9.194544,0,0,0,0,0,0,0,0,1780912580,0
110,-129.451027,-78.12651,3.119077,6.995483,0,0,0,0,0,0,0,0,1780912580,0
111,51.844363,103.830842,6.660762,9.598453,0,0,0,0,0,0,0,0,1780912580,0
111,90.653305,142.078799,3.938115,9.867726,0,0,0,0,0,0,0,0,1780912580,0
112,-88.626279,-33.741377,2.172882,14.348126,0,0,0,0,0,0,0,0,1780912580,0
112,-128.056044,-75.14581,3.75486,11.042055,0,0,0,0,0,0,0,0,1780912580,0
113,45.658569,97.323417,1.578238,9.927564,0,0,0,0,0,0,0,0,1780912580,0
113,90.197037,141.985302,3.38087,8.525102,0,0,0,0,0,0,0,0,1780912580,0
114,-89.632312,-35.652466,4.85813,14.056414,0,0,0,0,0,0,0,0,1780912580,0
114,-130.015752,-77.281293,0.220654,7.642486,0,0,0,0,0,0,0,0,1780912580,0
115,48.542031,99.234505,4.820731,10.948557,0,0,0,0,0,0,0,0,1780912580,0
115,89.086287,139.846079,4.611297,8.20721,0,0,0,0,0,0,0,0,1780912580,0
116,-88.573921,-38.827641,3.178915,11.823694,0,0,0,0,0,0,0,0,1780912580,0
116,-124.85469,-78.88197,5.385456,6.105387,0,0,0,0,0,0,0,0,1780912580,0
117,44.678715,94.94484,0.310412,10.047241,0,0,0,0,0,0,0,0,1780912580,0
117,92.728949,137.609619,3.601524,5.929611,0,0,0,0,0,0,0,0,1780912580,0
118,-89.826787,-41.344594,9.630242,14.004055,0,0,0,0,0,0,0,0,1780912580,0
118,-129.993313,-83.844817,3.717461,12.063047,0,0,0,0,0,0,0,0,1780912580,0
119,44.689935,91.171281,7.255406,11.670358,0,0,0,0,0,0,0,0,1780912580,0
119,85.58948,132.149365,8.063224,11.879792,0,0,0,0,0,0,0,0,1780912580,0
120,-92.078207,-48.738376,2.012066,9.658292,0,0,0,0,0,0,0,0,1780912580,0
120,-132.050258,-88.437414,5.202201,8.158592,0,0,0,0,0,0,0,0,1780912580,0
121,49.959454,92.581223,2.165402,10.215537,0,0,0,0,0,0,0,0,1780912580,0
121,91.22925,139.161677,4.974067,9.116006,0,0,0,0,0,0,0,0,1780912580,0
122,-90.331674,-43.061208,8.160462,8.98137,0,0,0,0,0,0,0,0,1780912580,0
122,-128.340277,-78.590258,3.388349,7.990296,0,0,0,0,0,0,0,0,1780912580,0
123,50.131489,101.927233,7.524679,9.961224,0,0,0,0,0,0,0,0,1780912580,0
123,89.377999,140.18641,2.23272,12.306141,0,0,0,0,0,0,0,0,1780912580,0
124,-90.541108,-38.958538,2.460854,11.165471,0,0,0,0,0,0,0,0,1780912580,0
124,-129.619323,-83.295052,3.541685,12.186464,0,0,0,0,0,0,0,0,1780912580,0
125,51.130042,97.282278,0.871397,15.428957,0,0,0,0,0,0,0,0,1780912580,0
125,97.755375,143.114752,2.576791,11.60678,0,0,0,0,0,0,0,0,1780912580,0
126,-85.914852,-36.561262,5.452774,9.938784,0,0,0,0,0,0,0,0,1780912580,0
126,-126.74334,-76.926002,1.013513,15.619692,0,0,0,0,0,0,0,0,1780912580,0
127,55.722639,99.017591,3.182655,11.457184,0,0,0,0,0,0,0,0,1780912580,0
127,94.744756,136.764401,2.516953,7.608826,0,0,0,0,0,0,0,0,1780912580,0
128,-87.253736,-40.880846,4.338284,14.078853,0,0,0,0,0,0,0,0,1780912580,0
128,-129.035898,-76.499654,-2.887203,10.155698,0,0,0,0,0,0,0,0,1780912580,0
129,54.293998,101.542024,3.433228,8.435344,0,0,0,0,0,0,0,0,1780912580,0
129,89.277022,136.046341,0.916275,9.101047,0,0,0,0,0,0,0,0,1780912580,0
130,-86.917145,-45.99329,3.205094,7.623786,0,0,0,0,0,0,0,0,1780912580,0
130,-121.066171,-79.375637,3.73616,14.796914,0,0,0,0,0,0,0,0,1780912580,0
131,55.296291,96.279984,4.072751,4.8413,0,0,0,0,0,0,0,0,1780912580,0
131,93.024402,139.333713,5.321878,5.824894,0,0,0,0,0,0,0,0,1780912580,0
132,-87.272435,-44.381393,5.363017,13.891858,0,0,0,0,0,0,0,0,1780912580,0
132,-126.029019,-81.997307,-1.537099,9.119746,0,0,0,0,0,0,0,0,1780912580,0
133,56.44444,98.149934,4.921708,9.411458,0,0,0,0,0,0,0,0,1780912580,0
133,97.059754,142.579946,3.900716,17.21289,0,0,0,0,0,0,0,0,1780912580,0
134,-92.463417,-42.522662,5.033905,10.884979,0,0,0,0,0,0,0,0,1780912580,0
134,-125.251119,-78.982947,4.603817,2.6198,0,0,0,0,0,0,0,0,1780912580,0
135,44.12895,96.986826,3.814698,10.08838,0,0,0,0,0,0,0,0,1780912580,0
135,90.492489,135.051527,6.122216,11.049534,0,0,0,0,0,0,0,0,1780912580,0
136,-89.086287,-41.47923,6.133436,10.660585,0,0,0,0,0,0,0,0,1780912580,0
136,-131.272358,-82.831304,4.48414,5.944571,0,0,0,0,0,0,0,0,1780912580,0
137,49.978153,97.241139,4.4991,11.554421,0,0,0,0,0,0,0,0,1780912580,0
137,88.166272,137.17579,1.424902,9.460077,0,0,0,0,0,0,0,0,1780912580,0
138,-95.470296,-46.116706,4.360723,10.47359,0,0,0,0,0,0,0,0,1780912580,0
138,-127.364163,-83.586764,-2.393536,7.85192,0,0,0,0,0,0,0,0,1780912580,0
139,55.359869,96.478199,8.369896,12.021908,0,0,0,0,0,0,0,0,1780912580,0
139,89.284502,137.284248,3.769819,11.042055,0,0,0,0,0,0,0,0,1780912580,0
140,-95.668511,-46.049388,5.456514,13.012982,0,0,0,0,0,0,0,0,1780912580,0
140,-129.522085,-81.051112,6.679461,4.889919,0,0,0,0,0,0,0,0,1780912580,0
141,52.397868,102.570496,2.954521,8.730796,0,0,0,0,0,0,0,0,1780912580,0
141,86.74137,135.272181,4.050312,11.5993,0,0,0,0,0,0,0,0,1780912580,0
142,-94.995329,-44.740423,3.833397,10.410012,0,0,0,0,0,0,0,0,1780912580,0
142,-133.744432,-80.183455,3.302332,13.274775,0,0,0,0,0,0,0,0,1780912580,0
143,52.240793,99.735652,1.787672,7.178738,0,0,0,0,0,0,0,0,1780912580,0
143,87.036822,133.424671,2.015806,9.576014,0,0,0,0,0,0,0,0,1780912580,0
144,-88.203671,-46.920785,4.09519,7.290935,0,0,0,0,0,0,0,0,1780912580,0
144,-133.729473,-90.655175,4.10267,7.077761,0,0,0,0,0,0,0,0,1780912580,0
145,41.425002,79.970281,7.251666,9.205764,0,0,0,0,0,0,0,0,1780912580,0
145,81.928118,134.015575,3.238753,7.904279,0,0,0,0,0,0,0,0,1780912580,0
146,-91.58454,-40.518076,3.407049,9.112266,0,0,0,0,0,0,0,0,1780912580,0
146,-135.891135,-70.818746,5.98384,10.346433,0,0,0,0,0,0,0,0,1780912580,0
147,53.871389,111.579915,5.404155,11.247749,0,0,0,0,0,0,0,0,1780912580,0
147,81.13526,142.613605,5.179761,7.261016,0,0,0,0,0,0,0,0,1780912580,0
148,-92.942124,-33.789996,7.793952,15.500015,0,0,0,0,0,0,0,0,1780912580,0
148,-133.912728,-73.324479,7.405002,11.640439,0,0,0,0,0,0,0,0,1780912580,0
149,47.240546,104.833136,7.719154,8.267049,0,0,0,0,0,0,0,0,1780912580,0
149,77.735691,138.970942,4.884309,11.244009,0,0,0,0,0,0,0,0,1780912580,0
150,-111.192836,-46.528095,7.951027,11.128072,0,0,0,0,0,0,0,0,1780912580,0
150,-137.55913,-75.336545,-0.01122,10.922378,0,0,0,0,0,0,0,0,1780912580,0
151,39.371797,104.68728,1.896129,10.795221,0,0,0,0,0,0,0,0,1780912580,0
151,76.142493,146.589119,6.204494,12.096706,0,0,0,0,0,0,0,0,1780912580,0
152,-107.954082,-36.303209,5.063825,10.567087,0,0,0,0,0,0,0,0,1780912580,0
152,-137.525471,-70.818746,4.551458,8.401685,0,0,0,0,0,0,0,0,1780912580,0
153,46.215814,109.683786,3.911935,14.692197,0,0,0,0,0,0,0,0,1780912580,0
153,79.141893,138.735329,5.9988,7.85192,0,0,0,0,0,0,0,0,1780912580,0
154,-101.831866,-43.076168,3.702501,11.027095,0,0,0,0,0,0,0,0,1780912580,0
154,-133.370442,-78.276106,10.430581,9.396499,0,0,0,0,0,0,0,0,1780912580,0
155,47.072251,106.201939,3.72868,10.746603,0,0,0,0,0,0,0,0,1780912580,0
155,82.653659,145.994475,6.627103,6.628973,0,0,0,0,0,0,0,0,1780912580,0
156,-100.133951,-40.35726,2.771266,11.101893,0,0,0,0,0,0,0,0,1780912580,0
156,-139.657214,-71.985594,-0.987334,7.46671,0,0,0,0,0,0,0,0,1780912580,0
157,42.831204,101.205433,4.760893,10.82514,0,0,0,0,0,0,0,0,1780912580,0
157,75.387033,131.820254,0.639523,14.445364,0,0,0,0,0,0,0,0,1780912580,0
158,-106.566579,-42.182332,4.506579,11.793775,0,0,0,0,0,0,0,0,1780912580,0
158,-137.170181,-72.000554,0.411389,2.739477,0,0,0,0,0,0,0,0,1780912580,0
159,40.834098,103.385794,2.116783,8.491443,0,0,0,0,0,0,0,0,1780912580,0
159,78.86514,136.420331,1.481,7.133859,0,0,0,0,0,0,0,0,1780912580,0
160,-101.233482,-40.963124,3.35469,15.245702,0,0,0,0,0,0,0,0,1780912580,0
160,-134.107203,-73.429196,1.204248,10.353913,0,0,0,0,0,0,0,0,1780912580,0
161,44.772212,104.765817,7.259146,10.264155,0,0,0,0,0,0,0,0,1780912580,0
161,75.775983,138.353859,3.096637,6.812228,0,0,0,0,0,0,0,0,1780912580,0
162,-106.592759,-48.162432,4.87309,12.840946,0,0,0,0,0,0,0,0,1780912580,0
162,-130.756252,-70.758907,2.644109,4.257876,0,0,0,0,0,0,0,0,1780912580,0
163,52.607303,104.65736,2.378576,9.36284,0,0,0,0,0,0,0,0,1780912580,0
163,77.735691,134.150211,4.360723,14.146172,0,0,0,0,0,0,0,0,1780912580,0
164,-105.115498,-49.284402,6.821578,8.629819,0,0,0,0,0,0,0,0,1780912580,0
164,-135.868695,-73.451635,0.789119,8.394205,0,0,0,0,0,0,0,0,1780912580,0
165,45.935321,105.899007,6.163355,8.495183,0,0,0,0,0,0,0,0,1780912580,0
165,77.227064,129.273382,3.949334,7.283455,0,0,0,0,0,0,0,0,1780912580,0
166,-104.883624,-43.73439,-1.13693,15.256922,0,0,0,0,0,0,0,0,1780912580,0
166,-129.406148,-78.081631,4.716014,11.322547,0,0,0,0,0,0,0,0,1780912580,0
167,49.215213,99.746872,2.030766,11.027095,0,0,0,0,0,0,0,0,1780912580,0
167,78.782863,135.231042,2.083124,11.95833,0,0,0,0,0,0,0,0,1780912580,0
168,-106.91065,-44.983517,8.298838,11.408565,0,0,0,0,0,0,0,0,1780912580,0
168,-131.425694,-74.046279,3.231274,10.398792,0,0,0,0,0,0,0,0,1780912580,0
169,45.359377,105.970065,0.332851,8.349327,0,0,0,0,0,0,0,0,1780912580,0
169,74.680192,129.262162,0.774159,8.195991,0,0,0,0,0,0,0,0,1780912580,0
170,-106.637637,-49.291881,-0.231874,14.082593,0,0,0,0,0,0,0,0,1780912580,0
170,-128.796545,-82.397476,0.220654,9.893905,0,0,0,0,0,0,0,0,1780912580,0
171,51.799484,101.119415,3.859577,12.201424,0,0,0,0,0,0,0,0,1780912580,0
171,79.067095,127.668965,3.575344,8.59242,0,0,0,0,0,0,0,0,1780912580,0
172,-96.259415,-44.257976,7.932328,14.901631,0,0,0,0,0,0,0,0,1780912580,0
172,-126.234713,-68.720662,5.553751,7.044102,0,0,0,0,0,0,0,0,1780912580,0
173,50.756052,112.275537,2.827364,6.73369,0,0,0,0,0,0,0,0,1780912580,0
173,74.803609,135.30584,1.922309,11.187911,0,0,0,0,0,0,0,0,1780912580,0
174,-103.993528,-46.150365,1.712874,11.187911,0,0,0,0,0,0,0,0,1780912580,0
174,-128.770365,-76.301439,5.744486,6.385879,0,0,0,0,0,0,0,0,1780912580,0
175,53.680654,104.978992,5.770666,12.904525,0,0,0,0,0,0,0,0,1780912580,0
175,83.670912,137.703116,5.075044,10.45489,0,0,0,0,0,0,0,0,1780912580,0
176,-106.282347,-52.040708,2.917122,8.566241,0,0,0,0,0,0,0,0,1780912580,0
176,-127.450181,-73.26838,9.533005,10.395052,0,0,0,0,0,0,0,0,1780912580,0
177,57.282178,106.306656,7.573297,9.538615,0,0,0,0,0,0,0,0,1780912580,0
177,83.151066,134.157691,0.73302,10.002362,0,0,0,0,0,0,0,0,1780912580,0
178,-100.665017,-47.384532,3.781039,10.597007,0,0,0,0,0,0,0,0,1780912580,0
178,-123.605563,-80.045079,6.33913,12.418338,0,0,0,0,0,0,0,0,1780912580,0
179,54.477253,107.432366,3.399569,9.863986,0,0,0,0,0,0,0,0,1780912580,0
179,84.250596,133.892158,5.348057,12.747449,0,0,0,0,0,0,0,0,1780912580,0
180,-102.639684,-52.586733,2.090604,13.749742,0,0,0,0,0,0,0,0,1780912580,0
180,-125.954221,-76.933482,2.273859,10.907418,0,0,0,0,0,0,0,0,1780912580,0
181,54.391235,110.401847,5.722047,16.412551,0,0,0,0,0,0,0,0,1780912580,0
181,78.947418,131.509842,6.107257,9.460077,0,0,0,0,0,0,0,0,1780912580,0
182,-102.606025,-52.302501,3.773559,10.496029,0,0,0,0,0,0,0,0,1780912580,0
182,-129.256552,-76.282739,5.063825,9.497476,0,0,0,0,0,0,0,0,1780912580,0
183,56.324763,104.911674,3.242493,11.827434,0,0,0,0,0,0,0,0,1780912580,0
183,80.450858,132.235383,1.350104,6.569134,0,0,0,0,0,0,0,0,1780912580,0
184,-103.410104,-54.086433,4.289665,11.472143,0,0,0,0,0,0,0,0,1780912580,0
184,-125.086564,-75.714275,4.87309,9.964963,0,0,0,0,0,0,0,0,1780912580,0
185,61.096876,111.740731,3.657622,7.784602,0,0,0,0,0,0,0,0,1780912580,0
185,79.23913,133.155398,8.852343,13.562747,0,0,0,0,0,0,0,0,1780912580,0
186,-96.528688,-52.205263,3.324771,10.567087,0,0,0,0,0,0,0,0,1780912580,0
186,-117.225294,-70.867364,5.9988,10.671805,0,0,0,0,0,0,0,0,1780912580,0
187,57.431774,104.504024,2.539392,12.994282,0,0,0,0,0,0,0,0,1780912580,0
187,82.504063,131.19943,3.033059,11.513282,0,0,0,0,0,0,0,0,1780912580,0
188,-98.342539,-47.156399,4.413082,12.418338,0,0,0,0,0,0,0,0,1780912580,0
188,-119.61883,-67.101285,4.375683,9.516175,0,0,0,0,0,0,0,0,1780912580,0
189,59.380262,114.874767,4.727234,13.031681,0,0,0,0,0,0,0,0,1780912580,0
189,82.148772,132.740269,-0.912536,11.169211,0,0,0,0,0,0,0,0,1780912580,0
190,-101.30828,-51.876152,1.843771,9.460077,0,0,0,0,0,0,0,0,1780912581,0
190,-124.4994,-71.372251,0.557245,5.312528,0,0,0,0,0,0,0,0,1780912581,0
191,58.153574,113.008557,3.010619,10.178138,0,0,0,0,0,0,0,0,1780912581,0
191,81.830881,128.013036,1.555798,15.829127,0,0,0,0,0,0,0,0,1780912581,0
192,-101.110065,-51.520862,2.565571,16.165718,0,0,0,0,0,0,0,0,1780912581,0
192,-118.220108,-76.26404,2.056945,9.994883,0,0,0,0,0,0,0,0,1780912581,0
193,60.292797,113.236691,6.986133,15.223263,0,0,0,0,0,0,0,0,1780912581,0
193,83.465217,132.074567,2.62167,15.047487,0,0,0,0,0,0,0,0,1780912581,0
194,-103.746695,-48.390566,1.279046,10.862539,0,0,0,0,0,0,0,0,1780912581,0
194,-119.271019,-78.780993,-2.139223,8.139892,0,0,0,0,0,0,0,0,1780912581,0
195,61.6803,110.850635,3.766079,5.757576,0,0,0,0,0,0,0,0,1780912581,0
195,77.690812,122.6014,1.409942,12.32858,0,0,0,0,0,0,0,0,1780912581,0
196,-105.354852,-52.381039,0.714321,14.161131,0,0,0,0,0,0,0,0,1780912581,0
196,-119.110204,-70.859884,1.406202,13.603886,0,0,0,0,0,0,0,0,1780912581,0
197,58.665941,106.497391,5.763186,11.311327,0,0,0,0,0,0,0,0,1780912581,0
197,81.067941,131.539761,-1.555798,9.594713,0,0,0,0,0,0,0,0,1780912581,0
198,-101.476575,-47.305995,2.887203,-0.581554,0,0,0,0,0,0,0,0,1780912581,0
198,-119.914282,-68.533667,-1.458561,8.427865,0,0,0,0,0,0,0,0,1780912581,0
199,62.173967,110.596321,5.153582,7.679885,0,0,0,0,0,0,0,0,1780912581,0
199,82.130073,130.948857,5.205941,10.047241,0,0,0,0,0,0,0,0,1780912581,0
200,-99.083039,-53.603986,6.593444,12.500616,0,0,0,0,0,0,0,0,1780912581,0
200,-112.849611,-69.038553,2.382316,13.054121,0,0,0,0,0,0,0,0,1780912581,0
0,67.937153,115.559169,5.383586,19.789681,0,0,0,0,0,0,0,0,1780912581,0
101,78.304155,128.121493,7.081501,8.670958,0,0,0,0,0,0,0,0,1780912581,0
101,-101.364378,-51.098253,1.763363,10.611966,0,0,0,0,0,0,0,0,1780912581,0
102,-115.302986,-70.347518,6.606533,5.693998,0,0,0,0,0,0,0,0,1780912581,0
102,64.978892,113.786456,1.610027,8.169811,0,0,0,0,0,0,0,0,1780912581,0
103,82.537722,126.109427,7.186218,9.893905,0,0,0,0,0,0,0,0,1780912581,0
103,-103.024894,-52.063147,5.140492,13.480469,0,0,0,0,0,0,0,0,1780912581,0
104,-123.205394,-72.168849,5.301308,9.130966,0,0,0,0,0,0,0,0,1780912581,0
104,65.506218,120.892266,2.331828,13.304694,0,0,0,0,0,0,0,0,1780912581,0
105,82.440485,131.479923,4.878699,13.379492,0,0,0,0,0,0,0,0,1780912581,0
105,-105.171597,-52.407218,2.98631,8.244609,0,0,0,0,0,0,0,0,1780912581,0
106,-118.407103,-68.226995,-0.256183,14.538861,0,0,0,0,0,0,0,0,1780912581,0
106,65.509958,107.720338,3.592174,14.624879,0,0,0,0,0,0,0,0,1780912581,0
107,81.023063,128.618899,3.715591,11.258969,0,0,0,0,0,0,0,0,1780912581,0
107,-101.570073,-53.84334,3.891366,11.520762,0,0,0,0,0,0,0,0,1780912581,0
108,-111.802439,-65.983055,3.637053,9.478776,0,0,0,0,0,0,0,0,1780912581,0
108,67.940893,117.294482,0.259923,5.649119,0,0,0,0,0,0,0,0,1780912581,0
109,86.240223,133.682724,2.99753,12.33606,0,0,0,0,0,0,0,0,1780912581,0
109,-99.457029,-50.036122,6.262462,9.583494,0,0,0,0,0,0,0,0,1780912581,0
110,-121.11479,-69.487341,4.826341,7.48915,0,0,0,0,0,0,0,0,1780912581,0
110,63.93172,108.505717,8.409165,7.773382,0,0,0,0,0,0,0,0,1780912581,0
111,77.997484,126.053328,5.432205,15.840346,0,0,0,0,0,0,0,0,1780912581,0
111,-102.568626,-57.616899,2.776876,7.332074,0,0,0,0,0,0,0,0,1780912581,0
112,-118.549219,-68.473828,2.335568,11.662878,0,0,0,0,0,0,0,0,1780912581,0
112,64.025217,112.642047,1.965317,9.202024,0,0,0,0,0,0,0,0,1780912581,0
113,77.571135,124.886479,4.291535,11.655398,0,0,0,0,0,0,0,0,1780912581,0
113,-106.222508,-56.528588,0.559115,10.271635,0,0,0,0,0,0,0,0,1780912581,0
114,-116.540892,-66.244848,-2.496383,8.528842,0,0,0,0,0,0,0,0,1780912581,0
114,61.32127,108.116768,2.642239,5.428465,0,0,0,0,0,0,0,0,1780912581,0
115,70.872974,124.819161,1.239777,12.915744,0,0,0,0,0,0,0,0,1780912581,0
115,-108.844178,-58.570573,4.033482,6.378399,0,0,0,0,0,0,0,0,1780912581,0
116,-118.665156,-71.368511,5.293828,6.206364,0,0,0,0,0,0,0,0,1780912581,0
116,65.177106,113.816375,0.955544,9.576014,0,0,0,0,0,0,0,0,1780912581,0
117,79.504663,127.964417,8.326887,15.70945,0,0,0,0,0,0,0,0,1780912581,0
117,-98.888565,-52.093066,7.721023,8.184771,0,0,0,0,0,0,0,0,1780912581,0
118,-114.057599,-71.746241,1.437992,11.689057,0,0,0,0,0,0,0,0,1780912581,0
118,54.608149,109.234998,7.077761,7.231097,0,0,0,0,0,0,0,0,1780912581,0
119,84.022462,134.542901,4.164379,9.673251,0,0,0,0,0,0,0,0,1780912581,0
119,-101.424217,-50.903778,5.581801,7.275975,0,0,0,0,0,0,0,0,1780912581,0
120,-115.87519,-61.67469,3.248103,8.124933,0,0,0,0,0,0,0,0,1780912581,0
120,61.272651,117.859207,1.819461,8.446564,0,0,0,0,0,0,0,0,1780912581,0
121,76.99893,134.239969,6.296122,9.770489,0,0,0,0,0,0,0,0,1780912581,0
121,-101.801947,-40.951905,6.628973,9.553574,0,0,0,0,0,0,0,0,1780912581,0
122,-123.695321,-62.908857,1.12758,5.581801,0,0,0,0,0,0,0,0,1780912581,0
122,65.199546,126.401139,3.861447,11.359946,0,0,0,0,0,0,0,0,1780912581,0
123,66.635667,122.380746,6.628973,13.704863,0,0,0,0,0,0,0,0,1780912581,0
123,-119.147603,-63.323986,-0.626433,7.556468,0,0,0,0,0,0,0,0,1780912581,0
124,-126.302031,-70.014667,2.672159,7.84444,0,0,0,0,0,0,0,0,1780912581,0
124,54.869942,120.787549,5.735137,7.608826,0,0,0,0,0,0,0,0,1780912581,0
125,59.544817,124.235737,7.784602,11.172951,0,0,0,0,0,0,0,0,1780912581,0
125,-111.615444,-48.779515,-0.476837,10.054721,0,0,0,0,0,0,0,0,1780912581,0
126,-123.934675,-61.207203,1.86434,11.247749,0,0,0,0,0,0,0,0,1780912581,0
126,54.671728,116.022916,0.3609,8.801855,0,0,0,0,0,0,0,0,1780912581,0
127,68.090489,121.367233,9.029988,17.328826,0,0,0,0,0,0,0,0,1780912581,0
127,-115.949988,-60.91923,1.916699,11.113113,0,0,0,0,0,0,0,0,1780912581,0
128,-119.940462,-66.985348,4.747803,11.382386,0,0,0,0,0,0,0,0,1780912581,0
128,64.496445,113.390027,6.415798,5.379846,0,0,0,0,0,0,0,0,1780912581,0
129,70.558823,119.284109,6.445718,14.172351,0,0,0,0,0,0,0,0,1780912581,0
129,-115.467541,-64.094405,3.386479,11.303848,0,0,0,0,0,0,0,0,1780912581,0
130,-121.088611,-63.806433,0.01683,7.930458,0,0,0,0,0,0,0,0,1780912581,0
130,58.897814,117.530096,6.572874,8.947711,0,0,0,0,0,0,0,0,1780912581,0
131,70.439146,124.878999,5.462124,12.900785,0,0,0,0,0,0,0,0,1780912581,0
131,-114.805579,-57.669257,0.955544,13.656245,0,0,0,0,0,0,0,0,1780912581,0
132,-125.61763,-68.960015,6.135306,12.137845,0,0,0,0,0,0,0,0,1780912581,0
132,54.522132,114.968265,1.303355,7.350773,0,0,0,0,0,0,0,0,1780912581,0
133,67.495844,128.731096,8.58494,12.365979,0,0,0,0,0,0,0,0,1780912581,0
133,-114.166056,-63.275367,4.721624,10.08838,0,0,0,0,0,0,0,0,1780912581,0
134,-119.603871,-66.15883,2.24581,11.292628,0,0,0,0,0,0,0,0,1780912581,0
134,53.299184,113.487264,2.668419,8.884132,0,0,0,0,0,0,0,0,1780912581,0
135,67.316329,122.803355,7.881839,14.228449,0,0,0,0,0,0,0,0,1780912581,0
135,-113.597591,-64.550673,5.462124,9.426418,0,0,0,0,0,0,0,0,1780912581,0
136,-117.524486,-64.995721,6.954344,11.924671,0,0,0,0,0,0,0,0,1780912581,0
136,58.235852,111.942685,5.379846,9.437638,0,0,0,0,0,0,0,0,1780912581,0
137,61.945833,117.672212,4.411212,7.979077,0,0,0,0,0,0,0,0,1780912581,0
137,-116.660569,-63.982208,5.099354,11.928411,0,0,0,0,0,0,0,0,1780912581,0
138,-117.449688,-64.771327,1.621247,6.677591,0,0,0,0,0,0,0,0,1780912581,0
138,59.862709,112.52237,-0.772289,6.939384,0,0,0,0,0,0,0,0,1780912581,0
139,68.251304,125.122093,2.687118,12.956883,0,0,0,0,0,0,0,0,1780912581,0
139,-114.857937,-60.878091,4.605687,8.050135,0,0,0,0,0,0,0,0,1780912581,0
140,-117.042039,-65.294913,1.206118,6.243763,0,0,0,0,0,0,0,0,1780912581,0
140,63.654967,115.929419,3.928765,8.027695,0,0,0,0,0,0,0,0,1780912581,0
141,67.892274,117.806849,3.554775,11.113113,0,0,0,0,0,0,0,0,1780912581,0
141,-109.483701,-61.910304,2.638499,8.22965,0,0,0,0,0,0,0,0,1780912581,0
142,-111.533166,-60.94167,2.372967,8.816814,0,0,0,0,0,0,0,0,1780912581,0
142,69.937999,115.473151,4.773982,7.410612,0,0,0,0,0,0,0,0,1780912581,0
143,72.484871,120.331281,4.85626,11.258969,0,0,0,0,0,0,0,0,1780912581,0
143,-113.971581,-66.207449,4.321454,13.84324,0,0,0,0,0,0,0,0,1780912581,0
144,-121.204548,-68.03252,8.016476,10.241716,0,0,0,0,0,0,0,0,1780912581,0
144,65.106048,118.364094,3.38274,9.695691,0,0,0,0,0,0,0,0,1780912581,0
145,73.131874,119.501023,3.891366,14.94651,0,0,0,0,0,0,0,0,1780912581,0
145,-109.969888,-63.821393,4.639346,10.690504,0,0,0,0,0,0,0,0,1780912581,0
146,-116.073405,-67.628611,7.807041,6.838407,0,0,0,0,0,0,0,0,1780912581,0
146,65.521177,108.359861,1.030342,9.826587,0,0,0,0,0,0,0,0,1780912581,0
147,63.815783,115.016883,7.328334,12.35102,0,0,0,0,0,0,0,0,1780912581,0
147,-119.173782,-66.824532,2.23833,8.035175,0,0,0,0,0,0,0,0,1780912581,0
148,-122.651889,-76.832505,0.491797,12.564194,0,0,0,0,0,0,0,0,1780912581,0
148,64.466525,109.511751,1.337014,9.882686,0,0,0,0,0,0,0,0,1780912581,0
149,70.528903,115.753644,8.371766,9.744309,0,0,0,0,0,0,0,0,1780912581,0
149,-115.534859,-64.094405,2.070035,9.35536,0,0,0,0,0,0,0,0,1780912581,0
150,-115.755513,-62.968696,0.020569,9.000069,0,0,0,0,0,0,0,0,1780912581,0
150,67.189173,116.161293,4.609427,14.015275,0,0,0,0,0,0,0,0,1780912581,0
151,70.315729,123.869226,3.00127,9.792928,0,0,0,0,0,0,0,0,1780912581,0
151,-112.071712,-59.273674,9.089827,11.490843,0,0,0,0,0,0,0,0,1780912581,0
152,-113.433036,-64.434736,-1.789542,6.176445,0,0,0,0,0,0,0,0,1780912581,0
152,73.300169,117.032689,2.103694,14.310727,0,0,0,0,0,0,0,0,1780912581,0
153,70.394267,122.182532,2.365487,10.069681,0,0,0,0,0,0,0,0,1780912581,0
153,-108.709542,-55.990042,5.204071,8.756976,0,0,0,0,0,0,0,0,1780912581,0
154,-105.003301,-60.455483,1.699785,9.183324,0,0,0,0,0,0,0,0,1780912581,0
154,74.358561,120.585594,4.141939,5.948311,0,0,0,0,0,0,0,0,1780912581,0
155,72.873821,121.337314,0.873267,11.330027,0,0,0,0,0,0,0,0,1780912581,0
155,-107.224802,-60.122632,5.540662,8.184771,0,0,0,0,0,0,0,0,1780912581,0
156,-111.305033,-61.30818,4.422432,12.085487,0,0,0,0,0,0,0,0,1780912581,0
156,69.90808,122.032936,5.290088,4.254136,0,0,0,0,0,0,0,0,1780912581,0
157,71.164686,120.664132,-0.719931,8.648519,0,0,0,0,0,0,0,0,1780912581,0
157,-113.608811,-61.652251,4.725364,12.515575,0,0,0,0,0,0,0,0,1780912581,0
158,-110.859984,-62.587226,4.979677,6.273682,0,0,0,0,0,0,0,0,1780912581,0
158,66.508511,117.563755,4.751543,10.85132,0,0,0,0,0,0,0,0,1780912581,0
159,67.929673,121.520569,5.305048,12.728749,0,0,0,0,0,0,0,0,1780912581,0
159,-114.581185,-60.904271,4.299015,6.236283,0,0,0,0,0,0,0,0,1780912581,0
160,-112.546679,-61.450296,6.658892,8.869173,0,0,0,0,0,0,0,0,1780912581,0
160,70.28207,118.921339,6.35596,6.314821,0,0,0,0,0,0,0,0,1780912581,0
161,72.496091,111.516337,4.837561,12.257522,0,0,0,0,0,0,0,0,1780912581,0
161,-112.367164,-65.78484,7.010442,10.241716,0,0,0,0,0,0,0,0,1780912581,0
162,-108.328072,-56.274275,1.000423,13.977876,0,0,0,0,0,0,0,0,1780912581,0
162,75.51793,130.526248,5.402285,14.075113,0,0,0,0,0,0,0,0,1780912581,0
163,66.845102,113.569542,-0.884486,7.249796,0,0,0,0,0,0,0,0,1780912581,0
163,-118.88207,-71.697622,3.214444,11.57686,0,0,0,0,0,0,0,0,1780912581,0
164,-95.634852,-55.937684,2.664679,4.646826,0,0,0,0,0,0,0,0,1780912581,0
164,77.840408,125.843894,5.488303,13.334613,0,0,0,0,0,0,0,0,1780912581,0
165,78.962378,115.562909,4.788942,11.120593,0,0,0,0,0,0,0,0,1780912581,0
165,-102.564886,-60.5602,4.276576,13.865679,0,0,0,0,0,0,0,0,1780912581,0
166,-91.371366,-53.517968,5.005856,8.469003,0,0,0,0,0,0,0,0,1780912581,0
166,80.484517,121.86838,1.920439,10.705464,0,0,0,0,0,0,0,0,1780912581,0
167,81.191358,124.591027,5.118053,10.492289,0,0,0,0,0,0,0,0,1780912581,0
167,-106.316006,-63.009834,5.701477,7.900539,0,0,0,0,0,0,0,0,1780912581,0
168,-108.515067,-59.958076,6.075467,9.583494,0,0,0,0,0,0,0,0,1780912581,0
168,75.424432,121.281216,3.868927,6.887026,0,0,0,0,0,0,0,0,1780912581,0
169,70.764517,118.315475,6.759869,9.288042,0,0,0,0,0,0,0,0,1780912581,0
169,-110.579492,-62.617145,4.456091,10.10334,0,0,0,0,0,0,0,0,1780912581,0
170,-107.722208,-62.392751,4.796422,10.46985,0,0,0,0,0,0,0,0,1780912581,0
170,75.342155,115.289896,3.35282,11.793775,0,0,0,0,0,0,0,0,1780912581,0
171,75.933059,108.573036,6.845887,8.708357,0,0,0,0,0,0,0,0,1780912581,0
171,-104.419877,-63.110812,1.273436,7.429311,0,0,0,0,0,0,0,0,1780912581,0
172,-102.448949,-56.195737,5.181631,7.062801,0,0,0,0,0,0,0,0,1780912581,0
172,79.691658,126.977083,3.509896,15.159684,0,0,0,0,0,0,0,0,1780912581,0
173,73.778876,118.932558,4.990896,14.116252,0,0,0,0,0,0,0,0,1780912581,0
173,-106.461862,-61.943963,0.491797,10.350173,0,0,0,0,0,0,0,0,1780912581,0
174,-101.813166,-50.858899,1.452951,12.235083,0,0,0,0,0,0,0,0,1780912581,0
174,84.815321,123.962724,4.321454,10.174398,0,0,0,0,0,0,0,0,1780912581,0
175,79.452305,116.438045,5.065694,12.900785,0,0,0,0,0,0,0,0,1780912581,0
175,-103.469942,-66.618838,3.438838,13.573967,0,0,0,0,0,0,0,0,1780912581,0
176,-98.832466,-57.620639,-0.813428,14.277068,0,0,0,0,0,0,0,0,1780912581,0
176,80.106787,120.043309,-3.188265,10.118299,0,0,0,0,0,0,0,0,1780912581,0
177,70.349388,110.787056,3.105987,9.867726,0,0,0,0,0,0,0,0,1780912581,0
177,-112.254967,-65.635244,3.809088,6.382139,0,0,0,0,0,0,0,0,1780912581,0
178,-101.390558,-63.282847,7.86314,10.305294,0,0,0,0,0,0,0,0,1780912581,0
178,75.042963,122.803355,3.760469,11.97703,0,0,0,0,0,0,0,0,1780912581,0
179,69.317176,109.90444,4.646826,14.602439,0,0,0,0,0,0,0,0,1780912581,0
179,-107.65489,-70.482155,4.007303,13.319654,0,0,0,0,0,0,0,0,1780912581,0
180,-100.863232,-58.521955,6.670112,6.584094,0,0,0,0,0,0,0,0,1780912581,0
180,80.574275,118.446371,1.150019,9.893905,0,0,0,0,0,0,0,0,1780912581,0
181,72.196899,112.12968,5.59676,14.20975,0,0,0,0,0,0,0,0,1780912581,0
181,-106.697476,-64.023347,7.496629,7.302155,0,0,0,0,0,0,0,0,1780912581,0
182,-104.68167,-55.930204,1.677345,9.70317,0,0,0,0,0,0,0,0,1780912581,0
182,76.561362,121.438291,6.299861,12.298661,0,0,0,0,0,0,0,0,1780912581,0
183,74.990604,115.929419,6.011889,12.3211,0,0,0,0,0,0,0,0,1780912581,0
183,-108.586125,-69.004894,2.369227,12.35102,0,0,0,0,0,0,0,0,1780912581,0
184,-97.983509,-56.738022,8.667218,11.303848,0,0,0,0,0,0,0,0,1780912581,0
184,81.038022,121.217637,4.422432,15.017568,0,0,0,0,0,0,0,0,1780912581,0
185,75.955498,117.473998,5.723917,7.287195,0,0,0,0,0,0,0,0,1780912581,0
185,-104.322639,-58.054467,1.980277,5.387326,0,0,0,0,0,0,0,0,1780912581,0
186,-96.906418,-53.929357,7.649965,10.170658,0,0,0,0,0,0,0,0,1780912581,0
186,79.414906,125.454944,2.818015,6.400839,0,0,0,0,0,0,0,0,1780912581,0
187,76.213551,121.318615,4.878699,10.911158,0,0,0,0,0,0,0,0,1780912581,0
187,-108.552466,-61.854205,2.926472,10.514729,0,0,0,0,0,0,0,0,1780912581,0
188,-100.272328,-51.823794,-0.633913,16.909958,0,0,0,0,0,0,0,0,1780912581,0
188,80.596714,130.432751,0.106587,7.077761,0,0,0,0,0,0,0,0,1780912581,0
189,72.398853,117.937745,5.544402,8.031435,0,0,0,0,0,0,0,0,1780912582,0
189,-112.483101,-68.241954,0.555375,8.008996,0,0,0,0,0,0,0,0,1780912582,0
190,-100.227449,-53.267395,5.910912,10.552128,0,0,0,0,0,0,0,0,1780912582,0
190,75.850781,119.24671,3.633313,6.333521,0,0,0,0,0,0,0,0,1780912582,0
191,65.005071,111.972605,2.855414,8.188511,0,0,0,0,0,0,0,0,1780912582,0
191,-114.895336,-61.704609,3.655752,10.922378,0,0,0,0,0,0,0,0,1780912582,0
192,-97.968549,-51.068334,3.681932,10.514729,0,0,0,0,0,0,0,0,1780912582,0
192,77.066248,123.570034,4.194298,9.175845,0,0,0,0,0,0,0,0,1780912582,0
193,68.636514,115.061762,9.037468,9.590973,0,0,0,0,0,0,0,0,1780912582,0
193,-112.13529,-65.829719,2.724517,10.062201,0,0,0,0,0,0,0,0,1780912582,0
194,-105.164117,-57.313967,4.149419,11.064494,0,0,0,0,0,0,0,0,1780912582,0
194,76.961531,127.179038,4.714144,11.569381,0,0,0,0,0,0,0,0,1780912582,0
195,56.317283,119.534682,0.820908,12.493136,0,0,0,0,0,0,0,0,1780912582,0
195,-117.696522,-64.244001,4.568288,7.83696,0,0,0,0,0,0,0,0,1780912582,0
196,-105.444609,-52.624132,5.697738,8.876653,0,0,0,0,0,0,0,0,1780912582,0
196,75.020523,123.816868,8.727057,11.872312,0,0,0,0,0,0,0,0,1780912582,0
197,63.572689,113.891173,8.917791,12.945664,0,0,0,0,0,0,0,0,1780912582,0
197,-115.50494,-66.16257,4.183078,14.57252,0,0,0,0,0,0,0,0,1780912582,0
198,-98.69409,-48.188611,5.59302,12.844686,0,0,0,0,0,0,0,0,1780912582,0
198,76.99145,127.205217,1.150019,9.927564,0,0,0,0,0,0,0,0,1780912582,0
199,70.26337,116.187472,2.709558,4.833821,0,0,0,0,0,0,0,0,1780912582,0
199,-115.13469,-64.053267,6.254983,11.569381,0,0,0,0,0,0,0,0,1780912582,0
200,-100.54908,-47.018022,3.322901,14.437884,0,0,0,0,0,0,0,0,1780912582,0
200,79.758976,129.695991,2.728257,11.397345,0,0,0,0,0,0,0,0,1780912582,0
0,65.885818,112.703755,4.366333,9.132836,0,0,0,0,0,0,0,0,1780912582,0
101,-115.641447,-69.567749,3.925025,10.337083,0,0,0,0,0,0,0,0,1780912582,0
101,-101.171774,-55.408488,4.964717,7.84257,0,0,0,0,0,0,0,0,1780912582,0
102,80.785579,115.699415,5.570581,6.073598,0,0,0,0,0,0,0,0,1780912582,0
102,65.253774,104.475975,-0.517976,7.079631,0,0,0,0,0,0,0,0,1780912582,0
103,-116.423086,-70.308249,3.988603,10.112689,0,0,0,0,0,0,0,0,1780912582,0
103,-99.103609,-58.923994,1.374413,14.338776,0,0,0,0,0,0,0,0,1780912582,0
104,83.437168,128.347757,6.961824,10.699854,0,0,0,0,0,0,0,0,1780912582,0
104,66.128911,110.747787,2.350527,7.139469,0,0,0,0,0,0,0,0,1780912582,0
105,-113.663039,-69.17132,3.943725,14.802524,0,0,0,0,0,0,0,0,1780912582,0
105,-101.717799,-53.127149,1.778322,10.251066,0,0,0,0,0,0,0,0,1780912582,0
106,84.001893,122.012366,2.791835,12.969973,0,0,0,0,0,0,0,0,1780912582,0
106,70.205402,112.004394,4.785202,10.939207,0,0,0,0,0,0,0,0,1780912582,0
107,-108.374821,-66.702986,7.448011,10.539038,0,0,0,0,0,0,0,0,1780912582,0
107,-93.43766,-45.774506,4.908619,10.84197,0,0,0,0,0,0,0,0,1780912582,0
108,88.437414,130.4795,-0.768549,9.259992,0,0,0,0,0,0,0,0,1780912582,0
108,66.495421,112.067972,2.301908,7.4611,0,0,0,0,0,0,0,0,1780912582,0
109,-112.077322,-71.77055,6.602793,6.481247,0,0,0,0,0,0,0,0,1780912582,0
109,-91.002986,-54.297738,1.770843,12.543624,0,0,0,0,0,0,0,0,1780912582,0
110,86.900315,133.344263,4.586987,4.637476,0,0,0,0,0,0,0,0,1780912582,0
110,66.420623,107.071466,4.070881,11.100023,0,0,0,0,0,0,0,0,1780912582,0
111,-118.472551,-69.698646,3.079808,10.961647,0,0,0,0,0,0,0,0,1780912582,0
111,-96.82227,-56.264925,1.980277,13.774052,0,0,0,0,0,0,0,0,1780912582,0
112,85.183701,128.269219,3.506156,10.539038,0,0,0,0,0,0,0,0,1780912582,0
112,66.428103,108.657183,6.864586,14.005925,0,0,0,0,0,0,0,0,1780912582,0
113,-118.831581,-67.716499,2.313128,12.495006,0,0,0,0,0,0,0,0,1780912582,0
113,-93.82661,-50.389542,6.838407,9.121616,0,0,0,0,0,0,0,0,1780912582,0
114,83.422208,124.043132,7.911758,12.027518,0,0,0,0,0,0,0,0,1780912582,0
114,56.266795,97.534721,8.057614,7.47606,0,0,0,0,0,0,0,0,1780912582,0
115,-119.654359,-74.474498,2.036376,7.075891,0,0,0,0,0,0,0,0,1780912582,0
115,-98.725879,-52.618522,1.85686,13.684294,0,0,0,0,0,0,0,0,1780912582,0
116,78.549119,118.620277,1.48661,8.95332,0,0,0,0,0,0,0,0,1780912582,0
116,64.505794,100.878191,5.873513,8.897222,0,0,0,0,0,0,0,0,1780912582,0
117,-106.867641,-69.578969,6.198884,9.286172,0,0,0,0,0,0,0,0,1780912582,0
117,-89.70898,-48.197961,2.271989,12.670781,0,0,0,0,0,0,0,0,1780912582,0
118,89.608003,136.104309,-1.763363,9.087957,0,0,0,0,0,0,0,0,1780912582,0
118,62.650804,115.235667,6.254983,11.59369,0,0,0,0,0,0,0,0,1780912582,0
119,-109.926879,-64.470265,4.983417,13.306564,0,0,0,0,0,0,0,0,1780912582,0
119,-89.432228,-45.048965,2.840454,9.536745,0,0,0,0,0,0,0,0,1780912582,0
120,87.356583,137.712466,3.517376,14.054544,0,0,0,0,0,0,0,0,1780912582,0
120,60.208649,107.307079,3.345341,12.31923,0,0,0,0,0,0,0,0,1780912582,0
121,-116.696098,-72.555929,6.599053,14.58187,0,0,0,0,0,0,0,0,1780912582,0
121,-99.4402,-54.409935,5.731397,8.339977,0,0,0,0,0,0,0,0,1780912582,0
122,75.624517,128.340277,1.209858,10.976606,0,0,0,0,0,0,0,0,1780912582,0
122,56.177037,106.465602,6.36718,9.652682,0,0,0,0,0,0,0,0,1780912582,0
123,-123.891666,-73.199192,1.88678,8.538192,0,0,0,0,0,0,0,0,1780912582,0
123,-100.55843,-48.313898,3.016229,3.448188,0,0,0,0,0,0,0,0,1780912582,0
124,80.333051,132.050258,7.167518,7.266626,0,0,0,0,0,0,0,0,1780912582,0
124,59.43075,99.535567,1.744663,7.827611,0,0,0,0,0,0,0,0,1780912582,0
125,-128.689957,-72.694305,2.387926,13.235506,0,0,0,0,0,0,0,0,1780912582,0
125,-102.607895,-47.797791,0.865787,7.722893,0,0,0,0,0,0,0,0,1780912582,0
126,76.077045,131.033005,5.260169,7.434921,0,0,0,0,0,0,0,0,1780912582,0
126,58.970743,100.578999,5.166672,9.203894,0,0,0,0,0,0,0,0,1780912582,0
127,-116.064055,-75.031743,3.00501,8.429735,0,0,0,0,0,0,0,0,1780912582,0
127,-94.630689,-52.068757,3.973644,13.680554,0,0,0,0,0,0,0,0,1780912582,0
128,80.789319,120.097537,1.292135,9.035598,0,0,0,0,0,0,0,0,1780912582,0
128,61.723309,105.220215,4.306495,5.953921,0,0,0,0,0,0,0,0,1780912582,0
129,-120.522016,-73.846195,0.776029,9.162755,0,0,0,0,0,0,0,0,1780912582,0
129,-94.914921,-45.161162,0.536676,6.376529,0,0,0,0,0,0,0,0,1780912582,0
130,84.177668,136.788711,4.702924,8.022085,0,0,0,0,0,0,0,0,1780912582,0
130,58.275121,104.831266,2.668419,10.037891,0,0,0,0,0,0,0,0,1780912582,0
131,-121.307395,-74.02197,6.318561,13.216806,0,0,0,0,0,0,0,0,1780912582,0
131,-90.041831,-43.646502,4.807641,13.613236,0,0,0,0,0,0,0,0,1780912582,0
132,85.826964,135.887395,5.877253,10.060331,0,0,0,0,0,0,0,0,1780912582,0
132,58.215283,106.779754,4.665525,9.940654,0,0,0,0,0,0,0,0,1780912582,0
133,-119.549642,-65.450119,4.325194,11.488973,0,0,0,0,0,0,0,0,1780912582,0
133,-94.810204,-47.85015,4.250396,14.379915,0,0,0,0,0,0,0,0,1780912582,0
134,78.717414,123.291412,3.547295,5.647249,0,0,0,0,0,0,0,0,1780912582,0
134,51.808834,97.919931,1.830681,10.980346,0,0,0,0,0,0,0,0,1780912582,0
135,-126.457237,-75.080362,1.711004,7.203047,0,0,0,0,0,0,0,0,1780912582,0
135,-101.777637,-47.326564,5.720177,10.049111,0,0,0,0,0,0,0,0,1780912582,0
136,77.232674,123.72898,4.13072,10.864409,0,0,0,0,0,0,0,0,1780912582,0
136,46.041908,104.980862,5.035775,10.565217,0,0,0,0,0,0,0,0,1780912582,0
137,-124.306795,-72.339015,2.825494,9.660162,0,0,0,0,0,0,0,0,1780912582,0
137,-96.859669,-40.332951,5.693998,7.419962,0,0,0,0,0,0,0,0,1780912582,0
138,83.467087,127.360423,9.175845,9.461947,0,0,0,0,0,0,0,0,1780912582,0
138,52.568034,105.994375,6.210104,11.709627,0,0,0,0,0,0,0,0,1780912582,0
139,-119.871273,-71.243224,1.213598,14.19292,0,0,0,0,0,0,0,0,1780912582,0
139,-95.244032,-43.078038,1.759623,13.893728,0,0,0,0,0,0,0,0,1780912582,0
140,87.061131,132.431727,0.087888,10.194967,0,0,0,0,0,0,0,0,1780912582,0
140,58.619192,104.898584,4.055922,14.57439,0,0,0,0,0,0,0,0,1780912582,0
141,-118.696945,-70.678499,0.431958,10.217407,0,0,0,0,0,0,0,0,1780912582,0
141,-91.388195,-40.01132,1.194898,14.043324,0,0,0,0,0,0,0,0,1780912582,0
142,86.238353,134.137122,6.35596,14.58561,0,0,0,0,0,0,0,0,1780912582,0
142,54.497822,104.090766,7.216137,13.770312,0,0,0,0,0,0,0,0,1780912582,0
143,-124.063701,-74.339861,5.432205,10.632536,0,0,0,0,0,0,0,0,1780912582,0
143,-96.713813,-45.22474,3.087287,9.072997,0,0,0,0,0,0,0,0,1780912582,0
144,84.278646,135.202993,4.706664,10.08277,0,0,0,0,0,0,0,0,1780912582,0
144,50.679384,105.05566,1.000423,7.539638,0,0,0,0,0,0,0,0,1780912582,0
145,-119.766556,-73.932212,0.536676,11.896622,0,0,0,0,0,0,0,0,1780912582,0
145,-88.325217,-42.311358,2.533782,13.07843,0,0,0,0,0,0,0,0,1780912582,0
146,81.570958,127.124809,3.233144,13.729173,0,0,0,0,0,0,0,0,1780912582,0
146,50.440031,94.931751,6.946864,11.346856,0,0,0,0,0,0,0,0,1780912582,0
147,-126.610573,-79.022216,4.160639,7.756553,0,0,0,0,0,0,0,0,1780912582,0
147,-90.068011,-41.742893,3.853967,11.642309,0,0,0,0,0,0,0,0,1780912582,0
148,83.261393,131.317237,5.439684,12.72688,0,0,0,0,0,0,0,0,1780912582,0
148,55.32434,99.711343,4.358853,14.099423,0,0,0,0,0,0,0,0,1780912582,0
149,-121.557968,-71.078669,7.384432,12.008819,0,0,0,0,0,0,0,0,1780912582,0
149,-86.556245,-36.039546,4.224217,11.201,0,0,0,0,0,0,0,0,1780912582,0
150,85.707287,129.974613,5.331227,14.731466,0,0,0,0,0,0,0,0,1780912582,0
150,53.914398,104.090766,8.23339,10.625056,0,0,0,0,0,0,0,0,1780912582,0
151,-119.762816,-64.440346,3.607134,10.07903,0,0,0,0,0,0,0,0,1780912582,0
151,-88.60197,-41.473621,-0.301062,3.803478,0,0,0,0,0,0,0,0,1780912582,0
152,86.687141,136.362362,8.263309,13.299084,0,0,0,0,0,0,0,0,1780912582,0
152,54.621239,101.356899,3.453798,8.138022,0,0,0,0,0,0,0,0,1780912582,0
153,-127.048141,-73.64424,4.1195,9.981793,0,0,0,0,0,0,0,0,1780912582,0
153,-89.271412,-43.306172,4.515929,10.516599,0,0,0,0,0,0,0,0,1780912582,0
154,81.88511,133.183447,-0.75733,9.222593,0,0,0,0,0,0,0,0,1780912582,0
154,47.362093,100.392004,1.935398,12.240693,0,0,0,0,0,0,0,0,1780912582,0
155,-127.003263,-74.650273,6.71499,9.757399,0,0,0,0,0,0,0,0,1780912582,0
155,-87.203247,-41.189388,3.524856,13.306564,0,0,0,0,0,0,0,0,1780912582,0
156,80.516306,131.238699,4.777722,9.835937,0,0,0,0,0,0,0,0,1780912582,0
156,49.426518,85.570781,6.868326,10.292205,0,0,0,0,0,0,0,0,1780912582,0
157,-123.225964,-82.706018,8.326887,9.641462,0,0,0,0,0,0,0,0,1780912582,0
157,-90.561677,-42.771366,6.165225,7.176868,0,0,0,0,0,0,0,0,1780912582,0
158,84.985487,134.645748,3.947464,8.762586,0,0,0,0,0,0,0,0,1780912582,0
158,50.316614,101.188603,2.679638,10.209927,0,0,0,0,0,0,0,0,1780912582,0
159,-126.958384,-74.227664,5.518222,6.653282,0,0,0,0,0,0,0,0,1780912582,0
159,-89.275152,-37.494367,1.782062,8.725187,0,0,0,0,0,0,0,0,1780912582,0
160,91.769665,135.461046,8.861693,14.806264,0,0,0,0,0,0,0,0,1780912582,0
160,51.730296,97.785294,6.621493,11.043925,0,0,0,0,0,0,0,0,1780912582,0
161,-124.160939,-71.538676,1.348234,11.874182,0,0,0,0,0,0,0,0,1780912582,0
161,-81.88511,-34.457568,6.397099,9.080477,0,0,0,0,0,0,0,0,1780912582,0
162,92.109996,140.17332,9.991143,10.871889,0,0,0,0,0,0,0,0,1780912582,0
162,53.805941,98.873605,2.301908,11.526372,0,0,0,0,0,0,0,0,1780912582,0
163,-118.450111,-75.959238,7.178738,9.035598,0,0,0,0,0,0,0,0,1780912582,0
163,-83.108057,-36.361177,7.683624,10.497899,0,0,0,0,0,0,0,0,1780912582,0
164,87.663255,130.363563,5.495783,9.611543,0,0,0,0,0,0,0,0,1780912582,0
164,48.790735,93.899538,3.37152,10.497899,0,0,0,0,0,0,0,0,1780912582,0
165,-127.257576,-77.866587,2.466464,7.876229,0,0,0,0,0,0,0,0,1780912582,0
165,-87.558538,-43.092997,8.382986,12.906395,0,0,0,0,0,0,0,0,1780912582,0
166,85.202401,124.690134,4.744063,15.483186,0,0,0,0,0,0,0,0,1780912582,0
166,47.620146,97.437483,7.642486,8.422255,0,0,0,0,0,0,0,0,1780912582,0
167,-125.410065,-76.015337,5.682778,12.091097,0,0,0,0,0,0,0,0,1780912582,0
167,-85.351997,-39.113744,4.227957,11.915321,0,0,0,0,0,0,0,0,1780912582,0
168,85.812004,138.075236,4.059661,9.813497,0,0,0,0,0,0,0,0,1780912582,0
168,50.167018,94.456783,4.433651,5.112443,0,0,0,0,0,0,0,0,1780912582,0
169,-124.605987,-74.586695,5.843594,8.134282,0,0,0,0,0,0,0,0,1780912582,0
169,-87.11723,-40.213274,3.827788,9.458207,0,0,0,0,0,0,0,0,1780912582,0
170,79.166202,129.219153,5.080654,9.297391,0,0,0,0,0,0,0,0,1780912582,0
170,44.321554,96.409011,5.084394,11.95272,0,0,0,0,0,0,0,0,1780912582,0
171,-127.594167,-80.37232,7.335814,11.294498,0,0,0,0,0,0,0,0,1780912582,0
171,-80.725741,-31.252474,4.093321,14.611789,0,0,0,0,0,0,0,0,1780912582,0
172,87.85399,139.126148,3.573474,12.31923,0,0,0,0,0,0,0,0,1780912582,0
172,54.20237,98.020908,8.992589,9.488126,0,0,0,0,0,0,0,0,1780912582,0
173,-126.913505,-68.479438,2.814275,5.497653,0,0,0,0,0,0,0,0,1780912582,0
173,-85.890542,-28.148357,1.692305,9.933174,0,0,0,0,0,0,0,0,1780912582,0
174,91.137622,141.257891,7.893059,15.068057,0,0,0,0,0,0,0,0,1780912582,0
174,54.972789,100.530381,2.25329,11.829304,0,0,0,0,0,0,0,0,1780912582,0
175,-123.151166,-75.431912,0.222524,7.778992,0,0,0,0,0,0,0,0,1780912582,0
175,-78.384563,-29.479761,2.126133,9.33105,0,0,0,0,0,0,0,0,1780912582,0
176,86.941454,138.729719,3.809088,8.261439,0,0,0,0,0,0,0,0,1780912582,0
176,48.502763,96.932597,5.544402,7.984686,0,0,0,0,0,0,0,0,1780912582,0
177,-120.712751,-74.238884,7.530289,13.968526,0,0,0,0,0,0,0,0,1780912582,0
177,-76.765186,-32.995267,1.037822,6.836537,0,0,0,0,0,0,0,0,1780912582,0
178,91.743486,133.688334,7.552728,12.558584,0,0,0,0,0,0,0,0,1780912582,0
178,41.733544,83.936445,8.771935,13.994706,0,0,0,0,0,0,0,0,1780912582,0
179,-128.790935,-83.801808,5.177891,10.4605,0,0,0,0,0,0,0,0,1780912582,0
179,-76.069565,-24.67773,6.154005,12.076137,0,0,0,0,0,0,0,0,1780912582,0
180,89.263932,134.372735,7.694844,11.406695,0,0,0,0,0,0,0,0,1780912582,0
180,47.994136,94.079053,5.278869,6.615883,0,0,0,0,0,0,0,0,1780912582,0
181,-125.350227,-72.12958,1.744663,11.57873,0,0,0,0,0,0,0,0,1780912582,0
181,-82.404956,-34.094798,5.334967,13.957307,0,0,0,0,0,0,0,0,1780912582,0
182,90.400862,145.270804,3.397699,10.037891,0,0,0,0,0,0,0,0,1780912582,0
182,43.274382,95.399238,4.246656,11.750766,0,0,0,0,0,0,0,0,1780912582,0
183,-128.465563,-74.339861,7.994036,9.454467,0,0,0,0,0,0,0,0,1780912582,0
183,-83.093097,-29.423663,-0.611474,13.493559,0,0,0,0,0,0,0,0,1780912582,0
184,90.038091,143.329796,0.327241,12.984933,0,0,0,0,0,0,0,0,1780912582,0
184,44.291635,97.003655,6.786048,13.979746,0,0,0,0,0,0,0,0,1780912582,0
185,-121.075521,-68.292443,-1.636206,5.59115,0,0,0,0,0,0,0,0,1780912582,0
185,-74.865317,-20.275868,1.423032,10.640015,0,0,0,0,0,0,0,0,1780912582,0
186,90.09419,142.125548,7.249796,7.715414,0,0,0,0,0,0,0,0,1780912582,0
186,46.860946,99.06434,5.23399,10.598876,0,0,0,0,0,0,0,0,1780912582,0
187,-124.056221,-70.28207,6.614013,12.236953,0,0,0,0,0,0,0,0,1780912582,0
187,-77.655283,-25.676283,3.565995,6.384009,0,0,0,0,0,0,0,0,1780912582,0
188,90.150288,146.957499,-2.361747,5.258299,0,0,0,0,0,0,0,0,1780912582,0
188,46.314921,99.995575,0.936845,13.239246,0,0,0,0,0,0,0,0,1780912582,0
189,-122.653759,-77.354221,4.882439,15.105456,0,0,0,0,0,0,0,0,1780912583,0
189,-78.14521,-22.882578,1.277176,5.336837,0,0,0,0,0,0,0,0,1780912583,0
190,92.794398,150.768457,5.032035,8.399815,0,0,0,0,0,0,0,0,1780912583,0
190,48.618699,99.198976,1.770843,9.996753,0,0,0,0,0,0,0,0,1780912583,0
191,-127.784902,-77.978784,0.166426,11.055144,0,0,0,0,0,0,0,0,1780912583,0
191,-80.602324,-27.65469,2.840454,6.944994,0,0,0,0,0,0,0,0,1780912583,0
192,87.962447,136.399761,3.188265,13.654375,0,0,0,0,0,0,0,0,1780912583,0
192,40.798569,93.207657,3.072328,8.003386,0,0,0,0,0,0,0,0,1780912583,0
193,-127.231396,-72.421293,5.21529,11.21596,0,0,0,0,0,0,0,0,1780912583,0
193,-78.754813,-28.230635,4.280315,7.173128,0,0,0,0,0,0,0,0,1780912583,0
194,90.84591,142.533197,6.696291,8.253959,0,0,0,0,0,0,0,0,1780912583,0
194,39.912212,90.686964,4.927318,10.935467,0,0,0,0,0,0,0,0,1780912583,0
195,-129.624932,-73.681639,10.036022,8.074444,0,0,0,0,0,0,0,0,1780912583,0
195,-83.235213,-29.977168,-1.707264,8.463394,0,0,0,0,0,0,0,0,1780912583,0
196,94.735406,145.753251,0.581554,6.926295,0,0,0,0,0,0,0,0,1780912583,0
196,40.929465,91.812674,5.177891,12.158415,0,0,0,0,0,0,0,0,1780912583,0
197,-129.804448,-72.653166,1.265956,9.607803,0,0,0,0,0,0,0,0,1780912583,0
197,-81.974867,-29.446102,0.772289,11.732066,0,0,0,0,0,0,0,0,1780912583,0
198,88.014806,134.230619,7.193698,12.281831,0,0,0,0,0,0,0,0,1780912583,0
198,35.745964,83.420338,2.683378,8.826164,0,0,0,0,0,0,0,0,1780912583,0
199,-128.637599,-79.463524,0.75733,13.946087,0,0,0,0,0,0,0,0,1780912583,0
199,-82.962201,-30.523193,5.499523,9.533005,0,0,0,0,0,0,0,0,1780912583,0
200,90.658915,140.506171,2.63476,12.401508,0,0,0,0,0,0,0,0,1780912583,0
200,40.35726,89.056368,4.194298,9.33105,0,0,0,0,0,0,0,0,1780912583,0
0,-127.672705,-83.34928,4.661785,9.798538,0,0,0,0,0,0,0,0,1780912583,0
101,-80.523786,-35.112051,4.601947,9.877076,0,0,0,0,0,0,0,0,1780912583,0
101,89.290111,139.028911,5.649119,14.234059,0,0,0,0,0,0,0,0,1780912583,0
102,41.729804,90.354113,8.143632,6.799138,0,0,0,0,0,0,0,0,1780912583,0
102,-129.819407,-83.330581,7.421831,9.802278,0,0,0,0,0,0,0,0,1780912583,0
103,-76.432335,-33.986341,0.768549,8.571851,0,0,0,0,0,0,0,0,1780912583,0
103,96.354782,139.776891,2.98257,10.785871,0,0,0,0,0,0,0,0,1780912583,0
104,40.824748,85.252889,6.154005,14.148042,0,0,0,0,0,0,0,0,1780912583,0
104,-126.060808,-75.158899,4.949758,8.95706,0,0,0,0,0,0,0,0,1780912583,0
105,-78.919369,-26.510281,3.827788,12.300531,0,0,0,0,0,0,0,0,1780912583,0
105,94.855083,143.883301,4.620646,10.927988,0,0,0,0,0,0,0,0,1780912583,0
106,41.85322,87.070481,-0.862047,15.759938,0,0,0,0,0,0,0,0,1780912583,0
106,-123.951504,-81.969257,1.800762,14.495852,0,0,0,0,0,0,0,0,1780912583,0
107,-72.823332,-24.849765,7.975337,8.452174,0,0,0,0,0,0,0,0,1780912583,0
107,95.992012,136.841069,5.836114,10.778392,0,0,0,0,0,0,0,0,1780912583,0
108,38.236737,86.438438,2.862893,9.33105,0,0,0,0,0,0,0,0,1780912583,0
108,-125.316568,-79.055875,4.067141,12.293051,0,0,0,0,0,0,0,0,1780912583,0
109,-76.566972,-33.335598,-0.562855,8.167942,0,0,0,0,0,0,0,0,1780912583,0
109,94.047264,137.839623,1.437992,11.085063,0,0,0,0,0,0,0,0,1780912583,0
110,30.715798,81.355914,2.533782,7.648095,0,0,0,0,0,0,0,0,1780912583,0
110,-133.103039,-80.996883,1.49783,10.636275,0,0,0,0,0,0,0,0,1780912583,0
111,-75.759153,-29.131951,6.023109,8.448434,0,0,0,0,0,0,0,0,1780912583,0
111,86.085017,134.099723,0.087888,8.313798,0,0,0,0,0,0,0,0,1780912583,0
112,33.371127,81.587787,5.260169,14.529511,0,0,0,0,0,0,0,0,1780912583,0
112,-134.348426,-79.448565,7.09646,6.249373,0,0,0,0,0,0,0,0,1780912583,0
113,-81.024933,-27.015167,7.160038,7.921108,0,0,0,0,0,0,0,0,1780912583,0
113,84.48808,138.520285,4.84504,9.768619,0,0,0,0,0,0,0,0,1780912583,0
114,33.853574,80.918345,3.046149,7.692974,0,0,0,0,0,0,0,0,1780912583,0
114,-131.786595,-83.169765,4.085841,10.782132,0,0,0,0,0,0,0,0,1780912583,0
115,-82.109504,-33.376737,5.555621,15.617822,0,0,0,0,0,0,0,0,1780912583,0
115,86.290712,134.368996,6.834667,8.60925,0,0,0,0,0,0,0,0,1780912583,0
116,35.858161,82.97529,3.427618,9.835937,0,0,0,0,0,0,0,0,1780912583,0
116,-131.562201,-78.89132,4.897399,11.698407,0,0,0,0,0,0,0,0,1780912583,0
117,-76.664209,-21.854105,7.601347,6.039938,0,0,0,0,0,0,0,0,1780912583,0
117,87.984886,146.445133,2.185972,10.026672,0,0,0,0,0,0,0,0,1780912583,0
118,41.939238,84.351574,7.354513,11.159861,0,0,0,0,0,0,0,0,1780912583,0
118,-123.584994,-82.103894,0.095367,12.076137,0,0,0,0,0,0,0,0,1780912583,0
119,-75.781593,-26.787033,1.804502,8.265179,0,0,0,0,0,0,0,0,1780912583,0
119,101.111935,148.322562,1.475391,9.188934,0,0,0,0,0,0,0,0,1780912583,0
120,41.85696,84.10848,5.742616,9.862116,0,0,0,0,0,0,0,0,1780912583,0
120,-129.972743,-83.184725,2.503863,6.959954,0,0,0,0,0,0,0,0,1780912583,0
121,-69.951089,-22.755421,4.037222,12.180854,0,0,0,0,0,0,0,0,1780912583,0
121,94.679307,139.746972,5.398546,11.006526,0,0,0,0,0,0,0,0,1780912583,0
122,34.063009,85.006056,-1.052782,14.989519,0,0,0,0,0,0,0,0,1780912583,0
122,-126.464717,-83.798068,5.940831,12.547364,0,0,0,0,0,0,0,0,1780912583,0
123,-70.470935,-21.453936,8.031435,7.730373,0,0,0,0,0,0,0,0,1780912583,0
123,92.278292,135.401208,2.103694,10.688634,0,0,0,0,0,0,0,0,1780912583,0
124,30.020177,74.77369,4.979677,13.168188,0,0,0,0,0,0,0,0,1780912583,0
124,-133.319954,-90.529888,3.061108,6.189534,0,0,0,0,0,0,0,0,1780912583,0
125,-79.375637,-28.152097,3.472497,8.863563,0,0,0,0,0,0,0,0,1780912583,0
125,91.698607,135.883655,1.071481,12.225733,0,0,0,0,0,0,0,0,1780912583,0
126,33.034536,77.219584,11.438484,8.624209,0,0,0,0,0,0,0,0,1780912583,0
126,-130.245756,-87.317314,-1.452951,10.4792,0,0,0,0,0,0,0,0,1780912583,0
127,-68.847818,-24.210242,2.672159,13.171928,0,0,0,0,0,0,0,0,1780912583,0
127,95.468426,140.648288,6.053028,9.779838,0,0,0,0,0,0,0,0,1780912583,0
128,37.223224,75.761023,1.236037,7.083371,0,0,0,0,0,0,0,0,1780912583,0
128,-133.45085,-83.102447,3.124686,11.889142,0,0,0,0,0,0,0,0,1780912583,0
129,-70.067026,-20.485302,3.801608,10.430581,0,0,0,0,0,0,0,0,1780912583,0
129,88.497253,135.69666,3.236883,9.424548,0,0,0,0,0,0,0,0,1780912583,0
130,34.627734,79.26531,4.49723,10.84945,0,0,0,0,0,0,0,0,1780912583,0
130,-129.826887,-83.341801,4.609427,17.274598,0,0,0,0,0,0,0,0,1780912583,0
131,-71.495667,-27.845425,1.692305,9.035598,0,0,0,0,0,0,0,0,1780912583,0
131,100.337776,140.644548,-0.3609,10.864409,0,0,0,0,0,0,0,0,1780912583,0
132,31.706872,74.949465,4.515929,9.884556,0,0,0,0,0,0,0,0,1780912583,0
132,-133.484509,-88.98157,5.196591,5.508873,0,0,0,0,0,0,0,0,1780912583,0
133,-67.942762,-18.009488,9.830327,9.147795,0,0,0,0,0,0,0,0,1780912583,0
133,93.418961,139.05135,9.467557,8.119323,0,0,0,0,0,0,0,0,1780912583,0
134,29.313336,73.184232,7.732243,10.673674,0,0,0,0,0,0,0,0,1780912583,0
134,-133.750042,-83.626033,2.61232,12.880215,0,0,0,0,0,0,0,0,1780912583,0
135,-72.714875,-24.722609,-1.740923,9.533005,0,0,0,0,0,0,0,0,1780912583,0
135,87.730573,138.273451,-0.675052,9.742439,0,0,0,0,0,0,0,0,1780912583,0
136,30.958892,73.064555,2.518823,12.854036,0,0,0,0,0,0,0,0,1780912583,0
136,-137.362785,-95.668511,5.693998,12.648342,0,0,0,0,0,0,0,0,1780912583,0
137,-70.455975,-30.534413,5.252689,11.268319,0,0,0,0,0,0,0,0,1780912583,0
137,91.133882,141.011058,6.774829,10.987826,0,0,0,0,0,0,0,0,1780912583,0
138,27.634121,77.264463,-0.095367,12.453867,0,0,0,0,0,0,0,0,1780912583,0
138,-131.117153,-89.078807,1.310835,7.969727,0,0,0,0,0,0,0,0,1780912583,0
139,-67.404217,-21.67833,4.807641,11.57125,0,0,0,0,0,0,0,0,1780912583,0
139,97.042924,142.121808,5.727657,8.878522,0,0,0,0,0,0,0,0,1780912583,0
140,36.531343,78.782863,1.471651,13.867549,0,0,0,0,0,0,0,0,1780912583,0
140,-134.527941,-84.886379,2.040115,13.385102,0,0,0,0,0,0,0,0,1780912583,0
141,-66.674936,-22.471189,7.074021,10.961647,0,0,0,0,0,0,0,0,1780912583,0
141,102.686433,139.930227,7.548988,8.422255,0,0,0,0,0,0,0,0,1780912583,0
142,37.930065,79.863694,6.531735,11.350596,0,0,0,0,0,0,0,0,1780912583,0
142,-126.090727,-79.766456,5.207811,6.159615,0,0,0,0,0,0,0,0,1780912583,0
143,-61.768188,-22.848919,2.294429,10.180008,0,0,0,0,0,0,0,0,1780912583,0
143,97.645048,142.091889,6.647672,10.625056,0,0,0,0,0,0,0,0,1780912583,0
144,29.949119,74.444579,3.824048,9.806018,0,0,0,0,0,0,0,0,1780912583,0
144,-134.898191,-85.499723,5.892212,10.737253,0,0,0,0,0,0,0,0,1780912583,0
145,-66.304686,-17.426064,2.690858,11.713367,0,0,0,0,0,0,0,0,1780912583,0
145,96.283724,142.548157,5.196591,13.033551,0,0,0,0,0,0,0,0,1780912583,0
146,27.757537,72.267957,3.057368,15.408388,0,0,0,0,0,0,0,0,1780912583,0
146,-133.701423,-86.490796,2.077514,9.35723,0,0,0,0,0,0,0,0,1780912583,0
147,-68.197076,-15.903925,6.786048,11.20848,0,0,0,0,0,0,0,0,1780912583,0
147,93.804171,142.895967,3.251843,11.791905,0,0,0,0,0,0,0,0,1780912583,0
148,32.245417,76.782016,3.416399,10.767172,0,0,0,0,0,0,0,0,1780912583,0
148,-131.405125,-86.816168,10.611966,13.388842,0,0,0,0,0,0,0,0,1780912583,0
149,-60.885571,-16.420031,4.444871,6.133436,0,0,0,0,0,0,0,0,1780912583,0
149,99.80297,141.055937,7.062801,11.19726,0,0,0,0,0,0,0,0,1780912583,0
150,29.814482,70.618661,5.96327,7.251666,0,0,0,0,0,0,0,0,1780912583,0
150,-128.21873,-84.284255,4.441131,7.565818,0,0,0,0,0,0,0,0,1780912583,0
151,-61.341839,-20.956529,2.795575,6.686941,0,0,0,0,0,0,0,0,1780912583,0
151,97.480492,140.390234,4.171858,11.58247,0,0,0,0,0,0,0,0,1780912583,0
152,29.683586,74.197745,6.700031,11.373036,0,0,0,0,0,0,0,0,1780912583,0
152,-131.360246,-85.855013,3.218184,11.631089,0,0,0,0,0,0,0,0,1780912583,0
153,-62.130958,-12.014429,0.663832,14.806264,0,0,0,0,0,0,0,0,1780912583,0
153,98.995152,144.358268,4.669265,5.449034,0,0,0,0,0,0,0,0,1780912583,0
154,26.138161,68.973105,5.439684,12.898915,0,0,0,0,0,0,0,0,1780912583,0
154,-130.619746,-92.239023,4.48601,6.335391,0,0,0,0,0,0,0,0,1780912583,0
155,-55.279461,-18.054367,2.926472,6.301731,0,0,0,0,0,0,0,0,1780912583,0
155,97.050404,140.868942,4.362593,9.559184,0,0,0,0,0,0,0,0,1780912583,0
156,27.809896,72.88878,2.907772,15.954413,0,0,0,0,0,0,0,0,1780912583,0
156,-132.994582,-92.048288,0.091628,9.043078,0,0,0,0,0,0,0,0,1780912583,0
157,-61.483955,-19.969196,8.016476,11.455314,0,0,0,0,0,0,0,0,1780912583,0
157,96.713813,139.492658,3.681932,5.460254,0,0,0,0,0,0,0,0,1780912583,0
158,27.682739,71.291843,3.693151,13.643155,0,0,0,0,0,0,0,0,1780912583,0
158,-129.523955,-88.947911,5.925871,12.169634,0,0,0,0,0,0,0,0,1780912583,0
159,-64.797507,-17.55322,2.597361,7.913628,0,0,0,0,0,0,0,0,1780912583,0
159,98.905394,138.082716,4.557068,8.354937,0,0,0,0,0,0,0,0,1780912583,0
160,28.576576,75.054182,3.704371,14.338776,0,0,0,0,0,0,0,0,1780912583,0
160,-133.484509,-88.730996,2.156052,14.533251,0,0,0,0,0,0,0,0,1780912583,0
161,-56.951197,-6.827187,1.905479,8.785025,0,0,0,0,0,0,0,0,1780912583,0
161,98.336929,146.273097,2.660939,9.256252,0,0,0,0,0,0,0,0,1780912583,0
162,29.694806,75.581508,6.011889,14.032105,0,0,0,0,0,0,0,0,1780912583,0
162,-129.135006,-84.11596,5.578061,8.886002,0,0,0,0,0,0,0,0,1780912583,0
163,-53.933097,-9.325441,6.097907,1.645556,0,0,0,0,0,0,0,0,1780912583,0
163,98.647341,147.6606,5.301308,11.440354,0,0,0,0,0,0,0,0,1780912583,0
164,23.045264,68.434559,1.744663,7.786472,0,0,0,0,0,0,0,0,1780912583,0
164,-138.656791,-85.817614,11.139292,7.158169,0,0,0,0,0,0,0,0,1780912583,0
165,-68.436429,-21.132305,3.562255,10.355783,0,0,0,0,0,0,0,0,1780912583,0
165,92.584963,140.143401,7.668665,5.781885,0,0,0,0,0,0,0,0,1780912583,0
166,24.28317,83.00147,3.824048,7.670535,0,0,0,0,0,0,0,0,1780912583,0
166,-136.109919,-86.636652,7.070281,8.033305,0,0,0,0,0,0,0,0,1780912583,0
167,-64.876045,-8.22217,2.331828,6.37279,0,0,0,0,0,0,0,0,1780912583,0
167,93.45262,155.233897,0.977984,6.178315,0,0,0,0,0,0,0,0,1780912583,0
168,17.543871,78.203178,7.234836,10.060331,0,0,0,0,0,0,0,0,1780912583,0
168,-144.30778,-83.985063,3.939985,13.624456,0,0,0,0,0,0,0,0,1780912583,0
169,-69.588318,-9.647072,3.75299,11.253359,0,0,0,0,0,0,0,0,1780912583,0
169,91.391935,149.811042,3.158346,12.633382,0,0,0,0,0,0,0,0,1780912583,0
170,15.120416,84.561008,2.26077,14.163001,0,0,0,0,0,0,0,0,1780912583,0
170,-149.637137,-75.794682,4.452351,10.217407,0,0,0,0,0,0,0,0,1780912583,0
171,-75.347764,-6.015629,5.144232,10.180008,0,0,0,0,0,0,0,0,1780912583,0
171,82.001046,141.732859,0.529196,5.411635,0,0,0,0,0,0,0,0,1780912583,0
172,8.063224,66.92364,4.908619,9.944394,0,0,0,0,0,0,0,0,1780912583,0
172,-150.377637,-86.524455,2.275729,9.996753,0,0,0,0,0,0,0,0,1780912583,0
173,-72.307226,-5.114313,3.446318,3.803478,0,0,0,0,0,0,0,0,1780912583,0
173,84.49182,143.898261,4.586987,11.836783,0,0,0,0,0,0,0,0,1780912583,0
174,7.876229,74.927026,5.925871,13.81519,0,0,0,0,0,0,0,0,1780912583,0
174,-146.016914,-88.794575,2.006456,11.331897,0,0,0,0,0,0,0,0,1780912583,0
175,-74.999954,-6.542955,6.786048,10.595137,0,0,0,0,0,0,0,0,1780912583,0
175,84.910689,150.443086,5.353667,13.265425,0,0,0,0,0,0,0,0,1780912583,0
176,5.639769,72.91122,2.058815,10.041631,0,0,0,0,0,0,0,0,1780912583,0
176,-146.16277,-102.265694,1.980277,9.611543,0,0,0,0,0,0,0,0,1780912583,0
177,-68.309273,-1.359454,8.678438,9.046818,0,0,0,0,0,0,0,0,1780912583,0
177,81.690635,149.713805,3.341601,12.446387,0,0,0,0,0,0,0,0,1780912583,0
178,8.167942,72.350235,6.509296,14.59683,0,0,0,0,0,0,0,0,1780912583,0
178,-151.249034,-82.302108,5.166672,10.123909,0,0,0,0,0,0,0,0,1780912583,0
179,-74.614744,-11.797514,1.262216,12.233213,0,0,0,0,0,0,0,0,1780912583,0
179,87.296745,150.458045,4.272836,9.865856,0,0,0,0,0,0,0,0,1780912583,0
180,4.229827,66.841362,5.065694,12.386549,0,0,0,0,0,0,0,0,1780912583,0
180,-147.819546,-84.542308,3.925025,15.213913,0,0,0,0,0,0,0,0,1780912583,0
181,-69.726695,-11.819954,2.017676,10.797091,0,0,0,0,0,0,0,0,1780912583,0
181,84.581577,146.849042,-0.918145,8.141762,0,0,0,0,0,0,0,0,1780912583,0
182,7.031012,69.653767,6.898245,7.535898,0,0,0,0,0,0,0,0,1780912583,0
182,-143.204509,-84.635806,4.257876,10.374482,0,0,0,0,0,0,0,0,1780912583,0
183,-67.579992,-3.461277,5.544402,9.865856,0,0,0,0,0,0,0,0,1780912583,0
183,86.541285,142.42474,1.250997,9.140315,0,0,0,0,0,0,0,0,1780912583,0
184,6.062378,72.335275,5.903432,12.102316,0,0,0,0,0,0,0,0,1780912583,0
184,-145.41853,-82.350727,7.941678,3.893236,0,0,0,0,0,0,0,0,1780912583,0
185,-66.218669,2.552482,1.87182,9.424548,0,0,0,0,0,0,0,0,1780912583,0
185,93.430181,150.050396,2.937691,9.35349,0,0,0,0,0,0,0,0,1780912583,0
186,10.535298,68.988065,1.991497,13.014852,0,0,0,0,0,0,0,0,1780912583,0
186,-139.165417,-83.382939,-1.1388,4.334544,0,0,0,0,0,0,0,0,1780912583,0
187,-57.710396,-5.364886,3.173305,6.129696,0,0,0,0,0,0,0,0,1780912583,0
187,88.676768,146.478792,2.933952,7.891189,0,0,0,0,0,0,0,0,1780912583,0
188,7.83883,63.18374,6.269942,17.1998,0,0,0,0,0,0,0,0,1780912583,0
188,-149.270627,-87.373413,4.833821,12.644602,0,0,0,0,0,0,0,0,1780912583,0
189,-66.271027,-11.288888,4.321454,10.553998,0,0,0,0,0,0,0,0,1780912584,0
189,91.732266,146.706926,5.503263,12.543624,0,0,0,0,0,0,0,0,1780912584,0
190,4.439261,58.826756,3.928765,13.691774,0,0,0,0,0,0,0,0,1780912584,0
190,-140.93439,-91.60324,4.583247,13.732913,0,0,0,0,0,0,0,0,1780912584,0
191,-58.813667,-11.550681,5.039515,7.872489,0,0,0,0,0,0,0,0,1780912584,0
191,95.748919,144.130134,3.958684,9.633982,0,0,0,0,0,0,0,0,1780912584,0
192,8.568111,60.143201,3.218184,14.548211,0,0,0,0,0,0,0,0,1780912584,0
192,-148.058899,-88.570181,5.641639,8.852343,0,0,0,0,0,0,0,0,1780912584,0
193,-58.600492,1.254736,6.266202,8.930881,0,0,0,0,0,0,0,0,1780912584,0
193,92.551304,148.573136,2.705818,8.893482,0,0,0,0,0,0,0,0,1780912584,0
194,5.834244,60.289057,0.817168,8.152982,0,0,0,0,0,0,0,0,1780912584,0
194,-142.082539,-85.144432,3.35656,14.533251,0,0,0,0,0,0,0,0,1780912584,0
195,-60.694836,-5.888472,1.078961,13.09713,0,0,0,0,0,0,0,0,1780912584,0
195,94.529711,150.499184,-0.817168,11.732066,0,0,0,0,0,0,0,0,1780912584,0
196,10.965387,61.732659,3.300462,12.076137,0,0,0,0,0,0,0,0,1780912584,0
196,-142.763201,-90.398992,1.194898,9.33105,0,0,0,0,0,0,0,0,1780912584,0
197,-58.637891,-10.899938,6.243763,10.131389,0,0,0,0,0,0,0,0,1780912584,0
197,90.700054,146.718145,2.582401,8.272659,0,0,0,0,0,0,0,0,1780912584,0
198,5.23586,56.425741,2.440285,14.032105,0,0,0,0,0,0,0,0,1780912584,0
198,-144.764047,-96.364132,6.296122,10.007972,0,0,0,0,0,0,0,0,1780912584,0
199,-56.094759,-9.288042,5.940831,12.173374,0,0,0,0,0,0,0,0,1780912584,0
199,96.115429,143.655167,5.200331,12.379069,0,0,0,0,0,0,0,0,1780912584,0
200,3.291112,60.008565,-0.951805,15.849696,0,0,0,0,0,0,0,0,1780912584,0
200,-144.064686,-91.846333,3.715591,9.817237,0,0,0,0,0,0,0,0,1780912584,0
0,-66.351435,-2.204671,5.559361,9.589103,0,0,0,0,0,0,0,0,1780912584,0
101,92.399838,149.478191,3.199484,9.065517,0,0,0,0,0,0,0,0,1780912584,0
101,5.742616,58.052597,4.280315,10.83449,0,0,0,0,0,0,0,0,1780912584,0
102,-145.682193,-93.948157,1.909219,12.218253,0,0,0,0,0,0,0,0,1780912584,0
102,-52.768118,1.48287,2.406626,11.399215,0,0,0,0,0,0,0,0,1780912584,0
103,97.747895,150.035436,2.537522,13.246726,0,0,0,0,0,0,0,0,1780912584,0
103,10.634406,61.388588,3.73429,8.23152,0,0,0,0,0,0,0,0,1780912584,0
104,-138.340769,-88.278469,5.073174,3.653882,0,0,0,0,0,0,0,0,1780912584,0
104,-47.872589,-0.933105,3.281762,12.034998,0,0,0,0,0,0,0,0,1780912584,0
105,97.594559,150.420646,5.884733,12.738099,0,0,0,0,0,0,0,0,1780912584,0
105,8.023955,62.81723,3.461277,8.665348,0,0,0,0,0,0,0,0,1780912584,0
106,-143.815983,-86.677791,10.503509,8.631689,0,0,0,0,0,0,0,0,1780912584,0
106,-63.763424,-13.925517,3.614613,9.461947,0,0,0,0,0,0,0,0,1780912584,0
107,99.995575,149.081762,4.912359,6.039938,0,0,0,0,0,0,0,0,1780912584,0
107,14.793174,64.331889,5.761316,9.278692,0,0,0,0,0,0,0,0,1780912584,0
108,-139.739492,-87.926918,3.584694,8.474613,0,0,0,0,0,0,0,0,1780912584,0
108,-50.138969,-0.476837,5.735137,7.031012,0,0,0,0,0,0,0,0,1780912584,0
109,112.610258,161.584248,8.005256,12.644602,0,0,0,0,0,0,0,0,1780912584,0
109,22.093459,60.236699,11.098153,11.492713,0,0,0,0,0,0,0,0,1780912584,0
110,-124.196468,-87.635206,2.836714,10.221147,0,0,0,0,0,0,0,0,1780912584,0
110,-39.663509,3.319161,3.270543,9.630242,0,0,0,0,0,0,0,0,1780912584,0
111,108.447749,145.697153,3.188265,13.10087,0,0,0,0,0,0,0,0,1780912584,0
111,22.123378,49.129196,3.973644,10.187487,0,0,0,0,0,0,0,0,1780912584,0
112,-128.501093,-91.468603,5.581801,14.723986,0,0,0,0,0,0,0,0,1780912584,0
112,-33.197222,-4.983417,2.61606,11.57125,0,0,0,0,0,0,0,0,1780912584,0
113,116.380077,146.579769,3.274282,10.782132,0,0,0,0,0,0,0,0,1780912584,0
113,30.470835,63.101462,2.6198,10.785871,0,0,0,0,0,0,0,0,1780912584,0
114,-127.655875,-81.453151,2.275729,12.663301,0,0,0,0,0,0,0,0,1780912584,0
114,-34.192035,7.608826,2.593621,5.97636,0,0,0,0,0,0,0,0,1780912584,0
115,116.402516,156.6214,4.568288,12.218253,0,0,0,0,0,0,0,0,1780912584,0
115,23.608118,61.482085,7.582647,12.214513,0,0,0,0,0,0,0,0,1780912584,0
116,-123.523286,-83.34554,8.929011,10.782132,0,0,0,0,0,0,0,0,1780912584,0
116,-32.53152,7.46671,0.230004,8.003386,0,0,0,0,0,0,0,0,1780912584,0
117,109.805333,147.64564,1.969057,6.933775,0,0,0,0,0,0,0,0,1780912584,0
117,14.482763,61.205333,3.704371,16.515398,0,0,0,0,0,0,0,0,1780912584,0
118,-131.384555,-89.314421,1.602547,12.229473,0,0,0,0,0,0,0,0,1780912584,0
118,-34.973674,6.060508,2.25329,6.226933,0,0,0,0,0,0,0,0,1780912584,0
119,104.083286,149.201439,0.226264,9.274952,0,0,0,0,0,0,0,0,1780912584,0
119,12.164025,50.359623,5.697738,9.832197,0,0,0,0,0,0,0,0,1780912584,0
120,-134.698107,-89.011489,8.887872,12.240693,0,0,0,0,0,0,0,0,1780912584,0
120,-38.49666,-0.024309,3.513636,7.969727,0,0,0,0,0,0,0,0,1780912584,0
121,104.737768,149.208919,2.963871,8.347457,0,0,0,0,0,0,0,0,1780912584,0
121,1.456691,54.365056,5.540662,16.09279,0,0,0,0,0,0,0,0,1780912584,0
122,-135.509665,-85.151912,8.128673,13.018592,0,0,0,0,0,0,0,0,1780912584,0
122,-38.747233,0.951805,3.457538,8.538192,0,0,0,0,0,0,0,0,1780912584,0
123,107.789527,152.036283,5.22651,11.23092,0,0,0,0,0,0,0,0,1780912584,0
123,12.388419,60.431173,3.779169,14.529511,0,0,0,0,0,0,0,0,1780912584,0
124,-134.368996,-85.746556,5.712697,11.649788,0,0,0,0,0,0,0,0,1780912584,0
124,-31.259954,13.214936,2.99005,11.634829,0,0,0,0,0,0,0,0,1780912584,0
125,107.987741,150.876914,-0.622693,12.577284,0,0,0,0,0,0,0,0,1780912584,0
125,16.158238,58.194713,2.425325,11.137422,0,0,0,0,0,0,0,0,1780912584,0
126,-128.467433,-90.144679,0.633913,12.068657,0,0,0,0,0,0,0,0,1780912584,0
126,-35.396283,5.813674,2.702078,5.437815,0,0,0,0,0,0,0,0,1780912584,0
127,108.257014,147.64938,3.147126,7.505979,0,0,0,0,0,0,0,0,1780912584,0
127,11.075714,53.07853,1.019123,11.907841,0,0,0,0,0,0,0,0,1780912584,0
128,-134.387695,-97.512281,1.785802,6.238153,0,0,0,0,0,0,0,0,1780912584,0
128,-37.860877,6.920685,3.016229,7.393782,0,0,0,0,0,0,0,0,1780912584,0
129,108.825479,150.940492,2.836714,11.743286,0,0,0,0,0,0,0,0,1780912584,0
129,11.94711,50.45686,4.456091,11.369296,0,0,0,0,0,0,0,0,1780912584,0
130,-129.798838,-92.455937,7.249796,9.970573,0,0,0,0,0,0,0,0,1780912584,0
130,-36.24524,-1.50531,5.297568,8.751366,0,0,0,0,0,0,0,0,1780912584,0
131,102.104879,140.248118,3.094767,10.277245,0,0,0,0,0,0,0,0,1780912584,0
131,12.051828,50.707434,1.467911,13.433721,0,0,0,0,0,0,0,0,1780912584,0
132,-138.879315,-95.462816,4.601947,13.983486,0,0,0,0,0,0,0,0,1780912584,0
132,-33.877884,2.399146,6.804748,9.693821,0,0,0,0,0,0,0,0,1780912584,0
133,103.589619,146.041223,7.126379,9.974313,0,0,0,0,0,0,0,0,1780912584,0
133,-4.86,30.594252,1.759623,11.264579,0,0,0,0,0,0,0,0,1780912584,0
134,-135.992112,-93.716283,1.441731,13.583317,0,0,0,0,0,0,0,0,1780912584,0
134,-38.302185,9.119746,3.35282,7.023532,0,0,0,0,0,0,0,0,1780912584,0
135,100.466802,150.121454,5.24147,11.331897,0,0,0,0,0,0,0,0,1780912584,0
135,-0.559115,46.821677,3.659492,10.258546,0,0,0,0,0,0,0,0,1780912584,0
136,-150.106495,-93.222616,7.653705,10.688634,0,0,0,0,0,0,0,0,1780912584,0
136,-54.559531,3.169565,3.73803,11.032705,0,0,0,0,0,0,0,0,1780912584,0
137,88.716037,150.536583,5.465864,9.637722,0,0,0,0,0,0,0,0,1780912584,0
137,-12.141585,45.422955,4.332674,14.364956,0,0,0,0,0,0,0,0,1780912584,0
138,-156.086595,-94.292228,2.365487,9.061778,0,0,0,0,0,0,0,0,1780912584,0
138,-54.95596,8.21843,10.10708,9.465687,0,0,0,0,0,0,0,0,1780912584,0
139,82.100154,145.768211,7.212397,14.776345,0,0,0,0,0,0,0,0,1780912584,0
139,-17.93469,45.838084,3.947464,10.83449,0,0,0,0,0,0,0,0,1780912584,0
140,-158.902739,-99.296214,2.653459,8.388596,0,0,0,0,0,0,0,0,1780912584,0
140,-55.543124,6.206364,9.037468,14.551951,0,0,0,0,0,0,0,0,1780912584,0
141,78.446272,142.780031,1.707264,10.942947,0,0,0,0,0,0,0,0,1780912584,0
141,-19.939277,44.461801,4.407472,17.985179,0,0,0,0,0,0,0,0,1780912584,0
142,-164.198438,-98.290181,7.45923,10.610096,0,0,0,0,0,0,0,0,1780912584,0
142,-60.1806,1.88678,4.968457,11.290758,0,0,0,0,0,0,0,0,1780912584,0
143,87.021862,144.979092,2.717037,9.559184,0,0,0,0,0,0,0,0,1780912584,0
143,-12.642732,49.577984,6.943124,12.786718,0,0,0,0,0,0,0,0,1780912584,0
144,-155.233897,-100.324686,6.000669,8.844863,0,0,0,0,0,0,0,0,1780912584,0
144,-53.273005,10.413751,6.090427,6.930035,0,0,0,0,0,0,0,0,1780912584,0
145,89.579954,146.703186,4.87496,12.012559,0,0,0,0,0,0,0,0,1780912584,0
145,-12.998022,45.411735,3.678192,7.240446,0,0,0,0,0,0,0,0,1780912584,0
146,-159.396406,-98.596852,3.214444,10.524078,0,0,0,0,0,0,0,0,1780912584,0
146,-49.783678,7.152559,3.708111,12.902655,0,0,0,0,0,0,0,0,1780912584,0
147,92.856106,149.078022,5.548142,12.827857,0,0,0,0,0,0,0,0,1780912584,0
147,-9.508696,49.155375,2.586141,8.029565,0,0,0,0,0,0,0,0,1780912584,0
148,-148.647934,-87.983016,2.103694,10.041631,0,0,0,0,0,0,0,0,1780912584,0
148,-47.655675,4.601947,2.870373,8.639169,0,0,0,0,0,0,0,0,1780912584,0
149,90.365333,143.030604,6.988003,10.007972,0,0,0,0,0,0,0,0,1780912584,0
149,-11.195391,42.045825,2.967611,6.559785,0,0,0,0,0,0,0,0,1780912584,0
150,-154.990804,-100.952989,4.919838,12.33419,0,0,0,0,0,0,0,0,1780912584,0
150,-57.143801,4.403732,2.298169,6.668242,0,0,0,0,0,0,0,0,1780912584,0
151,83.839207,144.332089,4.078361,8.781285,0,0,0,0,0,0,0,0,1780912584,0
151,-16.038561,44.540339,8.723317,13.415021,0,0,0,0,0,0,0,0,1780912584,0
152,-152.720685,-101.364378,1.187418,14.260239,0,0,0,0,0,0,0,0,1780912584,0
152,-52.682101,2.593621,-0.345941,12.192074,0,0,0,0,0,0,0,0,1780912584,0
153,93.686364,144.941693,4.796422,7.210527,0,0,0,0,0,0,0,0,1780912584,0
153,-18.630312,45.063925,-0.170165,12.076137,0,0,0,0,0,0,0,0,1780912584,0
154,-147.697999,-92.34,5.469604,10.224886,0,0,0,0,0,0,0,0,1780912584,0
154,-43.440808,9.673251,4.332674,6.649542,0,0,0,0,0,0,0,0,1780912584,0
155,90.814121,153.393867,0.330981,8.22778,0,0,0,0,0,0,0,0,1780912584,0
155,-11.038315,44.903109,3.498676,6.911335,0,0,0,0,0,0,0,0,1780912584,0
156,-145.43162,-86.954544,1.980277,9.241293,0,0,0,0,0,0,0,0,1780912584,0
156,-41.679315,10.982216,1.093921,8.96828,0,0,0,0,0,0,0,0,1780912584,0
157,96.663324,160.36504,0.416999,8.844863,0,0,0,0,0,0,0,0,1780912584,0
157,-10.301554,45.153682,9.976183,10.587657,0,0,0,0,0,0,0,0,1780912584,0
158,-158.738184,-98.30888,6.673851,8.515752,0,0,0,0,0,0,0,0,1780912584,0
158,-51.859323,10.742863,4.762763,10.733513,0,0,0,0,0,0,0,0,1780912584,0
159,107.819446,163.484117,3.618353,11.242139,0,0,0,0,0,0,0,0,1780912584,0
159,-9.920085,49.865956,1.393113,10.09773,0,0,0,0,0,0,0,0,1780912584,0
160,-149.006964,-84.553528,5.649119,11.784425,0,0,0,0,0,0,0,0,1780912584,0
160,-47.498599,16.472389,6.961824,9.682601,0,0,0,0,0,0,0,0,1780912584,0
161,90.761762,160.477237,7.242316,10.10147,0,0,0,0,0,0,0,0,1780912584,0
161,-16.880038,49.230173,2.545002,14.163001,0,0,0,0,0,0,0,0,1780912584,0
162,-162.141493,-91.109573,3.285502,10.976606,0,0,0,0,0,0,0,0,1780912584,0
162,-52.053798,11.517022,4.403732,8.343717,0,0,0,0,0,0,0,0,1780912584,0
163,86.887226,151.860508,7.945417,12.932574,0,0,0,0,0,0,0,0,1780912584,0
163,-15.608472,41.383863,2.485164,14.103163,0,0,0,0,0,0,0,0,1780912584,0
164,-151.703432,-87.235036,7.055321,11.934021,0,0,0,0,0,0,0,0,1780912584,0
164,-43.100477,18.278761,4.186818,7.577037,0,0,0,0,0,0,0,0,1780912584,0
165,86.221524,151.729611,3.36778,8.321277,0,0,0,0,0,0,0,0,1780912584,0
165,-12.474436,46.776799,7.074021,10.85693,0,0,0,0,0,0,0,0,1780912584,0
166,-150.233651,-90.193297,5.091874,8.665348,0,0,0,0,0,0,0,0,1780912584,0
166,-43.34731,23.806333,3.251843,11.724586,0,0,0,0,0,0,0,0,1780912584,0
167,93.708803,155.768703,-1.49783,7.348903,0,0,0,0,0,0,0,0,1780912584,0
167,-9.205764,48.242839,4.616906,16.952966,0,0,0,0,0,0,0,0,1780912584,0
168,-155.8996,-83.756929,5.723917,8.699007,0,0,0,0,0,0,0,0,1780912584,0
168,-41.686795,20.874252,-2.081254,10.295945,0,0,0,0,0,0,0,0,1780912584,0
169,95.167364,156.595221,4.067141,10.355783,0,0,0,0,0,0,0,0,1780912584,0
169,-14.94277,45.161162,2.739477,13.06721,0,0,0,0,0,0,0,0,1780912584,0
170,-149.14534,-88.738476,0.581554,12.618422,0,0,0,0,0,0,0,0,1780912584,0
170,-43.096737,17.044594,4.381293,7.913628,0,0,0,0,0,0,0,0,1780912584,0
171,93.211397,153.214351,4.250396,11.58621,0,0,0,0,0,0,0,0,1780912584,0
171,-18.043147,37.808519,5.499523,10.423101,0,0,0,0,0,0,0,0,1780912584,0
172,-156.61392,-95.025248,-0.102847,7.244186,0,0,0,0,0,0,0,0,1780912584,0
172,-44.289765,20.825633,1.628726,14.181701,0,0,0,0,0,0,0,0,1780912584,0
173,97.142031,163.813228,1.48661,10.494159,0,0,0,0,0,0,0,0,1780912584,0
173,-15.466356,47.737953,1.909219,9.824717,0,0,0,0,0,0,0,0,1780912584,0
174,-152.87776,-88.405625,5.742616,9.024379,0,0,0,0,0,0,0,0,1780912584,0
174,-31.065479,26.454182,10.911158,10.696114,0,0,0,0,0,0,0,0,1780912584,0
175,97.104632,148.756391,2.687118,6.174575,0,0,0,0,0,0,0,0,1780912584,0
175,-17.018415,39.562532,5.566841,11.784425,0,0,0,0,0,0,0,0,1780912584,0
176,-147.462385,-91.96227,4.85252,8.433474,0,0,0,0,0,0,0,0,1780912584,0
176,-36.694028,22.740462,1.022863,8.025825,0,0,0,0,0,0,0,0,1780912584,0
177,97.456183,150.585202,4.557068,7.588257,0,0,0,0,0,0,0,0,1780912584,0
177,-18.615352,40.332951,5.376106,14.058284,0,0,0,0,0,0,0,0,1780912584,0
178,-151.550096,-92.672851,3.666972,11.272058,0,0,0,0,0,0,0,0,1780912584,0
178,-38.189988,12.433297,1.8606,11.361816,0,0,0,0,0,0,0,0,1780912584,0
179,94.288488,147.316529,5.069434,11.58247,0,0,0,0,0,0,0,0,1780912584,0
179,-11.790035,44.031712,2.941431,13.587057,0,0,0,0,0,0,0,0,1780912584,0
180,-153.090935,-97.029834,7.11142,10.277245,0,0,0,0,0,0,0,0,1780912584,0
180,-35.448642,18.832266,1.456691,8.743886,0,0,0,0,0,0,0,0,1780912584,0
181,103.776614,157.74337,4.946018,14.065764,0,0,0,0,0,0,0,0,1780912584,0
181,-19.228696,41.578338,2.470204,9.308611,0,0,0,0,0,0,0,0,1780912584,0
182,-149.867141,-100.519161,5.880993,11.081324,0,0,0,0,0,0,0,0,1780912584,0
182,-26.828172,18.577953,3.023709,12.248172,0,0,0,0,0,0,0,0,1780912584,0
183,94.292228,145.41666,1.643686,12.154675,0,0,0,0,0,0,0,0,1780912584,0
183,-18.073067,34.595945,6.584094,14.421054,0,0,0,0,0,0,0,0,1780912584,0
184,-150.050396,-93.555467,5.353667,7.419962,0,0,0,0,0,0,0,0,1780912584,0
184,-38.107711,19.741062,7.025402,5.213421,0,0,0,0,0,0,0,0,1780912584,0
185,96.304294,150.042916,1.636206,6.193274,0,0,0,0,0,0,0,0,1780912584,0
185,-21.121085,37.168996,7.956637,10.617576,0,0,0,0,0,0,0,0,1780912584,0
186,-147.563363,-89.953944,6.819708,13.497299,0,0,0,0,0,0,0,0,1780912584,0
186,-27.045087,24.475775,2.653459,9.162755,0,0,0,0,0,0,0,0,1780912584,0
187,95.302001,148.109388,8.274529,5.542532,0,0,0,0,0,0,0,0,1780912585,0
187,-12.792328,38.268526,7.46671,12.70444,0,0,0,0,0,0,0,0,1780912585,0
188,-145.547557,-95.287041,7.982816,9.854636,0,0,0,0,0,0,0,0,1780912585,0
188,-33.810566,23.626818,4.781462,11.309457,0,0,0,0,0,0,0,0,1780912585,0
189,99.774921,155.189019,7.635006,9.787318,0,0,0,0,0,0,0,0,1780912585,0
189,-17.411104,34.02,1.725964,10.340823,0,0,0,0,0,0,0,0,1780912585,0
190,-148.849888,-97.026095,5.574321,14.97082,0,0,0,0,0,0,0,0,1780912585,0
190,-35.355144,17.500862,-3.898846,14.95586,0,0,0,0,0,0,0,0,1780912585,0
191,96.255675,153.569642,2.473944,5.512613,0,0,0,0,0,0,0,0,1780912585,0
191,-17.044594,39.753267,6.232543,10.015452,0,0,0,0,0,0,0,0,1780912585,0
192,-152.960038,-100.317206,1.385633,17.016545,0,0,0,0,0,0,0,0,1780912585,0
192,-32.935429,26.285887,5.435945,9.944394,0,0,0,0,0,0,0,0,1780912585,0
193,101.67479,157.178645,1.164979,8.22778,0,0,0,0,0,0,0,0,1780912585,0
193,-14.991389,45.565071,5.211551,11.21222,0,0,0,0,0,0,0,0,1780912585,0
194,-146.860261,-89.886625,-1.961578,9.600323,0,0,0,0,0,0,0,0,1780912585,0
194,-28.455029,28.196976,4.781462,12.233213,0,0,0,0,0,0,0,0,1780912585,0
195,90.193297,150.349588,1.307095,8.657868,0,0,0,0,0,0,0,0,1780912585,0
195,-21.884025,25.923117,2.444025,9.888295,0,0,0,0,0,0,0,0,1780912585,0
196,-134.761685,-95.518915,8.360546,10.957907,0,0,0,0,0,0,0,0,1780912585,0
196,-18.585433,26.439223,4.183078,9.233813,0,0,0,0,0,0,0,0,1780912585,0
197,110.149403,147.862555,2.148573,8.818684,0,0,0,0,0,0,0,0,1780912585,0
197,-5.884733,31.121577,3.023709,13.190627,0,0,0,0,0,0,0,0,1780912585,0
198,-143.677607,-104.449796,2.485164,13.82267,0,0,0,0,0,0,0,0,1780912585,0
198,-16.719223,17.478422,3.928765,8.399815,0,0,0,0,0,0,0,0,1780912585,0
199,111.824879,143.830942,-0.439438,12.281831,0,0,0,0,0,0,0,0,1780912585,0
199,-8.083794,27.194683,5.039515,7.221747,0,0,0,0,0,0,0,0,1780912585,0
200,-136.852289,-105.964455,1.078961,8.60177,0,0,0,0,0,0,0,0,1780912585,0
200,-17.598099,12.926964,3.939985,10.47172,0,0,0,0,0,0,0,0,1780912585,0
0,109.665086,139.382331,2.152312,10.327734,0,0,0,0,0,0,0,0,1780912585,0
101,-12.801678,16.175067,2.844194,7.032882,0,0,0,0,0,0,0,0,1780912585,0
101,-139.490789,-112.12968,5.084394,10.701724,0,0,0,0,0,0,0,0,1780912585,0
102,-13.83389,11.709627,3.132166,8.502663,0,0,0,0,0,0,0,0,1780912585,0
102,110.162493,138.013528,1.408072,10.249196,0,0,0,0,0,0,0,0,1780912585,0
103,-10.576437,19.555937,4.160639,15.182124,0,0,0,0,0,0,0,0,1780912585,0
103,-132.912305,-103.636368,4.770242,11.647918,0,0,0,0,0,0,0,0,1780912585,0
104,-13.478599,14.226579,2.885333,7.586387,0,0,0,0,0,0,0,0,1780912585,0
104,119.557122,141.543994,3.457538,9.572274,0,0,0,0,0,0,0,0,1780912585,0
105,-4.297145,23.703486,5.570581,14.235929,0,0,0,0,0,0,0,0,1780912585,0
105,-135.934144,-102.353582,0.805948,9.460077,0,0,0,0,0,0,0,0,1780912585,0
106,-15.475706,18.665841,5.480823,14.673497,0,0,0,0,0,0,0,0,1780912585,0
106,109.657607,145.553166,4.037222,12.463217,0,0,0,0,0,0,0,0,1780912585,0
107,-11.339377,20.090743,4.12698,9.972443,0,0,0,0,0,0,0,0,1780912585,0
107,-138.578253,-102.125448,2.679638,9.568534,0,0,0,0,0,0,0,0,1780912585,0
108,-15.528065,25.468719,6.187664,8.566241,0,0,0,0,0,0,0,0,1780912585,0
108,104.866795,139.995675,2.197191,7.735983,0,0,0,0,0,0,0,0,1780912585,0
109,-15.651481,25.04611,3.898846,9.101047,0,0,0,0,0,0,0,0,1780912585,0
109,-142.520108,-107.413667,6.232543,7.937938,0,0,0,0,0,0,0,0,1780912585,0
110,-17.19232,13.47486,4.706664,10.331474,0,0,0,0,0,0,0,0,1780912585,0
110,108.307503,150.886264,4.347634,7.081501,0,0,0,0,0,0,0,0,1780912585,0
111,-22.031751,23.56885,3.73429,10.873759,0,0,0,0,0,0,0,0,1780912585,0
111,-144.764047,-100.977299,3.337861,9.463817,0,0,0,0,0,0,0,0,1780912585,0
112,-17.715906,21.69142,4.508449,9.968703,0,0,0,0,0,0,0,0,1780912585,0
112,107.899854,146.484401,6.311081,14.699677,0,0,0,0,0,0,0,0,1780912585,0
113,-18.770558,16.362062,2.092474,10.48481,0,0,0,0,0,0,0,0,1780912585,0
113,-136.786841,-101.770158,4.459831,7.878099,0,0,0,0,0,0,0,0,1780912585,0
114,-8.59429,20.655467,6.097907,8.719577,0,0,0,0,0,0,0,0,1780912585,0
114,113.060916,150.744148,5.263909,8.001516,0,0,0,0,0,0,0,0,1780912585,0
115,-10.984086,26.762724,3.835267,11.472143,0,0,0,0,0,0,0,0,1780912585,0
115,-132.470996,-99.769311,2.791835,8.712097,0,0,0,0,0,0,0,0,1780912585,0
116,-10.969127,24.758138,3.35282,10.585787,0,0,0,0,0,0,0,0,1780912585,0
116,115.49559,148.507687,4.153159,7.762162,0,0,0,0,0,0,0,0,1780912585,0
117,-10.886849,28.284863,7.395652,13.222416,0,0,0,0,0,0,0,0,1780912585,0
117,-136.588626,-95.68534,3.483717,10.365133,0,0,0,0,0,0,0,0,1780912585,0
118,-11.713367,26.758984,5.955791,8.644779,0,0,0,0,0,0,0,0,1780912585,0
118,110.555183,148.496468,7.418092,14.680977,0,0,0,0,0,0,0,0,1780912585,0
119,-26.444833,11.387995,4.429911,13.368272,0,0,0,0,0,0,0,0,1780912585,0
119,-140.57536,-98.972712,3.221924,10.499769,0,0,0,0,0,0,0,0,1780912585,0
120,-7.378823,35.622547,2.444025,8.061354,0,0,0,0,0,0,0,0,1780912585,0
120,102.843509,144.034767,3.34908,11.827434,0,0,0,0,0,0,0,0,1780912585,0
121,-18.886495,18.235752,8.338107,6.318561,0,0,0,0,0,0,0,0,1780912585,0
121,-140.062993,-95.408588,4.12698,8.285748,0,0,0,0,0,0,0,0,1780912585,0
122,-22.345902,23.905441,3.019969,11.96955,0,0,0,0,0,0,0,0,1780912585,0
122,108.389781,147.793366,5.712697,7.964117,0,0,0,0,0,0,0,0,1780912585,0
123,-27.731358,25.476198,5.312528,9.194544,0,0,0,0,0,0,0,0,1780912585,0
123,-142.06384,-101.246572,0.906926,10.552128,0,0,0,0,0,0,0,0,1780912585,0
124,-13.370142,27.783717,2.99379,8.304448,0,0,0,0,0,0,0,0,1780912585,0
124,111.351781,151.0209,4.942278,11.068234,0,0,0,0,0,0,0,0,1780912585,0
125,-18.987472,27.6603,0.693751,10.499769,0,0,0,0,0,0,0,0,1780912585,0
125,-144.094605,-93.422701,1.423032,6.771089,0,0,0,0,0,0,0,0,1780912585,0
126,-23.019084,29.788303,4.785202,9.422678,0,0,0,0,0,0,0,0,1780912585,0
126,107.828796,157.580685,3.599654,6.509296,0,0,0,0,0,0,0,0,1780912585,0
127,-11.96768,32.937299,6.008149,9.183324,0,0,0,0,0,0,0,0,1780912585,0
127,-139.558107,-95.539484,0.899446,10.638145,0,0,0,0,0,0,0,0,1780912585,0
128,-15.232613,31.628334,2.062555,9.448857,0,0,0,0,0,0,0,0,1780912585,0
128,103.486772,152.083032,3.472497,12.466957,0,0,0,0,0,0,0,0,1780912585,0
129,-20.408634,24.395367,-0.00561,10.611966,0,0,0,0,0,0,0,0,1780912585,0
129,-142.542547,-92.106256,3.719331,8.315668,0,0,0,0,0,0,0,0,1780912585,0
130,-15.505625,31.112228,6.804748,8.267049,0,0,0,0,0,0,0,0,1780912585,0
130,108.015791,150.026087,6.202624,9.396499,0,0,0,0,0,0,0,0,1780912585,0
131,-26.048403,20.513351,2.111174,9.295521,0,0,0,0,0,0,0,0,1780912585,0
131,-145.074459,-101.194213,3.655752,12.392159,0,0,0,0,0,0,0,0,1780912585,0
132,-19.791551,27.013297,3.539815,7.122639,0,0,0,0,0,0,0,0,1780912585,0
132,102.338622,151.376191,1.456691,8.244609,0,0,0,0,0,0,0,0,1780912585,0
133,-24.204633,24.784317,0.663832,12.485656,0,0,0,0,0,0,0,0,1780912585,0
133,-147.322139,-96.377222,3.595914,12.193944,0,0,0,0,0,0,0,0,1780912585,0
134,-18.336729,23.505271,7.137599,9.224463,0,0,0,0,0,0,0,0,1780912585,0
134,102.993105,147.916783,8.693397,5.144232,0,0,0,0,0,0,0,0,1780912585,0
135,-24.982532,26.194259,6.920685,13.016722,0,0,0,0,0,0,0,0,1780912585,0
135,-140.485602,-93.890188,5.671558,11.064494,0,0,0,0,0,0,0,0,1780912585,0
136,-6.769219,38.360154,8.461524,10.08838,0,0,0,0,0,0,0,0,1780912585,0
136,113.27409,160.243493,3.786649,10.178138,0,0,0,0,0,0,0,0,1780912585,0
137,-20.677907,19.021131,1.965317,8.405425,0,0,0,0,0,0,0,0,1780912585,0
137,-137.052374,-98.407988,1.797022,8.326887,0,0,0,0,0,0,0,0,1780912585,0
138,-11.784425,30.319369,3.173305,9.998623,0,0,0,0,0,0,0,0,1780912585,0
138,112.926279,153.732328,5.499523,6.898245,0,0,0,0,0,0,0,0,1780912585,0
139,-18.463886,20.352536,3.999823,12.384679,0,0,0,0,0,0,0,0,1780912585,0
139,-139.789981,-100.143301,8.652259,15.230743,0,0,0,0,0,0,0,0,1780912585,0
140,-9.738699,36.314429,1.669865,9.590973,0,0,0,0,0,0,0,0,1780912585,0
140,107.365048,155.695775,3.315421,8.371766,0,0,0,0,0,0,0,0,1780912585,0
141,-25.767911,22.379561,7.537768,10.668065,0,0,0,0,0,0,0,0,1780912585,0
141,-140.594059,-108.169126,1.441731,9.72187,0,0,0,0,0,0,0,0,1780912585,0
142,-10.767172,33.558122,4.631866,8.076314,0,0,0,0,0,0,0,0,1780912585,0
142,112.50367,166.264732,6.73369,15.840346,0,0,0,0,0,0,0,0,1780912585,0
143,-29.062763,26.781424,2.354267,9.878946,0,0,0,0,0,0,0,0,1780912585,0
143,-145.388611,-91.556491,1.030342,9.882686,0,0,0,0,0,0,0,0,1780912585,0
144,-14.035845,38.255437,2.402886,11.59556,0,0,0,0,0,0,0,0,1780912585,0
144,102.847249,149.52494,-1.995237,6.210104,0,0,0,0,0,0,0,0,1780912585,0
145,-28.075429,19.526018,10.185618,11.647918,0,0,0,0,0,0,0,0,1780912585,0
145,-139.468349,-95.748919,7.343294,9.3591,0,0,0,0,0,0,0,0,1780912585,0
146,-11.189781,33.808696,5.398546,4.47105,0,0,0,0,0,0,0,0,1780912585,0
146,111.052589,158.713874,5.98945,9.774229,0,0,0,0,0,0,0,0,1780912585,0
147,-28.05299,20.760185,5.458384,14.288288,0,0,0,0,0,0,0,0,1780912585,0
147,-140.702516,-92.31943,2.212151,7.735983,0,0,0,0,0,0,0,0,1780912585,0
148,-9.301131,37.275583,6.3597,10.039761,0,0,0,0,0,0,0,0,1780912585,0
148,106.17202,151.753921,5.133013,6.958084,0,0,0,0,0,0,0,0,1780912585,0
149,-30.214652,18.721939,5.465864,9.617153,0,0,0,0,0,0,0,0,1780912585,0
149,-142.557507,-96.208926,2.182232,7.638746,0,0,0,0,0,0,0,0,1780912585,0
150,-6.989873,41.449311,6.139046,10.170658,0,0,0,0,0,0,0,0,1780912585,0
150,105.207126,152.576698,-0.488057,10.178138,0,0,0,0,0,0,0,0,1780912585,0
151,-25.143347,19.06227,4.12324,10.148219,0,0,0,0,0,0,0,0,1780912585,0
151,-141.955383,-94.245479,2.660939,10.82514,0,0,0,0,0,0,0,0,1780912585,0
152,-10.972866,38.850081,6.789788,7.8407,0,0,0,0,0,0,0,0,1780912585,0
152,108.142947,155.692035,-1.142539,12.122886,0,0,0,0,0,0,0,0,1780912585,0
153,-26.845002,19.511058,7.48167,13.233636,0,0,0,0,0,0,0,0,1780912585,0
153,-147.748488,-93.314244,3.435098,2.638499,0,0,0,0,0,0,0,0,1780912585,0
154,-11.129942,33.741377,7.11142,15.017568,0,0,0,0,0,0,0,0,1780912585,0
154,101.601862,151.286433,8.427865,9.000069,0,0,0,0,0,0,0,0,1780912585,0
155,-25.902547,21.470766,2.967611,9.748049,0,0,0,0,0,0,0,0,1780912585,0
155,-138.29776,-94.383855,9.501216,9.130966,0,0,0,0,0,0,0,0,1780912585,0
156,-3.485587,39.190412,5.22651,9.370319,0,0,0,0,0,0,0,0,1780912585,0
156,110.742178,153.141423,2.922732,9.291781,0,0,0,0,0,0,0,0,1780912585,0
157,-29.051543,16.672474,8.622339,12.900785,0,0,0,0,0,0,0,0,1780912585,0
157,-138.33142,-96.986826,1.692305,10.368873,0,0,0,0,0,0,0,0,1780912585,0
158,-3.455668,43.569834,2.133613,7.399392,0,0,0,0,0,0,0,0,1780912585,0
158,108.285063,155.400323,3.984863,10.200577,0,0,0,0,0,0,0,0,1780912585,0
159,-28.146487,16.664994,3.517376,11.266449,0,0,0,0,0,0,0,0,1780912585,0
159,-136.842939,-94.372635,3.565995,12.190204,0,0,0,0,0,0,0,0,1780912585,0
160,0.647003,42.870473,5.260169,8.038915,0,0,0,0,0,0,0,0,1780912585,0
160,110.390627,156.432535,4.441131,10.294075,0,0,0,0,0,0,0,0,1780912585,0
161,-25.446279,23.269658,6.531735,11.109373,0,0,0,0,0,0,0,0,1780912585,0
161,-136.719523,-92.465287,0.581554,7.204917,0,0,0,0,0,0,0,0,1780912585,0
162,-8.007126,29.676106,3.233144,11.853613,0,0,0,0,0,0,0,0,1780912585,0
162,97.027964,140.523001,-0.084148,10.544648,0,0,0,0,0,0,0,0,1780912585,0
163,-28.225025,19.641955,8.065094,12.134105,0,0,0,0,0,0,0,0,1780912585,0
163,-138.204263,-85.21736,3.147126,10.350173,0,0,0,0,0,0,0,0,1780912585,0
164,-4.218607,48.091374,0.716191,10.675544,0,0,0,0,0,0,0,0,1780912585,0
164,104.597522,163.284032,-1.273436,10.604486,0,0,0,0,0,0,0,0,1780912585,0
165,-32.204279,29.687326,3.74551,12.205164,0,0,0,0,0,0,0,0,1780912585,0
165,-142.81182,-73.64985,2.98257,10.249196,0,0,0,0,0,0,0,0,1780912585,0
166,-5.501393,54.654898,2.963871,9.867726,0,0,0,0,0,0,0,0,1780912585,0
166,103.198799,168.321677,3.094767,11.60304,0,0,0,0,0,0,0,0,1780912585,0
167,-35.270996,31.695652,2.391666,10.208057,0,0,0,0,0,0,0,0,1780912585,0
167,-147.879384,-76.982101,-0.585294,12.762409,0,0,0,0,0,0,0,0,1780912585,0
168,-12.083617,57.504702,5.099354,5.828634,0,0,0,0,0,0,0,0,1780912585,0
168,98.041477,164.536899,4.654305,11.012135,0,0,0,0,0,0,0,0,1780912585,0
169,-38.801462,30.891574,4.355113,14.897891,0,0,0,0,0,0,0,0,1780912585,0
169,-146.850912,-80.089958,2.466464,8.21843,0,0,0,0,0,0,0,0,1780912585,0
170,-15.210173,50.986056,6.599053,6.584094,0,0,0,0,0,0,0,0,1780912585,0
170,95.775098,156.316598,4.399992,12.029388,0,0,0,0,0,0,0,0,1780912585,0
171,-39.803755,21.68768,6.236283,6.939384,0,0,0,0,0,0,0,0,1780912585,0
171,-151.641724,-84.323524,2.660939,11.146772,0,0,0,0,0,0,0,0,1780912585,0
172,-3.171435,60.474182,-0.143986,9.276822,0,0,0,0,0,0,0,0,1780912585,0
172,100.535991,169.574544,7.795821,5.488303,0,0,0,0,0,0,0,0,1780912585,0
173,-35.300916,27.218992,3.408919,8.697137,0,0,0,0,0,0,0,0,1780912585,0
173,-142.404171,-85.875583,8.296968,11.995729,0,0,0,0,0,0,0,0,1780912585,0
174,-8.268919,49.695791,2.444025,11.98077,0,0,0,0,0,0,0,0,1780912585,0
174,101.815036,163.332651,1.924179,5.372366,0,0,0,0,0,0,0,0,1780912585,0
175,-38.528449,28.438199,3.513636,9.033728,0,0,0,0,0,0,0,0,1780912585,0
175,-154.457868,-90.363463,3.393959,14.501462,0,0,0,0,0,0,0,0,1780912585,0
176,-13.740392,50.312874,2.548742,9.538615,0,0,0,0,0,0,0,0,1780912585,0
176,97.93676,161.444001,4.908619,11.95833,0,0,0,0,0,0,0,0,1780912585,0
177,-45.039615,16.82581,7.945417,12.571674,0,0,0,0,0,0,0,0,1780912585,0
177,-154.633643,-92.540085,1.239777,11.389865,0,0,0,0,0,0,0,0,1780912585,0
178,-9.162755,47.276075,5.821154,11.292628,0,0,0,0,0,0,0,0,1780912585,0
178,95.898515,163.123216,-2.552482,10.0996,0,0,0,0,0,0,0,0,1780912585,0
179,-43.00137,17.816883,6.026849,10.305294,0,0,0,0,0,0,0,0,1780912585,0
179,-151.379931,-89.806218,3.128426,8.323147,0,0,0,0,0,0,0,0,1780912585,0
180,-8.283878,52.31746,6.112866,8.416645,0,0,0,0,0,0,0,0,1780912585,0
180,98.516445,154.476568,8.308188,9.744309,0,0,0,0,0,0,0,0,1780912585,0
181,-46.303701,16.242386,7.11142,12.646472,0,0,0,0,0,0,0,0,1780912585,0
181,-147.546533,-84.203848,4.134459,8.311928,0,0,0,0,0,0,0,0,1780912585,0
182,-3.395829,49.116106,1.49035,4.889919,0,0,0,0,0,0,0,0,1780912585,0
182,98.490265,151.428549,3.846487,6.655152,0,0,0,0,0,0,0,0,1780912585,0
183,-45.009696,7.805171,4.201778,14.179831,0,0,0,0,0,0,0,0,1780912585,0
183,-149.711935,-96.164048,4.239177,7.979077,0,0,0,0,0,0,0,0,1780912585,0
184,-7.767772,51.801354,7.365733,7.130119,0,0,0,0,0,0,0,0,1780912585,0
184,103.617668,157.734021,1.172459,11.337507,0,0,0,0,0,0,0,0,1780912585,0
185,-46.255083,8.455914,3.775429,7.560208,0,0,0,0,0,0,0,0,1780912585,0
185,-151.099438,-100.913721,6.3597,12.897045,0,0,0,0,0,0,0,0,1780912585,0
186,-4.899269,45.522062,3.977384,10.10708,0,0,0,0,0,0,0,0,1780912585,0
186,94.817684,147.782147,5.039515,10.294075,0,0,0,0,0,0,0,0,1780912585,0
187,-44.916198,-0.74798,8.543801,12.900785,0,0,0,0,0,0,0,0,1780912586,0
187,-145.39983,-93.198307,3.162085,11.640439,0,0,0,0,0,0,0,0,1780912586,0
188,-3.867057,46.266302,6.097907,10.638145,0,0,0,0,0,0,0,0,1780912586,0
188,106.097222,153.332158,5.032035,14.292028,0,0,0,0,0,0,0,0,1780912586,0
189,-40.488157,11.129942,8.195991,10.802701,0,0,0,0,0,0,0,0,1780912586,0
189,-149.715675,-97.790904,-0.065448,6.520516,0,0,0,0,0,0,0,0,1780912586,0
190,-7.393782,46.438338,6.202624,7.055321,0,0,0,0,0,0,0,0,1780912586,0
190,101.055837,154.38681,7.365733,12.074267,0,0,0,0,0,0,0,0,1780912586,0
191,-37.73933,10.284725,2.548742,15.002609,0,0,0,0,0,0,0,0,1780912586,0
191,-144.980962,-89.477106,4.792682,12.567934,0,0,0,0,0,0,0,0,1780912586,0
192,0.041139,53.779761,2.200931,12.377199,0,0,0,0,0,0,0,0,1780912586,0
192,104.496545,156.484894,2.971351,10.884979,0,0,0,0,0,0,0,0,1780912586,0
193,-44.022362,9.020639,3.105987,9.72935,0,0,0,0,0,0,0,0,1780912586,0
193,-145.762601,-85.168742,1.228557,11.730196,0,0,0,0,0,0,0,0,1780912586,0
194,-3.833397,51.767695,7.171258,8.065094,0,0,0,0,0,0,0,0,1780912586,0
194,100.823963,154.349411,1.396853,8.61112,0,0,0,0,0,0,0,0,1780912586,0
195,-47.055421,10.755952,5.652859,12.968103,0,0,0,0,0,0,0,0,1780912586,0
195,-147.097745,-87.08731,6.378399,12.235083,0,0,0,0,0,0,0,0,1780912586,0
196,-2.449634,56.988596,3.857707,9.119746,0,0,0,0,0,0,0,0,1780912586,0
196,103.142701,160.916675,5.922132,5.727657,0,0,0,0,0,0,0,0,1780912586,0
197,-40.196445,5.213421,1.299615,11.236529,0,0,0,0,0,0,0,0,1780912586,0
197,-141.843186,-85.337037,-0.667572,14.882932,0,0,0,0,0,0,0,0,1780912586,0
198,1.406202,55.458976,4.09706,8.749496,0,0,0,0,0,0,0,0,1780912586,0
198,103.17636,154.611204,6.752389,8.682178,0,0,0,0,0,0,0,0,1780912586,0
199,-47.081601,5.441554,9.011289,7.11142,0,0,0,0,0,0,0,0,1780912586,0
199,-143.470042,-91.234859,3.289242,11.027095,0,0,0,0,0,0,0,0,1780912586,0
200,-0.291712,56.315414,3.36404,6.490596,0,0,0,0,0,0,0,0,1780912586,0
200,111.232104,163.194274,2.294429,10.941077,0,0,0,0,0,0,0,0,1780912586,0
0,-36.675329,16.004902,6.529865,10.970997,0,0,0,0,0,0,0,0,1780912586,0
101,-135.015998,-88.652458,9.443247,7.425571,0,0,0,0,0,0,0,0,1780912586,0
101,6.053028,62.626495,1.623117,8.910312,0,0,0,0,0,0,0,0,1780912586,0
102,109.17329,158.981277,6.395229,7.646225,0,0,0,0,0,0,0,0,1780912586,0
102,-36.608011,9.497476,4.622516,10.638145,0,0,0,0,0,0,0,0,1780912586,0
103,-139.324363,-86.827387,5.434075,9.519915,0,0,0,0,0,0,0,0,1780912586,0
103,8.371766,57.716006,3.792259,10.817661,0,0,0,0,0,0,0,0,1780912586,0
104,107.550173,161.543109,6.892636,11.494583,0,0,0,0,0,0,0,0,1780912586,0
104,-41.301585,12.081747,1.825071,10.626926,0,0,0,0,0,0,0,0,1780912586,0
105,-137.604009,-82.732197,1.069611,12.291181,0,0,0,0,0,0,0,0,1780912586,0
105,10.365133,54.301477,0.052359,9.691951,0,0,0,0,0,0,0,0,1780912586,0
106,104.935983,159.957391,5.475214,9.587234,0,0,0,0,0,0,0,0,1780912586,0
106,-46.500046,-6.74491,2.97322,10.772782,0,0,0,0,0,0,0,0,1780912586,0
107,-145.723332,-93.682624,2.561831,2.376706,0,0,0,0,0,0,0,0,1780912586,0
107,6.827187,65.977445,5.523832,11.356206,0,0,0,0,0,0,0,0,1780912586,0
108,106.357145,163.203624,3.107857,13.910558,0,0,0,0,0,0,0,0,1780912586,0
108,-48.702847,14.172351,0.7405,3.117207,0,0,0,0,0,0,0,0,1780912586,0
109,-143.146541,-90.485009,2.804925,7.971597,0,0,0,0,0,0,0,0,1780912586,0
109,4.1008,60.371335,2.958261,12.71005,0,0,0,0,0,0,0,0,1780912586,0
110,100.320946,154.927226,2.142963,12.983063,0,0,0,0,0,0,0,0,1780912586,0
110,-51.22728,9.819107,5.060085,6.812228,0,0,0,0,0,0,0,0,1780912586,0
111,-149.369734,-89.894105,2.816145,13.166318,0,0,0,0,0,0,0,0,1780912586,0
111,2.309388,63.445533,0.508626,9.452597,0,0,0,0,0,0,0,0,1780912586,0
112,99.606625,157.253443,4.996506,14.340646,0,0,0,0,0,0,0,0,1780912586,0
112,-53.905048,4.239177,7.229227,12.302401,0,0,0,0,0,0,0,0,1780912586,0
113,-147.484825,-92.755129,2.898422,13.267295,0,0,0,0,0,0,0,0,1780912586,0
113,7.792082,63.752205,2.139223,13.517868,0,0,0,0,0,0,0,0,1780912586,0
114,104.045887,156.99539,5.441554,18.117945,0,0,0,0,0,0,0,0,1780912586,0
114,-49.316191,11.255229,5.680908,12.253782,0,0,0,0,0,0,0,0,1780912586,0
115,-142.727672,-82.750896,2.703948,10.746603,0,0,0,0,0,0,0,0,1780912586,0
115,3.259323,59.245625,4.080231,14.636098,0,0,0,0,0,0,0,0,1780912586,0
116,104.730288,161.139199,6.571004,9.433898,0,0,0,0,0,0,0,0,1780912586,0
116,-46.619723,13.697384,3.938115,8.704617,0,0,0,0,0,0,0,0,1780912586,0
117,-143.16898,-91.939831,4.573898,10.518469,0,0,0,0,0,0,0,0,1780912586,0
117,8.674698,60.995898,2.019546,9.497476,0,0,0,0,0,0,0,0,1780912586,0
118,106.660077,160.604394,5.310658,11.674098,0,0,0,0,0,0,0,0,1780912586,0
118,-43.799838,5.97075,4.199908,14.699677,0,0,0,0,0,0,0,0,1780912586,0
119,-142.129288,-88.768395,-0.213174,14.153651,0,0,0,0,0,0,0,0,1780912586,0
119,12.590373,63.142601,1.514659,9.101047,0,0,0,0,0,0,0,0,1780912586,0
120,107.991481,158.068742,0.7405,14.475283,0,0,0,0,0,0,0,0,1780912586,0
120,-46.286872,3.465017,3.00314,5.686518,0,0,0,0,0,0,0,0,1780912586,0
121,-142.525717,-90.283055,5.774406,9.3404,0,0,0,0,0,0,0,0,1780912586,0
121,8.390466,59.630835,2.745087,12.796068,0,0,0,0,0,0,0,0,1780912586,0
122,109.378984,156.688718,6.417668,9.942524,0,0,0,0,0,0,0,0,1780912586,0
122,-41.350204,2.855414,4.745933,15.137245,0,0,0,0,0,0,0,0,1780912586,0
123,-141.085856,-91.502262,3.556645,12.433297,0,0,0,0,0,0,0,0,1780912586,0
123,12.122886,64.661,5.426595,10.514729,0,0,0,0,0,0,0,0,1780912586,0
124,110.725348,152.713205,2.434675,9.471297,0,0,0,0,0,0,0,0,1780912586,0
124,-48.302678,6.685071,6.054898,15.971243,0,0,0,0,0,0,0,0,1780912586,0
125,-141.979692,-89.838007,3.601524,11.625479,0,0,0,0,0,0,0,0,1780912586,0
125,15.040008,58.486425,5.269519,4.527149,0,0,0,0,0,0,0,0,1780912586,0
126,109.52858,156.550342,5.101224,9.003809,0,0,0,0,0,0,0,0,1780912586,0
126,-45.030265,-1.647426,3.878276,7.287195,0,0,0,0,0,0,0,0,1780912586,0
127,-133.09369,-93.600346,6.283032,7.810781,0,0,0,0,0,0,0,0,1780912586,0
127,12.635252,57.158761,5.078784,9.983663,0,0,0,0,0,0,0,0,1780912586,0
128,106.719915,152.709465,3.466887,14.57252,0,0,0,0,0,0,0,0,1780912586,0
128,-49.016999,1.097661,3.294852,10.724163,0,0,0,0,0,0,0,0,1780912586,0
129,-146.355375,-96.06494,2.457114,8.869173,0,0,0,0,0,0,0,0,1780912586,0
129,13.932997,66.15322,0.964894,8.95893,0,0,0,0,0,0,0,0,1780912586,0
130,104.569473,151.112528,4.588857,5.761316,0,0,0,0,0,0,0,0,1780912586,0
130,-44.966687,-1.763363,1.724094,9.418938,0,0,0,0,0,0,0,0,1780912586,0
131,-143.55419,-90.215737,2.61419,11.143032,0,0,0,0,0,0,0,0,1780912586,0
131,19.322193,64.885394,4.454221,13.035421,0,0,0,0,0,0,0,0,1780912586,0
132,105.508188,153.65192,3.642663,8.914052,0,0,0,0,0,0,0,0,1780912586,0
132,-46.384109,-1.13506,4.244786,3.292982,0,0,0,0,0,0,0,0,1780912586,0
133,-135.494705,-84.669465,6.110997,11.479623,0,0,0,0,0,0,0,0,1780912586,0
133,11.651658,63.150081,2.25516,11.924671,0,0,0,0,0,0,0,0,1780912586,0
134,109.401423,159.347787,0.882616,10.899938,0,0,0,0,0,0,0,0,1780912586,0
134,-45.580031,5.166672,9.372189,11.307588,0,0,0,0,0,0,0,0,1780912586,0
135,-146.654567,-97.257968,5.21716,14.58374,0,0,0,0,0,0,0,0,1780912586,0
135,10.795221,66.003624,5.467734,11.842393,0,0,0,0,0,0,0,0,1780912586,0
136,103.477422,150.630081,6.002539,10.765302,0,0,0,0,0,0,0,0,1780912586,0
136,-53.594636,-2.541262,5.579931,13.016722,0,0,0,0,0,0,0,0,1780912586,0
137,-138.426787,-90.485009,3.781039,10.372613,0,0,0,0,0,0,0,0,1780912586,0
137,19.385771,64.889134,3.033059,9.284302,0,0,0,0,0,0,0,0,1780912586,0
138,106.308526,153.984771,3.923155,11.767595,0,0,0,0,0,0,0,0,1780912586,0
138,-53.516098,-2.687118,0.287972,8.58868,0,0,0,0,0,0,0,0,1780912586,0
139,-139.963886,-90.649565,1.817591,11.322547,0,0,0,0,0,0,0,0,1780912586,0
139,16.644425,58.011458,5.276999,12.279962,0,0,0,0,0,0,0,0,1780912586,0
140,103.634498,152.866541,0.658222,6.109127,0,0,0,0,0,0,0,0,1780912586,0
140,-47.745433,-6.857107,3.478107,13.977876,0,0,0,0,0,0,0,0,1780912586,0
141,-137.301077,-92.512035,5.744486,9.807888,0,0,0,0,0,0,0,0,1780912586,0
141,20.619938,68.703832,1.86247,8.23339,0,0,0,0,0,0,0,0,1780912586,0
142,108.963855,150.760977,5.340577,13.656245,0,0,0,0,0,0,0,0,1780912586,0
142,-54.293998,-5.98945,3.844617,9.546095,0,0,0,0,0,0,0,0,1780912586,0
143,-142.091889,-100.668757,2.333698,7.10768,0,0,0,0,0,0,0,0,1780912586,0
143,18.551774,62.215106,0.026179,14.176091,0,0,0,0,0,0,0,0,1780912586,0
144,113.328318,149.481931,0.201955,14.041454,0,0,0,0,0,0,0,0,1780912586,0
144,-47.001193,-5.667818,-1.069611,9.546095,0,0,0,0,0,0,0,0,1780912586,0
145,-140.693166,-93.678884,4.917968,9.901385,0,0,0,0,0,0,0,0,1780912586,0
145,15.71693,62.099169,8.96454,12.294921,0,0,0,0,0,0,0,0,1780912586,0
146,107.471635,157.058969,0.75546,11.236529,0,0,0,0,0,0,0,0,1780912586,0
146,-49.155375,-4.332674,-1.13693,9.456337,0,0,0,0,0,0,0,0,1780912586,0
147,-140.491212,-93.185217,6.384009,8.311928,0,0,0,0,0,0,0,0,1780912586,0
147,19.886918,64.765717,3.268673,2.6198,0,0,0,0,0,0,0,0,1780912586,0
148,105.328672,152.432712,3.489327,13.850719,0,0,0,0,0,0,0,0,1780912586,0
148,-55.834836,-7.590127,0.852697,10.537168,0,0,0,0,0,0,0,0,1780912586,0
149,-141.272851,-97.347726,6.518646,8.816814,0,0,0,0,0,0,0,0,1780912586,0
149,16.109619,59.42888,3.242493,11.098153,0,0,0,0,0,0,0,0,1780912586,0
150,105.194036,147.092135,2.300038,14.426664,0,0,0,0,0,0,0,0,1780912586,0
150,-54.911081,-10.492289,5.164802,11.386125,0,0,0,0,0,0,0,0,1780912586,0
151,-139.365502,-90.339153,2.98818,7.208657,0,0,0,0,0,0,0,0,1780912586,0
151,17.070773,63.213659,-0.426349,7.83696,0,0,0,0,0,0,0,0,1780912586,0
152,105.104278,157.949065,3.848357,12.306141,0,0,0,0,0,0,0,0,1780912586,0
152,-53.972366,-0.839608,7.397522,11.300108,0,0,0,0,0,0,0,0,1780912586,0
153,-139.017691,-91.375106,9.297391,13.226156,0,0,0,0,0,0,0,0,1780912586,0
153,18.791127,69.773444,2.344917,13.214936,0,0,0,0,0,0,0,0,1780912586,0
154,101.30828,148.864848,8.60925,12.010689,0,0,0,0,0,0,0,0,1780912586,0
154,-60.868742,-16.644425,7.019792,9.845287,0,0,0,0,0,0,0,0,1780912586,0
155,-141.515944,-94.20995,1.320185,8.626079,0,0,0,0,0,0,0,0,1780912586,0
155,25.231235,71.445179,-0.441308,12.403378,0,0,0,0,0,0,0,0,1780912586,0
156,101.252181,158.745663,-0.460008,15.71693,0,0,0,0,0,0,0,0,1780912586,0
156,-56.882008,-8.177291,3.541685,10.009842,0,0,0,0,0,0,0,0,1780912586,0
157,-138.538984,-89.737029,2.2589,8.569981,0,0,0,0,0,0,0,0,1780912586,0
157,15.787988,69.010504,3.37713,7.956637,0,0,0,0,0,0,0,0,1780912586,0
158,108.316852,157.612474,0.130896,9.950004,0,0,0,0,0,0,0,0,1780912586,0
158,-56.137768,-10.234236,5.467734,9.527395,0,0,0,0,0,0,0,0,1780912586,0
159,-140.704386,-94.236129,3.893236,7.46297,0,0,0,0,0,0,0,0,1780912586,0
159,22.033621,71.452659,3.579084,12.489396,0,0,0,0,0,0,0,0,1780912586,0
160,104.812566,154.291443,1.024733,8.080054,0,0,0,0,0,0,0,0,1780912586,0
160,-54.495952,-11.169211,8.57933,11.539461,0,0,0,0,0,0,0,0,1780912586,0
161,-142.488318,-95.728349,1.712874,9.089827,0,0,0,0,0,0,0,0,1780912586,0
161,20.317007,73.554482,5.546272,6.703771,0,0,0,0,0,0,0,0,1780912586,0
162,101.405517,146.796683,7.764032,10.709204,0,0,0,0,0,0,0,0,1780912586,0
162,-54.080823,-10.376352,3.298592,9.751789,0,0,0,0,0,0,0,0,1780912586,0
163,-134.851443,-96.192097,8.145502,11.000916,0,0,0,0,0,0,0,0,1780912586,0
163,17.295167,64.481485,3.37339,9.108526,0,0,0,0,0,0,0,0,1780912586,0
164,104.446056,154.332582,4.671135,10.428711,0,0,0,0,0,0,0,0,1780912586,0
164,-63.258538,-6.075467,2.401016,11.337507,0,0,0,0,0,0,0,0,1780912586,0
165,-143.240038,-92.369919,4.607557,11.292628,0,0,0,0,0,0,0,0,1780912586,0
165,24.000808,69.694906,2.700208,11.161731,0,0,0,0,0,0,0,0,1780912586,0
166,106.416983,154.317622,2.041985,7.440531,0,0,0,0,0,0,0,0,1780912586,0
166,-62.637714,-11.344987,5.284479,10.540908,0,0,0,0,0,0,0,0,1780912586,0
167,-143.842162,-90.982416,3.552905,8.771935,0,0,0,0,0,0,0,0,1780912586,0
167,21.711989,77.780569,3.249973,14.441624,0,0,0,0,0,0,0,0,1780912586,0
168,102.160977,150.091535,0.086018,7.552728,0,0,0,0,0,0,0,0,1780912586,0
168,-59.043671,-14.224709,3.37713,7.328334,0,0,0,0,0,0,0,0,1780912586,0
169,-139.619815,-92.983263,6.249373,12.3211,0,0,0,0,0,0,0,0,1780912586,0
169,23.080793,72.297876,4.835691,8.667218,0,0,0,0,0,0,0,0,1780912586,0
170,103.683116,151.927826,1.896129,9.957484,0,0,0,0,0,0,0,0,1780912586,0
170,-59.174567,-7.84818,7.517199,10.443671,0,0,0,0,0,0,0,0,1780912586,0
171,-138.860615,-94.127672,7.143209,11.95085,0,0,0,0,0,0,0,0,1780912586,0
171,21.251981,69.597668,1.099531,11.517022,0,0,0,0,0,0,0,0,1780912586,0
172,104.382478,153.053536,-0.676922,7.829481,0,0,0,0,0,0,0,0,1780912586,0
172,-61.549404,-10.525948,2.872243,8.349327,0,0,0,0,0,0,0,0,1780912586,0
173,-138.228572,-89.168565,3.844617,10.806441,0,0,0,0,0,0,0,0,1780912586,0
173,22.179477,70.929073,7.184348,10.249196,0,0,0,0,0,0,0,0,1780912586,0
174,106.394544,155.738784,9.084217,10.496029,0,0,0,0,0,0,0,0,1780912586,0
174,-67.039577,-17.852412,2.479554,10.297815,0,0,0,0,0,0,0,0,1780912586,0
175,-141.654321,-94.071574,3.586564,8.764456,0,0,0,0,0,0,0,0,1780912586,0
175,23.421123,74.605394,1.024733,11.303848,0,0,0,0,0,0,0,0,1780912586,0
176,99.255075,156.426925,11.724586,12.059307,0,0,0,0,0,0,0,0,1780912586,0
176,-66.841362,-7.339554,-1.679215,11.97703,0,0,0,0,0,0,0,0,1780912586,0
177,-136.470819,-83.551235,1.948488,10.660585,0,0,0,0,0,0,0,0,1780912586,0
177,25.119038,75.020523,2.113043,7.46671,0,0,0,0,0,0,0,0,1780912586,0
178,102.740662,151.598715,4.880569,11.393605,0,0,0,0,0,0,0,0,1780912586,0
178,-67.402347,-15.032528,7.83509,13.009242,0,0,0,0,0,0,0,0,1780912586,0
179,-137.858322,-86.752589,6.683201,9.168365,0,0,0,0,0,0,0,0,1780912586,0
179,20.5601,71.972505,2.214021,6.438238,0,0,0,0,0,0,0,0,1780912586,0
180,102.003901,155.832281,0.867657,10.671805,0,0,0,0,0,0,0,0,1780912586,0
180,-62.484379,-11.22905,1.361324,12.994282,0,0,0,0,0,0,0,0,1780912586,0
181,-143.292397,-89.052628,2.59923,9.523655,0,0,0,0,0,0,0,0,1780912586,0
181,19.195037,73.116914,4.656175,10.264155,0,0,0,0,0,0,0,0,1780912586,0
182,101.218522,151.224725,7.128249,10.368873,0,0,0,0,0,0,0,0,1780912586,0
182,-59.683193,-9.897645,5.512613,11.685317,0,0,0,0,0,0,0,0,1780912586,0
183,-146.392774,-95.990142,4.87683,14.980169,0,0,0,0,0,0,0,0,1780912586,0
183,22.639484,76.901693,7.001093,16.229296,0,0,0,0,0,0,0,0,1780912586,0
184,98.555714,145.109988,-2.887203,4.946018,0,0,0,0,0,0,0,0,1780912586,0
184,-70.009057,-19.150158,6.167095,6.131566,0,0,0,0,0,0,0,0,1780912586,0
185,-140.371535,-97.57586,1.271566,10.189357,0,0,0,0,0,0,0,0,1780912586,0
185,25.507988,76.422986,3.642663,10.163178,0,0,0,0,0,0,0,0,1780912586,0
186,100.702416,148.382401,7.924848,8.715837,0,0,0,0,0,0,0,0,1780912586,0
186,-68.382201,-15.971243,2.210281,10.712943,0,0,0,0,0,0,0,0,1780912586,0
187,-146.755544,-97.489842,5.508873,12.429558,0,0,0,0,0,0,0,0,1780912587,0
187,22.942416,62.925687,3.00688,14.94651,0,0,0,0,0,0,0,0,1780912587,0
188,99.602886,132.801977,0.201955,10.122039,0,0,0,0,0,0,0,0,1780912587,0
188,-67.896014,-25.137738,9.435768,13.274775,0,0,0,0,0,0,0,0,1780912587,0
189,-141.31399,-89.063847,2.98818,14.351866,0,0,0,0,0,0,0,0,1780912587,0
189,24.008288,70.326949,1.806372,7.919238,0,0,0,0,0,0,0,0,1780912587,0
190,97.287887,145.338122,4.925448,14.108773,0,0,0,0,0,0,0,0,1780912587,0
190,-66.284117,-13.027941,6.294252,13.420631,0,0,0,0,0,0,0,0,1780912587,0
191,-138.909234,-90.413951,2.472074,8.513882,0,0,0,0,0,0,0,0,1780912587,0
191,38.107711,81.49429,4.686095,8.498923,0,0,0,0,0,0,0,0,1780912587,0
192,107.423016,164.018922,5.725787,13.891858,0,0,0,0,0,0,0,0,1780912587,0
192,-60.614429,-1.355714,5.21716,11.344987,0,0,0,0,0,0,0,0,1780912587,0
193,-133.946387,-75.637607,0.216914,5.798715,0,0,0,0,0,0,0,0,1780912587,0
193,27.108665,83.872866,1.256606,12.34354,0,0,0,0,0,0,0,0,1780912587,0
194,105.721362,164.740723,5.516352,9.179584,0,0,0,0,0,0,0,0,1780912587,0
194,-46.73566,9.998623,7.535898,11.307588,0,0,0,0,0,0,0,0,1780912587,0
195,-129.103216,-74.803609,5.60237,5.671558,0,0,0,0,0,0,0,0,1780912587,0
195,42.206641,102.497568,5.168542,5.24147,0,0,0,0,0,0,0,0,1780912587,0
196,111.533166,161.023263,3.122816,9.815367,0,0,0,0,0,0,0,0,1780912587,0
196,-52.663401,0.963024,2.202801,12.605333,0,0,0,0,0,0,0,0,1780912587,0
197,-124.417122,-72.249257,1.432382,9.471297,0,0,0,0,0,0,0,0,1780912587,0
197,48.183001,97.789034,4.577638,10.185618,0,0,0,0,0,0,0,0,1780912587,0
198,112.023093,160.458538,3.691281,8.880392,0,0,0,0,0,0,0,0,1780912587,0
198,-52.842916,-16.277915,4.955367,12.564194,0,0,0,0,0,0,0,0,1780912587,0
199,-124.420862,-83.042609,4.327064,12.298661,0,0,0,0,0,0,0,0,1780912587,0
199,45.546372,88.850673,0.172035,14.976429,0,0,0,0,0,0,0,0,1780912587,0
200,111.985694,157.130027,3.777299,9.116006,0,0,0,0,0,0,0,0,1780912587,0
200,-56.279884,-12.72501,6.436368,9.73309,0,0,0,0,0,0,0,0,1780912587,0
0,-130.313074,-94.802724,9.132836,10.84571,0,0,0,0,0,0,0,0,1780912587,0
101,37.690712,69.51726,6.795398,8.878522,0,0,0,0,0,0,0,0,1780912587,0
101,111.520077,152.913289,5.033905,12.135975,0,0,0,0,0,0,0,0,1780912587,0
102,-61.274521,-26.138161,5.426595,14.308857,0,0,0,0,0,0,0,0,1780912587,0
102,-129.69973,-103.894421,2.322478,4.065271,0,0,0,0,0,0,0,0,1780912587,0
103,44.194398,73.391797,5.60985,8.575591,0,0,0,0,0,0,0,0,1780912587,0
103,105.928926,144.019807,4.076491,10.976606,0,0,0,0,0,0,0,0,1780912587,0
104,-62.003801,-17.93282,5.23212,11.309457,0,0,0,0,0,0,0,0,1780912587,0
104,-133.009542,-91.290958,2.718907,12.72314,0,0,0,0,0,0,0,0,1780912587,0
105,32.256637,72.116491,2.771266,8.100623,0,0,0,0,0,0,0,0,1780912587,0
105,98.265871,141.876845,1.200508,6.585964,0,0,0,0,0,0,0,0,1780912587,0
106,-64.438476,-20.606849,6.791658,11.294498,0,0,0,0,0,0,0,0,1780912587,0
106,-135.68357,-92.431627,5.897822,14.58935,0,0,0,0,0,0,0,0,1780912587,0
107,35.267257,72.475521,0.73302,7.625656,0,0,0,0,0,0,0,0,1780912587,0
107,101.515844,127.021962,4.704794,11.877922,0,0,0,0,0,0,0,0,1780912587,0
108,-67.232182,-46.213944,6.241893,9.420808,0,0,0,0,0,0,0,0,1780912587,0
108,-132.639292,-87.10975,4.880569,8.814944,0,0,0,0,0,0,0,0,1780912587,0
109,35.106441,83.425948,5.841724,10.389442,0,0,0,0,0,0,0,0,1780912587,0
109,107.825056,147.539053,2.935821,11.395475,0,0,0,0,0,0,0,0,1780912587,0
110,-67.119985,-26.399954,3.582824,8.912182,0,0,0,0,0,0,0,0,1780912587,0
110,-131.924971,-79.674829,6.271812,11.732066,0,0,0,0,0,0,0,0,1780912587,0
111,37.821608,89.424748,5.048865,8.728926,0,0,0,0,0,0,0,0,1780912587,0
111,109.882001,157.827518,1.664255,9.607803,0,0,0,0,0,0,0,0,1780912587,0
112,-63.92611,-14.56317,0.568465,11.387995,0,0,0,0,0,0,0,0,1780912587,0
112,-127.156598,-72.651297,-1.783932,14.009665,0,0,0,0,0,0,0,0,1780912587,0
113,50.211897,111.045109,3.100377,7.11703,0,0,0,0,0,0,0,0,1780912587,0
113,122.657499,183.715106,6.230673,9.050558,0,0,0,0,0,0,0,0,1780912587,0
114,-33.920893,32.428673,5.24334,10.45302,0,0,0,0,0,0,0,0,1780912587,0
114,-90.352243,-7.195568,4.4991,10.957907,0,0,0,0,0,0,0,0,1780912587,0
115,94.353936,180.9214,4.405602,11.201,0,0,0,0,0,0,0,0,1780912587,0
115,163.168095,258.385948,4.050312,10.445541,0,0,0,0,0,0,0,0,1780912587,0
116,-4.435521,91.863163,2.812405,10.221147,0,0,0,0,0,0,0,0,1780912587,0
116,-59.273674,24.780577,9.177714,5.318138,0,0,0,0,0,0,0,0,1780912587,0
117,124.935098,223.387964,5.381716,10.524078,0,0,0,0,0,0,0,0,1780912587,0
117,188.195506,290.949257,2.61045,9.794798,0,0,0,0,0,0,0,0,1780912587,0
118,14.768865,108.999384,7.019792,7.161908,0,0,0,0,0,0,0,0,1780912587,0
118,-40.74995,4.383163,4.719754,11.623609,0,0,0,0,0,0,0,0,1780912587,0
119,113.681739,228.668703,3.586564,6.71686,0,0,0,0,0,0,0,0,1780912587,0
119,177.084263,291.184871,6.058638,6.862716,0,0,0,0,0,0,0,0,1780912587,0
120,2.300038,94.469873,4.768372,9.906995,0,0,0,0,0,0,0,0,1780912587,0
120,-72.045433,19.484879,1.148149,5.61733,0,0,0,0,0,0,0,0,1780912587,0
121,86.017699,173.030211,4.86187,10.647495,0,0,0,0,0,0,0,0,1780912587,0
121,138.997122,242.895282,5.796845,14.032105,0,0,0,0,0,0,0,0,1780912587,0
122,-35.461731,64.954582,0.130896,13.83763,0,0,0,0,0,0,0,0,1780912587,0
122,-108.868488,-6.417668,7.431181,8.803724,0,0,0,0,0,0,0,0,1780912587,0
123,56.883878,146.996768,3.208834,6.668242,0,0,0,0,0,0,0,0,1780912587,0
123,110.177453,194.456098,3.926895,6.096037,0,0,0,0,0,0,0,0,1780912587,0
124,-74.861577,3.781039,4.233567,9.802278,0,0,0,0,0,0,0,0,1780912587,0
124,-143.077353,-51.322647,1.196768,12.31923,0,0,0,0,0,0,0,0,1780912587,0
125,20.94344,111.845448,1.151889,10.157568,0,0,0,0,0,0,0,0,1780912587,0
125,79.499053,160.942855,6.862716,10.939207,0,0,0,0,0,0,0,0,1780912587,0
126,-95.812497,-16.44434,8.485833,11.111243,0,0,0,0,0,0,0,0,1780912587,0
126,-160.108857,-86.129896,5.445294,6.72808,0,0,0,0,0,0,0,0,1780912587,0
127,18.119815,78.059192,5.426595,10.221147,0,0,0,0,0,0,0,0,1780912587,0
127,76.911043,141.742208,2.786225,14.686587,0,0,0,0,0,0,0,0,1780912587,0
128,-96.82601,-42.152412,3.668842,7.86127,0,0,0,0,0,0,0,0,1780912587,0
128,-153.298499,-99.141008,4.300885,7.760292,0,0,0,0,0,0,0,0,1780912587,0
129,13.115829,66.93299,3.590304,9.592843,0,0,0,0,0,0,0,0,1780912587,0
129,74.266933,125.712997,3.216314,10.789611,0,0,0,0,0,0,0,0,1780912587,0
130,-102.260084,-58.33496,6.634583,8.930881,0,0,0,0,0,0,0,0,1780912587,0
130,-156.600831,-112.948719,1.058392,10.239846,0,0,0,0,0,0,0,0,1780912587,0
131,14.810004,64.419777,4.140069,8.912182,0,0,0,0,0,0,0,0,1780912587,0
131,71.802339,128.992889,8.179161,8.938361,0,0,0,0,0,0,0,0,1780912587,0
132,-100.502332,-47.347133,4.457961,12.34541,0,0,0,0,0,0,0,0,1780912587,0
132,-154.74584,-112.455052,3.283632,14.723986,0,0,0,0,0,0,0,0,1780912587,0
133,18.351689,60.313367,4.577638,9.245033,0,0,0,0,0,0,0,0,1780912587,0
133,79.394336,125.305348,6.74678,4.057791,0,0,0,0,0,0,0,0,1780912587,0
134,-101.586902,-56.233136,2.397276,7.550858,0,0,0,0,0,0,0,0,1780912587,0
134,-159.948041,-116.041616,3.601524,7.711674,0,0,0,0,0,0,0,0,1780912587,0
135,14.727726,54.348226,6.335391,11.245879,0,0,0,0,0,0,0,0,1780912587,0
135,71.78364,117.593674,5.370496,9.559184,0,0,0,0,0,0,0,0,1780912587,0
136,-102.002031,-58.731389,8.276399,12.607203,0,0,0,0,0,0,0,0,1780912587,0
136,-155.538699,-117.919046,3.156476,10.307164,0,0,0,0,0,0,0,0,1780912587,0
137,16.08531,57.93479,6.847757,9.155275,0,0,0,0,0,0,0,0,1780912587,0
137,78.601477,112.814082,7.218007,10.864409,0,0,0,0,0,0,0,0,1780912587,0
138,-98.767018,-57.680477,3.335991,13.418761,0,0,0,0,0,0,0,0,1780912587,0
138,-164.447141,-119.676799,6.492466,12.057437,0,0,0,0,0,0,0,0,1780912587,0
139,11.036445,57.242909,5.924002,13.108349,0,0,0,0,0,0,0,0,1780912587,0
139,74.162216,113.038476,3.470627,14.656668,0,0,0,0,0,0,0,0,1780912587,0
140,-102.465779,-59.05676,1.982147,10.007972,0,0,0,0,0,0,0,0,1780912587,0
140,-154.412989,-111.482678,3.7212,8.332497,0,0,0,0,0,0,0,0,1780912587,0
141,17.19606,69.756614,6.159615,13.265425,0,0,0,0,0,0,0,0,1780912587,0
141,73.728388,126.255283,0.684402,9.71252,0,0,0,0,0,0,0,0,1780912587,0
142,-105.78307,-46.849727,6.36157,11.167341,0,0,0,0,0,0,0,0,1780912587,0
142,-156.103424,-111.475198,5.284479,8.96828,0,0,0,0,0,0,0,0,1780912587,0
143,9.058038,51.707857,-1.357584,8.343717,0,0,0,0,0,0,0,0,1780912587,0
143,74.121077,118.364094,3.541685,10.789611,0,0,0,0,0,0,0,0,1780912587,0
144,-89.514505,-47.059161,7.689234,11.294498,0,0,0,0,0,0,0,0,1780912587,0
144,-143.986148,-106.392674,2.816145,5.071304,0,0,0,0,0,0,0,0,1780912587,0
145,28.206325,73.331958,2.655329,9.34601,0,0,0,0,0,0,0,0,1780912587,0
145,84.364663,120.836168,7.08711,8.081924,0,0,0,0,0,0,0,0,1780912587,0
146,-90.711273,-51.97713,2.281339,11.103763,0,0,0,0,0,0,0,0,1780912587,0
146,-143.585979,-104.444186,2.98444,10.116429,0,0,0,0,0,0,0,0,1780912587,0
147,26.067103,71.334852,4.947888,13.130789,0,0,0,0,0,0,0,0,1780912587,0
147,83.710181,130.82544,4.936668,10.999046,0,0,0,0,0,0,0,0,1780912587,0
148,-95.603063,-52.683971,4.229827,11.167341,0,0,0,0,0,0,0,0,1780912587,0
148,-143.410204,-103.415714,0.314152,12.042478,0,0,0,0,0,0,0,0,1780912587,0
149,26.957199,62.325433,4.816991,9.862116,0,0,0,0,0,0,0,0,1780912587,0
149,84.364663,119.98347,3.148996,11.892882,0,0,0,0,0,0,0,0,1780912587,0
150,-89.71272,-41.737284,4.386903,13.119569,0,0,0,0,0,0,0,0,1780912587,0
150,-147.209942,-98.430427,3.410789,8.358676,0,0,0,0,0,0,0,0,1780912587,0
151,33.453405,78.343424,5.97262,11.642309,0,0,0,0,0,0,0,0,1780912587,0
151,88.055944,136.420331,6.451327,12.913875,0,0,0,0,0,0,0,0,1780912587,0
152,-92.603663,-47.923078,2.2589,12.532405,0,0,0,0,0,0,0,0,1780912587,0
152,-143.698176,-94.447433,4.809511,7.023532,0,0,0,0,0,0,0,0,1780912587,0
153,35.207418,82.045925,7.509719,9.510566,0,0,0,0,0,0,0,0,1780912587,0
153,87.240646,126.240323,3.642663,9.544225,0,0,0,0,0,0,0,0,1780912587,0
154,-89.73142,-51.685417,3.638923,5.953921,0,0,0,0,0,0,0,0,1780912587,0
154,-142.03766,-104.627441,5.665948,12.943794,0,0,0,0,0,0,0,0,1780912587,0
155,33.954552,75.12711,3.653882,9.046818,0,0,0,0,0,0,0,0,1780912587,0
155,89.660362,131.169511,7.46484,12.775498,0,0,0,0,0,0,0,0,1780912587,0
156,-91.036645,-43.079908,8.624209,11.028965,0,0,0,0,0,0,0,0,1780912587,0
156,-142.699623,-100.023624,3.148996,7.621916,0,0,0,0,0,0,0,0,1780912587,0
157,29.668626,79.719707,6.776699,12.087357,0,0,0,0,0,0,0,0,1780912587,0
157,86.687141,129.172405,7.442401,10.019192,0,0,0,0,0,0,0,0,1780912587,0
158,-84.820931,-43.390319,7.614436,9.409588,0,0,0,0,0,0,0,0,1780912587,0
158,-138.787687,-98.467826,5.303178,5.385456,0,0,0,0,0,0,0,0,1780912587,0
159,39.003417,80.067518,5.131143,12.996152,0,0,0,0,0,0,0,0,1780912587,0
159,87.715614,130.036321,2.344917,9.521785,0,0,0,0,0,0,0,0,1780912587,0
160,-87.379023,-39.650419,2.079384,15.251312,0,0,0,0,0,0,0,0,1780912587,0
160,-142.826779,-95.288911,0.680662,9.428288,0,0,0,0,0,0,0,0,1780912587,0
161,38.001123,87.322924,2.868503,9.125356,0,0,0,0,0,0,0,0,1780912587,0
161,90.954367,135.878045,4.529019,11.339377,0,0,0,0,0,0,0,0,1780912587,0
162,-90.030612,-45.709057,8.684048,15.221393,0,0,0,0,0,0,0,0,1780912587,0
162,-142.288234,-93.512458,3.343471,9.899515,0,0,0,0,0,0,0,0,1780912587,0
163,34.141547,79.577591,3.463147,7.11703,0,0,0,0,0,0,0,0,1780912587,0
163,88.702947,130.82544,1.963447,14.286418,0,0,0,0,0,0,0,0,1780912587,0
164,-90.09793,-42.62738,0.254313,7.307765,0,0,0,0,0,0,0,0,1780912587,0
164,-135.769588,-91.762185,4.11389,9.667641,0,0,0,0,0,0,0,0,1780912587,0
165,37.492497,80.568665,0.407649,10.198707,0,0,0,0,0,0,0,0,1780912587,0
165,90.756152,140.242508,3.680062,11.320677,0,0,0,0,0,0,0,0,1780912587,0
166,-94.877522,-37.529896,8.332497,14.226579,0,0,0,0,0,0,0,0,1780912587,0
166,-141.083986,-92.805617,3.896976,13.901208,0,0,0,0,0,0,0,0,1780912587,0
167,34.500577,81.084771,2.281339,7.805171,0,0,0,0,0,0,0,0,1780912587,0
167,82.921062,132.216683,7.569558,9.203894,0,0,0,0,0,0,0,0,1780912587,0
168,-91.567711,-48.940331,1.772713,10.883109,0,0,0,0,0,0,0,0,1780912587,0
168,-138.746548,-95.401108,1.166849,10.120169,0,0,0,0,0,0,0,0,1780912587,0
169,39.197891,79.760846,5.639769,14.308857,0,0,0,0,0,0,0,0,1780912587,0
169,95.6816,137.280508,5.377976,11.567511,0,0,0,0,0,0,0,0,1780912587,0
170,-92.798138,-41.438092,0.568465,9.046818,0,0,0,0,0,0,0,0,1780912587,0
170,-136.659684,-90.565417,4.671135,11.739546,0,0,0,0,0,0,0,0,1780912587,0
171,45.847434,89.940854,6.600923,11.836783,0,0,0,0,0,0,0,0,1780912587,0
171,85.98778,135.732189,2.386056,10.572697,0,0,0,0,0,0,0,0,1780912587,0
172,-91.141362,-40.682632,4.644956,5.273259,0,0,0,0,0,0,0,0,1780912587,0
172,-135.915444,-86.941454,4.730973,10.370743,0,0,0,0,0,0,0,0,1780912587,0
173,47.45933,93.018792,2.595491,12.308011,0,0,0,0,0,0,0,0,1780912587,0
173,89.054498,132.482216,6.548565,11.20848,0,0,0,0,0,0,0,0,1780912587,0
174,-88.175621,-43.891466,7.390042,15.030658,0,0,0,0,0,0,0,0,1780912587,0
174,-138.361339,-92.091297,7.367603,4.648696,0,0,0,0,0,0,0,0,1780912587,0
175,43.835367,87.049911,2.071905,8.482093,0,0,0,0,0,0,0,0,1780912587,0
175,85.479153,138.69793,3.276152,9.813497,0,0,0,0,0,0,0,0,1780912587,0
176,-96.029411,-40.443278,0.841477,8.070704,0,0,0,0,0,0,0,0,1780912587,0
176,-138.518415,-86.990073,1.260346,11.705887,0,0,0,0,0,0,0,0,1780912587,0
177,46.662732,91.713567,5.374236,4.573898,0,0,0,0,0,0,0,0,1780912587,0
177,89.33499,140.029334,5.550012,9.73122,0,0,0,0,0,0,0,0,1780912587,0
178,-87.910088,-37.645833,5.340577,10.793351,0,0,0,0,0,0,0,0,1780912587,0
178,-130.612266,-81.410142,1.985887,12.820377,0,0,0,0,0,0,0,0,1780912587,0
179,46.030689,91.433074,5.766926,12.423948,0,0,0,0,0,0,0,0,1780912587,0
179,90.191427,129.580054,4.745933,9.802278,0,0,0,0,0,0,0,0,1780912587,0
180,-91.560231,-47.507949,4.413082,14.181701,0,0,0,0,0,0,0,0,1780912587,0
180,-124.579807,-80.516306,-0.340331,7.636876,0,0,0,0,0,0,0,0,1780912587,0
181,47.679985,92.016499,2.442155,9.413328,0,0,0,0,0,0,0,0,1780912587,0
181,91.713567,136.712043,3.833397,13.680554,0,0,0,0,0,0,0,0,1780912587,0
182,-92.779438,-47.440631,0.602124,10.400662,0,0,0,0,0,0,0,0,1780912587,0
182,-127.747503,-82.722847,4.065271,7.580777,0,0,0,0,0,0,0,0,1780912587,0
183,47.283555,89.944594,2.344917,6.627103,0,0,0,0,0,0,0,0,1780912587,0
183,93.912628,140.261208,7.135729,9.016899,0,0,0,0,0,0,0,0,1780912587,0
184,-88.527172,-39.332528,3.534205,12.547364,0,0,0,0,0,0,0,0,1780912587,0
184,-128.334667,-85.628749,0.224394,12.184594,0,0,0,0,0,0,0,0,1780912587,0
185,51.96965,97.899361,1.039692,9.170235,0,0,0,0,0,0,0,0,1780912587,0
185,91.60511,143.881431,5.276999,13.295344,0,0,0,0,0,0,0,0,1780912587,0
186,-87.337884,-39.960831,5.785625,11.455314,0,0,0,0,0,0,0,0,1780912588,0
186,-133.551827,-90.228826,0.254313,12.543624,0,0,0,0,0,0,0,0,1780912588,0
187,42.758276,93.893928,4.390643,13.332743,0,0,0,0,0,0,0,0,1780912588,0
187,91.496652,135.373159,5.2396,12.371589,0,0,0,0,0,0,0,0,1780912588,0
188,-90.023132,-39.654159,5.808065,14.050804,0,0,0,0,0,0,0,0,1780912588,0
188,-130.896498,-76.62681,7.191828,9.820977,0,0,0,0,0,0,0,0,1780912588,0
189,53.805941,99.227026,3.152736,8.381116,0,0,0,0,0,0,0,0,1780912588,0
189,93.81165,140.343486,0.134636,11.137422,0,0,0,0,0,0,0,0,1780912588,0
190,-86.279492,-35.693605,0.239354,13.07095,0,0,0,0,0,0,0,0,1780912588,0
190,-126.775129,-78.896929,3.534205,13.624456,0,0,0,0,0,0,0,0,1780912588,0
191,52.283801,104.144994,5.819284,7.405002,0,0,0,0,0,0,0,0,1780912588,0
191,91.055344,141.016668,5.737007,12.745579,0,0,0,0,0,0,0,0,1780912588,0
192,-84.566618,-43.696991,3.582824,10.553998,0,0,0,0,0,0,0,0,1780912588,0
192,-130.784301,-76.593151,2.389796,11.402955,0,0,0,0,0,0,0,0,1780912588,0
193,45.664178,92.685941,4.615037,13.774052,0,0,0,0,0,0,0,0,1780912588,0
193,89.417268,138.952243,10.007972,5.030165,0,0,0,0,0,0,0,0,1780912588,0
194,-91.268519,-48.656098,6.36905,6.71312,0,0,0,0,0,0,0,0,1780912588,0
194,-131.924971,-84.237507,-3.852097,14.529511,0,0,0,0,0,0,0,0,1780912588,0
195,43.973744,93.673274,2.737607,7.85379,0,0,0,0,0,0,0,0,1780912588,0
195,84.435721,140.130311,-0.168295,11.889142,0,0,0,0,0,0,0,0,1780912588,0
196,-89.944594,-43.098607,2.659069,9.820977,0,0,0,0,0,0,0,0,1780912588,0
196,-134.647618,-82.63309,2.920862,11.885402,0,0,0,0,0,0,0,0,1780912588,0
197,49.34424,95.554444,1.783932,5.60985,0,0,0,0,0,0,0,0,1780912588,0
197,90.374682,138.742809,3.844617,10.927988,0,0,0,0,0,0,0,0,1780912588,0
198,-87.203247,-43.012589,1.656776,9.869596,0,0,0,0,0,0,0,0,1780912588,0
198,-128.22995,-80.635983,3.010619,8.093144,0,0,0,0,0,0,0,0,1780912588,0
199,52.515675,98.598722,2.834844,12.210773,0,0,0,0,0,0,0,0,1780912588,0
199,94.181901,133.783701,0.807818,10.808311,0,0,0,0,0,0,0,0,1780912588,0
200,-86.35429,-41.8607,5.24708,15.049357,0,0,0,0,0,0,0,0,1780912588,0
200,-122.448064,-76.417376,3.938115,11.264579,0,0,0,0,0,0,0,0,1780912588,0
0,55.513205,102.744402,2.2402,6.546695,0,0,0,0,0,0,0,0,1780912588,0
101,90.47005,140.442593,4.323324,10.952297,0,0,0,0,0,0,0,0,1780912588,0
101,-82.922932,-38.339584,8.074444,10.151958,0,0,0,0,0,0,0,0,1780912588,0
102,-119.222401,-76.288349,1.911089,12.777368,0,0,0,0,0,0,0,0,1780912588,0
102,58.763178,101.341939,2.438415,9.291781,0,0,0,0,0,0,0,0,1780912588,0
103,91.801454,147.64938,7.057191,14.393005,0,0,0,0,0,0,0,0,1780912588,0
103,-94.999069,-43.579184,6.006279,9.875206,0,0,0,0,0,0,0,0,1780912588,0
104,-130.666495,-82.672358,1.656776,8.334367,0,0,0,0,0,0,0,0,1780912588,0
104,50.969227,102.852859,5.815544,13.772182,0,0,0,0,0,0,0,0,1780912588,0
105,86.950804,134.417614,-0.138376,8.289488,0,0,0,0,0,0,0,0,1780912588,0
105,-96.322993,-51.698507,10.875629,12.35102,0,0,0,0,0,0,0,0,1780912588,0
106,-128.198161,-83.640993,1.985887,0.600254,0,0,0,0,0,0,0,0,1780912588,0
106,54.783925,101.024048,7.801431,7.174998,0,0,0,0,0,0,0,0,1780912588,0
107,84.12718,133.250765,6.649542,8.469003,0,0,0,0,0,0,0,0,1780912588,0
107,-98.828726,-49.420908,4.895529,14.381785,0,0,0,0,0,0,0,0,1780912588,0
108,-130.180308,-82.765856,0.467487,11.752636,0,0,0,0,0,0,0,0,1780912588,0
108,50.011812,97.149511,3.388349,11.386125,0,0,0,0,0,0,0,0,1780912588,0
109,87.582847,135.778938,-1.451081,10.705464,0,0,0,0,0,0,0,0,1780912588,0
109,-95.055167,-44.577738,4.166249,9.295521,0,0,0,0,0,0,0,0,1780912588,0
110,-130.273805,-81.85706,3.070458,5.413505,0,0,0,0,0,0,0,0,1780912588,0
110,55.367349,101.461616,2.075644,12.496876,0,0,0,0,0,0,0,0,1780912588,0
111,90.728103,139.79185,6.537345,10.772782,0,0,0,0,0,0,0,0,1780912588,0
111,-90.559807,-47.233066,2.128003,11.502062,0,0,0,0,0,0,0,0,1780912588,0
112,-124.218907,-68.389681,2.214021,8.109973,0,0,0,0,0,0,0,0,1780912588,0
112,59.926287,100.92681,5.508873,8.719577,0,0,0,0,0,0,0,0,1780912588,0
113,90.0811,131.22374,4.637476,6.759869,0,0,0,0,0,0,0,0,1780912588,0
113,-87.175198,-38.747233,3.781039,13.544048,0,0,0,0,0,0,0,0,1780912588,0
114,-121.399023,-70.431666,9.084217,10.0996,0,0,0,0,0,0,0,0,1780912588,0
114,61.661601,102.542447,7.034752,7.425571,0,0,0,0,0,0,0,0,1780912588,0
115,89.845487,137.162701,3.313551,9.617153,0,0,0,0,0,0,0,0,1780912588,0
115,-92.646672,-48.456014,5.841724,13.525348,0,0,0,0,0,0,0,0,1780912588,0
116,-122.730427,-80.477037,4.039092,5.828634,0,0,0,0,0,0,0,0,1780912588,0
116,56.43696,104.648011,4.596337,8.506402,0,0,0,0,0,0,0,0,1780912588,0
117,83.513836,133.882809,3.586564,13.241116,0,0,0,0,0,0,0,0,1780912588,0
117,-94.610119,-43.72878,1.888649,11.449704,0,0,0,0,0,0,0,0,1780912588,0
118,-122.820184,-77.256983,5.385456,6.673851,0,0,0,0,0,0,0,0,1780912588,0
118,61.037037,109.54354,4.932928,9.130966,0,0,0,0,0,0,0,0,1780912588,0
119,91.812674,135.558284,4.192428,8.59616,0,0,0,0,0,0,0,0,1780912588,0
119,-90.017522,-42.072005,8.096883,8.476483,0,0,0,0,0,0,0,0,1780912588,0
120,-120.119977,-73.449765,0.923755,11.423524,0,0,0,0,0,0,0,0,1780912588,0
120,59.529858,106.820892,4.039092,10.877499,0,0,0,0,0,0,0,0,1780912588,0
121,92.676591,133.714513,2.487033,7.313374,0,0,0,0,0,0,0,0,1780912588,0
121,-92.452197,-41.077191,6.096037,8.59242,0,0,0,0,0,0,0,0,1780912588,0
122,-117.300092,-69.343355,1.581978,10.264155,0,0,0,0,0,0,0,0,1780912588,0
122,64.500185,114.689642,5.875383,14.007795,0,0,0,0,0,0,0,0,1780912588,0
123,92.096906,140.330396,0.478707,9.546095,0,0,0,0,0,0,0,0,1780912588,0
123,-90.552328,-40.938815,-1.746533,11.617999,0,0,0,0,0,0,0,0,1780912588,0
124,-119.925502,-70.383047,-0.074798,9.845287,0,0,0,0,0,0,0,0,1780912588,0
124,58.232112,101.801947,1.768973,11.281408,0,0,0,0,0,0,0,0,1780912588,0
125,91.479823,140.745525,0.800339,12.638992,0,0,0,0,0,0,0,0,1780912588,0
125,-97.897491,-51.032805,5.632289,5.017076,0,0,0,0,0,0,0,0,1780912588,0
126,-121.88147,-66.774044,6.256853,7.174998,0,0,0,0,0,0,0,0,1780912588,0
126,57.843163,108.335552,6.058638,10.189357,0,0,0,0,0,0,0,0,1780912588,0
127,85.952251,137.465633,5.119923,10.46611,0,0,0,0,0,0,0,0,1780912588,0
127,-102.849119,-47.958607,6.264332,11.610519,0,0,0,0,0,0,0,0,1780912588,0
128,-125.785925,-73.363747,4.678615,6.935644,0,0,0,0,0,0,0,0,1780912588,0
128,65.341662,116.215521,4.704794,8.577461,0,0,0,0,0,0,0,0,1780912588,0
129,79.687918,135.786418,6.518646,10.941077,0,0,0,0,0,0,0,0,1780912588,0
129,-96.177137,-46.952574,6.021239,11.303848,0,0,0,0,0,0,0,0,1780912588,0
130,-125.045425,-67.308849,3.818438,6.427018,0,0,0,0,0,0,0,0,1780912588,0
130,58.972612,111.600485,2.075644,8.98511,0,0,0,0,0,0,0,0,1780912588,0
131,91.648118,134.421354,3.130296,10.223017,0,0,0,0,0,0,0,0,1780912588,0
131,-91.651858,-42.464694,8.541931,8.857953,0,0,0,0,0,0,0,0,1780912588,0
132,-118.938168,-70.229711,6.428888,6.329781,0,0,0,0,0,0,0,0,1780912588,0
132,66.990958,115.961208,0.7405,12.429558,0,0,0,0,0,0,0,0,1780912588,0
133,88.21115,139.832989,4.835691,7.223617,0,0,0,0,0,0,0,0,1780912588,0
133,-96.872759,-41.810212,3.72494,7.661185,0,0,0,0,0,0,0,0,1780912588,0
134,-122.62197,-69.930519,2.389796,6.243763,0,0,0,0,0,0,0,0,1780912588,0
134,61.852335,110.609411,3.949334,15.978723,0,0,0,0,0,0,0,0,1780912588,0
135,82.25723,139.133628,3.668842,15.507495,0,0,0,0,0,0,0,0,1780912588,0
135,-94.987849,-47.610796,5.920262,10.148219,0,0,0,0,0,0,0,0,1780912588,0
136,-116.985941,-69.17132,1.466041,12.362239,0,0,0,0,0,0,0,0,1780912588,0
136,64.833036,113.130104,4.409342,10.410012,0,0,0,0,0,0,0,0,1780912588,0
137,81.636406,137.817183,4.49162,13.226156,0,0,0,0,0,0,0,0,1780912588,0
137,-97.545941,-42.053305,7.505979,10.690504,0,0,0,0,0,0,0,0,1780912588,0
138,-120.191035,-68.453259,7.218007,8.708357,0,0,0,0,0,0,0,0,1780912588,0
138,59.567257,115.673236,4.076491,8.96641,0,0,0,0,0,0,0,0,1780912588,0
139,82.444225,136.167887,4.267226,11.5993,0,0,0,0,0,0,0,0,1780912588,0
139,-98.450996,-50.643855,2.647849,10.817661,0,0,0,0,0,0,0,0,1780912588,0
140,-129.896075,-76.393066,1.297745,7.130119,0,0,0,0,0,0,0,0,1780912588,0
140,59.178307,112.52424,4.420562,14.359346,0,0,0,0,0,0,0,0,1780912588,0
141,80.039469,134.915021,3.7212,12.092967,0,0,0,0,0,0,0,0,1780912588,0
141,-95.825587,-46.170935,2.707688,9.052428,0,0,0,0,0,0,0,0,1780912588,0
142,-119.327118,-61.601762,0.792859,7.305895,0,0,0,0,0,0,0,0,1780912588,0
142,63.366995,116.26414,6.327911,8.390466,0,0,0,0,0,0,0,0,1780912588,0
143,86.505756,137.091643,-2.083124,5.334967,0,0,0,0,0,0,0,0,1780912588,0
143,-94.359546,-41.802732,3.900716,10.48107,0,0,0,0,0,0,0,0,1780912588,0
144,-115.923809,-68.112928,5.168542,4.661785,0,0,0,0,0,0,0,0,1780912588,0
144,61.197853,113.62751,-0.071058,12.021908,0,0,0,0,0,0,0,0,1780912588,0
145,90.118499,142.185386,6.215714,9.317961,0,0,0,0,0,0,0,0,1780912588,0
145,-98.376198,-47.663155,6.335391,8.158592,0,0,0,0,0,0,0,0,1780912588,0
146,-116.892443,-67.982031,6.066118,9.639592,0,0,0,0,0,0,0,0,1780912588,0
146,61.463386,111.746341,3.35095,8.22217,0,0,0,0,0,0,0,0,1780912588,0
147,85.727857,132.211073,0.931235,8.495183,0,0,0,0,0,0,0,0,1780912588,0
147,-101.274621,-52.528765,7.10207,15.518715,0,0,0,0,0,0,0,0,1780912588,0
148,-121.522439,-64.548803,3.489327,6.105387,0,0,0,0,0,0,0,0,1780912588,0
148,60.057183,112.105371,2.823624,13.256075,0,0,0,0,0,0,0,0,1780912588,0
149,78.259277,129.219153,1.611897,15.025048,0,0,0,0,0,0,0,0,1780912588,0
149,-104.606872,-52.913975,5.553751,12.661431,0,0,0,0,0,0,0,0,1780912588,0
150,-127.48758,-71.968765,6.197014,12.586633,0,0,0,0,0,0,0,0,1780912588,0
150,56.623955,107.494074,3.795998,7.141339,0,0,0,0,0,0,0,0,1780912588,0
151,76.576322,132.125056,5.587411,12.597853,0,0,0,0,0,0,0,0,1780912588,0
151,-107.576352,-53.123409,4.798292,10.761562,0,0,0,0,0,0,0,0,1780912588,0
152,-123.657922,-73.876114,5.703347,3.74925,0,0,0,0,0,0,0,0,1780912588,0
152,60.887441,113.937922,6.660762,10.114559,0,0,0,0,0,0,0,0,1780912588,0
153,82.952851,133.041331,8.560631,8.60364,0,0,0,0,0,0,0,0,1780912588,0
153,-100.459323,-47.034852,2.928342,10.963517,0,0,0,0,0,0,0,0,1780912588,0
154,-116.746587,-64.350589,1.667995,8.771935,0,0,0,0,0,0,0,0,1780912588,0
154,66.108342,116.178122,1.140669,7.982816,0,0,0,0,0,0,0,0,1780912588,0
155,79.755237,127.412782,1.922309,6.165225,0,0,0,0,0,0,0,0,1780912588,0
155,-95.081347,-46.541185,4.951628,10.271635,0,0,0,0,0,0,0,0,1780912588,0
156,-110.28404,-65.77549,2.150442,10.185618,0,0,0,0,0,0,0,0,1780912588,0
156,68.79733,118.384663,-0.108457,8.095013,0,0,0,0,0,0,0,0,1780912588,0
157,82.934151,130.587957,4.996506,8.880392,0,0,0,0,0,0,0,0,1780912588,0
157,-101.476575,-49.813597,6.35409,10.275375,0,0,0,0,0,0,0,0,1780912588,0
158,-119.944201,-70.177353,1.989627,5.60798,0,0,0,0,0,0,0,0,1780912588,0
158,65.386541,108.892797,6.885156,11.741416,0,0,0,0,0,0,0,0,1780912588,0
159,73.165533,121.544879,7.053451,11.827434,0,0,0,0,0,0,0,0,1780912588,0
159,-105.646564,-57.790804,3.34721,10.002362,0,0,0,0,0,0,0,0,1780912588,0
160,-121.365363,-65.293043,5.340577,9.620893,0,0,0,0,0,0,0,0,1780912588,0
160,66.732905,116.62317,4.091451,10.697984,0,0,0,0,0,0,0,0,1780912588,0
161,74.37352,126.077637,1.12197,11.300108,0,0,0,0,0,0,0,0,1780912588,0
161,-106.005594,-52.173474,8.58307,15.118546,0,0,0,0,0,0,0,0,1780912588,0
162,-123.310111,-68.479438,3.425748,11.019615,0,0,0,0,0,0,0,0,1780912588,0
162,62.761131,111.925856,2.490773,12.036868,0,0,0,0,0,0,0,0,1780912588,0
163,74.130427,127.510019,3.594044,11.760115,0,0,0,0,0,0,0,0,1780912588,0
163,-107.135044,-52.734459,0.250573,10.151958,0,0,0,0,0,0,0,0,1780912588,0
164,-121.86651,-71.620954,0.976114,7.788342,0,0,0,0,0,0,0,0,1780912588,0
164,65.300523,116.862524,2.879723,9.73683,0,0,0,0,0,0,0,0,1780912588,0
165,77.02511,134.473713,7.629396,14.673497,0,0,0,0,0,0,0,0,1780912588,0
165,-102.520008,-53.415121,6.907595,12.71753,0,0,0,0,0,0,0,0,1780912588,0
166,-115.059892,-66.624448,7.726633,10.582047,0,0,0,0,0,0,0,0,1780912588,0
166,69.16384,115.949988,3.504286,9.041208,0,0,0,0,0,0,0,0,1780912588,0
167,81.183878,129.671681,-0.01122,4.934798,0,0,0,0,0,0,0,0,1780912588,0
167,-98.368719,-50.797191,3.070458,11.59556,0,0,0,0,0,0,0,0,1780912588,0
168,-112.733674,-63.456752,0.837738,13.009242,0,0,0,0,0,0,0,0,1780912588,0
168,68.004471,114.798099,3.695021,4.882439,0,0,0,0,0,0,0,0,1780912588,0
169,76.99893,129.091997,7.176868,12.227603,0,0,0,0,0,0,0,0,1780912588,0
169,-101.835606,-51.836883,10.654975,11.689057,0,0,0,0,0,0,0,0,1780912588,0
170,-121.698215,-68.528057,2.98818,6.662632,0,0,0,0,0,0,0,0,1780912588,0
170,60.300277,110.190542,7.371343,13.592666,0,0,0,0,0,0,0,0,1780912588,0
171,71.624694,127.599777,7.636876,16.491089,0,0,0,0,0,0,0,0,1780912588,0
171,-107.703509,-53.160808,4.162509,9.36284,0,0,0,0,0,0,0,0,1780912588,0
172,-115.112251,-69.347095,5.310658,7.915498,0,0,0,0,0,0,0,0,1780912588,0
172,64.387988,114.364271,6.133436,13.600146,0,0,0,0,0,0,0,0,1780912588,0
173,73.618061,121.417722,5.942701,5.731397,0,0,0,0,0,0,0,0,1780912588,0
173,-113.511574,-59.496198,1.458561,12.653952,0,0,0,0,0,0,0,0,1780912588,0
174,-114.338091,-70.394267,5.564971,13.491689,0,0,0,0,0,0,0,0,1780912588,0
174,65.517437,117.083178,3.784779,11.128072,0,0,0,0,0,0,0,0,1780912588,0
175,77.328041,126.73212,5.938961,10.237976,0,0,0,0,0,0,0,0,1780912588,0
175,-104.509634,-55.662801,6.271812,11.984509,0,0,0,0,0,0,0,0,1780912588,0
176,-115.834051,-64.589942,5.262039,9.531135,0,0,0,0,0,0,0,0,1780912588,0
176,71.546156,115.733074,4.461701,12.646472,0,0,0,0,0,0,0,0,1780912588,0
177,78.734244,121.952528,2.030766,12.893305,0,0,0,0,0,0,0,0,1780912588,0
177,-104.767687,-56.268665,1.323925,7.85192,0,0,0,0,0,0,0,0,1780912588,0
178,-114.094998,-66.100862,3.515506,12.33606,0,0,0,0,0,0,0,0,1780912588,0
178,64.518884,116.582031,5.890342,11.879792,0,0,0,0,0,0,0,0,1780912588,0
179,72.451212,118.784832,4.936668,8.035175,0,0,0,0,0,0,0,0,1780912588,0
179,-107.67733,-54.888642,6.144656,11.086933,0,0,0,0,0,0,0,0,1780912588,0
180,-119.218661,-70.536383,6.608403,7.765902,0,0,0,0,0,0,0,0,1780912588,0
180,63.509111,111.170396,4.293405,9.740569,0,0,0,0,0,0,0,0,1780912588,0
181,70.779477,114.248334,4.820731,14.96521,0,0,0,0,0,0,0,0,1780912588,0
181,-116.888703,-61.829896,9.555444,9.037468,0,0,0,0,0,0,0,0,1780912588,0
182,-114.124917,-68.288703,0.474967,7.930458,0,0,0,0,0,0,0,0,1780912588,0
182,69.074082,112.483101,7.124509,9.430158,0,0,0,0,0,0,0,0,1780912588,0
183,72.757884,119.783386,8.642909,8.96641,0,0,0,0,0,0,0,0,1780912588,0
183,-113.818245,-64.402947,4.831951,11.281408,0,0,0,0,0,0,0,0,1780912588,0
184,-111.357391,-65.988665,3.915675,12.040608,0,0,0,0,0,0,0,0,1780912588,0
184,66.822662,110.500954,1.911089,9.609673,0,0,0,0,0,0,0,0,1780912588,0
185,72.252997,121.825371,0.467487,11.812474,0,0,0,0,0,0,0,0,1780912588,0
185,-108.597345,-61.773798,6.72808,14.95025,0,0,0,0,0,0,0,0,1780912588,0
186,-116.092104,-71.736891,3.638923,7.515329,0,0,0,0,0,0,0,0,1780912589,0
186,71.224525,116.409996,3.231274,5.525702,0,0,0,0,0,0,0,0,1780912589,0
187,77.503817,121.268126,3.291112,15.582293,0,0,0,0,0,0,0,0,1780912589,0
187,-107.897984,-66.003624,9.443247,11.894752,0,0,0,0,0,0,0,0,1780912589,0
188,-108.305633,-64.092535,5.351797,7.298415,0,0,0,0,0,0,0,0,1780912589,0
188,72.933659,120.396729,4.543978,8.943971,0,0,0,0,0,0,0,0,1780912589,0
189,77.574875,121.275606,4.461701,12.268742,0,0,0,0,0,0,0,0,1780912589,0
189,-111.899677,-61.437207,6.099777,7.025402,0,0,0,0,0,0,0,0,1780912589,0
190,-109.767934,-61.545664,5.535052,8.472743,0,0,0,0,0,0,0,0,1780912589,0
190,66.785263,116.350158,6.533605,11.60678,0,0,0,0,0,0,0,0,1780912589,0
191,69.967918,119.850704,4.009173,7.066541,0,0,0,0,0,0,0,0,1780912589,0
191,-111.174136,-62.78731,4.11389,12.508095,0,0,0,0,0,0,0,0,1780912589,0
192,-115.317945,-66.9012,4.641216,14.269588,0,0,0,0,0,0,0,0,1780912589,0
192,69.242378,115.179569,1.12571,11.311327,0,0,0,0,0,0,0,0,1780912589,0
193,69.317176,118.418322,2.569311,12.69135,0,0,0,0,0,0,0,0,1780912589,0
193,-112.299846,-64.65726,4.091451,8.663478,0,0,0,0,0,0,0,0,1780912589,0
194,-113.447995,-72.095921,0.250573,8.887872,0,0,0,0,0,0,0,0,1780912589,0
194,65.910127,111.118038,2.008326,7.376953,0,0,0,0,0,0,0,0,1780912589,0
195,70.588742,121.701954,6.125956,13.278515,0,0,0,0,0,0,0,0,1780912589,0
195,-110.807626,-65.588495,-1.249127,6.045548,0,0,0,0,0,0,0,0,1780912589,0
196,-114.038899,-66.037283,0.213174,11.883532,0,0,0,0,0,0,0,0,1780912589,0
196,68.356021,116.798946,5.112443,14.826833,0,0,0,0,0,0,0,0,1780912589,0
197,67.514544,115.164609,3.074198,10.10708,0,0,0,0,0,0,0,0,1780912589,0
197,-113.593851,-63.307156,3.650142,12.69883,0,0,0,0,0,0,0,0,1780912589,0
198,-115.908849,-63.131381,3.122816,12.425818,0,0,0,0,0,0,0,0,1780912589,0
198,66.89746,120.796899,4.510319,13.544048,0,0,0,0,0,0,0,0,1780912589,0
199,64.952712,113.414336,1.840031,10.862539,0,0,0,0,0,0,0,0,1780912589,0
199,-115.953728,-63.071543,3.863317,7.967857,0,0,0,0,0,0,0,0,1780912589,0
200,-112.868311,-65.996145,2.909642,6.079207,0,0,0,0,0,0,0,0,1780912589,0
200,69.840762,117.098138,2.068165,9.205764,0,0,0,0,0,0,0,0,1780912589,0
0,71.248834,114.558745,8.109973,6.991743,0,0,0,0,0,0,0,0,1780912589,0
101,-110.192412,-62.334783,1.587588,7.212397,0,0,0,0,0,0,0,0,1780912589,0
101,-111.071289,-60.431173,3.75673,10.350173,0,0,0,0,0,0,0,0,1780912589,0
102,69.89499,118.418322,4.426172,8.319407,0,0,0,0,0,0,0,0,1780912589,0
102,67.579992,118.665156,4.983417,11.943371,0,0,0,0,0,0,0,0,1780912589,0
103,-114.425979,-61.953313,3.846487,13.667464,0,0,0,0,0,0,0,0,1780912589,0
103,-107.922293,-56.736152,1.770843,12.545494,0,0,0,0,0,0,0,0,1780912589,0
104,70.123124,125.468034,-1.322055,11.629219,0,0,0,0,0,0,0,0,1780912589,0
104,73.085125,120.396729,6.782309,10.653105,0,0,0,0,0,0,0,0,1780912589,0
105,-107.64554,-56.380862,5.23773,11.95833,0,0,0,0,0,0,0,0,1780912589,0
105,-103.785964,-51.821924,0.877007,11.094413,0,0,0,0,0,0,0,0,1780912589,0
106,75.5011,128.650689,7.683624,11.359946,0,0,0,0,0,0,0,0,1780912589,0
106,74.487587,124.413382,3.150866,11.090673,0,0,0,0,0,0,0,0,1780912589,0
107,-112.499931,-60.865002,2.507603,8.685918,0,0,0,0,0,0,0,0,1780912589,0
107,-110.465425,-54.436114,4.377553,11.97329,0,0,0,0,0,0,0,0,1780912589,0
108,70.699069,124.641516,2.99753,13.364532,0,0,0,0,0,0,0,0,1780912589,0
108,65.680123,117.472128,3.872666,13.09526,0,0,0,0,0,0,0,0,1780912589,0
109,-113.588241,-60.311497,3.023709,9.789188,0,0,0,0,0,0,0,0,1780912589,0
109,-105.41282,-50.976706,1.696045,10.821401,0,0,0,0,0,0,0,0,1780912589,0
110,78.212528,127.943847,-1.819461,13.910558,0,0,0,0,0,0,0,0,1780912589,0
110,66.16257,121.668295,1.426772,14.800654,0,0,0,0,0,0,0,0,1780912589,0
111,-111.082508,-60.296537,4.527149,11.389865,0,0,0,0,0,0,0,0,1780912589,0
111,-109.612728,-56.519238,7.212397,8.480223,0,0,0,0,0,0,0,0,1780912589,0
112,69.397584,117.838638,1.729704,10.720423,0,0,0,0,0,0,0,0,1780912589,0
112,59.670104,111.327472,3.831528,8.461524,0,0,0,0,0,0,0,0,1780912589,0
113,-127.021962,-67.140554,1.980277,11.161731,0,0,0,0,0,0,0,0,1780912589,0
113,-103.54287,-45.823124,3.165825,7.451751,0,0,0,0,0,0,0,0,1780912589,0
114,70.841185,123.594344,6.71125,7.676145,0,0,0,0,0,0,0,0,1780912589,0
114,67.493975,122.648149,-0.450658,11.842393,0,0,0,0,0,0,0,0,1780912589,0
115,-113.771497,-59.585956,5.634159,12.594113,0,0,0,0,0,0,0,0,1780912589,0
115,-109.810942,-49.34985,3.655752,8.738276,0,0,0,0,0,0,0,0,1780912589,0
116,75.415083,126.129996,2.769396,9.849027,0,0,0,0,0,0,0,0,1780912589,0
116,67.755767,119.529073,3.72681,18.398438,0,0,0,0,0,0,0,0,1780912589,0
117,-114.915906,-60.075883,5.866033,13.024202,0,0,0,0,0,0,0,0,1780912589,0
117,-107.054636,-52.465187,7.059061,11.105633,0,0,0,0,0,0,0,0,1780912589,0
118,74.128557,129.181754,3.528596,14.602439,0,0,0,0,0,0,0,0,1780912589,0
118,64.071966,121.10731,7.500369,11.169211,0,0,0,0,0,0,0,0,1780912589,0
119,-116.834475,-58.153574,4.87122,7.623786,0,0,0,0,0,0,0,0,1780912589,0
119,-102.450819,-45.385556,3.539815,8.667218,0,0,0,0,0,0,0,0,1780912589,0
120,77.681462,129.237853,2.144833,9.258122,0,0,0,0,0,0,0,0,1780912589,0
120,67.247141,118.276206,4.85252,12.164025,0,0,0,0,0,0,0,0,1780912589,0
121,-114.590535,-63.681146,3.322901,8.528842,0,0,0,0,0,0,0,0,1780912589,0
121,-104.758338,-46.70948,2.26077,8.521362,0,0,0,0,0,0,0,0,1780912589,0
122,74.797999,128.037345,1.381893,11.98077,0,0,0,0,0,0,0,0,1780912589,0
122,66.697376,115.89763,11.105633,10.888719,0,0,0,0,0,0,0,0,1780912589,0
123,-116.520323,-69.597668,3.147126,9.983663,0,0,0,0,0,0,0,0,1780912589,0
123,-104.062716,-49.787418,2.436545,9.594713,0,0,0,0,0,0,0,0,1780912589,0
124,77.636583,127.442701,4.49349,11.139292,0,0,0,0,0,0,0,0,1780912589,0
124,61.876645,113.971581,3.966164,17.639238,0,0,0,0,0,0,0,0,1780912589,0
125,-117.963924,-64.320669,4.826341,8.876653,0,0,0,0,0,0,0,0,1780912589,0
125,-104.937853,-51.126302,-0.499277,11.569381,0,0,0,0,0,0,0,0,1780912589,0
126,71.948195,127.064971,4.317714,6.539215,0,0,0,0,0,0,0,0,1780912589,0
126,63.234228,119.772166,4.646826,8.368026,0,0,0,0,0,0,0,0,1780912589,0
127,-113.928572,-61.598022,-0.345941,11.58434,0,0,0,0,0,0,0,0,1780912589,0
127,-101.347549,-46.227033,2.574921,12.672651,0,0,0,0,0,0,0,0,1780912589,0
128,75.50858,126.683501,5.473344,9.175845,0,0,0,0,0,0,0,0,1780912589,0
128,65.504348,117.337491,3.872666,8.143632,0,0,0,0,0,0,0,0,1780912589,0
129,-115.686325,-58.665941,2.567441,10.241716,0,0,0,0,0,0,0,0,1780912589,0
129,-103.281077,-50.415721,2.847934,8.397945,0,0,0,0,0,0,0,0,1780912589,0
130,72.445602,130.707634,3.637053,12.384679,0,0,0,0,0,0,0,0,1780912589,0
130,59.340993,105.713882,5.338707,16.154498,0,0,0,0,0,0,0,0,1780912589,0
131,-123.248403,-69.567749,2.103694,8.368026,0,0,0,0,0,0,0,0,1780912589,0
131,-107.215452,-55.32621,5.843594,9.792928,0,0,0,0,0,0,0,0,1780912589,0
132,69.981008,124.47322,5.028295,10.862539,0,0,0,0,0,0,0,0,1780912589,0
132,55.32808,113.788326,5.578061,12.156545,0,0,0,0,0,0,0,0,1780912589,0
133,-121.838461,-68.116668,6.408319,10.776522,0,0,0,0,0,0,0,0,1780912589,0
133,-107.413667,-48.930981,5.477083,10.421231,0,0,0,0,0,0,0,0,1780912589,0
134,73.163663,125.355837,-1.11636,8.053875,0,0,0,0,0,0,0,0,1780912589,0
134,64.30758,115.804132,5.660339,11.651658,0,0,0,0,0,0,0,0,1780912589,0
135,-116.490404,-72.114621,6.561654,11.288888,0,0,0,0,0,0,0,0,1780912589,0
135,-100.820223,-47.85389,2.847934,8.97389,0,0,0,0,0,0,0,0,1780912589,0
136,76.922262,126.290812,2.182232,9.763009,0,0,0,0,0,0,0,0,1780912589,0
136,60.840692,118.597837,5.59302,9.766749,0,0,0,0,0,0,0,0,1780912589,0
137,-115.992997,-66.979738,7.448011,11.59182,0,0,0,0,0,0,0,0,1780912589,0
137,-104.100115,-48.732766,9.310481,11.019615,0,0,0,0,0,0,0,0,1780912589,0
138,76.002247,133.119869,5.338707,12.728749,0,0,0,0,0,0,0,0,1780912589,0
138,60.231089,108.720762,5.477083,10.630666,0,0,0,0,0,0,0,0,1780912589,0
139,-113.030996,-65.502478,2.548742,11.23279,0,0,0,0,0,0,0,0,1780912589,0
139,-102.499438,-51.130042,2.571181,11.778815,0,0,0,0,0,0,0,0,1780912589,0
140,78.608957,125.471774,4.328934,7.433051,0,0,0,0,0,0,0,0,1780912589,0
140,61.210943,104.898584,5.62294,9.385279,0,0,0,0,0,0,0,0,1780912589,0
141,-115.327295,-65.614675,3.274282,16.401331,0,0,0,0,0,0,0,0,1780912589,0
141,-96.773651,-53.972366,5.110573,12.092967,0,0,0,0,0,0,0,0,1780912589,0
142,77.943255,127.207087,4.452351,10.46985,0,0,0,0,0,0,0,0,1780912589,0
142,64.827426,106.293567,-0.091628,9.961224,0,0,0,0,0,0,0,0,1780912589,0
143,-122.317168,-68.79359,6.273682,8.667218,0,0,0,0,0,0,0,0,1780912589,0
143,-96.06307,-51.130042,4.908619,14.834313,0,0,0,0,0,0,0,0,1780912589,0
144,80.961354,129.525825,6.187664,6.35596,0,0,0,0,0,0,0,0,1780912589,0
144,59.097899,107.501554,1.034082,12.261262,0,0,0,0,0,0,0,0,1780912589,0
145,-117.047649,-69.799623,5.162932,9.942524,0,0,0,0,0,0,0,0,1780912589,0
145,-100.034844,-51.309557,4.788942,8.192251,0,0,0,0,0,0,0,0,1780912589,0
146,76.821285,128.826464,1.10888,5.499523,0,0,0,0,0,0,0,0,1780912589,0
146,63.656837,112.621477,9.205764,13.659985,0,0,0,0,0,0,0,0,1780912589,0
147,-117.081308,-66.9199,8.012736,12.500616,0,0,0,0,0,0,0,0,1780912589,0
147,-96.639015,-48.538292,1.714744,8.334367,0,0,0,0,0,0,0,0,1780912589,0
148,82.932282,133.07499,-0.405779,6.262462,0,0,0,0,0,0,0,0,1780912589,0
148,61.723309,109.341585,4.770242,12.34354,0,0,0,0,0,0,0,0,1780912589,0
149,-117.948965,-68.520577,3.573474,8.480223,0,0,0,0,0,0,0,0,1780912589,0
149,-97.734806,-50.610196,3.827788,10.125779,0,0,0,0,0,0,0,0,1780912589,0
150,81.432582,131.414475,2.918992,7.46671,0,0,0,0,0,0,0,0,1780912589,0
150,62.389011,113.530273,-0.675052,10.320254,0,0,0,0,0,0,0,0,1780912589,0
151,-118.543609,-65.04995,2.705818,11.745156,0,0,0,0,0,0,0,0,1780912589,0
151,-96.190227,-47.016152,-0.259923,8.943971,0,0,0,0,0,0,0,0,1780912589,0
152,79.345717,127.973767,0.970504,6.685071,0,0,0,0,0,0,0,0,1780912589,0
152,49.35172,107.752128,5.873513,14.826833,0,0,0,0,0,0,0,0,1780912589,0
153,-129.942824,-85.716637,3.023709,15.227003,0,0,0,0,0,0,0,0,1780912589,0
153,-90.370943,-52.839177,-0.061708,9.673251,0,0,0,0,0,0,0,0,1780912589,0
154,88.500993,128.074744,4.725364,14.553821,0,0,0,0,0,0,0,0,1780912589,0
154,69.188149,105.620385,1.684825,12.250042,0,0,0,0,0,0,0,0,1780912589,0
155,-110.757137,-73.25903,0.446918,10.888719,0,0,0,0,0,0,0,0,1780912589,0
155,-84.783532,-44.536599,3.659492,9.202024,0,0,0,0,0,0,0,0,1780912589,0
156,99.922647,135.049657,3.038669,13.07282,0,0,0,0,0,0,0,0,1780912589,0
156,63.032274,103.514821,6.030589,11.277668,0,0,0,0,0,0,0,0,1780912589,0
157,-111.688372,-68.543016,8.730796,11.101893,0,0,0,0,0,0,0,0,1780912589,0
157,-83.399769,-51.447934,0.933105,12.298661,0,0,0,0,0,0,0,0,1780912589,0
158,88.332697,125.064124,6.168965,6.857107,0,0,0,0,0,0,0,0,1780912589,0
158,69.640677,101.282101,6.008149,15.361639,0,0,0,0,0,0,0,0,1780912589,0
159,-110.031597,-75.839561,4.882439,9.979923,0,0,0,0,0,0,0,0,1780912589,0
159,-82.352597,-40.669542,2.705818,7.231097,0,0,0,0,0,0,0,0,1780912589,0
160,92.521385,130.767472,5.708957,13.207457,0,0,0,0,0,0,0,0,1780912589,0
160,64.973282,98.832466,1.277176,11.853613,0,0,0,0,0,0,0,0,1780912589,0
161,-113.879954,-77.156006,1.393113,4.736583,0,0,0,0,0,0,0,0,1780912589,0
161,-87.83155,-49.405948,7.571427,11.371166,0,0,0,0,0,0,0,0,1780912589,0
162,86.455267,127.977507,5.24147,13.974136,0,0,0,0,0,0,0,0,1780912589,0
162,60.777114,96.236976,1.939138,10.638145,0,0,0,0,0,0,0,0,1780912589,0
163,-114.818669,-82.919192,2.515083,4.886179,0,0,0,0,0,0,0,0,1780912589,0
163,-83.519446,-51.178661,3.644533,10.899938,0,0,0,0,0,0,0,0,1780912589,0
164,87.352843,122.513513,5.073174,8.483963,0,0,0,0,0,0,0,0,1780912589,0
164,62.273074,101.098846,5.99693,9.36284,0,0,0,0,0,0,0,0,1780912589,0
165,-123.267103,-78.797822,2.099954,10.810181,0,0,0,0,0,0,0,0,1780912589,0
165,-90.344763,-47.674375,3.36404,10.159438,0,0,0,0,0,0,0,0,1780912589,0
166,82.483494,123.384909,6.273682,10.862539,0,0,0,0,0,0,0,0,1780912589,0
166,57.130712,94.512882,4.48601,12.975583,0,0,0,0,0,0,0,0,1780912589,0
167,-115.031843,-75.51419,2.743217,4.665525,0,0,0,0,0,0,0,0,1780912589,0
167,-83.265133,-47.924948,2.589881,11.95085,0,0,0,0,0,0,0,0,1780912589,0
168,89.985733,129.806318,4.542108,11.307588,0,0,0,0,0,0,0,0,1780912589,0
168,63.084632,109.835252,2.679638,13.544048,0,0,0,0,0,0,0,0,1780912589,0
169,-110.962832,-72.858861,4.811381,11.502062,0,0,0,0,0,0,0,0,1780912589,0
169,-81.350304,-49.518145,4.377553,6.565394,0,0,0,0,0,0,0,0,1780912589,0
170,92.34187,131.261139,2.496383,3.289242,0,0,0,0,0,0,0,0,1780912589,0
170,59.666364,98.136845,3.450058,10.604486,0,0,0,0,0,0,0,0,1780912589,0
171,-118.640846,-79.048395,1.157499,9.617153,0,0,0,0,0,0,0,0,1780912589,0
171,-86.866656,-45.508973,3.34908,8.917791,0,0,0,0,0,0,0,0,1780912589,0
172,84.951827,131.855783,3.255583,12.579154,0,0,0,0,0,0,0,0,1780912589,0
172,56.046141,98.125625,5.200331,16.042301,0,0,0,0,0,0,0,0,1780912589,0
173,-124.972497,-79.534582,-2.017676,5.836114,0,0,0,0,0,0,0,0,1780912589,0
173,-85.157522,-44.214967,1.681085,7.743463,0,0,0,0,0,0,0,0,1780912589,0
174,84.600277,129.944694,2.713297,14.699677,0,0,0,0,0,0,0,0,1780912589,0
174,59.120338,96.416491,4.12698,8.562501,0,0,0,0,0,0,0,0,1780912589,0
175,-123.065148,-78.48741,0.244963,9.448857,0,0,0,0,0,0,0,0,1780912589,0
175,-90.531758,-47.176968,8.457784,10.948557,0,0,0,0,0,0,0,0,1780912589,0
176,87.696914,123.126856,-3.038669,11.292628,0,0,0,0,0,0,0,0,1780912589,0
176,51.928511,91.528442,2.896553,8.786895,0,0,0,0,0,0,0,0,1780912589,0
177,-120.896006,-86.012089,4.242916,5.413505,0,0,0,0,0,0,0,0,1780912589,0
177,-88.650589,-46.421508,2.63102,10.686764,0,0,0,0,0,0,0,0,1780912589,0
178,85.875583,129.077037,5.331227,11.176691,0,0,0,0,0,0,0,0,1780912589,0
178,57.527141,100.492982,7.522809,12.197684,0,0,0,0,0,0,0,0,1780912589,0
179,-119.138253,-77.451458,4.175598,10.735383,0,0,0,0,0,0,0,0,1780912589,0
179,-81.204448,-35.710435,7.567688,13.484209,0,0,0,0,0,0,0,0,1780912589,0
180,88.631889,134.634528,0.155206,12.526795,0,0,0,0,0,0,0,0,1780912589,0
180,56.693143,100.870712,4.714144,10.555868,0,0,0,0,0,0,0,0,1780912589,0
181,-123.584994,-76.221031,4.893659,9.546095,0,0,0,0,0,0,0,0,1780912589,0
181,-82.861223,-40.875237,2.193451,12.156545,0,0,0,0,0,0,0,0,1780912589,0
182,84.682555,131.680007,-0.495537,9.811628,0,0,0,0,0,0,0,0,1780912589,0
182,59.905717,99.81606,7.365733,10.787741,0,0,0,0,0,0,0,0,1780912589,0
183,-120.918445,-77.02137,5.794975,10.735383,0,0,0,0,0,0,0,0,1780912589,0
183,-82.853744,-40.284332,0.727411,9.886426,0,0,0,0,0,0,0,0,1780912589,0
184,90.251266,132.585063,5.62294,11.386125,0,0,0,0,0,0,0,0,1780912589,0
184,49.763109,93.996776,6.187664,13.166318,0,0,0,0,0,0,0,0,1780912589,0
185,-120.106887,-82.777076,2.458984,5.877253,0,0,0,0,0,0,0,0,1780912589,0
185,-82.386256,-39.304479,4.882439,9.748049,0,0,0,0,0,0,0,0,1780912589,0
186,92.603663,136.470819,4.717884,9.512436,0,0,0,0,0,0,0,0,1780912590,0
186,61.461516,98.925964,5.570581,8.401685,0,0,0,0,0,0,0,0,1780912590,0
187,-122.406926,-77.507557,6.703771,9.022509,0,0,0,0,0,0,0,0,1780912590,0
187,-80.591104,-38.706095,3.906326,9.198284,0,0,0,0,0,0,0,0,1780912590,0
188,92.69342,136.175367,2.926472,12.388419,0,0,0,0,0,0,0,0,1780912590,0
188,54.034075,96.981216,8.21469,12.635252,0,0,0,0,0,0,0,0,1780912590,0
189,-119.186872,-78.962378,7.500369,13.278515,0,0,0,0,0,0,0,0,1780912590,0
189,-71.918276,-30.586772,4.227957,5.948311,0,0,0,0,0,0,0,0,1780912590,0
190,93.175867,144.062816,5.959531,10.45115,0,0,0,0,0,0,0,0,1780912590,0
190,53.323494,101.873005,1.845641,13.039161,0,0,0,0,0,0,0,0,1780912590,0
191,-120.450958,-75.368334,0.278623,11.442224,0,0,0,0,0,0,0,0,1780912590,0
191,-78.747333,-30.63539,2.896553,12.683871,0,0,0,0,0,0,0,0,1780912590,0
192,90.442001,135.928534,5.065694,13.259815,0,0,0,0,0,0,0,0,1780912590,0
192,51.550781,97.512281,4.022262,14.250889,0,0,0,0,0,0,0,0,1780912590,0
193,-121.580408,-77.967564,5.076914,15.227003,0,0,0,0,0,0,0,0,1780912590,0
193,-84.072951,-40.561085,6.266202,11.487103,0,0,0,0,0,0,0,0,1780912590,0
194,85.516552,132.053997,4.833821,11.898492,0,0,0,0,0,0,0,0,1780912590,0
194,46.180285,95.272081,4.179338,18.016968,0,0,0,0,0,0,0,0,1780912590,0
195,-122.926772,-84.781662,5.009596,5.877253,0,0,0,0,0,0,0,0,1780912590,0
195,-81.85519,-35.605718,3.696891,5.095614,0,0,0,0,0,0,0,0,1780912590,0
196,85.669888,131.728626,3.872666,10.48107,0,0,0,0,0,0,0,0,1780912590,0
196,48.865533,92.093166,6.37092,8.805594,0,0,0,0,0,0,0,0,1780912590,0
197,-128.843293,-78.266756,3.139646,13.884379,0,0,0,0,0,0,0,0,1780912590,0
197,-82.094544,-39.412936,9.198284,13.974136,0,0,0,0,0,0,0,0,1780912590,0
198,87.45756,129.585664,0.787249,9.740569,0,0,0,0,0,0,0,0,1780912590,0
198,45.948411,92.388619,3.094767,7.829481,0,0,0,0,0,0,0,0,1780912590,0
199,-119.501023,-82.032836,3.068588,11.326287,0,0,0,0,0,0,0,0,1780912590,0
199,-80.026379,-31.304833,9.463817,10.424971,0,0,0,0,0,0,0,0,1780912590,0
200,93.258145,135.352589,5.940831,8.97389,0,0,0,0,0,0,0,0,1780912590,0
200,51.120692,94.707357,10.784002,14.247149,0,0,0,0,0,0,0,0,1780912590,0
0,-123.138076,-74.648403,1.303355,12.964363,0,0,0,0,0,0,0,0,1780912590,0
101,-81.901939,-34.429519,3.184525,10.260416,0,0,0,0,0,0,0,0,1780912590,0
101,94.722316,139.307533,7.335814,6.946864,0,0,0,0,0,0,0,0,1780912590,0
102,45.710927,91.57519,6.587834,11.337507,0,0,0,0,0,0,0,0,1780912590,0
102,-124.974367,-82.786425,4.990896,8.708357,0,0,0,0,0,0,0,0,1780912590,0
103,-82.59756,-32.675506,2.395406,10.795221,0,0,0,0,0,0,0,0,1780912590,0
103,87.018122,135.283401,5.873513,7.878099,0,0,0,0,0,0,0,0,1780912590,0
104,41.918669,95.595583,3.053628,10.436191,0,0,0,0,0,0,0,0,1780912590,0
104,-130.389742,-84.331004,-0.402039,5.60798,0,0,0,0,0,0,0,0,1780912590,0
105,-83.854167,-34.919446,0.020569,8.053875,0,0,0,0,0,0,0,0,1780912590,0
105,86.056968,123.121246,2.653459,7.335814,0,0,0,0,0,0,0,0,1780912590,0
106,37.404609,87.741793,6.778569,12.167765,0,0,0,0,0,0,0,0,1780912590,0
106,-132.151235,-88.471073,4.557068,9.003809,0,0,0,0,0,0,0,0,1780912590,0
107,-85.641839,-42.302008,1.060262,8.480223,0,0,0,0,0,0,0,0,1780912590,0
107,89.411658,132.429857,8.102493,12.268742,0,0,0,0,0,0,0,0,1780912590,0
108,48.377476,85.789565,8.087534,9.70317,0,0,0,0,0,0,0,0,1780912590,0
108,-120.76324,-76.802585,7.46671,9.037468,0,0,0,0,0,0,0,0,1780912590,0
109,-72.118361,-31.086048,6.793528,9.35536,0,0,0,0,0,0,0,0,1780912590,0
109,96.749342,131.21065,6.655152,7.773382,0,0,0,0,0,0,0,0,1780912590,0
110,48.616829,90.591597,1.292135,9.748049,0,0,0,0,0,0,0,0,1780912590,0
110,-120.183555,-78.833351,9.452597,9.321701,0,0,0,0,0,0,0,0,1780912590,0
111,-72.118361,-28.707472,2.911512,3.913805,0,0,0,0,0,0,0,0,1780912590,0
111,92.519515,134.049234,6.681331,5.144232,0,0,0,0,0,0,0,0,1780912590,0
112,46.455167,87.745533,0.910666,13.349573,0,0,0,0,0,0,0,0,1780912590,0
112,-126.35813,-85.254759,4.508449,6.142786,0,0,0,0,0,0,0,0,1780912590,0
113,-75.843301,-34.298622,6.991743,7.11516,0,0,0,0,0,0,0,0,1780912590,0
113,97.482362,135.044048,9.620893,11.543201,0,0,0,0,0,0,0,0,1780912590,0
114,43.893336,82.700408,9.628372,9.800408,0,0,0,0,0,0,0,0,1780912590,0
114,-125.097784,-83.575544,-0.102847,12.186464,0,0,0,0,0,0,0,0,1780912590,0
115,-78.850181,-31.310442,5.263909,13.559007,0,0,0,0,0,0,0,0,1780912590,0
115,87.676345,133.043201,6.894506,7.638746,0,0,0,0,0,0,0,0,1780912590,0
116,41.454921,88.171881,-0.00561,8.857953,0,0,0,0,0,0,0,0,1780912590,0
116,-129.465987,-88.673028,1.804502,12.986803,0,0,0,0,0,0,0,0,1780912590,0
117,-81.542909,-41.202478,5.043255,12.635252,0,0,0,0,0,0,0,0,1780912590,0
117,89.052628,132.411158,2.305648,10.215537,0,0,0,0,0,0,0,0,1780912590,0
118,40.022539,76.922262,5.005856,7.646225,0,0,0,0,0,0,0,0,1780912590,0
118,-131.21252,-92.222193,4.179338,8.270789,0,0,0,0,0,0,0,0,1780912590,0
119,-74.089288,-35.009203,1.669865,9.280562,0,0,0,0,0,0,0,0,1780912590,0
119,94.812074,134.842093,4.620646,9.73309,0,0,0,0,0,0,0,0,1780912590,0
120,46.604763,82.2404,4.276576,14.20975,0,0,0,0,0,0,0,0,1780912590,0
120,-125.281039,-89.058238,5.383586,7.773382,0,0,0,0,0,0,0,0,1780912590,0
121,-73.333828,-30.252051,2.948911,5.907172,0,0,0,0,0,0,0,0,1780912590,0
121,92.482116,136.712043,2.922732,10.679284,0,0,0,0,0,0,0,0,1780912590,0
122,36.795006,75.744194,4.422432,8.184771,0,0,0,0,0,0,0,0,1780912590,0
122,-129.376229,-82.696668,2.97509,11.97703,0,0,0,0,0,0,0,0,1780912590,0
123,-68.363501,-28.105348,3.977384,11.172951,0,0,0,0,0,0,0,0,1780912590,0
123,92.863586,138.851266,5.802455,7.530289,0,0,0,0,0,0,0,0,1780912590,0
124,37.168996,84.877029,-1.546449,8.053875,0,0,0,0,0,0,0,0,1780912590,0
124,-133.658415,-83.418469,4.164379,7.388172,0,0,0,0,0,0,0,0,1780912590,0
125,-74.725071,-32.634367,4.46731,9.602193,0,0,0,0,0,0,0,0,1780912590,0
125,95.844286,138.249142,1.150019,10.985956,0,0,0,0,0,0,0,0,1780912590,0
126,36.222801,76.383717,5.024556,7.822001,0,0,0,0,0,0,0,0,1780912590,0
126,-129.469727,-83.209034,4.063401,12.552974,0,0,0,0,0,0,0,0,1780912590,0
127,-79.904833,-32.290296,4.542108,8.22965,0,0,0,0,0,0,0,0,1780912590,0
127,89.669711,138.847526,8.038915,11.419785,0,0,0,0,0,0,0,0,1780912590,0
128,34.984894,80.228334,6.617753,4.639346,0,0,0,0,0,0,0,0,1780912590,0
128,-131.354636,-93.310504,6.946864,7.406872,0,0,0,0,0,0,0,0,1780912590,0
129,-81.527949,-34.182686,4.904879,7.373213,0,0,0,0,0,0,0,0,1780912590,0
129,95.107526,138.611912,1.400593,7.747203,0,0,0,0,0,0,0,0,1780912590,0
130,40.490027,84.86581,3.999823,10.683024,0,0,0,0,0,0,0,0,1780912590,0
130,-129.933474,-79.192382,2.200931,11.819954,0,0,0,0,0,0,0,0,1780912590,0
131,-72.656906,-27.248911,2.141093,7.044102,0,0,0,0,0,0,0,0,1780912590,0
131,95.3394,140.163971,0.517976,13.600146,0,0,0,0,0,0,0,0,1780912590,0
132,39.379277,82.090804,4.328934,10.645625,0,0,0,0,0,0,0,0,1780912590,0
132,-126.765779,-90.172728,5.140492,11.610519,0,0,0,0,0,0,0,0,1780912590,0
133,-72.118361,-25.715552,8.323147,16.184417,0,0,0,0,0,0,0,0,1780912590,0
133,90.544848,138.619392,2.331828,9.381539,0,0,0,0,0,0,0,0,1780912590,0
134,34.285533,76.495914,1.456691,10.047241,0,0,0,0,0,0,0,0,1780912590,0
134,-134.268018,-91.059084,4.280315,13.106479,0,0,0,0,0,0,0,0,1780912590,0
135,-75.805902,-29.945379,5.312528,10.918638,0,0,0,0,0,0,0,0,1780912590,0
135,89.781908,136.06504,0.555375,8.573721,0,0,0,0,0,0,0,0,1780912590,0
136,35.590758,60.163771,1.976537,15.552374,0,0,0,0,0,0,0,0,1780912590,0
136,-133.030111,-90.202647,2.660939,10.724163,0,0,0,0,0,0,0,0,1780912590,0
137,-71.620954,-6.750519,-3.117207,8.921531,0,0,0,0,0,0,0,0,1780912590,0
137,92.598053,151.589365,3.016229,10.043501,0,0,0,0,0,0,0,0,1780912590,0
138,34.01252,85.59883,8.532582,9.317961,0,0,0,0,0,0,0,0,1780912590,0
138,-133.112389,-79.091404,0.951805,11.285148,0,0,0,0,0,0,0,0,1780912590,0
139,-73.408626,-12.296791,4.358853,10.8588,0,0,0,0,0,0,0,0,1780912590,0
139,87.594067,144.416237,3.805348,11.487103,0,0,0,0,0,0,0,0,1780912590,0
140,30.796206,85.090204,3.046149,8.106233,0,0,0,0,0,0,0,0,1780912590,0
140,-132.31953,-81.847711,5.009596,10.338953,0,0,0,0,0,0,0,0,1780912590,0
141,-72.447472,-26.594429,5.312528,16.117099,0,0,0,0,0,0,0,0,1780912590,0
141,94.684917,135.70601,3.386479,10.716683,0,0,0,0,0,0,0,0,1780912590,0
142,39.476514,91.055344,1.718484,12.463217,0,0,0,0,0,0,0,0,1780912590,0
142,-129.144355,-79.341978,2.758176,9.093567,0,0,0,0,0,0,0,0,1780912590,0
143,-72.346495,-18.205833,4.538369,6.341,0,0,0,0,0,0,0,0,1780912590,0
143,100.489242,151.293913,3.034929,12.040608,0,0,0,0,0,0,0,0,1780912590,0
144,35.848811,87.053651,1.845641,11.517022,0,0,0,0,0,0,0,0,1780912590,0
144,-131.537891,-76.065825,6.307341,12.212643,0,0,0,0,0,0,0,0,1780912590,0
145,-52.255752,1.982147,5.61546,8.282008,0,0,0,0,0,0,0,0,1780912590,0
145,107.580092,157.820038,4.067141,4.979677,0,0,0,0,0,0,0,0,1780912590,0
146,51.59753,104.713459,2.316868,7.305895,0,0,0,0,0,0,0,0,1780912590,0
146,-109.693136,-48.24097,0.955544,11.700277,0,0,0,0,0,0,0,0,1780912590,0
147,-29.872451,40.933205,4.792682,9.078607,0,0,0,0,0,0,0,0,1780912590,0
147,140.842762,216.947857,1.13506,12.500616,0,0,0,0,0,0,0,0,1780912590,0
148,91.079654,166.691081,2.343047,12.934444,0,0,0,0,0,0,0,0,1780912590,0
148,-66.628188,12.734359,2.526302,10.48107,0,0,0,0,0,0,0,0,1780912590,0
149,5.682778,99.885248,-1.744663,7.204917,0,0,0,0,0,0,0,0,1780912590,0
149,173.753882,265.850788,7.964117,13.177537,0,0,0,0,0,0,0,0,1780912590,0
150,112.498061,207.022162,2.874113,14.875452,0,0,0,0,0,0,0,0,1780912590,0
150,-49.002039,46.774929,4.47105,9.041208,0,0,0,0,0,0,0,0,1780912590,0
151,15.432697,106.620808,4.396252,11.322547,0,0,0,0,0,0,0,0,1780912590,0
151,178.903724,263.53205,4.613167,9.916345,0,0,0,0,0,0,0,0,1780912590,0
152,113.081485,202.033136,2.98631,9.920085,0,0,0,0,0,0,0,0,1780912590,0
152,-54.96718,21.010758,0.630173,13.431851,0,0,0,0,0,0,0,0,1780912590,0
153,8.820554,80.935175,2.294429,12.186464,0,0,0,0,0,0,0,0,1780912590,0
153,164.194698,249.963693,-2.395406,5.065694,0,0,0,0,0,0,0,0,1780912590,0
154,90.499969,169.428688,2.683378,4.8413,0,0,0,0,0,0,0,0,1780912590,0
154,-77.990004,-7.674275,2.275729,5.854813,0,0,0,0,0,0,0,0,1780912590,0
155,-21.390358,52.784948,5.910912,10.368873,0,0,0,0,0,0,0,0,1780912590,0
155,141.141954,211.753135,7.081501,10.653105,0,0,0,0,0,0,0,0,1780912590,0
156,62.170227,128.98167,5.301308,12.538015,0,0,0,0,0,0,0,0,1780912590,0
156,-110.904863,-45.888572,3.259323,9.770489,0,0,0,0,0,0,0,0,1780912590,0
157,-45.542632,10.183748,6.584094,8.368026,0,0,0,0,0,0,0,0,1780912590,0
157,107.187403,162.117183,2.859154,9.534875,0,0,0,0,0,0,0,0,1780912590,0
158,40.650843,90.621516,1.804502,9.890165,0,0,0,0,0,0,0,0,1780912590,0
158,-128.631989,-77.165356,6.423278,8.790635,0,0,0,0,0,0,0,0,1780912590,0
159,-55.823617,-16.590196,2.032636,11.868573,0,0,0,0,0,0,0,0,1780912590,0
159,96.289334,137.007495,4.519669,6.662632,0,0,0,0,0,0,0,0,1780912590,0
160,27.116145,66.054113,5.563101,9.602193,0,0,0,0,0,0,0,0,1780912590,0
160,-135.090796,-98.239692,3.711851,6.614013,0,0,0,0,0,0,0,0,1780912590,0
161,-66.934859,-33.995691,0.402039,7.795821,0,0,0,0,0,0,0,0,1780912590,0
161,96.8391,129.022809,7.047841,10.686764,0,0,0,0,0,0,0,0,1780912590,0
162,22.628265,64.808726,4.280315,9.901385,0,0,0,0,0,0,0,0,1780912590,0
162,-140.640808,-108.273844,2.728257,11.857353,0,0,0,0,0,0,0,0,1780912590,0
163,-72.690565,-26.489711,8.715837,10.780262,0,0,0,0,0,0,0,0,1780912590,0
163,86.049488,128.97045,4.396252,11.240269,0,0,0,0,0,0,0,0,1780912590,0
164,17.631758,55.889065,6.74117,15.485056,0,0,0,0,0,0,0,0,1780912590,0
164,-142.032051,-104.380608,8.566241,11.857353,0,0,0,0,0,0,0,0,1780912590,0
165,-71.007611,-31.273043,6.860846,8.442824,0,0,0,0,0,0,0,0,1780912590,0
165,92.31756,129.120046,3.72307,7.208657,0,0,0,0,0,0,0,0,1780912590,0
166,19.097799,60.085233,8.323147,10.970997,0,0,0,0,0,0,0,0,1780912590,0
166,-145.517637,-109.601508,5.570581,8.768195,0,0,0,0,0,0,0,0,1780912590,0
167,-77.137307,-35.716045,-0.102847,4.396252,0,0,0,0,0,0,0,0,1780912590,0
167,86.861046,125.97479,7.567688,12.71005,0,0,0,0,0,0,0,0,1780912590,0
168,16.363932,53.794721,2.713297,17.340046,0,0,0,0,0,0,0,0,1780912590,0
168,-144.777137,-109.926879,3.408919,10.956037,0,0,0,0,0,0,0,0,1780912590,0
169,-69.851981,-38.008603,8.457784,7.399392,0,0,0,0,0,0,0,0,1780912590,0
169,87.455691,118.375313,1.991497,8.566241,0,0,0,0,0,0,0,0,1780912590,0
170,18.050627,50.555968,3.846487,8.98885,0,0,0,0,0,0,0,0,1780912590,0
170,-147.851335,-107.204232,0.39082,14.763255,0,0,0,0,0,0,0,0,1780912590,0
171,-76.153713,-40.432058,8.143632,2.559962,0,0,0,0,0,0,0,0,1780912590,0
171,86.098107,126.101947,4.033482,6.73369,0,0,0,0,0,0,0,0,1780912590,0
172,13.113959,50.185718,0.985464,13.746002,0,0,0,0,0,0,0,0,1780912590,0
172,-140.046164,-102.155367,7.324594,14.838053,0,0,0,0,0,0,0,0,1780912590,0
173,-68.191466,-35.817022,3.603394,9.822847,0,0,0,0,0,0,0,0,1780912590,0
173,90.645825,129.228503,4.762763,11.449704,0,0,0,0,0,0,0,0,1780912590,0
174,10.716683,51.423624,3.450058,10.574567,0,0,0,0,0,0,0,0,1780912590,0
174,-145.40544,-110.072735,2.952651,11.898492,0,0,0,0,0,0,0,0,1780912590,0
175,-63.157561,-25.528557,3.031189,8.008996,0,0,0,0,0,0,0,0,1780912590,0
175,89.72207,127.403432,0.170165,13.940477,0,0,0,0,0,0,0,0,1780912590,0
176,15.892705,53.910658,3.861447,14.744556,0,0,0,0,0,0,0,0,1780912590,0
176,-138.041577,-99.80671,5.940831,10.039761,0,0,0,0,0,0,0,0,1780912590,0
177,-65.023771,-27.697699,1.767103,10.84758,0,0,0,0,0,0,0,0,1780912590,0
177,91.640639,125.193151,1.086441,11.756376,0,0,0,0,0,0,0,0,1780912590,0
178,16.865079,49.845387,4.747803,12.051828,0,0,0,0,0,0,0,0,1780912590,0
178,-144.477945,-99.743132,6.067988,12.294921,0,0,0,0,0,0,0,0,1780912590,0
179,-74.549296,-28.307303,4.702924,3.655752,0,0,0,0,0,0,0,0,1780912590,0
179,87.08544,129.34818,8.356806,8.824294,0,0,0,0,0,0,0,0,1780912590,0
180,9.605933,51.5994,5.196591,6.449457,0,0,0,0,0,0,0,0,1780912590,0
180,-145.065109,-104.085156,2.425325,7.002963,0,0,0,0,0,0,0,0,1780912590,0
181,-67.589342,-32.200539,-1.198638,16.337753,0,0,0,0,0,0,0,0,1780912590,0
181,91.008595,127.500669,5.787495,8.992589,0,0,0,0,0,0,0,0,1780912590,0
182,15.391558,57.471043,3.042409,11.827434,0,0,0,0,0,0,0,0,1780912590,0
182,-136.08187,-96.242585,-0.244963,8.061354,0,0,0,0,0,0,0,0,1780912590,0
183,-68.711312,-18.624702,11.460923,10.387572,0,0,0,0,0,0,0,0,1780912590,0
183,89.280762,137.736775,3.147126,7.762162,0,0,0,0,0,0,0,0,1780912590,0
184,20.631158,59.322293,7.290935,10.241716,0,0,0,0,0,0,0,0,1780912591,0
184,-138.647441,-98.710919,4.463571,10.151958,0,0,0,0,0,0,0,0,1780912591,0
185,-55.098076,-14.465933,4.889919,9.063648,0,0,0,0,0,0,0,0,1780912591,0
185,98.985802,139.247695,7.83696,10.679284,0,0,0,0,0,0,0,0,1780912591,0
186,14.430404,60.388165,7.051581,13.959177,0,0,0,0,0,0,0,0,1780912591,0
186,-142.301323,-105.323063,4.190558,12.167765,0,0,0,0,0,0,0,0,1780912591,0
187,-63.007965,-15.359769,5.009596,10.009842,0,0,0,0,0,0,0,0,1780912591,0
187,90.46631,131.558461,1.254736,11.356206,0,0,0,0,0,0,0,0,1780912591,0
188,12.624032,52.553074,-1.351974,8.805594,0,0,0,0,0,0,0,0,1780912591,0
188,-139.720792,-104.462886,6.464417,7.137599,0,0,0,0,0,0,0,0,1780912591,0
189,-60.345156,-28.02307,2.402886,15.814167,0,0,0,0,0,0,0,0,1780912591,0
189,97.033574,137.392705,1.587588,9.071127,0,0,0,0,0,0,0,0,1780912591,0
190,16.061,61.061347,7.11516,7.960377,0,0,0,0,0,0,0,0,1780912591,0
190,-144.137614,-96.758692,7.204917,11.131812,0,0,0,0,0,0,0,0,1780912591,0
191,-62.764871,-21.040677,0.043009,12.605333,0,0,0,0,0,0,0,0,1780912591,0
191,95.432897,137.961169,8.689658,6.628973,0,0,0,0,0,0,0,0,1780912591,0
192,18.390958,64.569373,6.569134,11.872312,0,0,0,0,0,0,0,0,1780912591,0
192,-137.233759,-97.9592,3.479977,12.291181,0,0,0,0,0,0,0,0,1780912591,0
193,-57.869342,-8.190381,2.24207,12.235083,0,0,0,0,0,0,0,0,1780912591,0
193,106.259907,158.033213,4.904879,9.557314,0,0,0,0,0,0,0,0,1780912591,0
194,37.142816,86.657222,4.168119,7.635006,0,0,0,0,0,0,0,0,1780912591,0
194,-108.645964,-53.955537,4.317714,14.557561,0,0,0,0,0,0,0,0,1780912591,0
195,-17.257768,45.047095,3.278022,10.724163,0,0,0,0,0,0,0,0,1780912591,0
195,153.248011,213.305194,6.793528,12.994282,0,0,0,0,0,0,0,0,1780912591,0
196,79.504663,149.91389,0.776029,13.727303,0,0,0,0,0,0,0,0,1780912591,0
196,-71.291843,7.655575,4.358853,3.532336,0,0,0,0,0,0,0,0,1780912591,0
197,17.691597,96.743732,2.062555,10.08838,0,0,0,0,0,0,0,0,1780912591,0
197,181.405717,264.238891,2.193451,11.288888,0,0,0,0,0,0,0,0,1780912591,0
198,93.480669,175.180654,7.620046,12.212643,0,0,0,0,0,0,0,0,1780912591,0
198,-62.476899,20.93222,4.590727,12.380939,0,0,0,0,0,0,0,0,1780912591,0
199,25.317253,93.486279,7.982816,8.704617,0,0,0,0,0,0,0,0,1780912591,0
199,172.961023,230.000107,7.85566,3.674452,0,0,0,0,0,0,0,0,1780912591,0
200,82.814475,159.405756,5.207811,7.526549,0,0,0,0,0,0,0,0,1780912591,0
200,-72.51479,14.690327,7.657445,14.987649,0,0,0,0,0,0,0,0,1780912591,0
0,10.155698,84.815321,6.559785,6.7393,0,0,0,0,0,0,0,0,1780912591,0
101,154.889827,212.031758,1.331404,9.783578,0,0,0,0,0,0,0,0,1780912591,0
101,61.29135,138.490365,3.994213,14.761385,0,0,0,0,0,0,0,0,1780912591,0
102,-101.431697,-13.925517,8.508272,8.96454,0,0,0,0,0,0,0,0,1780912591,0
102,-29.217968,46.212074,1.275306,12.012559,0,0,0,0,0,0,0,0,1780912591,0
103,119.386956,186.89963,1.993367,8.287618,0,0,0,0,0,0,0,0,1780912591,0
103,25.470589,89.284502,5.22838,7.921108,0,0,0,0,0,0,0,0,1780912591,0
104,-131.474313,-75.282316,3.298592,4.85065,0,0,0,0,0,0,0,0,1780912591,0
104,-47.794051,0.237484,1.926048,15.124155,0,0,0,0,0,0,0,0,1780912591,0
105,106.514221,149.552989,3.979254,12.263132,0,0,0,0,0,0,0,0,1780912591,0
105,17.605579,57.039084,3.863317,9.043078,0,0,0,0,0,0,0,0,1780912591,0
106,-140.753005,-96.027541,2.752566,7.962247,0,0,0,0,0,0,0,0,1780912591,0
106,-57.510312,-10.260416,3.795998,7.075891,0,0,0,0,0,0,0,0,1780912591,0
107,97.987249,137.693767,-3.642663,5.142362,0,0,0,0,0,0,0,0,1780912591,0
107,10.294075,45.310758,11.058884,14.009665,0,0,0,0,0,0,0,0,1780912591,0
108,-144.552743,-106.289827,4.543978,11.982639,0,0,0,0,0,0,0,0,1780912591,0
108,-56.683794,-23.570719,0.770419,11.346856,0,0,0,0,0,0,0,0,1780912591,0
109,90.754282,128.22808,0.516106,6.71686,0,0,0,0,0,0,0,0,1780912591,0
109,-2.099954,35.306526,5.486433,11.040185,0,0,0,0,0,0,0,0,1780912591,0
110,-150.891874,-118.12661,1.368803,13.658115,0,0,0,0,0,0,0,0,1780912591,0
110,-55.6815,-22.467449,5.815544,13.901208,0,0,0,0,0,0,0,0,1780912591,0
111,88.899292,122.543432,-1.611897,10.202447,0,0,0,0,0,0,0,0,1780912591,0
111,3.925025,34.192035,6.208234,7.304025,0,0,0,0,0,0,0,0,1780912591,0
112,-146.130981,-119.080285,4.282185,12.528665,0,0,0,0,0,0,0,0,1780912591,0
112,-59.971166,-32.935429,2.318738,9.7013,0,0,0,0,0,0,0,0,1780912591,0
113,89.123686,119.749727,-3.968034,8.022085,0,0,0,0,0,0,0,0,1780912591,0
113,-3.708111,30.762547,6.088557,11.043925,0,0,0,0,0,0,0,0,1780912591,0
114,-153.562162,-114.7794,10.262285,6.477507,0,0,0,0,0,0,0,0,1780912591,0
114,-63.845702,-27.460215,1.843771,5.048865,0,0,0,0,0,0,0,0,1780912591,0
115,81.685025,122.375136,8.21282,10.340823,0,0,0,0,0,0,0,0,1780912591,0
115,-3.173305,32.744694,3.982993,8.059484,0,0,0,0,0,0,0,0,1780912591,0
116,-155.252597,-121.223247,5.392936,6.024979,0,0,0,0,0,0,0,0,1780912591,0
116,-57.069003,-23.982108,7.401262,7.771512,0,0,0,0,0,0,0,0,1780912591,0
117,86.318761,128.830204,3.231274,9.428288,0,0,0,0,0,0,0,0,1780912591,0
117,-4.48601,35.15693,3.956814,9.843417,0,0,0,0,0,0,0,0,1780912591,0
118,-152.470111,-112.198869,0.426349,10.598876,0,0,0,0,0,0,0,0,1780912591,0
118,-62.832189,-18.671451,3.687541,8.253959,0,0,0,0,0,0,0,0,1780912591,0
119,86.049488,127.285625,4.080231,7.636876,0,0,0,0,0,0,0,0,1780912591,0
119,-3.229404,35.388803,2.25516,10.426841,0,0,0,0,0,0,0,0,1780912591,0
120,-157.526456,-117.311312,0.265533,9.626502,0,0,0,0,0,0,0,0,1780912591,0
120,-58.69586,-22.81526,5.778145,8.253959,0,0,0,0,0,0,0,0,1780912591,0
121,82.096414,124.738753,1.402462,14.551951,0,0,0,0,0,0,0,0,1780912591,0
121,-3.954944,33.28324,8.197861,12.629642,0,0,0,0,0,0,0,0,1780912591,0
122,-151.800669,-108.859138,0.957414,9.633982,0,0,0,0,0,0,0,0,1780912591,0
122,-53.486179,-15.657091,3.982993,10.228626,0,0,0,0,0,0,0,0,1780912591,0
123,95.68347,131.507972,5.082524,6.627103,0,0,0,0,0,0,0,0,1780912591,0
123,-2.702078,33.885364,1.256606,6.529865,0,0,0,0,0,0,0,0,1780912591,0
124,-151.890427,-110.209242,8.179161,9.873336,0,0,0,0,0,0,0,0,1780912591,0
124,-58.67716,-16.281654,5.209681,8.104363,0,0,0,0,0,0,0,0,1780912591,0
125,88.936691,127.281885,0.927495,6.137176,0,0,0,0,0,0,0,0,1780912591,0
125,-4.018523,38.541539,9.34227,12.797938,0,0,0,0,0,0,0,0,1780912591,0
126,-150.790896,-113.305879,6.503686,11.163601,0,0,0,0,0,0,0,0,1780912591,0
126,-51.806964,-17.19793,4.009173,12.207033,0,0,0,0,0,0,0,0,1780912591,0
127,100.504201,131.306017,12.098576,11.451574,0,0,0,0,0,0,0,0,1780912591,0
127,3.865187,31.656383,4.768372,13.059731,0,0,0,0,0,0,0,0,1780912591,0
128,-143.520531,-103.095952,3.324771,11.675968,0,0,0,0,0,0,0,0,1780912591,0
128,-48.98334,-11.651658,3.605264,13.867549,0,0,0,0,0,0,0,0,1780912591,0
129,97.55716,142.368642,6.099777,12.588503,0,0,0,0,0,0,0,0,1780912591,0
129,-1.527749,37.183955,5.811805,11.646048,0,0,0,0,0,0,0,0,1780912591,0
130,-148.819969,-107.639931,5.542532,8.160462,0,0,0,0,0,0,0,0,1780912591,0
130,-47.812751,-6.019369,1.907349,6.410189,0,0,0,0,0,0,0,0,1780912591,0
131,94.359546,133.553697,-2.116783,5.026426,0,0,0,0,0,0,0,0,1780912591,0
131,-0.218784,38.739754,5.161062,12.969973,0,0,0,0,0,0,0,0,1780912591,0
132,-145.910327,-102.359192,5.359277,12.162155,0,0,0,0,0,0,0,0,1780912591,0
132,-46.114836,-5.376106,0.142116,8.785025,0,0,0,0,0,0,0,0,1780912591,0
133,97.370165,136.384802,2.296299,10.740993,0,0,0,0,0,0,0,0,1780912591,0
133,0.252443,35.12327,5.075044,9.787318,0,0,0,0,0,0,0,0,1780912591,0
134,-137.043024,-104.494675,5.628549,10.194967,0,0,0,0,0,0,0,0,1780912591,0
134,-42.008426,-5.544402,2.737607,11.533851,0,0,0,0,0,0,0,0,1780912591,0
135,90.959977,145.614875,3.444448,4.712274,0,0,0,0,0,0,0,0,1780912591,0
135,5.147972,47.393882,4.046572,11.720846,0,0,0,0,0,0,0,0,1780912591,0
136,-144.055336,-95.036468,1.825071,12.513705,0,0,0,0,0,0,0,0,1780912591,0
136,-38.638776,12.029388,0.37399,11.515152,0,0,0,0,0,0,0,0,1780912591,0
137,106.716175,152.589788,4.188688,8.534452,0,0,0,0,0,0,0,0,1780912591,0
137,20.896691,69.608888,0.665702,11.20848,0,0,0,0,0,0,0,0,1780912591,0
138,-128.026125,-72.002424,2.670289,9.559184,0,0,0,0,0,0,0,0,1780912591,0
138,-9.647072,42.748926,3.766079,9.099177,0,0,0,0,0,0,0,0,1780912591,0
139,147.29409,210.124409,1.791412,13.362663,0,0,0,0,0,0,0,0,1780912591,0
139,56.496799,128.620769,5.351797,11.728326,0,0,0,0,0,0,0,0,1780912591,0
140,-77.76561,-5.133013,4.4804,17.719646,0,0,0,0,0,0,0,0,1780912591,0
140,39.095044,116.866264,10.318384,13.265425,0,0,0,0,0,0,0,0,1780912591,0
141,186.204009,267.023247,2.288819,12.154675,0,0,0,0,0,0,0,0,1780912591,0
141,97.93489,176.476529,5.830504,11.22718,0,0,0,0,0,0,0,0,1780912591,0
142,-38.406903,39.506433,8.179161,10.034152,0,0,0,0,0,0,0,0,1780912591,0
142,64.100015,136.545617,2.636629,10.681154,0,0,0,0,0,0,0,0,1780912591,0
143,201.4815,274.951835,-1.065871,10.868149,0,0,0,0,0,0,0,0,1780912591,0
143,100.672497,178.612012,6.698161,13.44868,0,0,0,0,0,0,0,0,1780912591,0
144,-49.73506,23.301447,4.936668,12.861516,0,0,0,0,0,0,0,0,1780912591,0
144,58.381708,114.712081,2.99192,7.382563,0,0,0,0,0,0,0,0,1780912591,0
145,193.298599,263.118791,1.761493,10.669935,0,0,0,0,0,0,0,0,1780912591,0
145,85.331427,157.178645,5.258299,9.918215,0,0,0,0,0,0,0,0,1780912591,0
146,-60.861262,7.83322,2.550612,11.481493,0,0,0,0,0,0,0,0,1780912591,0
146,29.016014,110.497214,5.834244,16.721093,0,0,0,0,0,0,0,0,1780912591,0
147,166.692951,239.318068,7.786472,10.707334,0,0,0,0,0,0,0,0,1780912591,0
147,51.795744,120.082578,7.412482,6.799138,0,0,0,0,0,0,0,0,1780912591,0
148,-99.318653,-34.221955,-0.056098,12.278092,0,0,0,0,0,0,0,0,1780912591,0
148,2.178492,65.513697,5.751966,9.065517,0,0,0,0,0,0,0,0,1780912591,0
149,126.694721,189.977568,-1.267826,8.347457,0,0,0,0,0,0,0,0,1780912591,0
149,21.734429,80.720131,6.986133,14.996999,0,0,0,0,0,0,0,0,1780912591,0
150,-125.277299,-70.383047,4.663655,11.900362,0,0,0,0,0,0,0,0,1780912591,0
150,-24.621631,22.706803,2.812405,10.658715,0,0,0,0,0,0,0,0,1780912591,0
151,102.168457,159.23933,2.853544,8.063224,0,0,0,0,0,0,0,0,1780912591,0
151,-8.012736,48.785125,2.883463,10.176268,0,0,0,0,0,0,0,0,1780912591,0
152,-147.798976,-95.043948,-1.084571,6.989873,0,0,0,0,0,0,0,0,1780912591,0
152,-44.798392,5.839854,6.514906,12.32297,0,0,0,0,0,0,0,0,1780912591,0
153,91.075914,139.331843,5.501393,12.667041,0,0,0,0,0,0,0,0,1780912591,0
153,-12.799808,32.393143,8.246479,9.682601,0,0,0,0,0,0,0,0,1780912591,0
154,-154.583155,-104.734028,4.46918,9.656422,0,0,0,0,0,0,0,0,1780912591,0
154,-51.649888,-13.562747,1.896129,11.986379,0,0,0,0,0,0,0,0,1780912591,0
155,88.360746,124.372243,-0.710581,9.166495,0,0,0,0,0,0,0,0,1780912591,0
155,-19.557807,21.985002,3.75486,16.365802,0,0,0,0,0,0,0,0,1780912591,0
156,-158.88778,-119.166302,2.760046,11.369296,0,0,0,0,0,0,0,0,1780912591,0
156,-53.920008,-13.214936,5.707087,11.58995,0,0,0,0,0,0,0,0,1780912591,0
157,83.3605,123.575644,6.230673,15.33733,0,0,0,0,0,0,0,0,1780912591,0
157,-27.606072,14.886672,8.354937,14.96708,0,0,0,0,0,0,0,0,1780912591,0
158,-162.066695,-123.74394,2.128003,13.123309,0,0,0,0,0,0,0,0,1780912591,0
158,-58.179754,-18.473236,8.485833,14.226579,0,0,0,0,0,0,0,0,1780912591,0
159,79.949711,115.935029,5.538792,13.265425,0,0,0,0,0,0,0,0,1780912591,0
159,-29.599438,7.410612,3.111597,7.722893,0,0,0,0,0,0,0,0,1780912591,0
160,-158.158499,-123.070758,6.956214,11.055144,0,0,0,0,0,0,0,0,1780912591,0
160,-56.092889,-18.888365,8.126803,8.171681,0,0,0,0,0,0,0,0,1780912591,0
161,85.421185,122.075944,-0.785379,10.288465,0,0,0,0,0,0,0,0,1780912591,0
161,-23.092012,15.223263,4.981547,12.883955,0,0,0,0,0,0,0,0,1780912591,0
162,-159.594621,-122.038545,-1.787672,5.942701,0,0,0,0,0,0,0,0,1780912591,0
162,-56.335983,-13.256075,3.706241,9.289911,0,0,0,0,0,0,0,0,1780912591,0
163,83.809288,121.634636,4.652436,6.036199,0,0,0,0,0,0,0,0,1780912591,0
163,-25.208796,17.534521,6.574744,6.690681,0,0,0,0,0,0,0,0,1780912591,0
164,-168.274929,-121.847811,-1.559538,10.755952,0,0,0,0,0,0,0,0,1780912591,0
164,-55.228973,-14.295768,4.84317,9.533005,0,0,0,0,0,0,0,0,1780912591,0
165,88.835714,118.100431,5.407895,13.942347,0,0,0,0,0,0,0,0,1780912591,0
165,-22.115898,13.267295,3.137776,10.112689,0,0,0,0,0,0,0,0,1780912591,0
166,-161.599207,-126.877976,4.955367,10.651235,0,0,0,0,0,0,0,0,1780912591,0
166,-49.491966,-12.365979,3.941855,10.84197,0,0,0,0,0,0,0,0,1780912591,0
167,87.09666,123.280192,0.486187,11.844263,0,0,0,0,0,0,0,0,1780912591,0
167,-30.710188,7.421831,6.447588,13.388842,0,0,0,0,0,0,0,0,1780912591,0
168,-164.46771,-125.812104,3.335991,10.438061,0,0,0,0,0,0,0,0,1780912591,0
168,-53.108449,-11.883532,5.344317,7.270366,0,0,0,0,0,0,0,0,1780912591,0
169,85.574521,122.517253,1.619377,9.458207,0,0,0,0,0,0,0,0,1780912591,0
169,-25.967995,11.793775,10.08651,6.384009,0,0,0,0,0,0,0,0,1780912591,0
170,-154.882347,-126.72464,5.882863,5.916522,0,0,0,0,0,0,0,0,1780912591,0
170,-54.480993,-15.71693,2.62167,11.133682,0,0,0,0,0,0,0,0,1780912591,0
171,83.506356,120.018999,6.200754,8.070704,0,0,0,0,0,0,0,0,1780912591,0
171,-22.344032,16.577107,5.501393,13.280385,0,0,0,0,0,0,0,0,1780912591,0
172,-161.591727,-120.576245,3.530466,12.797938,0,0,0,0,0,0,0,0,1780912591,0
172,-46.653382,-13.906818,5.486433,11.747026,0,0,0,0,0,0,0,0,1780912591,0
173,89.527595,124.966887,0.317891,5.890342,0,0,0,0,0,0,0,0,1780912591,0
173,-20.653598,17.710296,9.166495,14.039584,0,0,0,0,0,0,0,0,1780912591,0
174,-158.958838,-116.727887,4.831951,7.10207,0,0,0,0,0,0,0,0,1780912591,0
174,-43.867157,-4.811381,4.214867,8.261439,0,0,0,0,0,0,0,0,1780912591,0
175,92.564394,131.788465,1.697915,15.969373,0,0,0,0,0,0,0,0,1780912591,0
175,-21.165964,15.735629,4.083971,11.365556,0,0,0,0,0,0,0,0,1780912591,0
176,-154.02965,-113.361978,2.846064,12.584763,0,0,0,0,0,0,0,0,1780912591,0
176,-42.135583,3.599654,5.052605,14.832443,0,0,0,0,0,0,0,0,1780912591,0
177,87.83342,133.83419,4.510319,9.633982,0,0,0,0,0,0,0,0,1780912591,0
177,-28.582185,20.956529,2.595491,11.22718,0,0,0,0,0,0,0,0,1780912591,0
178,-154.212905,-114.166056,1.772713,5.407895,0,0,0,0,0,0,0,0,1780912591,0
178,-42.393636,0.162686,1.447341,6.226933,0,0,0,0,0,0,0,0,1780912591,0
179,89.628572,130.273805,-3.474367,10.598876,0,0,0,0,0,0,0,0,1780912591,0
179,-18.738769,13.544048,5.205941,14.091943,0,0,0,0,0,0,0,0,1780912591,0
180,-151.527657,-118.014413,9.420808,7.072151,0,0,0,0,0,0,0,0,1780912591,0
180,-44.944248,5.435945,8.706487,8.710227,0,0,0,0,0,0,0,0,1780912591,0
181,88.188711,142.690273,0.463748,12.367849,0,0,0,0,0,0,0,0,1780912591,0
181,-20.290827,18.222663,3.444448,8.074444,0,0,0,0,0,0,0,0,1780912591,0
182,-150.439346,-104.935983,2.311258,9.772359,0,0,0,0,0,0,0,0,1780912591,0
182,-30.003347,15.604733,3.276152,9.080477,0,0,0,0,0,0,0,0,1780912591,0
183,103.944909,156.497984,4.297145,8.070704,0,0,0,0,0,0,0,0,1780912591,0
183,-8.128673,39.813105,2.531912,14.372436,0,0,0,0,0,0,0,0,1780912591,0
184,-133.138568,-77.75065,5.60985,8.751366,0,0,0,0,0,0,0,0,1780912592,0
184,-8.181031,45.886703,4.772112,8.631689,0,0,0,0,0,0,0,0,1780912592,0
185,133.06377,195.071312,3.623963,5.146102,0,0,0,0,0,0,0,0,1780912592,0
185,30.773767,93.196437,9.828457,10.976606,0,0,0,0,0,0,0,0,1780912592,0
186,-82.578861,-14.172351,5.879123,9.921955,0,0,0,0,0,0,0,0,1780912592,0
186,41.791512,107.927903,-0.235614,12.558584,0,0,0,0,0,0,0,0,1780912592,0
187,173.039561,248.499523,5.434075,8.9795,0,0,0,0,0,0,0,0,1780912592,0
187,60.042224,139.728272,2.883463,11.159861,0,0,0,0,0,0,0,0,1780912592,0
188,-72.413813,5.080654,6.967434,8.411035,0,0,0,0,0,0,0,0,1780912592,0
188,46.866556,109.498661,3.35095,13.501039,0,0,0,0,0,0,0,0,1780912592,0
189,171.382785,242.381046,5.045125,11.047664,0,0,0,0,0,0,0,0,1780912592,0
189,55.348649,128.344017,3.982993,10.520339,0,0,0,0,0,0,0,0,1780912592,0
190,-83.921485,-12.926964,6.533605,9.869596,0,0,0,0,0,0,0,0,1780912592,0
190,31.241254,92.594313,4.629996,9.682601,0,0,0,0,0,0,0,0,1780912592,0
191,148.77135,212.596483,1.271566,6.776699,0,0,0,0,0,0,0,0,1780912592,0
191,17.994529,83.872866,7.730373,7.969727,0,0,0,0,0,0,0,0,1780912592,0
192,-115.359084,-51.272158,7.225487,8.58681,0,0,0,0,0,0,0,0,1780912592,0
192,-5.058215,49.951974,3.586564,9.978053,0,0,0,0,0,0,0,0,1780912592,0
193,119.742247,176.506448,5.815544,15.587903,0,0,0,0,0,0,0,0,1780912592,0
193,-2.316868,50.202547,4.226087,11.328157,0,0,0,0,0,0,0,0,1780912592,0
194,-138.68858,-88.869373,-0.284232,10.363263,0,0,0,0,0,0,0,0,1780912592,0
194,-18.297461,30.799946,3.612743,10.202447,0,0,0,0,0,0,0,0,1780912592,0
195,105.665263,154.052089,8.265179,9.865856,0,0,0,0,0,0,0,0,1780912592,0
195,-13.207457,28.709342,4.577638,8.014606,0,0,0,0,0,0,0,0,1780912592,0
196,-140.670727,-97.717976,4.633736,10.740993,0,0,0,0,0,0,0,0,1780912592,0
196,-28.881377,17.115652,2.767526,8.246479,0,0,0,0,0,0,0,0,1780912592,0
197,95.982662,143.378415,3.74738,10.935467,0,0,0,0,0,0,0,0,1780912592,0
197,-20.717176,22.755421,5.164802,16.208726,0,0,0,0,0,0,0,0,1780912592,0
198,-151.363101,-111.533166,1.922309,9.491866,0,0,0,0,0,0,0,0,1780912592,0
198,-37.326072,4.901139,5.632289,11.432874,0,0,0,0,0,0,0,0,1780912592,0
199,87.395852,125.419415,8.325017,10.10895,0,0,0,0,0,0,0,0,1780912592,0
199,-27.935183,13.921778,6.230673,14.671628,0,0,0,0,0,0,0,0,1780912592,0
200,-154.964625,-118.092951,6.657022,10.868149,0,0,0,0,0,0,0,0,1780912592,0
200,-36.869804,5.649119,1.705394,7.539638,0,0,0,0,0,0,0,0,1780912592,0
0,92.755129,129.151835,4.912359,9.145925,0,0,0,0,0,0,0,0,1780912592,0
101,-26.15125,11.59182,1.621247,10.144479,0,0,0,0,0,0,0,0,1780912592,0
101,-154.298922,-120.022739,5.679038,15.256922,0,0,0,0,0,0,0,0,1780912592,0
102,-33.316899,-2.081254,3.124686,15.092366,0,0,0,0,0,0,0,0,1780912592,0
102,84.961177,122.132043,-0.196345,13.514128,0,0,0,0,0,0,0,0,1780912592,0
103,-30.841085,0.102847,8.940231,10.421231,0,0,0,0,0,0,0,0,1780912592,0
103,-162.698738,-127.222047,3.509896,10.125779,0,0,0,0,0,0,0,0,1780912592,0
104,-43.074298,-2.6198,1.090181,4.407472,0,0,0,0,0,0,0,0,1780912592,0
104,84.250596,121.256906,3.049888,6.74117,0,0,0,0,0,0,0,0,1780912592,0
105,-39.323178,7.223617,5.398546,10.320254,0,0,0,0,0,0,0,0,1780912592,0
105,-163.068988,-121.006333,4.938538,10.039761,0,0,0,0,0,0,0,0,1780912592,0
106,-37.453228,0.319761,3.393959,12.938184,0,0,0,0,0,0,0,0,1780912592,0
106,93.420831,126.35813,2.687118,5.346187,0,0,0,0,0,0,0,0,1780912592,0
107,-33.799346,2.99379,0.73115,11.21409,0,0,0,0,0,0,0,0,1780912592,0
107,-158.85786,-114.573705,5.492043,15.365379,0,0,0,0,0,0,0,0,1780912592,0
108,-36.020846,3.809088,5.136753,13.024202,0,0,0,0,0,0,0,0,1780912592,0
108,85.99339,124.275006,3.188265,11.647918,0,0,0,0,0,0,0,0,1780912592,0
109,-35.50848,3.824048,4.523409,10.185618,0,0,0,0,0,0,0,0,1780912592,0
109,-166.322701,-121.686995,2.889073,10.406272,0,0,0,0,0,0,0,0,1780912592,0
110,-36.394836,1.998977,3.072328,10.510989,0,0,0,0,0,0,0,0,1780912592,0
110,91.992189,133.606056,6.011889,10.215537,0,0,0,0,0,0,0,0,1780912592,0
111,-29.573259,7.45923,1.88678,13.873159,0,0,0,0,0,0,0,0,1780912592,0
111,-156.486764,-119.61135,1.624987,12.657691,0,0,0,0,0,0,0,0,1780912592,0
112,-33.900323,8.345587,7.612566,9.834067,0,0,0,0,0,0,0,0,1780912592,0
112,94.868172,135.131935,4.47853,9.437638,0,0,0,0,0,0,0,0,1780912592,0
113,-33.668449,3.203224,4.153159,8.551281,0,0,0,0,0,0,0,0,1780912592,0
113,-156.714898,-117.277653,5.21529,9.015029,0,0,0,0,0,0,0,0,1780912592,0
114,-23.379985,12.126626,2.761916,10.054721,0,0,0,0,0,0,0,0,1780912592,0
114,97.235529,128.568411,2.500123,6.670112,0,0,0,0,0,0,0,0,1780912592,0
115,-28.825279,11.943371,0.125287,13.854459,0,0,0,0,0,0,0,0,1780912592,0
115,-153.764117,-115.381523,5.252689,10.806441,0,0,0,0,0,0,0,0,1780912592,0
116,-26.065233,9.138446,-0.476837,10.589527,0,0,0,0,0,0,0,0,1780912592,0
116,93.865879,137.992959,3.984863,10.911158,0,0,0,0,0,0,0,0,1780912592,0
117,-26.92541,10.567087,3.824048,11.58434,0,0,0,0,0,0,0,0,1780912592,0
117,-152.761824,-112.662616,6.991743,4.370073,0,0,0,0,0,0,0,0,1780912592,0
118,-27.235821,16.872559,4.706664,14.359346,0,0,0,0,0,0,0,0,1780912592,0
118,99.019461,138.090196,3.162085,12.530535,0,0,0,0,0,0,0,0,1780912592,0
119,-30.856045,7.724763,-0.723671,9.370319,0,0,0,0,0,0,0,0,1780912592,0
119,-151.815629,-109.337845,5.918392,15.32424,0,0,0,0,0,0,0,0,1780912592,0
120,-20.806933,19.972936,2.511343,10.301554,0,0,0,0,0,0,0,0,1780912592,0
120,102.516268,149.018184,1.920439,9.265602,0,0,0,0,0,0,0,0,1780912592,0
121,-22.351512,21.483855,1.400593,13.918038,0,0,0,0,0,0,0,0,1780912592,0
121,-144.059076,-101.450396,0.656352,12.380939,0,0,0,0,0,0,0,0,1780912592,0
122,-11.520762,31.566626,3.969904,8.543801,0,0,0,0,0,0,0,0,1780912592,0
122,100.807133,140.786664,6.191404,13.727303,0,0,0,0,0,0,0,0,1780912592,0
123,-24.266341,22.80404,2.971351,8.667218,0,0,0,0,0,0,0,0,1780912592,0
123,-147.862555,-101.005348,3.584694,8.442824,0,0,0,0,0,0,0,0,1780912592,0
124,-18.024448,20.230989,1.262216,12.220123,0,0,0,0,0,0,0,0,1780912592,0
124,106.5217,154.037129,4.044702,11.924671,0,0,0,0,0,0,0,0,1780912592,0
125,-22.635744,20.006595,0.914406,4.631866,0,0,0,0,0,0,0,0,1780912592,0
125,-134.466233,-83.37172,7.616306,7.747203,0,0,0,0,0,0,0,0,1780912592,0
126,-0.577815,55.281331,4.695444,7.047841,0,0,0,0,0,0,0,0,1780912592,0
126,143.890781,203.628203,1.767103,4.179338,0,0,0,0,0,0,0,0,1780912592,0
127,30.093105,102.131058,0.992943,13.577707,0,0,0,0,0,0,0,0,1780912592,0
127,-81.546649,6.857107,0.690012,10.630666,0,0,0,0,0,0,0,0,1780912592,0
128,52.031358,138.378168,-1.146279,9.72187,0,0,0,0,0,0,0,0,1780912592,0
128,183.032574,264.562393,4.519669,7.593867,0,0,0,0,0,0,0,0,1780912592,0
129,56.941847,140.225679,4.661785,12.579154,0,0,0,0,0,0,0,0,1780912592,0
129,-65.704432,26.237268,4.822601,14.082593,0,0,0,0,0,0,0,0,1780912592,0
130,66.358915,147.462385,6.3597,6.74117,0,0,0,0,0,0,0,0,1780912592,0
130,186.069373,266.89235,5.570581,12.126626,0,0,0,0,0,0,0,0,1780912592,0
131,43.706341,129.997053,5.98945,9.748049,0,0,0,0,0,0,0,0,1780912592,0
131,-78.031143,16.82768,5.895952,9.546095,0,0,0,0,0,0,0,0,1780912592,0
132,41.223047,133.374182,5.23399,10.036022,0,0,0,0,0,0,0,0,1780912592,0
132,152.14474,263.260908,4.343894,16.412551,0,0,0,0,0,0,0,0,1780912592,0
133,7.49289,105.998114,4.781462,8.076314,0,0,0,0,0,0,0,0,1780912592,0
133,-108.462709,-8.166072,7.792082,14.295768,0,0,0,0,0,0,0,0,1780912592,0
134,6.647672,90.0811,2.60484,11.330027,0,0,0,0,0,0,0,0,1780912592,0
134,123.096937,223.644147,6.569134,10.82514,0,0,0,0,0,0,0,0,1780912592,0
135,-26.570119,85.634359,4.714144,11.883532,0,0,0,0,0,0,0,0,1780912592,0
135,-158.207118,-44.689935,2.870373,10.264155,0,0,0,0,0,0,0,0,1780912592,0
136,-27.927703,75.207518,4.886179,11.187911,0,0,0,0,0,0,0,0,1780912592,0
136,80.828588,180.751235,5.065694,11.157992,0,0,0,0,0,0,0,0,1780912592,0
137,-52.69332,42.101924,4.684225,5.873513,0,0,0,0,0,0,0,0,1780912592,0
137,-172.164425,-76.924132,9.317961,8.742016,0,0,0,0,0,0,0,0,1780912592,0
138,-46.582324,42.053305,3.984863,13.555267,0,0,0,0,0,0,0,0,1780912592,0
138,72.832682,163.297122,3.513636,12.500616,0,0,0,0,0,0,0,0,1780912592,0
139,-56.904448,28.346572,3.487457,11.546941,0,0,0,0,0,0,0,0,1780912592,0
139,-177.411504,-93.660185,4.186818,11.266449,0,0,0,0,0,0,0,0,1780912592,0
140,-45.98394,36.099384,-0.129027,13.386972,0,0,0,0,0,0,0,0,1780912592,0
140,73.206672,149.874621,2.477684,11.905972,0,0,0,0,0,0,0,0,1780912592,0
141,-61.571843,9.796668,7.496629,4.160639,0,0,0,0,0,0,0,0,1780912592,0
141,-183.739415,-110.385017,2.911512,11.012135,0,0,0,0,0,0,0,0,1780912592,0
142,-51.642409,21.943863,4.631866,9.519915,0,0,0,0,0,0,0,0,1780912592,0
142,64.017737,127.539938,7.298415,14.609919,0,0,0,0,0,0,0,0,1780912592,0
143,-69.463032,-4.011043,1.026603,5.899692,0,0,0,0,0,0,0,0,1780912592,0
143,-183.578599,-118.429542,5.682778,7.343294,0,0,0,0,0,0,0,0,1780912592,0
144,-50.191327,-1.340754,3.876406,13.44681,0,0,0,0,0,0,0,0,1780912592,0
144,59.552297,129.005979,1.88678,10.424971,0,0,0,0,0,0,0,0,1780912592,0
145,-68.03065,3.300462,4.575768,12.72501,0,0,0,0,0,0,0,0,1780912592,0
145,-185.538307,-110.145664,7.45923,9.890165,0,0,0,0,0,0,0,0,1780912592,0
146,-49.136676,11.760115,2.335568,6.195144,0,0,0,0,0,0,0,0,1780912592,0
146,65.233205,131.010565,2.144833,7.287195,0,0,0,0,0,0,0,0,1780912592,0
147,-69.044163,-5.200331,4.646826,11.21783,0,0,0,0,0,0,0,0,1780912592,0
147,-186.428403,-128.415075,3.917545,7.810781,0,0,0,0,0,0,0,0,1780912592,0
148,-46.496306,12.481916,8.005256,8.96267,0,0,0,0,0,0,0,0,1780912592,0
148,66.257938,120.063878,5.480823,9.179584,0,0,0,0,0,0,0,0,1780912592,0
149,-67.30137,-13.648765,4.616906,10.611966,0,0,0,0,0,0,0,0,1780912592,0
149,-179.763901,-121.746833,3.199484,9.961224,0,0,0,0,0,0,0,0,1780912592,0
150,-44.689935,12.788588,2.215891,10.155698,0,0,0,0,0,0,0,0,1780912592,0
150,67.67162,125.898122,2.881593,11.191651,0,0,0,0,0,0,0,0,1780912592,0
151,-67.30511,-11.311327,7.029142,8.697137,0,0,0,0,0,0,0,0,1780912592,0
151,-181.084086,-129.869896,5.510743,11.625479,0,0,0,0,0,0,0,0,1780912592,0
152,-45.24718,15.025048,-0.230004,7.070281,0,0,0,0,0,0,0,0,1780912592,0
152,67.65292,121.982447,7.642486,10.705464,0,0,0,0,0,0,0,0,1780912592,0
153,-69.006764,-15.025048,6.599053,13.289734,0,0,0,0,0,0,0,0,1780912592,0
153,-177.404024,-123.605563,1.004163,9.542355,0,0,0,0,0,0,0,0,1780912592,0
154,-39.764486,12.590373,3.457538,13.84324,0,0,0,0,0,0,0,0,1780912592,0
154,69.758484,126.791958,5.473344,9.546095,0,0,0,0,0,0,0,0,1780912592,0
155,-64.952712,-12.257522,5.507003,10.024802,0,0,0,0,0,0,0,0,1780912592,0
155,-173.162978,-123.437268,6.064248,11.337507,0,0,0,0,0,0,0,0,1780912592,0
156,-35.257907,18.70137,6.542955,4.10828,0,0,0,0,0,0,0,0,1780912592,0
156,79.815075,134.066064,2.503863,7.870619,0,0,0,0,0,0,0,0,1780912592,0
157,-62.338522,-12.238823,3.150866,10.249196,0,0,0,0,0,0,0,0,1780912592,0
157,-173.121839,-124.772412,7.219877,9.942524,0,0,0,0,0,0,0,0,1780912592,0
158,-35.680516,14.621139,-0.147726,7.997776,0,0,0,0,0,0,0,0,1780912592,0
158,78.910019,125.756006,8.771935,13.637545,0,0,0,0,0,0,0,0,1780912592,0
159,-60.150681,-11.075714,5.813674,11.030835,0,0,0,0,0,0,0,0,1780912592,0
159,-170.556268,-119.689888,6.498076,11.689057,0,0,0,0,0,0,0,0,1780912592,0
160,-39.196021,11.086933,4.11202,7.347033,0,0,0,0,0,0,0,0,1780912592,0
160,67.738938,115.714375,6.124086,13.057861,0,0,0,0,0,0,0,0,1780912592,0
161,-58.355529,-8.016476,4.777722,10.649365,0,0,0,0,0,0,0,0,1780912592,0
161,-162.522962,-116.765286,4.018523,9.669511,0,0,0,0,0,0,0,0,1780912592,0
162,-28.873898,14.882932,2.559962,6.72621,0,0,0,0,0,0,0,0,1780912592,0
162,74.717591,128.392635,2.870373,12.814767,0,0,0,0,0,0,0,0,1780912592,0
163,-64.257091,-15.911404,3.954944,12.455737,0,0,0,0,0,0,0,0,1780912592,0
163,-174.049334,-122.943601,1.142539,11.367426,0,0,0,0,0,0,0,0,1780912592,0
164,-32.011674,19.688703,4.654305,10.215537,0,0,0,0,0,0,0,0,1780912592,0
164,76.602501,130.696414,7.421831,10.237976,0,0,0,0,0,0,0,0,1780912592,0
165,-63.524071,-4.942278,7.900539,13.918038,0,0,0,0,0,0,0,0,1780912592,0
165,-171.502462,-111.03576,2.713297,10.271635,0,0,0,0,0,0,0,0,1780912592,0
166,-25.178876,25.343432,6.008149,12.231343,0,0,0,0,0,0,0,0,1780912592,0
166,86.939584,140.868942,1.445471,15.361639,0,0,0,0,0,0,0,0,1780912592,0
167,-60.988419,7.522809,3.117207,7.317114,0,0,0,0,0,0,0,0,1780912592,0
167,-158.760623,-94.21369,3.502416,11.135552,0,0,0,0,0,0,0,0,1780912592,0
168,-9.194544,57.398115,5.952051,8.734536,0,0,0,0,0,0,0,0,1780912592,0
168,111.611704,184.857645,6.954344,11.008396,0,0,0,0,0,0,0,0,1780912592,0
169,-22.635744,63.079023,2.372967,7.264756,0,0,0,0,0,0,0,0,1780912592,0
169,-125.673728,-33.709588,2.062555,11.812474,0,0,0,0,0,0,0,0,1780912592,0
170,14.845533,109.304186,0.402039,9.071127,0,0,0,0,0,0,0,0,1780912592,0
170,136.579276,232.331935,6.539215,12.728749,0,0,0,0,0,0,0,0,1780912592,0
171,13.559007,104.984602,6.621493,11.21783,0,0,0,0,0,0,0,0,1780912592,0
171,-96.622185,-3.139646,2.548742,10.623186,0,0,0,0,0,0,0,0,1780912592,0
172,46.268172,135.793897,3.868927,8.379246,0,0,0,0,0,0,0,0,1780912592,0
172,151.295783,218.531704,0.877007,6.090427,0,0,0,0,0,0,0,0,1780912592,0
173,18.424617,93.121639,2.129873,10.237976,0,0,0,0,0,0,0,0,1780912592,0
173,-99.924517,-3.117207,3.296722,12.205164,0,0,0,0,0,0,0,0,1780912592,0
174,44.933028,127.981246,6.771089,14.546341,0,0,0,0,0,0,0,0,1780912592,0
174,142.492058,226.306956,5.24521,10.08464,0,0,0,0,0,0,0,0,1780912592,0
175,-0.218784,73.180492,6.849627,17.362486,0,0,0,0,0,0,0,0,1780912592,0
175,-112.034313,-53.018692,3.180785,8.60738,0,0,0,0,0,0,0,0,1780912592,0
176,35.13075,80.604194,0.555375,7.040362,0,0,0,0,0,0,0,0,1780912592,0
176,121.384063,190.867664,3.296722,8.001516,0,0,0,0,0,0,0,0,1780912592,0
177,-17.21289,45.437915,3.042409,13.618846,0,0,0,0,0,0,0,0,1780912592,0
177,-129.110696,-75.315975,5.6192,12.190204,0,0,0,0,0,0,0,0,1780912592,0
178,19.44561,65.936306,7.133859,13.742262,0,0,0,0,0,0,0,0,1780912592,0
178,112.060492,155.750004,7.47793,9.800408,0,0,0,0,0,0,0,0,1780912592,0
179,-23.241608,10.806441,2.844194,6.973043,0,0,0,0,0,0,0,0,1780912592,0
179,-124.806071,-101.439176,7.152559,11.505802,0,0,0,0,0,0,0,0,1780912592,0
180,12.882085,41.956068,4.665525,8.397945,0,0,0,0,0,0,0,0,1780912592,0
180,115.538599,140.371535,3.278022,5.641639,0,0,0,0,0,0,0,0,1780912592,0
181,-36.009627,-15.791728,2.530042,14.333167,0,0,0,0,0,0,0,0,1780912592,0
181,-138.969073,-114.569965,0.701231,14.097553,0,0,0,0,0,0,0,0,1780912592,0
182,5.435945,27.075006,-1.553928,9.695691,0,0,0,0,0,0,0,0,1780912592,0
182,110.123224,133.101169,1.247257,16.704263,0,0,0,0,0,0,0,0,1780912592,0
183,-39.61115,-18.439577,4.796422,14.396745,0,0,0,0,0,0,0,0,1780912592,0
183,-141.646841,-119.502893,4.777722,12.313621,0,0,0,0,0,0,0,0,1780912592,0
184,0.069188,20.986449,3.659492,14.393005,0,0,0,0,0,0,0,0,1780912593,0
184,102.901477,123.126856,4.089581,9.303001,0,0,0,0,0,0,0,0,1780912593,0
185,-39.61115,-28.320392,1.849381,3.898846,0,0,0,0,0,0,0,0,1780912593,0
185,-146.796683,-126.634882,3.644533,12.968103,0,0,0,0,0,0,0,0,1780912593,0
186,-0.884486,19.587726,6.460677,7.133859,0,0,0,0,0,0,0,0,1780912593,0
186,99.157837,120.598684,-0.01683,9.669511,0,0,0,0,0,0,0,0,1780912593,0
187,-46.638422,-26.801993,4.269096,7.275975,0,0,0,0,0,0,0,0,1780912593,0
187,-152.432712,-130.10551,5.050735,12.653952,0,0,0,0,0,0,0,0,1780912593,0
188,-2.574921,16.846379,1.703524,8.368026,0,0,0,0,0,0,0,0,1780912593,0
188,104.748988,124.271266,11.236529,8.768195,0,0,0,0,0,0,0,0,1780912593,0
189,-45.351897,-22.134598,10.365133,14.804394,0,0,0,0,0,0,0,0,1780912593,0
189,-143.303617,-119.173782,6.72247,15.507495,0,0,0,0,0,0,0,0,1780912593,0
190,2.545002,21.068726,7.320854,12.511835,0,0,0,0,0,0,0,0,1780912593,0
190,101.599992,118.631497,8.824294,10.039761,0,0,0,0,0,0,0,0,1780912593,0
191,-47.4612,-25.272374,1.905479,6.71125,0,0,0,0,0,0,0,0,1780912593,0
191,-140.898861,-118.343524,2.99379,8.289488,0,0,0,0,0,0,0,0,1780912593,0
192,1.318315,22.179477,-1.426772,8.914052,0,0,0,0,0,0,0,0,1780912593,0
192,103.451243,126.429188,4.280315,8.59616,0,0,0,0,0,0,0,0,1780912593,0
193,-43.650242,-17.852412,5.061955,9.759269,0,0,0,0,0,0,0,0,1780912593,0
193,-144.930473,-117.995714,3.992343,11.042055,0,0,0,0,0,0,0,0,1780912593,0
194,-0.716191,28.0212,1.340754,7.448011,0,0,0,0,0,0,0,0,1780912593,0
194,106.454382,129.600623,3.554775,14.669758,0,0,0,0,0,0,0,0,1780912593,0
195,-44.757253,-22.089719,5.96327,11.838653,0,0,0,0,0,0,0,0,1780912593,0
195,-144.762178,-117.449688,2.372967,11.509542,0,0,0,0,0,0,0,0,1780912593,0
196,7.1002,35.579538,-3.947464,12.051828,0,0,0,0,0,0,0,0,1780912593,0
196,107.961562,132.293351,2.945171,15.197083,0,0,0,0,0,0,0,0,1780912593,0
197,-45.209781,-20.085133,3.049888,9.127226,0,0,0,0,0,0,0,0,1780912593,0
197,-143.434513,-113.889303,10.234236,14.086333,0,0,0,0,0,0,0,0,1780912593,0
198,7.029142,32.733474,1.931658,7.896799,0,0,0,0,0,0,0,0,1780912593,0
198,102.744402,133.707033,4.519669,6.142786,0,0,0,0,0,0,0,0,1780912593,0
199,-50.09035,-19.191297,5.488303,9.34414,0,0,0,0,0,0,0,0,1780912593,0
199,-145.891627,-125.030465,4.676745,9.590973,0,0,0,0,0,0,0,0,1780912593,0
200,7.373213,29.562039,-1.583848,6.774829,0,0,0,0,0,0,0,0,1780912593,0
200,103.866372,127.801731,1.153759,9.549835,0,0,0,0,0,0,0,0,1780912593,0
0,-46.36915,-17.300777,3.203224,13.506649,0,0,0,0,0,0,0,0,1780912593,0
101,-136.511958,-110.330789,1.621247,7.48167,0,0,0,0,0,0,0,0,1780912593,0
101,2.133613,34.365941,8.689658,12.72127,0,0,0,0,0,0,0,0,1780912593,0
102,103.331566,139.82738,3.547295,9.905125,0,0,0,0,0,0,0,0,1780912593,0
102,-51.287118,-15.288711,2.60484,8.472743,0,0,0,0,0,0,0,0,1780912593,0
103,-149.721285,-115.110381,4.579507,8.435344,0,0,0,0,0,0,0,0,1780912593,0
103,4.975937,35.798322,4.759023,5.880993,0,0,0,0,0,0,0,0,1780912593,0
104,105.661523,130.043801,4.714144,8.106233,0,0,0,0,0,0,0,0,1780912593,0
104,-44.566518,-16.83329,9.501216,10.421231,0,0,0,0,0,0,0,0,1780912593,0
105,-147.267911,-112.810342,4.403732,10.615706,0,0,0,0,0,0,0,0,1780912593,0
105,8.756976,38.319015,2.859154,16.206856,0,0,0,0,0,0,0,0,1780912593,0
106,105.42965,133.738822,2.791835,10.073421,0,0,0,0,0,0,0,0,1780912593,0
106,-48.766425,-20.588149,5.563101,9.564794,0,0,0,0,0,0,0,0,1780912593,0
107,-136.751312,-104.489065,0.031789,7.982816,0,0,0,0,0,0,0,0,1780912593,0
107,13.192497,52.3212,5.174152,7.395652,0,0,0,0,0,0,0,0,1780912593,0
108,104.820046,137.807834,4.269096,8.267049,0,0,0,0,0,0,0,0,1780912593,0
108,-47.535998,-17.383055,4.055922,7.002963,0,0,0,0,0,0,0,0,1780912593,0
109,-138.954113,-112.14464,7.545248,8.730796,0,0,0,0,0,0,0,0,1780912593,0
109,14.879192,49.433998,2.937691,8.154852,0,0,0,0,0,0,0,0,1780912593,0
110,107.351958,139.43469,2.556222,11.064494,0,0,0,0,0,0,0,0,1780912593,0
110,-46.941354,-10.509119,4.145679,14.430404,0,0,0,0,0,0,0,0,1780912593,0
111,-139.114929,-105.244525,1.265956,12.934444,0,0,0,0,0,0,0,0,1780912593,0
111,14.430404,51.606879,-1.516529,10.660585,0,0,0,0,0,0,0,0,1780912593,0
112,106.252428,145.605525,5.58928,12.545494,0,0,0,0,0,0,0,0,1780912593,0
112,-50.535398,-12.360369,8.768195,10.948557,0,0,0,0,0,0,0,0,1780912593,0
113,-137.417014,-104.451666,2.926472,3.595914,0,0,0,0,0,0,0,0,1780912593,0
113,13.394452,50.383932,4.946018,10.208057,0,0,0,0,0,0,0,0,1780912593,0
114,110.699169,152.658976,0.977984,9.011289,0,0,0,0,0,0,0,0,1780912593,0
114,-49.948234,-7.719154,6.053028,11.655398,0,0,0,0,0,0,0,0,1780912593,0
115,-139.80681,-95.606802,4.47105,13.738522,0,0,0,0,0,0,0,0,1780912593,0
115,15.522455,66.645017,6.254983,10.974736,0,0,0,0,0,0,0,0,1780912593,0
116,117.303832,167.884109,0.166426,9.3591,0,0,0,0,0,0,0,0,1780912593,0
116,-30.792466,24.67212,5.290088,11.872312,0,0,0,0,0,0,0,0,1780912593,0
117,-110.560792,-43.027549,1.725964,8.869173,0,0,0,0,0,0,0,0,1780912593,0
117,55.6815,121.722524,3.532336,5.544402,0,0,0,0,0,0,0,0,1780912593,0
118,153.64444,228.721062,-0.74611,12.859646,0,0,0,0,0,0,0,0,1780912593,0
118,6.509296,80.535006,2.171012,11.846133,0,0,0,0,0,0,0,0,1780912593,0
119,-71.564856,6.312951,3.278022,8.536322,0,0,0,0,0,0,0,0,1780912593,0
119,83.506356,154.308272,5.159192,9.979923,0,0,0,0,0,0,0,0,1780912593,0
120,173.925917,249.170835,4.403732,9.497476,0,0,0,0,0,0,0,0,1780912593,0
120,15.197083,82.367557,3.023709,11.5806,0,0,0,0,0,0,0,0,1780912593,0
121,-79.082055,-21.990612,7.201177,13.772182,0,0,0,0,0,0,0,0,1780912593,0
121,64.223432,132.586933,6.527995,7.900539,0,0,0,0,0,0,0,0,1780912593,0
122,147.585802,206.640692,4.47479,13.132659,0,0,0,0,0,0,0,0,1780912593,0
122,-8.027695,44.11586,8.753236,10.058461,0,0,0,0,0,0,0,0,1780912593,0
123,-112.15399,-63.395044,3.087287,10.417491,0,0,0,0,0,0,0,0,1780912593,0
123,43.493167,96.324863,8.038915,6.879546,0,0,0,0,0,0,0,0,1780912593,0
124,125.797145,174.084863,5.59302,6.531735,0,0,0,0,0,0,0,0,1780912593,0
124,-31.592805,14.346256,4.669265,13.701123,0,0,0,0,0,0,0,0,1780912593,0
125,-126.563824,-86.103717,2.709558,2.380446,0,0,0,0,0,0,0,0,1780912593,0
125,24.520654,64.599292,5.578061,9.766749,0,0,0,0,0,0,0,0,1780912593,0
126,112.464402,155.056252,6.191404,9.130966,0,0,0,0,0,0,0,0,1780912593,0
126,-50.131489,-9.379669,6.438238,11.068234,0,0,0,0,0,0,0,0,1780912593,0
127,-131.874482,-99.06995,2.660939,6.666372,0,0,0,0,0,0,0,0,1780912593,0
127,20.619938,55.948903,8.23339,14.239669,0,0,0,0,0,0,0,0,1780912593,0
128,103.881331,133.974436,1.808242,6.505556,0,0,0,0,0,0,0,0,1780912593,0
128,-52.70454,-23.452913,5.046995,12.006949,0,0,0,0,0,0,0,0,1780912593,0
129,-146.837822,-111.647233,7.309634,8.495183,0,0,0,0,0,0,0,0,1780912593,0
129,11.517022,50.533528,5.308788,12.451997,0,0,0,0,0,0,0,0,1780912593,0
130,94.647518,133.529388,-0.585294,9.628372,0,0,0,0,0,0,0,0,1780912593,0
130,-59.585956,-23.022824,3.73803,9.852766,0,0,0,0,0,0,0,0,1780912593,0
131,-143.976799,-110.6599,0.286102,4.882439,0,0,0,0,0,0,0,0,1780912593,0
131,12.72127,48.921631,9.781708,11.804994,0,0,0,0,0,0,0,0,1780912593,0
132,96.46137,133.424671,4.86374,10.967257,0,0,0,0,0,0,0,0,1780912593,0
132,-59.44758,-27.67152,5.492043,16.008642,0,0,0,0,0,0,0,0,1780912593,0
133,-147.424986,-110.865594,3.221924,6.808488,0,0,0,0,0,0,0,0,1780912593,0
133,1.800762,43.816668,5.97823,6.894506,0,0,0,0,0,0,0,0,1780912593,0
134,100.54534,132.209203,3.076068,12.586633,0,0,0,0,0,0,0,0,1780912593,0
134,-67.27519,-31.168326,2.298169,11.793775,0,0,0,0,0,0,0,0,1780912593,0
135,-153.64818,-114.01833,2.937691,7.044102,0,0,0,0,0,0,0,0,1780912593,0
135,10.697984,44.976037,0.663832,8.663478,0,0,0,0,0,0,0,0,1780912593,0
136,97.54968,133.278815,4.47105,11.662878,0,0,0,0,0,0,0,0,1780912593,0
136,-61.149234,-20.442293,5.342447,11.191651,0,0,0,0,0,0,0,0,1780912593,0
137,-152.028803,-109.347195,-1.995237,5.181631,0,0,0,0,0,0,0,0,1780912593,0
137,15.215783,59.198876,4.231697,10.286595,0,0,0,0,0,0,0,0,1780912593,0
138,97.901231,133.548088,3.622093,11.905972,0,0,0,0,0,0,0,0,1780912593,0
138,-66.646887,-21.238892,7.717284,11.928411,0,0,0,0,0,0,0,0,1780912593,0
139,-152.447672,-106.650727,3.184525,8.801855,0,0,0,0,0,0,0,0,1780912593,0
139,9.3591,47.769742,2.470204,10.600746,0,0,0,0,0,0,0,0,1780912593,0
140,89.224663,136.308134,0.177645,12.392159,0,0,0,0,0,0,0,0,1780912593,0
140,-65.562316,-27.226472,4.48227,13.44307,0,0,0,0,0,0,0,0,1780912593,0
141,-147.578322,-107.507164,-1.49783,15.31302,0,0,0,0,0,0,0,0,1780912593,0
141,16.760362,52.283801,0.794729,13.596406,0,0,0,0,0,0,0,0,1780912593,0
142,100.118992,138.286541,3.999823,13.44307,0,0,0,0,0,0,0,0,1780912593,0
142,-62.07299,-21.384748,5.836114,11.453444,0,0,0,0,0,0,0,0,1780912593,0
143,-148.42354,-103.284817,3.132166,12.399638,0,0,0,0,0,0,0,0,1780912593,0
143,15.357899,55.907764,3.775429,7.582647,0,0,0,0,0,0,0,0,1780912593,0
144,92.938384,133.566787,3.072328,12.459477,0,0,0,0,0,0,0,0,1780912593,0
144,-64.743278,-28.150227,4.721624,10.544648,0,0,0,0,0,0,0,0,1780912593,0
145,-146.321716,-108.928326,6.700031,12.040608,0,0,0,0,0,0,0,0,1780912593,0
145,12.175244,47.86698,4.239177,9.852766,0,0,0,0,0,0,0,0,1780912593,0
146,95.432897,129.34818,0.147726,9.72935,0,0,0,0,0,0,0,0,1780912593,0
146,-62.514298,-23.961539,-1.1201,12.059307,0,0,0,0,0,0,0,0,1780912593,0
147,-148.367441,-109.122801,0.600254,8.076314,0,0,0,0,0,0,0,0,1780912593,0
147,17.545741,56.042401,1.269696,11.113113,0,0,0,0,0,0,0,0,1780912593,0
148,98.68661,140.885771,3.498676,10.174398,0,0,0,0,0,0,0,0,1780912593,0
148,-69.956699,-27.940793,4.755283,12.889565,0,0,0,0,0,0,0,0,1780912593,0
149,-146.493751,-108.864748,1.022863,10.043501,0,0,0,0,0,0,0,0,1780912593,0
149,16.794021,55.047587,7.522809,9.792928,0,0,0,0,0,0,0,0,1780912593,0
150,98.623032,138.080846,6.165225,6.901985,0,0,0,0,0,0,0,0,1780912593,0
150,-57.061524,-26.788903,6.812228,7.885579,0,0,0,0,0,0,0,0,1780912593,0
151,-144.844455,-112.810342,2.803055,10.970997,0,0,0,0,0,0,0,0,1780912593,0
151,20.698476,55.526295,5.60424,8.828034,0,0,0,0,0,0,0,0,1780912593,0
152,100.55282,134.183871,9.198284,11.909711,0,0,0,0,0,0,0,0,1780912593,0
152,-66.325256,-30.741978,13.09526,9.553574,0,0,0,0,0,0,0,0,1780912593,0
153,-139.941446,-108.202786,6.161485,14.437884,0,0,0,0,0,0,0,0,1780912593,0
153,22.736722,60.294667,-0.622693,11.266449,0,0,0,0,0,0,0,0,1780912593,0
154,101.742108,141.345779,1.280916,10.417491,0,0,0,0,0,0,0,0,1780912593,0
154,-62.716252,-25.977345,4.833821,12.784848,0,0,0,0,0,0,0,0,1780912593,0
155,-136.227726,-98.501485,0.286102,9.074867,0,0,0,0,0,0,0,0,1780912593,0
155,27.374198,63.724155,5.22277,7.777122,0,0,0,0,0,0,0,0,1780912593,0
156,100.91559,142.579946,1.50157,13.054121,0,0,0,0,0,0,0,0,1780912593,0
156,-62.076729,-13.84885,2.414105,10.727903,0,0,0,0,0,0,0,0,1780912593,0
157,-135.610642,-88.863763,8.543801,7.253536,0,0,0,0,0,0,0,0,1780912593,0
157,25.814659,64.831166,-0.330981,11.382386,0,0,0,0,0,0,0,0,1780912593,0
158,106.566579,154.858037,-1.8793,9.73309,0,0,0,0,0,0,0,0,1780912593,0
158,-52.390389,-8.57933,6.475637,8.861693,0,0,0,0,0,0,0,0,1780912593,0
159,-125.408195,-73.619931,7.500369,11.879792,0,0,0,0,0,0,0,0,1780912593,0
159,48.60187,98.804417,2.541262,4.908619,0,0,0,0,0,0,0,0,1780912593,0
160,134.720546,183.333636,6.576614,13.289734,0,0,0,0,0,0,0,0,1780912593,0
160,-25.253674,31.115968,3.947464,13.667464,0,0,0,0,0,0,0,0,1780912593,0
161,-91.262909,-30.001477,5.727657,10.488549,0,0,0,0,0,0,0,0,1780912593,0
161,76.875514,152.804832,5.922132,12.433297,0,0,0,0,0,0,0,0,1780912593,0
162,168.873313,225.654344,1.041562,10.424971,0,0,0,0,0,0,0,0,1780912593,0
162,0.428219,73.156183,5.271389,7.193698,0,0,0,0,0,0,0,0,1780912593,0
163,-80.615413,-2.075644,2.193451,9.374059,0,0,0,0,0,0,0,0,1780912593,0
163,86.988203,152.722555,0.925625,9.213244,0,0,0,0,0,0,0,0,1780912593,0
164,162.175152,239.529372,-1.221077,0.080408,0,0,0,0,0,0,0,0,1780912593,0
164,-9.310481,68.76554,5.005856,7.324594,0,0,0,0,0,0,0,0,1780912593,0
165,-90.731843,-16.399461,6.075467,7.279715,0,0,0,0,0,0,0,0,1780912593,0
165,66.575829,140.302347,0.338461,10.798961,0,0,0,0,0,0,0,0,1780912593,0
166,131.500492,198.962678,4.49349,9.381539,0,0,0,0,0,0,0,0,1780912593,0
166,-37.988034,26.691666,3.663232,16.218076,0,0,0,0,0,0,0,0,1780912593,0
167,-120.849257,-56.696883,-1.247257,9.082347,0,0,0,0,0,0,0,0,1780912593,0
167,44.48798,102.304963,7.84444,12.175244,0,0,0,0,0,0,0,0,1780912593,0
168,111.727641,166.750919,6.251243,16.666864,0,0,0,0,0,0,0,0,1780912593,0
168,-52.506325,-9.005679,3.509896,11.060754,0,0,0,0,0,0,0,0,1780912593,0
169,-134.94494,-83.710181,1.325795,12.930704,0,0,0,0,0,0,0,0,1780912593,0
169,32.037853,78.552859,7.608826,8.569981,0,0,0,0,0,0,0,0,1780912593,0
170,103.881331,143.53736,3.431358,6.314821,0,0,0,0,0,0,0,0,1780912593,0
170,-64.608642,-25.04611,5.394806,8.801855,0,0,0,0,0,0,0,0,1780912593,0
171,-138.864355,-96.582916,1.632466,7.145079,0,0,0,0,0,0,0,0,1780912593,0
171,29.113251,67.340639,5.525702,10.772782,0,0,0,0,0,0,0,0,1780912593,0
172,99.101739,139.004602,0.424479,7.945417,0,0,0,0,0,0,0,0,1780912593,0
172,-73.748957,-36.935252,3.472497,13.185017,0,0,0,0,0,0,0,0,1780912593,0
173,-149.710065,-106.433813,-2.788095,5.510743,0,0,0,0,0,0,0,0,1780912593,0
173,23.350065,64.763848,5.937091,10.727903,0,0,0,0,0,0,0,0,1780912593,0
174,90.507449,131.513582,2.425325,9.261862,0,0,0,0,0,0,0,0,1780912593,0
174,-74.085548,-39.126833,3.992343,15.163424,0,0,0,0,0,0,0,0,1780912593,0
175,-149.567949,-106.957399,4.145679,7.395652,0,0,0,0,0,0,0,0,1780912593,0
175,17.18671,51.722816,1.164979,10.712943,0,0,0,0,0,0,0,0,1780912593,0
176,91.797714,126.019669,3.031189,5.349927,0,0,0,0,0,0,0,0,1780912593,0
176,-73.191712,-37.664532,2.025156,12.107926,0,0,0,0,0,0,0,0,1780912593,0
177,-147.985971,-111.276983,6.266202,11.790035,0,0,0,0,0,0,0,0,1780912593,0
177,21.435237,56.053621,2.425325,7.530289,0,0,0,0,0,0,0,0,1780912593,0
178,84.946218,122.347087,5.641639,9.804148,0,0,0,0,0,0,0,0,1780912593,0
178,-77.803009,-43.296822,5.342447,7.85566,0,0,0,0,0,0,0,0,1780912593,0
179,-147.324009,-111.77439,3.603394,5.99693,0,0,0,0,0,0,0,0,1780912593,0
179,19.408211,62.568526,7.612566,12.754929,0,0,0,0,0,0,0,0,1780912593,0
180,90.07362,130.533728,4.553328,13.170058,0,0,0,0,0,0,0,0,1780912593,0
180,-78.072282,-41.722324,2.215891,8.59242,0,0,0,0,0,0,0,0,1780912593,0
181,-150.28975,-105.906487,2.279469,11.19913,0,0,0,0,0,0,0,0,1780912593,0
181,18.043147,55.586133,2.182232,9.613413,0,0,0,0,0,0,0,0,1780912593,0
182,88.147572,125.125833,4.710404,10.941077,0,0,0,0,0,0,0,0,1780912593,0
182,-81.733644,-39.751397,7.369473,13.364532,0,0,0,0,0,0,0,0,1780912593,0
183,-153.300369,-104.354428,4.216737,7.234836,0,0,0,0,0,0,0,0,1780912594,0
183,20.863032,58.226502,3.704371,13.020462,0,0,0,0,0,0,0,0,1780912594,0
184,94.886872,134.277368,7.264756,11.326287,0,0,0,0,0,0,0,0,1780912594,0
184,-74.452058,-35.024163,4.938538,11.277668,0,0,0,0,0,0,0,0,1780912594,0
185,-145.469019,-108.509457,0.334721,7.440531,0,0,0,0,0,0,0,0,1780912594,0
185,21.132305,64.191643,8.319407,10.223017,0,0,0,0,0,0,0,0,1780912594,0
186,92.224063,132.269042,3.498676,9.127226,0,0,0,0,0,0,0,0,1780912594,0
186,-78.360254,-32.406233,1.568888,11.337507,0,0,0,0,0,0,0,0,1780912594,0
187,-141.115775,-105.087449,5.776275,9.396499,0,0,0,0,0,0,0,0,1780912594,0
187,30.680269,64.258961,3.345341,15.32424,0,0,0,0,0,0,0,0,1780912594,0
188,97.792774,134.340946,0.334721,3.390219,0,0,0,0,0,0,0,0,1780912594,0
188,-71.579815,-29.747164,9.33666,8.270789,0,0,0,0,0,0,0,0,1780912594,0
189,-142.81369,-99.997445,1.093921,7.496629,0,0,0,0,0,0,0,0,1780912594,0
189,22.284194,64.524494,8.551281,13.338353,0,0,0,0,0,0,0,0,1780912594,0
190,97.818953,138.31646,3.016229,8.667218,0,0,0,0,0,0,0,0,1780912594,0
190,-73.62554,-33.730158,6.890766,8.308188,0,0,0,0,0,0,0,0,1780912594,0
191,-140.887641,-99.271904,3.450058,8.397945,0,0,0,0,0,0,0,0,1780912594,0
191,31.76858,72.026733,3.700631,15.051227,0,0,0,0,0,0,0,0,1780912594,0
192,96.139738,139.135498,6.696291,13.196237,0,0,0,0,0,0,0,0,1780912594,0
192,-77.159746,-31.77045,1.393113,17.489642,0,0,0,0,0,0,0,0,1780912594,0
193,-143.142801,-101.489665,5.435945,5.660339,0,0,0,0,0,0,0,0,1780912594,0
193,26.356945,68.844078,6.146526,8.412905,0,0,0,0,0,0,0,0,1780912594,0
194,97.456183,140.668857,4.448611,9.482516,0,0,0,0,0,0,0,0,1780912594,0
194,-74.257584,-34.481878,6.210104,11.782555,0,0,0,0,0,0,0,0,1780912594,0
195,-141.66928,-96.530558,5.21903,8.360546,0,0,0,0,0,0,0,0,1780912594,0
195,29.352605,71.966895,2.664679,12.216383,0,0,0,0,0,0,0,0,1780912594,0
196,97.156991,145.504548,4.557068,11.341247,0,0,0,0,0,0,0,0,1780912594,0
196,-75.114021,-26.227918,2.541262,8.771935,0,0,0,0,0,0,0,0,1780912594,0
197,-142.245225,-98.056437,3.816568,13.271035,0,0,0,0,0,0,0,0,1780912594,0
197,32.819492,77.662762,9.059908,7.141339,0,0,0,0,0,0,0,0,1780912594,0
198,93.46571,133.865979,6.206364,11.756376,0,0,0,0,0,0,0,0,1780912594,0
198,-74.964425,-32.694205,4.1195,18.405918,0,0,0,0,0,0,0,0,1780912594,0
199,-138.355729,-91.612589,-1.277176,9.441377,0,0,0,0,0,0,0,0,1780912594,0
199,31.458168,73.717168,8.622339,8.132412,0,0,0,0,0,0,0,0,1780912594,0
200,97.998468,142.695883,4.837561,7.537768,0,0,0,0,0,0,0,0,1780912594,0
200,-76.793236,-33.329988,7.395652,10.260416,0,0,0,0,0,0,0,0,1780912594,0
0,-132.433597,-87.257476,7.633136,14.015275,0,0,0,0,0,0,0,0,1780912594,0
101,39.497083,83.693351,6.256853,12.631512,0,0,0,0,0,0,0,0,1780912594,0
101,102.607895,151.157406,4.775852,13.566487,0,0,0,0,0,0,0,0,1780912594,0
102,-70.003447,-31.488088,4.054052,6.060508,0,0,0,0,0,0,0,0,1780912594,0
102,-131.405125,-89.875406,6.107257,13.491689,0,0,0,0,0,0,0,0,1780912594,0
103,42.949011,93.850919,3.982993,6.471897,0,0,0,0,0,0,0,0,1780912594,0
103,115.278676,171.809134,7.595737,14.778215,0,0,0,0,0,0,0,0,1780912594,0
104,-52.246402,-0.132766,0.882616,10.978476,0,0,0,0,0,0,0,0,1780912594,0
104,-102.544317,-41.742893,3.175175,8.038915,0,0,0,0,0,0,0,0,1780912594,0
105,87.012512,143.434513,2.584271,14.123732,0,0,0,0,0,0,0,0,1780912594,0
105,162.771666,222.548357,7.150689,9.70317,0,0,0,0,0,0,0,0,1780912594,0
106,-1.148149,67.881054,4.169988,9.445117,0,0,0,0,0,0,0,0,1780912594,0
106,-56.027441,10.802701,3.414529,5.880993,0,0,0,0,0,0,0,0,1780912594,0
107,118.50621,183.002655,4.349504,7.171258,0,0,0,0,0,0,0,0,1780912594,0
107,186.90898,248.032035,10.310904,10.985956,0,0,0,0,0,0,0,0,1780912594,0
108,7.790212,58.961393,4.996506,16.887518,0,0,0,0,0,0,0,0,1780912594,0
108,-54.550181,14.838053,2.412235,14.449103,0,0,0,0,0,0,0,0,1780912594,0
109,105.674613,176.887918,-1.308965,8.020215,0,0,0,0,0,0,0,0,1780912594,0
109,159.929342,226.808103,1.062132,12.889565,0,0,0,0,0,0,0,0,1780912594,0
110,-14.899761,50.307264,4.09893,10.256676,0,0,0,0,0,0,0,0,1780912594,0
110,-75.755414,-21.723209,5.9801,12.306141,0,0,0,0,0,0,0,0,1780912594,0
111,85.411835,145.756991,4.49162,6.419538,0,0,0,0,0,0,0,0,1780912594,0
111,139.07566,202.180862,-0.452528,8.667218,0,0,0,0,0,0,0,0,1780912594,0
112,-41.269796,15.040008,6.170835,11.748896,0,0,0,0,0,0,0,0,1780912594,0
112,-111.056329,-55.760038,2.326218,12.534275,0,0,0,0,0,0,0,0,1780912594,0
113,61.016468,109.311666,2.887203,6.565394,0,0,0,0,0,0,0,0,1780912594,0
113,108.445879,149.938199,5.718307,15.167164,0,0,0,0,0,0,0,0,1780912594,0
114,-66.55526,-18.073067,4.816991,13.708603,0,0,0,0,0,0,0,0,1780912594,0
114,-132.908565,-83.263263,3.74738,9.138446,0,0,0,0,0,0,0,0,1780912594,0
115,46.842247,91.696737,5.194721,15.058707,0,0,0,0,0,0,0,0,1780912594,0
115,95.857376,142.391081,6.455067,7.010442,0,0,0,0,0,0,0,0,1780912594,0
116,-76.948442,-37.655183,2.266379,7.556468,0,0,0,0,0,0,0,0,1780912594,0
116,-136.173497,-94.239869,3.35469,8.278269,0,0,0,0,0,0,0,0,1780912594,0
117,36.501424,73.99953,1.275306,7.122639,0,0,0,0,0,0,0,0,1780912594,0
117,88.744086,134.421354,4.199908,15.028788,0,0,0,0,0,0,0,0,1780912594,0
118,-89.753859,-47.640716,1.630596,14.430404,0,0,0,0,0,0,0,0,1780912594,0
118,-146.028134,-107.063986,1.234167,9.804148,0,0,0,0,0,0,0,0,1780912594,0
119,27.832335,67.436006,-0.564725,6.082947,0,0,0,0,0,0,0,0,1780912594,0
119,84.375883,123.957114,5.344317,12.912005,0,0,0,0,0,0,0,0,1780912594,0
120,-94.660608,-53.276745,8.377376,10.712943,0,0,0,0,0,0,0,0,1780912594,0
120,-146.230088,-109.775413,5.168542,12.474436,0,0,0,0,0,0,0,0,1780912594,0
121,28.756091,72.608288,-0.433828,8.461524,0,0,0,0,0,0,0,0,1780912594,0
121,83.010819,124.626556,4.828211,8.850473,0,0,0,0,0,0,0,0,1780912594,0
122,-91.881862,-56.848349,0.703101,4.313975,0,0,0,0,0,0,0,0,1780912594,0
122,-143.017514,-104.610612,3.235013,10.585787,0,0,0,0,0,0,0,0,1780912594,0
123,26.459792,74.530596,-0.022439,9.849027,0,0,0,0,0,0,0,0,1780912594,0
123,80.314352,129.903555,5.377976,8.513882,0,0,0,0,0,0,0,0,1780912594,0
124,-102.910827,-55.195313,0.75172,10.926118,0,0,0,0,0,0,0,0,1780912594,0
124,-156.406356,-111.847318,1.279046,6.617753,0,0,0,0,0,0,0,0,1780912594,0
125,25.603355,58.998792,4.790812,6.815968,0,0,0,0,0,0,0,0,1780912594,0
125,77.703901,120.407949,7.46858,10.503509,0,0,0,0,0,0,0,0,1780912594,0
126,-106.302916,-60.337676,5.161062,7.672405,0,0,0,0,0,0,0,0,1780912594,0
126,-151.682862,-108.167256,2.924602,11.913451,0,0,0,0,0,0,0,0,1780912594,0
127,24.006418,65.382801,5.321878,12.687611,0,0,0,0,0,0,0,0,1780912594,0
127,76.432335,121.294305,7.951027,12.403378,0,0,0,0,0,0,0,0,1780912594,0
128,-104.268411,-63.479192,-4.839431,9.153405,0,0,0,0,0,0,0,0,1780912594,0
128,-146.375944,-108.081239,8.59803,5.705217,0,0,0,0,0,0,0,0,1780912594,0
129,23.437953,68.632774,2.692728,15.657091,0,0,0,0,0,0,0,0,1780912594,0
129,82.068365,120.587464,1.754013,8.285748,0,0,0,0,0,0,0,0,1780912594,0
130,-96.616575,-54.862462,-0.628303,13.566487,0,0,0,0,0,0,0,0,1780912594,0
130,-144.67803,-104.614352,2.9807,6.999223,0,0,0,0,0,0,0,0,1780912594,0
131,31.370281,64.709619,0.302932,7.975337,0,0,0,0,0,0,0,0,1780912594,0
131,81.260546,123.635483,8.818684,13.487949,0,0,0,0,0,0,0,0,1780912594,0
132,-98.669781,-54.724086,3.384609,9.647072,0,0,0,0,0,0,0,0,1780912594,0
132,-146.645217,-106.16641,4.061531,10.058461,0,0,0,0,0,0,0,0,1780912594,0
133,29.747164,71.826649,5.389196,11.300108,0,0,0,0,0,0,0,0,1780912594,0
133,84.618976,127.603517,5.811805,10.48107,0,0,0,0,0,0,0,0,1780912594,0
134,-91.354536,-53.336583,2.782486,9.396499,0,0,0,0,0,0,0,0,1780912594,0
134,-137.860192,-100.698676,4.558938,12.466957,0,0,0,0,0,0,0,0,1780912594,0
135,41.561508,82.709757,5.355537,10.496029,0,0,0,0,0,0,0,0,1780912594,0
135,85.707287,125.883163,3.029319,12.912005,0,0,0,0,0,0,0,0,1780912594,0
136,-95.165494,-52.947634,1.409942,9.044948,0,0,0,0,0,0,0,0,1780912594,0
136,-144.016067,-102.770581,1.249127,14.699677,0,0,0,0,0,0,0,0,1780912594,0
137,37.608434,76.658599,-1.963447,11.434744,0,0,0,0,0,0,0,0,1780912594,0
137,88.616929,128.392635,7.752813,18.828526,0,0,0,0,0,0,0,0,1780912594,0
138,-82.965941,-39.151143,3.029319,8.637299,0,0,0,0,0,0,0,0,1780912594,0
138,-130.309334,-91.434944,4.181208,8.697137,0,0,0,0,0,0,0,0,1780912594,0
139,45.047095,93.334813,2.550612,9.987403,0,0,0,0,0,0,0,0,1780912594,0
139,99.294344,147.903693,5.486433,10.211797,0,0,0,0,0,0,0,0,1780912594,0
140,-58.70521,-11.165471,1.552058,10.395052,0,0,0,0,0,0,0,0,1780912594,0
140,-105.966325,-45.767026,6.312951,17.605579,0,0,0,0,0,0,0,0,1780912594,0
141,75.729234,134.432574,2.816145,4.620646,0,0,0,0,0,0,0,0,1780912594,0
141,154.057699,219.541477,3.36217,12.448257,0,0,0,0,0,0,0,0,1780912594,0
142,-16.938007,53.961147,1.574498,12.399638,0,0,0,0,0,0,0,0,1780912594,0
142,-62.179577,9.179584,0.680662,8.648519,0,0,0,0,0,0,0,0,1780912594,0
143,123.476537,189.128611,1.892389,10.267895,0,0,0,0,0,0,0,0,1780912594,0
143,174.855283,245.178491,2.453374,8.917791,0,0,0,0,0,0,0,0,1780912594,0
144,-10.692374,51.788265,2.793705,9.987403,0,0,0,0,0,0,0,0,1780912594,0
144,-50.039861,9.179584,3.564125,12.564194,0,0,0,0,0,0,0,0,1780912594,0
145,115.925679,171.341647,4.278446,7.070281,0,0,0,0,0,0,0,0,1780912594,0
145,164.731373,211.253859,1.245387,6.187664,0,0,0,0,0,0,0,0,1780912594,0
146,-28.898207,7.769642,3.134036,7.070281,0,0,0,0,0,0,0,0,1780912594,0
146,-82.535852,-29.692936,3.709981,9.834067,0,0,0,0,0,0,0,0,1780912594,0
147,87.599677,138.610042,5.430335,12.687611,0,0,0,0,0,0,0,0,1780912594,0
147,127.721323,170.040161,2.864763,11.000916,0,0,0,0,0,0,0,0,1780912594,0
148,-53.888218,-17.508342,8.407295,8.454044,0,0,0,0,0,0,0,0,1780912594,0
148,-104.070196,-68.367241,5.333097,9.168365,0,0,0,0,0,0,0,0,1780912594,0
149,57.695437,92.373659,4.016653,9.845287,0,0,0,0,0,0,0,0,1780912594,0
149,106.691866,139.212166,5.849204,16.644425,0,0,0,0,0,0,0,0,1780912594,0
150,-86.451527,-41.828911,1.761493,9.160885,0,0,0,0,0,0,0,0,1780912594,0
150,-121.288695,-88.061554,7.251666,7.904279,0,0,0,0,0,0,0,0,1780912594,0
151,52.650312,88.199931,1.765233,10.544648,0,0,0,0,0,0,0,0,1780912594,0
151,100.954859,133.766872,6.462547,9.770489,0,0,0,0,0,0,0,0,1780912594,0
152,-88.58327,-53.478699,5.262039,6.236283,0,0,0,0,0,0,0,0,1780912594,0
152,-129.363139,-92.220323,5.086264,14.467803,0,0,0,0,0,0,0,0,1780912594,0
153,47.403232,81.082901,7.225487,10.47359,0,0,0,0,0,0,0,0,1780912594,0
153,88.665548,121.832851,3.145256,13.701123,0,0,0,0,0,0,0,0,1780912594,0
154,-89.368649,-57.487872,2.180362,12.362239,0,0,0,0,0,0,0,0,1780912594,0
154,-137.602139,-99.860939,5.179761,14.20975,0,0,0,0,0,0,0,0,1780912594,0
155,37.39152,74.732551,0.961154,12.003209,0,0,0,0,0,0,0,0,1780912594,0
155,82.60317,117.37489,6.010019,9.901385,0,0,0,0,0,0,0,0,1780912594,0
156,-96.287464,-58.995052,3.874536,6.206364,0,0,0,0,0,0,0,0,1780912594,0
156,-139.554367,-100.463063,2.9994,8.454044,0,0,0,0,0,0,0,0,1780912594,0
157,45.97833,81.258676,3.489327,8.132412,0,0,0,0,0,0,0,0,1780912594,0
157,83.280092,112.389604,2.457114,10.630666,0,0,0,0,0,0,0,0,1780912594,0
158,-96.253805,-60.621908,2.864763,10.0996,0,0,0,0,0,0,0,0,1780912594,0
158,-142.972635,-100.896891,4.947888,14.437884,0,0,0,0,0,0,0,0,1780912594,0
159,33.558122,68.258784,4.925448,12.747449,0,0,0,0,0,0,0,0,1780912594,0
159,74.40905,114.708341,7.042232,8.540062,0,0,0,0,0,0,0,0,1780912594,0
160,-104.489065,-71.729411,2.135483,9.662032,0,0,0,0,0,0,0,0,1780912594,0
160,-144.341439,-114.652243,6.058638,9.516175,0,0,0,0,0,0,0,0,1780912594,0
161,30.827995,72.466171,4.87309,7.081501,0,0,0,0,0,0,0,0,1780912594,0
161,76.884863,115.441362,8.156722,11.614259,0,0,0,0,0,0,0,0,1780912594,0
162,-102.245125,-61.612982,5.841724,11.647918,0,0,0,0,0,0,0,0,1780912594,0
162,-141.125125,-97.497322,9.215113,9.72561,0,0,0,0,0,0,0,0,1780912594,0
163,41.292235,82.014136,5.351797,7.182478,0,0,0,0,0,0,0,0,1780912594,0
163,85.737206,117.902216,2.775006,14.793174,0,0,0,0,0,0,0,0,1780912594,0
164,-102.327403,-63.120162,4.955367,14.20601,0,0,0,0,0,0,0,0,1780912594,0
164,-138.503455,-96.154698,9.043078,9.609673,0,0,0,0,0,0,0,0,1780912594,0
165,39.010896,76.426726,8.336237,7.937938,0,0,0,0,0,0,0,0,1780912594,0
165,75.87883,109.16955,3.691281,5.723917,0,0,0,0,0,0,0,0,1780912594,0
166,-95.32257,-64.638561,6.930035,9.987403,0,0,0,0,0,0,0,0,1780912594,0
166,-132.463517,-93.708803,4.259746,11.539461,0,0,0,0,0,0,0,0,1780912594,0
167,42.567541,86.180385,0.190735,9.878946,0,0,0,0,0,0,0,0,1780912594,0
167,83.321231,127.446441,8.134282,17.994529,0,0,0,0,0,0,0,0,1780912594,0
168,-104.421747,-61.904694,5.026426,10.028542,0,0,0,0,0,0,0,0,1780912594,0
168,-135.081446,-95.481516,4.551458,9.168365,0,0,0,0,0,0,0,0,1780912594,0
169,39.661639,85.731597,7.808911,10.552128,0,0,0,0,0,0,0,0,1780912594,0
169,80.348011,122.023586,6.930035,11.632959,0,0,0,0,0,0,0,0,1780912594,0
170,-106.258038,-62.723732,5.007726,11.59182,0,0,0,0,0,0,0,0,1780912594,0
170,-134.868272,-102.022601,9.420808,9.841547,0,0,0,0,0,0,0,0,1780912594,0
171,44.130819,83.158545,4.035352,7.934198,0,0,0,0,0,0,0,0,1780912594,0
171,78.754813,121.025033,7.10581,4.201778,0,0,0,0,0,0,0,0,1780912594,0
172,-102.663994,-60.023524,5.628549,4.014783,0,0,0,0,0,0,0,0,1780912594,0
172,-136.637245,-88.465464,7.954767,10.780262,0,0,0,0,0,0,0,0,1780912594,0
173,44.011143,91.277868,3.564125,9.841547,0,0,0,0,0,0,0,0,1780912594,0
173,83.497006,124.615336,7.311504,9.553574,0,0,0,0,0,0,0,0,1780912594,0
174,-99.129788,-51.672328,2.61419,15.170904,0,0,0,0,0,0,0,0,1780912594,0
174,-129.303301,-93.428311,-0.542285,14.482763,0,0,0,0,0,0,0,0,1780912594,0
175,47.597707,84.624586,3.070458,5.024556,0,0,0,0,0,0,0,0,1780912594,0
175,85.071504,122.543432,6.556045,11.449704,0,0,0,0,0,0,0,0,1780912594,0
176,-99.687033,-60.360115,-2.401016,3.988603,0,0,0,0,0,0,0,0,1780912594,0
176,-127.164078,-86.935844,7.4798,14.303247,0,0,0,0,0,0,0,0,1780912594,0
177,45.634259,89.916545,9.428288,13.985356,0,0,0,0,0,0,0,0,1780912594,0
177,84.716214,126.73586,5.460254,12.983063,0,0,0,0,0,0,0,0,1780912594,0
178,-94.94858,-51.676068,5.658469,7.522809,0,0,0,0,0,0,0,0,1780912594,0
178,-131.97359,-88.487903,6.279292,9.291781,0,0,0,0,0,0,0,0,1780912594,0
179,44.830181,93.648965,1.787672,4.998376,0,0,0,0,0,0,0,0,1780912594,0
179,84.013113,125.827064,5.830504,12.934444,0,0,0,0,0,0,0,0,1780912594,0
180,-103.718645,-58.972612,-0.415129,6.890766,0,0,0,0,0,0,0,0,1780912594,0
180,-116.011697,-79.773936,3.990473,10.574567,0,0,0,0,0,0,0,0,1780912594,0
181,73.163663,108.817999,2.546872,8.693397,0,0,0,0,0,0,0,0,1780912594,0
181,105.266964,148.202885,3.242493,10.073421,0,0,0,0,0,0,0,0,1780912594,0
182,-65.769881,-28.597145,4.020392,11.96207,0,0,0,0,0,0,0,0,1780912594,0
182,-87.263086,-49.319931,6.74678,11.535721,0,0,0,0,0,0,0,0,1780912594,0
183,106.89756,143.15776,0.893836,10.615706,0,0,0,0,0,0,0,0,1780912595,0
183,162.580931,199.907002,5.030165,11.905972,0,0,0,0,0,0,0,0,1780912595,0
184,-13.979746,35.119531,3.392089,12.074267,0,0,0,0,0,0,0,0,1780912595,0
184,-34.433259,9.647072,6.024979,10.997176,0,0,0,0,0,0,0,0,1780912595,0
185,146.443263,180.268788,4.342024,5.750096,0,0,0,0,0,0,0,0,1780912595,0
185,179.840569,213.84561,0.400169,9.744309,0,0,0,0,0,0,0,0,1780912595,0
186,-8.526972,27.609811,3.874536,10.391312,0,0,0,0,0,0,0,0,1780912595,0
186,-49.897745,-21.611012,2.950781,9.785448,0,0,0,0,0,0,0,0,1780912595,0
187,131.076014,160.039669,2.165402,10.338953,0,0,0,0,0,0,0,0,1780912595,0
187,150.886264,183.589819,5.763186,12.523055,0,0,0,0,0,0,0,0,1780912595,0
188,-32.032243,-1.684825,3.021839,3.315421,0,0,0,0,0,0,0,0,1780912595,0
188,-69.939869,-40.946295,3.773559,4.388773,0,0,0,0,0,0,0,0,1780912595,0
189,112.671966,134.368996,4.184948,5.910912,0,0,0,0,0,0,0,0,1780912595,0
189,137.138391,149.242578,4.895529,9.912605,0,0,0,0,0,0,0,0,1780912595,0
190,-55.384178,-31.065479,-2.954521,6.210104,0,0,0,0,0,0,0,0,1780912595,0
190,-86.144856,-70.715898,2.019546,10.600746,0,0,0,0,0,0,0,0,1780912595,0
191,88.58327,107.782047,2.056945,10.45115,0,0,0,0,0,0,0,0,1780912595,0
191,116.310889,151.39676,12.121016,13.529088,0,0,0,0,0,0,0,0,1780912595,0
192,-68.443909,-45.206041,5.61733,13.222416,0,0,0,0,0,0,0,0,1780912595,0
192,-101.553243,-75.817122,0.138376,14.501462,0,0,0,0,0,0,0,0,1780912595,0
193,82.59943,107.523994,3.833397,8.035175,0,0,0,0,0,0,0,0,1780912595,0
193,104.317029,124.761193,1.428642,9.620893,0,0,0,0,0,0,0,0,1780912595,0
194,-78.190088,-50.819631,-0.108457,13.600146,0,0,0,0,0,0,0,0,1780912595,0
194,-108.02327,-81.752343,5.24334,14.20601,0,0,0,0,0,0,0,0,1780912595,0
195,71.645263,99.460769,7.345164,13.686164,0,0,0,0,0,0,0,0,1780912595,0
195,98.153674,123.272712,8.994459,10.922378,0,0,0,0,0,0,0,0,1780912595,0
196,-83.538145,-58.901554,5.303178,15.234482,0,0,0,0,0,0,0,0,1780912595,0
196,-116.329588,-88.039115,-1.754013,11.408565,0,0,0,0,0,0,0,0,1780912595,0
197,58.821147,92.485856,2.314998,8.562501,0,0,0,0,0,0,0,0,1780912595,0
197,84.297345,113.294659,1.166849,13.884379,0,0,0,0,0,0,0,0,1780912595,0
198,-97.918061,-68.40464,1.073351,8.60738,0,0,0,0,0,0,0,0,1780912595,0
198,-128.278568,-98.888565,2.221501,14.161131,0,0,0,0,0,0,0,0,1780912595,0
199,55.69459,82.702278,-0.112197,9.935044,0,0,0,0,0,0,0,0,1780912595,0
199,77.827318,106.850812,5.628549,15.541154,0,0,0,0,0,0,0,0,1780912595,0
200,-102.847249,-72.481131,2.692728,5.327487,0,0,0,0,0,0,0,0,1780912595,0
200,-127.654005,-94.322147,4.12885,11.790035,0,0,0,0,0,0,0,0,1780912595,0
0,52.753159,82.950981,3.079808,8.770065,0,0,0,0,0,0,0,0,1780912595,0
101,75.86948,110.383147,4.399992,8.515752,0,0,0,0,0,0,0,0,1780912595,0
101,-106.353405,-64.988242,3.427618,11.129942,0,0,0,0,0,0,0,0,1780912595,0
102,-128.863863,-98.681,-0.35716,9.817237,0,0,0,0,0,0,0,0,1780912595,0
102,43.279992,76.63429,2.25703,10.4792,0,0,0,0,0,0,0,0,1780912595,0
103,71.430219,100.92494,8.364286,10.060331,0,0,0,0,0,0,0,0,1780912595,0
103,-109.775413,-70.182963,9.456337,11.114983,0,0,0,0,0,0,0,0,1780912595,0
104,-127.076191,-90.625256,0.143986,9.929434,0,0,0,0,0,0,0,0,1780912595,0
104,54.20798,92.371789,0.891966,14.518292,0,0,0,0,0,0,0,0,1780912595,0
105,75.312235,111.258284,1.621247,8.332497,0,0,0,0,0,0,0,0,1780912595,0
105,-107.101385,-67.860485,5.525702,7.345164,0,0,0,0,0,0,0,0,1780912595,0
106,-128.639469,-93.852789,5.480823,13.916168,0,0,0,0,0,0,0,0,1780912595,0
106,50.879469,85.512812,1.50157,12.031258,0,0,0,0,0,0,0,0,1780912595,0
107,78.326595,113.835075,1.954098,6.398969,0,0,0,0,0,0,0,0,1780912595,0
107,-112.632697,-72.052913,7.642486,13.613236,0,0,0,0,0,0,0,0,1780912595,0
108,-133.022632,-95.674121,2.23085,10.217407,0,0,0,0,0,0,0,0,1780912595,0
108,51.934121,80.082478,1.228557,9.297391,0,0,0,0,0,0,0,0,1780912595,0
109,80.484517,113.64808,1.830681,16.739792,0,0,0,0,0,0,0,0,1780912595,0
109,-102.43025,-68.683263,-0.151466,9.274952,0,0,0,0,0,0,0,0,1780912595,0
110,-128.104663,-88.59823,3.521116,2.24768,0,0,0,0,0,0,0,0,1780912595,0
110,53.680654,95.184194,4.994636,13.041031,0,0,0,0,0,0,0,0,1780912595,0
111,74.949465,114.231504,4.1008,13.014852,0,0,0,0,0,0,0,0,1780912595,0
111,-107.329519,-69.992228,3.760469,5.905302,0,0,0,0,0,0,0,0,1780912595,0
112,-127.323024,-86.459007,4.250396,7.86127,0,0,0,0,0,0,0,0,1780912595,0
112,57.56267,99.384101,1.995237,14.133082,0,0,0,0,0,0,0,0,1780912595,0
113,71.75559,115.274936,1.995237,7.038492,0,0,0,0,0,0,0,0,1780912595,0
113,-108.653443,-66.057853,6.038068,11.694667,0,0,0,0,0,0,0,0,1780912595,0
114,-123.975814,-82.962201,2.013936,10.82701,0,0,0,0,0,0,0,0,1780912595,0
114,53.733013,92.379269,1.587588,11.290758,0,0,0,0,0,0,0,0,1780912595,0
115,71.830388,113.371327,2.380446,8.942101,0,0,0,0,0,0,0,0,1780912595,0
115,-110.538353,-67.935283,4.201778,9.125356,0,0,0,0,0,0,0,0,1780912595,0
116,-126.698461,-83.762539,0.925625,7.075891,0,0,0,0,0,0,0,0,1780912595,0
116,54.462293,93.553597,8.252089,12.865256,0,0,0,0,0,0,0,0,1780912595,0
117,72.694305,114.37362,8.648519,10.423101,0,0,0,0,0,0,0,0,1780912595,0
117,-108.675883,-66.686156,1.153759,10.280985,0,0,0,0,0,0,0,0,1780912595,0
118,-124.959407,-83.833597,2.436545,7.281585,0,0,0,0,0,0,0,0,1780912595,0
118,57.622509,93.534898,7.036622,7.131989,0,0,0,0,0,0,0,0,1780912595,0
119,86.094367,117.75075,0.832128,13.751612,0,0,0,0,0,0,0,0,1780912595,0
119,-94.95793,-55.245802,4.190558,15.883355,0,0,0,0,0,0,0,0,1780912595,0
120,-110.919823,-70.64671,8.008996,9.136576,0,0,0,0,0,0,0,0,1780912595,0
120,75.181339,111.594875,0.630173,4.790812,0,0,0,0,0,0,0,0,1780912595,0
121,106.458122,140.968049,5.144232,10.808311,0,0,0,0,0,0,0,0,1780912595,0
121,-68.976845,-26.489711,6.894506,11.919061,0,0,0,0,0,0,0,0,1780912595,0
122,-64.324409,-16.111489,1.580108,13.781531,0,0,0,0,0,0,0,0,1780912595,0
122,129.974613,189.399753,3.016229,11.623609,0,0,0,0,0,0,0,0,1780912595,0
123,163.831927,226.286387,1.191158,11.866703,0,0,0,0,0,0,0,0,1780912595,0
123,-13.989096,47.10778,8.682178,13.261685,0,0,0,0,0,0,0,0,1780912595,0
124,-33.444055,31.456299,-0.959284,3.388349,0,0,0,0,0,0,0,0,1780912595,0
124,157.331981,225.77402,6.557915,10.4792,0,0,0,0,0,0,0,0,1780912595,0
125,168.286148,227.756167,4.609427,6.956214,0,0,0,0,0,0,0,0,1780912595,0
125,-23.058353,50.795321,4.788942,6.855237,0,0,0,0,0,0,0,0,1780912595,0
126,-39.887903,42.919092,1.897999,9.73122,0,0,0,0,0,0,0,0,1780912595,0
126,144.571443,225.661823,1.583848,10.067811,0,0,0,0,0,0,0,0,1780912595,0
127,161.11302,249.249372,1.419292,11.791905,0,0,0,0,0,0,0,0,1780912595,0
127,-27.725748,59.135298,4.710404,8.9795,0,0,0,0,0,0,0,0,1780912595,0
128,-44.906849,45.293928,3.479977,3.75112,0,0,0,0,0,0,0,0,1780912595,0
128,138.826956,241.369403,3.393959,8.414775,0,0,0,0,0,0,0,0,1780912595,0
129,143.101662,239.858484,10.338953,9.566664,0,0,0,0,0,0,0,0,1780912595,0
129,-48.497153,52.956983,5.686518,11.503932,0,0,0,0,0,0,0,0,1780912595,0
130,-60.749065,38.251697,0.289842,12.128496,0,0,0,0,0,0,0,0,1780912595,0
130,119.472974,224.966202,7.066541,12.423948,0,0,0,0,0,0,0,0,1780912595,0
131,137.125302,240.655082,5.570581,9.028118,0,0,0,0,0,0,0,0,1780912595,0
131,-52.435267,50.073521,3.805348,11.148642,0,0,0,0,0,0,0,0,1780912595,0
132,-66.497291,30.876614,1.13506,11.754506,0,0,0,0,0,0,0,0,1780912595,0
132,117.251473,217.134852,4.613167,10.778392,0,0,0,0,0,0,0,0,1780912595,0
133,132.368149,227.217622,4.85626,5.774406,0,0,0,0,0,0,0,0,1780912595,0
133,-66.1794,36.370527,6.894506,11.051404,0,0,0,0,0,0,0,0,1780912595,0
134,-85.323948,15.651481,2.500123,9.951874,0,0,0,0,0,0,0,0,1780912595,0
134,103.989788,201.988257,6.572874,11.301978,0,0,0,0,0,0,0,0,1780912595,0
135,105.160377,198.659746,10.223017,11.95646,0,0,0,0,0,0,0,0,1780912595,0
135,-85.376306,-1.709134,5.97449,12.861516,0,0,0,0,0,0,0,0,1780912595,0
136,-104.745248,-15.445787,8.749496,11.477753,0,0,0,0,0,0,0,0,1780912595,0
136,68.872128,160.322031,7.070281,9.974313,0,0,0,0,0,0,0,0,1780912595,0
137,75.742324,158.930789,4.145679,10.022932,0,0,0,0,0,0,0,0,1780912595,0
137,-112.542939,-26.942239,3.779169,10.83075,0,0,0,0,0,0,0,0,1780912595,0
138,-130.47576,-49.654652,2.675898,12.637122,0,0,0,0,0,0,0,0,1780912595,0
138,46.997453,128.424425,-0.921885,8.844863,0,0,0,0,0,0,0,0,1780912595,0
139,50.976706,123.816868,4.788942,11.58621,0,0,0,0,0,0,0,0,1780912595,0
139,-138.538984,-59.677584,3.00875,16.81459,0,0,0,0,0,0,0,0,1780912595,0
140,-148.718992,-84.84711,4.198038,6.533605,0,0,0,0,0,0,0,0,1780912595,0
140,33.694629,91.982839,2.937691,13.429981,0,0,0,0,0,0,0,0,1780912595,0
141,45.108803,103.419453,6.961824,3.313551,0,0,0,0,0,0,0,0,1780912595,0
141,-143.93566,-90.984286,2.24581,9.996753,0,0,0,0,0,0,0,0,1780912595,0
142,-158.375413,-98.755798,1.595067,11.859223,0,0,0,0,0,0,0,0,1780912595,0
142,24.763748,67.538853,6.041808,10.168788,0,0,0,0,0,0,0,0,1780912595,0
143,44.308465,81.589657,0.981724,11.257099,0,0,0,0,0,0,0,0,1780912595,0
143,-141.396268,-99.275644,3.977384,10.726033,0,0,0,0,0,0,0,0,1780912595,0
144,-144.29095,-97.409434,3.913805,8.571851,0,0,0,0,0,0,0,0,1780912595,0
144,36.851104,74.7793,0.712451,6.664502,0,0,0,0,0,0,0,0,1780912595,0
145,40.164656,79.2597,5.349927,10.927988,0,0,0,0,0,0,0,0,1780912595,0
145,-149.710065,-109.208819,1.789542,5.441554,0,0,0,0,0,0,0,0,1780912595,0
146,-153.240531,-114.448418,1.797022,6.73556,0,0,0,0,0,0,0,0,1780912595,0
146,31.102878,68.855298,5.290088,14.768865,0,0,0,0,0,0,0,0,1780912595,0
147,32.916729,74.244494,5.585541,8.788765,0,0,0,0,0,0,0,0,1780912595,0
147,-143.363455,-108.311243,7.156299,10.587657,0,0,0,0,0,0,0,0,1780912595,0
148,-150.027957,-113.203032,6.778569,10.587657,0,0,0,0,0,0,0,0,1780912595,0
148,29.984648,61.128665,4.934798,12.659561,0,0,0,0,0,0,0,0,1780912595,0
149,34.225694,73.27586,3.438838,4.525279,0,0,0,0,0,0,0,0,1780912595,0
149,-146.512451,-108.457099,4.818861,11.081324,0,0,0,0,0,0,0,0,1780912595,0
150,-155.585448,-111.897807,2.156052,9.013159,0,0,0,0,0,0,0,0,1780912595,0
150,27.722008,71.832258,6.614013,10.45676,0,0,0,0,0,0,0,0,1780912595,0
151,34.244394,70.227841,0.873267,9.432028,0,0,0,0,0,0,0,0,1780912595,0
151,-142.450919,-109.279877,4.837561,10.191227,0,0,0,0,0,0,0,0,1780912595,0
152,-148.745171,-112.90758,0.906926,4.211127,0,0,0,0,0,0,0,0,1780912595,0
152,33.455275,76.537053,0.663832,13.358923,0,0,0,0,0,0,0,0,1780912595,0
153,43.141616,80.265733,4.048442,13.343963,0,0,0,0,0,0,0,0,1780912595,0
153,-132.278391,-89.536945,4.942278,12.435167,0,0,0,0,0,0,0,0,1780912595,0
154,-133.026371,-90.08671,-0.244963,12.169634,0,0,0,0,0,0,0,0,1780912595,0
154,53.613336,96.582916,2.503863,11.675968,0,0,0,0,0,0,0,0,1780912595,0
155,56.321023,105.42778,-0.596514,7.296545,0,0,0,0,0,0,0,0,1780912595,0
155,-112.217568,-70.455975,3.38274,10.273505,0,0,0,0,0,0,0,0,1780912595,0
156,-92.048288,-39.99823,6.73743,11.316937,0,0,0,0,0,0,0,0,1780912595,0
156,104.513374,173.269565,7.11142,11.096283,0,0,0,0,0,0,0,0,1780912595,0
157,113.145063,177.746225,3.401439,11.20848,0,0,0,0,0,0,0,0,1780912595,0
157,-33.186002,21.381008,7.541508,12.244432,0,0,0,0,0,0,0,0,1780912595,0
158,-29.842532,38.592028,3.839007,5.542532,0,0,0,0,0,0,0,0,1780912595,0
158,158.786802,222.206156,5.21529,13.530958,0,0,0,0,0,0,0,0,1780912595,0
159,162.261169,220.123032,4.85252,9.405848,0,0,0,0,0,0,0,0,1780912595,0
159,-27.520054,22.80591,8.285748,14.159261,0,0,0,0,0,0,0,0,1780912595,0
160,-33.765687,-8.852343,5.495783,8.2203,0,0,0,0,0,0,0,0,1780912595,0
160,141.796437,186.003924,3.521116,13.429981,0,0,0,0,0,0,0,0,1780912595,0
161,160.978384,208.278768,2.290689,10.254806,0,0,0,0,0,0,0,0,1780912595,0
161,-41.49232,-10.180008,7.496629,15.083017,0,0,0,0,0,0,0,0,1780912595,0
162,-43.956914,-15.445787,1.643686,13.770312,0,0,0,0,0,0,0,0,1780912595,0
162,138.894275,159.675029,6.180185,9.461947,0,0,0,0,0,0,0,0,1780912595,0
163,120.086318,130.253236,1.325795,11.425394,0,0,0,0,0,0,0,0,1780912595,0
163,-65.872728,-56.913798,3.031189,12.308011,0,0,0,0,0,0,0,0,1780912595,0
164,-59.556037,-55.537514,-1.51279,8.934621,0,0,0,0,0,0,0,0,1780912595,0
164,107.909203,101.366248,8.151112,14.813744,0,0,0,0,0,0,0,0,1780912595,0
165,100.032974,106.366495,1.10888,11.186041,0,0,0,0,0,0,0,0,1780912595,0
165,-87.788542,-83.695221,2.530042,9.742439,0,0,0,0,0,0,0,0,1780912595,0
166,-92.500816,-88.886202,5.076914,13.112089,0,0,0,0,0,0,0,0,1780912595,0
166,87.077961,83.799938,5.495783,13.923648,0,0,0,0,0,0,0,0,1780912595,0
167,77.111127,80.340531,1.699785,4.910489,0,0,0,0,0,0,0,0,1780912595,0
167,-112.053013,-104.047757,2.511343,13.123309,0,0,0,0,0,0,0,0,1780912595,0
168,-113.26848,-99.316783,2.458984,9.144055,0,0,0,0,0,0,0,0,1780912595,0
168,63.097722,75.89379,4.725364,10.568957,0,0,0,0,0,0,0,0,1780912595,0
169,53.160808,70.26524,0.768549,14.002185,0,0,0,0,0,0,0,0,1780912595,0
169,-130.890889,-116.677399,2.776876,10.034152,0,0,0,0,0,0,0,0,1780912595,0
170,-126.597483,-110.805756,2.791835,4.86561,0,0,0,0,0,0,0,0,1780912595,0
170,56.317283,76.421116,5.316268,6.35035,0,0,0,0,0,0,0,0,1780912595,0
171,48.736506,68.533667,5.652859,9.817237,0,0,0,0,0,0,0,0,1780912595,0
171,-127.188388,-112.720585,2.178492,7.008573,0,0,0,0,0,0,0,0,1780912595,0
172,-124.136629,-109.313536,2.25329,11.118723,0,0,0,0,0,0,0,0,1780912595,0
172,51.346956,69.580839,3.053628,11.272058,0,0,0,0,0,0,0,0,1780912595,0
173,48.508372,60.347026,3.334121,5.763186,0,0,0,0,0,0,0,0,1780912595,0
173,-129.024679,-112.241877,9.983663,8.250219,0,0,0,0,0,0,0,0,1780912595,0
174,-127.771812,-109.807203,4.983417,12.913875,0,0,0,0,0,0,0,0,1780912595,0
174,53.598376,80.587364,-1.071481,9.144055,0,0,0,0,0,0,0,0,1780912595,0
175,40.647103,57.822593,3.509896,12.7194,0,0,0,0,0,0,0,0,1780912595,0
175,-136.556837,-112.556029,3.921285,10.684894,0,0,0,0,0,0,0,0,1780912595,0
176,-133.261985,-107.593182,1.015383,5.632289,0,0,0,0,0,0,0,0,1780912595,0
176,50.4793,74.76434,5.578061,9.764879,0,0,0,0,0,0,0,0,1780912595,0
177,41.843871,69.580839,4.781462,17.027764,0,0,0,0,0,0,0,0,1780912595,0
177,-140.240638,-112.615867,2.24207,9.446987,0,0,0,0,0,0,0,0,1780912595,0
178,-126.33569,-102.510658,3.779169,8.691527,0,0,0,0,0,0,0,0,1780912595,0
178,45.037745,69.14701,3.233144,7.352643,0,0,0,0,0,0,0,0,1780912595,0
179,44.338384,66.199969,5.6005,7.554598,0,0,0,0,0,0,0,0,1780912595,0
179,-138.284671,-108.281323,5.776275,10.385702,0,0,0,0,0,0,0,0,1780912595,0
180,-135.745279,-113.188072,2.290689,11.459053,0,0,0,0,0,0,0,0,1780912595,0
180,52.065017,72.449342,-3.113467,9.110396,0,0,0,0,0,0,0,0,1780912595,0
181,43.73626,66.52534,0.132766,14.349996,0,0,0,0,0,0,0,0,1780912595,0
181,-140.753005,-115.289896,3.872666,14.858623,0,0,0,0,0,0,0,0,1780912595,0
182,-129.34257,-105.43526,2.137353,9.043078,0,0,0,0,0,0,0,0,1780912596,0
182,54.840023,81.058592,5.693998,11.60117,0,0,0,0,0,0,0,0,1780912596,0
183,43.829758,69.225548,2.702078,10.946687,0,0,0,0,0,0,0,0,1780912596,0
183,-135.375029,-114.945825,4.702924,8.96828,0,0,0,0,0,0,0,0,1780912596,0
184,-124.420862,-102.690173,8.670958,11.477753,0,0,0,0,0,0,0,0,1780912596,0
184,53.179507,85.030365,2.481424,11.526372,0,0,0,0,0,0,0,0,1780912596,0
185,46.73566,71.940716,0.00187,9.858376,0,0,0,0,0,0,0,0,1780912596,0
185,-134.95242,-109.859561,5.293828,9.73122,0,0,0,0,0,0,0,0,1780912596,0
186,-125.269819,-92.824317,2.219631,10.318384,0,0,0,0,0,0,0,0,1780912596,0
186,56.751112,84.49182,5.514482,9.35349,0,0,0,0,0,0,0,0,1780912596,0
187,48.485933,74.887757,-0.218784,10.034152,0,0,0,0,0,0,0,0,1780912596,0
187,-131.885702,-105.985025,2.694598,10.681154,0,0,0,0,0,0,0,0,1780912596,0
188,-122.315298,-94.671827,-2.144833,9.461947,0,0,0,0,0,0,0,0,1780912596,0
188,62.615275,87.386502,6.471897,11.010265,0,0,0,0,0,0,0,0,1780912596,0
189,54.58197,80.908996,3.139646,12.094836,0,0,0,0,0,0,0,0,1780912596,0
189,-131.642608,-97.764725,5.293828,6.847757,0,0,0,0,0,0,0,0,1780912596,0
190,-113.440515,-82.266579,1.912959,11.22344,0,0,0,0,0,0,0,0,1780912596,0
190,67.342509,99.384101,4.994636,11.608649,0,0,0,0,0,0,0,0,1780912596,0
191,59.193267,87.08357,0.951805,12.117276,0,0,0,0,0,0,0,0,1780912596,0
191,-119.207441,-87.300485,9.157145,11.182301,0,0,0,0,0,0,0,0,1780912596,0
192,-107.146264,-73.825625,6.056768,11.096283,0,0,0,0,0,0,0,0,1780912596,0
192,71.650873,93.153428,0.540416,10.755952,0,0,0,0,0,0,0,0,1780912596,0
193,60.270358,99.743132,7.982816,7.83883,0,0,0,0,0,0,0,0,1780912596,0
193,-109.805333,-63.851312,5.802455,8.22778,0,0,0,0,0,0,0,0,1780912596,0
194,-94.995329,-39.474644,4.8413,11.051404,0,0,0,0,0,0,0,0,1780912596,0
194,105.018261,162.285479,11.868573,12.296791,0,0,0,0,0,0,0,0,1780912596,0
195,100.496722,164.49202,5.185371,10.871889,0,0,0,0,0,0,0,0,1780912596,0
195,-78.536029,2.666549,11.124332,9.503086,0,0,0,0,0,0,0,0,1780912596,0
196,-54.428634,28.468118,2.758176,4.383163,0,0,0,0,0,0,0,0,1780912596,0
196,129.286472,224.790427,0.473097,7.83509,0,0,0,0,0,0,0,0,1780912596,0
197,125.277299,227.782347,4.220477,3.556645,0,0,0,0,0,0,0,0,1780912596,0
197,-49.046918,55.081247,10.694244,10.987826,0,0,0,0,0,0,0,0,1780912596,0
198,-35.549619,66.805833,0.282362,8.721447,0,0,0,0,0,0,0,0,1780912596,0
198,142.596775,246.840877,3.461277,15.71132,0,0,0,0,0,0,0,0,1780912596,0
199,124.447041,230.867764,7.769642,11.350596,0,0,0,0,0,0,0,0,1780912596,0
199,-61.777537,49.074967,9.998623,9.263732,0,0,0,0,0,0,0,0,1780912596,0
200,-54.634329,68.066179,4.037222,8.478353,0,0,0,0,0,0,0,0,1780912596,0
200,113.732228,240.838337,4.706664,11.073844,0,0,0,0,0,0,0,0,1780912596,0
0,89.379869,221.605902,3.74177,14.503332,0,0,0,0,0,0,0,0,1780912596,0
101,-108.730111,24.879684,5.290088,11.470273,0,0,0,0,0,0,0,0,1780912596,0
101,-92.742039,34.7792,3.517376,11.253359,0,0,0,0,0,0,0,0,1780912596,0
102,81.843971,188.447949,3.132166,12.046218,0,0,0,0,0,0,0,0,1780912596,0
102,45.495883,184.008688,-1.647426,9.140315,0,0,0,0,0,0,0,0,1780912596,0
103,-143.93005,-4.358853,5.97075,10.404402,0,0,0,0,0,0,0,0,1780912596,0
103,-127.500669,7.212397,2.945171,12.539885,0,0,0,0,0,0,0,0,1780912596,0
104,34.564155,166.868726,5.005856,10.004232,0,0,0,0,0,0,0,0,1780912596,0
104,21.571743,143.801023,5.948311,15.995552,0,0,0,0,0,0,0,0,1780912596,0
105,-160.7409,-41.795252,5.645379,10.213667,0,0,0,0,0,0,0,0,1780912596,0
105,-144.962262,-33.081285,7.8407,11.373036,0,0,0,0,0,0,0,0,1780912596,0
106,28.475598,143.221339,0.630173,13.059731,0,0,0,0,0,0,0,0,1780912596,0
106,14.002185,113.174983,4.396252,7.921108,0,0,0,0,0,0,0,0,1780912596,0
107,-170.670334,-74.358561,2.171012,4.603817,0,0,0,0,0,0,0,0,1780912596,0
107,-149.644617,-49.948234,6.673851,16.911828,0,0,0,0,0,0,0,0,1780912596,0
108,27.125494,123.022139,1.819461,9.697561,0,0,0,0,0,0,0,0,1780912596,0
108,7.532159,100.051674,3.816568,12.038738,0,0,0,0,0,0,0,0,1780912596,0
109,-167.065071,-82.156252,3.678192,10.927988,0,0,0,0,0,0,0,0,1780912596,0
109,-147.337099,-59.481239,2.541262,13.721693,0,0,0,0,0,0,0,0,1780912596,0
110,31.946225,114.547526,1.48287,7.797691,0,0,0,0,0,0,0,0,1780912596,0
110,9.996753,89.149865,7.279715,10.385702,0,0,0,0,0,0,0,0,1780912596,0
111,-171.747426,-86.3599,3.206964,16.118969,0,0,0,0,0,0,0,0,1780912596,0
111,-147.613851,-59.503678,0.416999,12.012559,0,0,0,0,0,0,0,0,1780912596,0
112,30.016437,108.245794,1.535229,10.045371,0,0,0,0,0,0,0,0,1780912596,0
112,10.505379,90.215737,3.218184,16.268565,0,0,0,0,0,0,0,0,1780912596,0
113,-165.958061,-90.8216,3.693151,5.056345,0,0,0,0,0,0,0,0,1780912596,0
113,-145.743901,-72.630727,6.621493,13.332743,0,0,0,0,0,0,0,0,1780912596,0
114,33.464625,92.407318,1.793282,7.397522,0,0,0,0,0,0,0,0,1780912596,0
114,9.469427,78.838961,3.109727,8.706487,0,0,0,0,0,0,0,0,1780912596,0
115,-171.504332,-100.436883,6.045548,2.98444,0,0,0,0,0,0,0,0,1780912596,0
115,-147.430596,-78.221878,1.834421,12.637122,0,0,0,0,0,0,0,0,1780912596,0
116,25.670673,102.224555,1.340754,6.574744,0,0,0,0,0,0,0,0,1780912596,0
116,11.675968,82.515283,8.700877,5.737007,0,0,0,0,0,0,0,0,1780912596,0
117,-171.003186,-96.035021,2.877853,9.555444,0,0,0,0,0,0,0,0,1780912596,0
117,-142.314413,-73.202932,1.363194,7.146949,0,0,0,0,0,0,0,0,1780912596,0
118,33.427226,97.048534,2.298169,10.262285,0,0,0,0,0,0,0,0,1780912596,0
118,7.898669,72.597068,0.779769,10.239846,0,0,0,0,0,0,0,0,1780912596,0
119,-167.985086,-105.373551,3.263063,1.297745,0,0,0,0,0,0,0,0,1780912596,0
119,-141.147564,-72.570889,3.536075,12.618422,0,0,0,0,0,0,0,0,1780912596,0
120,36.235891,100.339646,2.98631,14.59309,0,0,0,0,0,0,0,0,1780912596,0
120,10.262285,74.321162,2.713297,8.538192,0,0,0,0,0,0,0,0,1780912596,0
121,-166.309611,-99.872158,4.833821,8.654128,0,0,0,0,0,0,0,0,1780912596,0
121,-141.181223,-71.441439,7.11516,11.612389,0,0,0,0,0,0,0,0,1780912596,0
122,38.375113,98.641731,3.925025,7.831351,0,0,0,0,0,0,0,0,1780912596,0
122,12.266872,76.434205,10.443671,11.477753,0,0,0,0,0,0,0,0,1780912596,0
123,-163.067118,-96.016322,6.542955,11.103763,0,0,0,0,0,0,0,0,1780912596,0
123,-134.59526,-75.439392,10.196837,8.455914,0,0,0,0,0,0,0,0,1780912596,0
124,44.183178,107.703509,-1.067741,14.013405,0,0,0,0,0,0,0,0,1780912596,0
124,16.257345,75.704925,6.34848,10.83075,0,0,0,0,0,0,0,0,1780912596,0
125,-160.793259,-97.871312,6.595314,13.06721,0,0,0,0,0,0,0,0,1780912596,0
125,-127.732543,-68.161547,6.640192,10.370743,0,0,0,0,0,0,0,0,1780912596,0
126,43.296822,102.80424,4.411212,11.032705,0,0,0,0,0,0,0,0,1780912596,0
126,21.085556,77.440238,2.814275,13.108349,0,0,0,0,0,0,0,0,1780912596,0
127,-156.503593,-98.922224,5.177891,11.825564,0,0,0,0,0,0,0,0,1780912596,0
127,-123.973944,-65.958746,6.36344,5.086264,0,0,0,0,0,0,0,0,1780912596,0
128,45.6193,109.468742,-0.304802,13.216806,0,0,0,0,0,0,0,0,1780912596,0
128,25.072289,82.313328,8.794375,13.426241,0,0,0,0,0,0,0,0,1780912596,0
129,-156.167002,-98.32384,4.385033,12.797938,0,0,0,0,0,0,0,0,1780912596,0
129,-126.909765,-66.878761,6.161485,14.084463,0,0,0,0,0,0,0,0,1780912596,0
130,54.393105,111.78374,6.127826,15.580423,0,0,0,0,0,0,0,0,1780912596,0
130,13.684294,76.213551,3.939985,8.770065,0,0,0,0,0,0,0,0,1780912596,0
131,-164.914628,-100.425664,-1.385633,10.905548,0,0,0,0,0,0,0,0,1780912596,0
131,-123.3793,-60.311497,2.773136,12.442647,0,0,0,0,0,0,0,0,1780912596,0
132,61.334359,123.541985,1.213598,7.719154,0,0,0,0,0,0,0,0,1780912596,0
132,21.811097,96.401531,7.601347,9.114136,0,0,0,0,0,0,0,0,1780912596,0
133,-160.250973,-84.302955,0.615214,11.694667,0,0,0,0,0,0,0,0,1780912596,0
133,-122.919292,-48.512112,4.777722,7.251666,0,0,0,0,0,0,0,0,1780912596,0
134,49.699531,125.819584,0.192605,4.282185,0,0,0,0,0,0,0,0,1780912596,0
134,15.086756,84.418892,6.154005,11.661008,0,0,0,0,0,0,0,0,1780912596,0
135,-158.429642,-89.452797,2.892813,11.500192,0,0,0,0,0,0,0,0,1780912596,0
135,-125.492343,-61.369888,3.453798,10.359523,0,0,0,0,0,0,0,0,1780912596,0
136,56.584686,122.012366,3.839007,8.732666,0,0,0,0,0,0,0,0,1780912596,0
136,16.010512,80.817368,-0.697491,8.822424,0,0,0,0,0,0,0,0,1780912596,0
137,-156.769126,-86.404779,7.433051,0.72928,0,0,0,0,0,0,0,0,1780912596,0
137,-125.410065,-55.786218,7.85566,9.132836,0,0,0,0,0,0,0,0,1780912596,0
138,49.228303,120.512666,6.154005,13.658115,0,0,0,0,0,0,0,0,1780912596,0
138,16.044171,87.354713,6.479377,10.991566,0,0,0,0,0,0,0,0,1780912596,0
139,-149.51746,-89.310681,0.091628,13.385102,0,0,0,0,0,0,0,0,1780912596,0
139,-118.098561,-56.182647,5.376106,9.087957,0,0,0,0,0,0,0,0,1780912596,0
140,55.290681,130.569257,1.711004,10.924248,0,0,0,0,0,0,0,0,1780912596,0
140,23.318276,98.278961,4.48975,13.205587,0,0,0,0,0,0,0,0,1780912596,0
141,-158.152889,-81.999176,2.870373,9.106656,0,0,0,0,0,0,0,0,1780912596,0
141,-108.939546,-46.978753,2.836714,10.677414,0,0,0,0,0,0,0,0,1780912596,0
142,67.680969,140.700646,6.311081,4.742193,0,0,0,0,0,0,0,0,1780912596,0
142,37.245664,119.499153,5.96701,6.503686,0,0,0,0,0,0,0,0,1780912596,0
143,-124.568588,-37.341031,5.282609,4.966587,0,0,0,0,0,0,0,0,1780912596,0
143,-76.828765,24.228942,3.266803,12.192074,0,0,0,0,0,0,0,0,1780912596,0
144,102.480739,206.590204,1.374413,12.311751,0,0,0,0,0,0,0,0,1780912596,0
144,83.530666,186.791173,6.845887,14.810004,0,0,0,0,0,0,0,0,1780912596,0
145,-92.985133,13.113959,3.188265,8.822424,0,0,0,0,0,0,0,0,1780912596,0
145,-43.73439,63.722285,1.411812,12.304271,0,0,0,0,0,0,0,0,1780912596,0
146,124.456391,223.034544,4.422432,12.509965,0,0,0,0,0,0,0,0,1780912596,0
146,78.975467,179.06454,7.234836,17.009065,0,0,0,0,0,0,0,0,1780912596,0
147,-93.306764,-4.84504,3.992343,8.95706,0,0,0,0,0,0,0,0,1780912596,0
147,-58.660331,48.770165,2.750696,11.447834,0,0,0,0,0,0,0,0,1780912596,0
148,102.970665,200.228634,1.770843,9.592843,0,0,0,0,0,0,0,0,1780912596,0
148,64.000908,156.931812,4.830081,8.115583,0,0,0,0,0,0,0,0,1780912596,0
149,-117.732051,-20.070173,-1.542709,9.749919,0,0,0,0,0,0,0,0,1780912596,0
149,-91.421854,0.727411,4.530889,11.025225,0,0,0,0,0,0,0,0,1780912596,0
150,75.680616,166.681731,4.403732,14.518292,0,0,0,0,0,0,0,0,1780912596,0
150,35.1214,124.439561,5.783755,14.129342,0,0,0,0,0,0,0,0,1780912596,0
151,-143.107272,-57.865602,5.189111,12.195814,0,0,0,0,0,0,0,0,1780912596,0
151,-107.28277,-32.078992,2.021416,7.457361,0,0,0,0,0,0,0,0,1780912596,0
152,73.698469,143.804763,-1.026603,5.841724,0,0,0,0,0,0,0,0,1780912596,0
152,32.634367,88.876852,11.939631,15.120416,0,0,0,0,0,0,0,0,1780912596,0
153,-141.461716,-76.127534,5.731397,11.148642,0,0,0,0,0,0,0,0,1780912596,0
153,-106.949919,-47.592097,4.85252,9.794798,0,0,0,0,0,0,0,0,1780912596,0
154,67.912843,121.825371,-0.398299,11.156122,0,0,0,0,0,0,0,0,1780912596,0
154,23.295837,85.009796,7.261016,8.21656,0,0,0,0,0,0,0,0,1780912596,0
155,-149.035013,-90.391512,10.196837,14.738946,0,0,0,0,0,0,0,0,1780912596,0
155,-109.362155,-53.875129,-1.50905,4.600077,0,0,0,0,0,0,0,0,1780912596,0
156,63.043494,129.959654,3.921285,12.850296,0,0,0,0,0,0,0,0,1780912596,0
156,22.147688,78.48741,0.035529,8.859823,0,0,0,0,0,0,0,0,1780912596,0
157,-152.50938,-98.480916,13.285995,9.132836,0,0,0,0,0,0,0,0,1780912596,0
157,-111.04137,-54.279038,2.440285,7.146949,0,0,0,0,0,0,0,0,1780912596,0
158,60.19369,113.092705,7.137599,8.938361,0,0,0,0,0,0,0,0,1780912596,0
158,16.919307,72.458692,7.46671,12.573544,0,0,0,0,0,0,0,0,1780912596,0
159,-156.914982,-107.737168,4.807641,9.155275,0,0,0,0,0,0,0,0,1780912596,0
159,-106.463732,-64.148634,-0.263663,10.198707,0,0,0,0,0,0,0,0,1780912596,0
160,62.766741,113.706048,6.183925,8.519492,0,0,0,0,0,0,0,0,1780912596,0
160,17.764525,65.233205,3.412659,8.081924,0,0,0,0,0,0,0,0,1780912596,0
161,-150.63569,-102.927657,-0.37586,13.669334,0,0,0,0,0,0,0,0,1780912596,0
161,-110.405587,-55.412228,8.472743,13.856329,0,0,0,0,0,0,0,0,1780912596,0
162,63.294067,113.575152,4.504709,11.19726,0,0,0,0,0,0,0,0,1780912596,0
162,16.739792,63.209919,6.815968,12.472566,0,0,0,0,0,0,0,0,1780912596,0
163,-151.379931,-101.240962,3.640793,8.560631,0,0,0,0,0,0,0,0,1780912596,0
163,-103.584009,-56.257445,6.860846,9.147795,0,0,0,0,0,0,0,0,1780912596,0
164,67.542593,111.742601,2.503863,11.043925,0,0,0,0,0,0,0,0,1780912596,0
164,24.114875,67.118115,2.735737,9.884556,0,0,0,0,0,0,0,0,1780912596,0
165,-149.356645,-106.301046,4.370073,10.924248,0,0,0,0,0,0,0,0,1780912596,0
165,-100.214359,-59.417661,3.117207,10.045371,0,0,0,0,0,0,0,0,1780912596,0
166,74.738161,117.322532,5.866033,6.413928,0,0,0,0,0,0,0,0,1780912596,0
166,28.015591,65.40898,5.514482,6.484987,0,0,0,0,0,0,0,0,1780912596,0
167,-145.05202,-103.499861,-1.034082,13.366402,0,0,0,0,0,0,0,0,1780912596,0
167,-94.133282,-56.911928,5.046995,10.209927,0,0,0,0,0,0,0,0,1780912596,0
168,70.863624,110.149403,-3.214444,13.665594,0,0,0,0,0,0,0,0,1780912596,0
168,23.303317,72.077222,0.01683,13.568357,0,0,0,0,0,0,0,0,1780912596,0
169,-147.681169,-90.488749,4.070881,7.292805,0,0,0,0,0,0,0,0,1780912596,0
169,-99.032551,-47.423801,2.002716,7.360123,0,0,0,0,0,0,0,0,1780912596,0
170,64.154244,114.869157,6.501816,8.508272,0,0,0,0,0,0,0,0,1780912596,0
170,30.921493,77.653413,3.868927,15.460746,0,0,0,0,0,0,0,0,1780912596,0
171,-145.093159,-101.760808,3.857707,10.393182,0,0,0,0,0,0,0,0,1780912596,0
171,-88.788965,-35.650596,5.679038,8.444694,0,0,0,0,0,0,0,0,1780912596,0
172,82.97342,136.732612,6.565394,11.904102,0,0,0,0,0,0,0,0,1780912596,0
172,30.180993,92.32504,2.425325,10.168788,0,0,0,0,0,0,0,0,1780912596,0
173,-128.499223,-64.219692,0.289842,7.995906,0,0,0,0,0,0,0,0,1780912596,0
173,-70.915983,0.843347,9.202024,9.248773,0,0,0,0,0,0,0,0,1780912596,0
174,113.345148,184.195683,1.314575,10.935467,0,0,0,0,0,0,0,0,1780912596,0
174,65.825979,150.970411,4.418692,5.909042,0,0,0,0,0,0,0,0,1780912596,0
175,-101.470966,-16.158238,0.637653,10.116429,0,0,0,0,0,0,0,0,1780912596,0
175,-35.981577,48.650489,4.542108,13.119569,0,0,0,0,0,0,0,0,1780912596,0
176,143.978668,231.744771,-0.297322,9.985533,0,0,0,0,0,0,0,0,1780912596,0
176,84.776052,165.761716,3.509896,17.19232,0,0,0,0,0,0,0,0,1780912596,0
177,-77.311212,-6.183925,4.212997,10.299684,0,0,0,0,0,0,0,0,1780912596,0
177,-27.679,40.968734,5.290088,11.440354,0,0,0,0,0,0,0,0,1780912596,0
178,137.632058,211.639069,6.546695,5.643509,0,0,0,0,0,0,0,0,1780912596,0
178,89.305071,154.74771,5.162932,9.547965,0,0,0,0,0,0,0,0,1780912596,0
179,-87.132189,-14.449103,3.180785,9.596583,0,0,0,0,0,0,0,0,1780912596,0
179,-26.639307,15.630912,8.080054,12.827857,0,0,0,0,0,0,0,0,1780912596,0
180,124.48631,181.114005,3.633313,13.875029,0,0,0,0,0,0,0,0,1780912596,0
180,81.376483,124.903309,7.066541,10.752212,0,0,0,0,0,0,0,0,1780912596,0
181,-104.518984,-62.4208,3.872666,10.411881,0,0,0,0,0,0,0,0,1780912597,0
181,-44.811481,-21.827926,7.399392,14.450973,0,0,0,0,0,0,0,0,1780912597,0
182,114.066949,143.18394,0.00935,7.995906,0,0,0,0,0,0,0,0,1780912597,0
182,62.845279,88.293428,6.670112,10.497899,0,0,0,0,0,0,0,0,1780912597,0
183,-110.921693,-91.322747,2.279469,10.322124,0,0,0,0,0,0,0,0,1780912597,0
183,-56.652005,-41.032312,2.717037,13.897468,0,0,0,0,0,0,0,0,1780912597,0
184,109.036783,115.762993,5.806195,10.901808,0,0,0,0,0,0,0,0,1780912597,0
184,55.679631,58.374228,2.97883,13.946087,0,0,0,0,0,0,0,0,1780912597,0
185,-115.820962,-110.912343,2.354267,5.426595,0,0,0,0,0,0,0,0,1780912597,0
185,-63.129511,-59.238145,3.016229,16.388242,0,0,0,0,0,0,0,0,1780912597,0
186,104.227272,110.583232,2.900292,10.703594,0,0,0,0,0,0,0,0,1780912597,0
186,46.569234,45.871743,4.512189,13.269165,0,0,0,0,0,0,0,0,1780912597,0
187,-128.697437,-123.040839,7.635006,10.898068,0,0,0,0,0,0,0,0,1780912597,0
187,-71.469488,-70.581262,4.456091,8.310058,0,0,0,0,0,0,0,0,1780912597,0
188,95.763878,98.836206,4.224217,5.916522,0,0,0,0,0,0,0,0,1780912597,0
188,38.595768,41.48484,7.919238,16.81833,0,0,0,0,0,0,0,0,1780912597,0
189,-128.278568,-127.154729,3.128426,11.57499,0,0,0,0,0,0,0,0,1780912597,0
189,-70.706549,-66.1794,1.411812,9.230073,0,0,0,0,0,0,0,0,1780912597,0
190,92.742039,94.400685,4.927318,9.993013,0,0,0,0,0,0,0,0,1780912597,0
190,33.109334,39.412936,2.118653,11.567511,0,0,0,0,0,0,0,0,1780912597,0
191,-128.940531,-123.515806,0.974244,11.919061,0,0,0,0,0,0,0,0,1780912597,0
191,-71.0207,-63.318376,3.124686,10.83449,0,0,0,0,0,0,0,0,1780912597,0
192,96.010712,100.818353,2.877853,12.517445,0,0,0,0,0,0,0,0,1780912597,0
192,41.49045,48.149342,-0.532936,9.102916,0,0,0,0,0,0,0,0,1780912597,0
193,-126.999523,-117.947095,2.6011,8.58307,0,0,0,0,0,0,0,0,1780912597,0
193,-73.765787,-61.785017,1.217337,4.87309,0,0,0,0,0,0,0,0,1780912597,0
194,99.264425,108.084979,6.909465,4.944148,0,0,0,0,0,0,0,0,1780912597,0
194,40.678892,53.706833,2.23833,11.840523,0,0,0,0,0,0,0,0,1780912597,0
195,-128.013036,-119.674929,1.849381,6.74678,0,0,0,0,0,0,0,0,1780912597,0
195,-68.096098,-59.645794,5.073174,11.675968,0,0,0,0,0,0,0,0,1780912597,0
196,96.100469,112.097891,0.865787,4.50284,0,0,0,0,0,0,0,0,1780912597,0
196,36.27329,49.510666,1.344494,10.441801,0,0,0,0,0,0,0,0,1780912597,0
197,-122.762216,-108.42531,5.753836,4.547718,0,0,0,0,0,0,0,0,1780912597,0
197,-62.228195,-49.802378,2.941431,10.071551,0,0,0,0,0,0,0,0,1780912597,0
198,101.893574,116.25666,4.86374,9.420808,0,0,0,0,0,0,0,0,1780912597,0
198,44.463671,58.931474,6.767349,12.592243,0,0,0,0,0,0,0,0,1780912597,0
199,-123.237183,-105.545587,2.948911,8.253959,0,0,0,0,0,0,0,0,1780912597,0
199,-60.582639,-51.115083,1.50905,11.765725,0,0,0,0,0,0,0,0,1780912597,0
200,99.672074,114.38297,3.270543,6.963694,0,0,0,0,0,0,0,0,1780912597,0
200,37.39526,54.480993,3.547295,9.162755,0,0,0,0,0,0,0,0,1780912597,0
0,-128.762886,-111.220885,5.211551,11.782555,0,0,0,0,0,0,0,0,1780912597,0
101,-67.709019,-48.315768,5.450904,8.008996,0,0,0,0,0,0,0,0,1780912597,0
101,95.937784,111.815529,6.397099,9.748049,0,0,0,0,0,0,0,0,1780912597,0
102,38.616337,59.363432,5.21529,13.506649,0,0,0,0,0,0,0,0,1780912597,0
102,-127.543678,-104.922893,7.676145,14.224709,0,0,0,0,0,0,0,0,1780912597,0
103,-62.589096,-43.3791,1.984017,15.586033,0,0,0,0,0,0,0,0,1780912597,0
103,105.108018,122.63132,7.83696,10.645625,0,0,0,0,0,0,0,0,1780912597,0
104,41.058492,57.149411,1.531489,6.150265,0,0,0,0,0,0,0,0,1780912597,0
104,-120.273313,-108.221485,3.532336,19.0604,0,0,0,0,0,0,0,0,1780912597,0
105,-60.808903,-43.655852,1.890519,10.178138,0,0,0,0,0,0,0,0,1780912597,0
105,103.720515,118.940038,4.48975,8.154852,0,0,0,0,0,0,0,0,1780912597,0
106,41.178168,63.323986,2.436545,11.049534,0,0,0,0,0,0,0,0,1780912597,0
106,-126.814398,-97.353336,5.125533,12.807287,0,0,0,0,0,0,0,0,1780912597,0
107,-58.30317,-39.373667,1.684825,10.649365,0,0,0,0,0,0,0,0,1780912597,0
107,104.266541,126.292682,7.216137,10.163178,0,0,0,0,0,0,0,0,1780912597,0
108,38.451781,61.655991,7.332074,8.311928,0,0,0,0,0,0,0,0,1780912597,0
108,-129.204194,-106.620808,5.23399,7.294675,0,0,0,0,0,0,0,0,1780912597,0
109,-60.019784,-36.864194,2.305648,12.078007,0,0,0,0,0,0,0,0,1780912597,0
109,100.706156,125.451204,0.76107,11.524502,0,0,0,0,0,0,0,0,1780912597,0
110,36.346218,63.705456,1.351974,8.884132,0,0,0,0,0,0,0,0,1780912597,0
110,-128.781585,-97.465533,5.503263,13.996576,0,0,0,0,0,0,0,0,1780912597,0
111,-67.28641,-36.733297,3.794129,11.023355,0,0,0,0,0,0,0,0,1780912597,0
111,93.159038,122.810835,3.72681,9.961224,0,0,0,0,0,0,0,0,1780912597,0
112,28.78788,57.280308,2.25329,10.140739,0,0,0,0,0,0,0,0,1780912597,0
112,-131.406995,-95.68534,7.156299,10.151958,0,0,0,0,0,0,0,0,1780912597,0
113,-62.125348,-31.048649,0.37586,8.23713,0,0,0,0,0,0,0,0,1780912597,0
113,107.150004,132.022208,8.831774,12.459477,0,0,0,0,0,0,0,0,1780912597,0
114,50.064171,74.947595,8.622339,13.353313,0,0,0,0,0,0,0,0,1780912597,0
114,-114.39045,-77.36357,2.889073,12.777368,0,0,0,0,0,0,0,0,1780912597,0
115,-36.660369,3.167695,3.992343,8.831774,0,0,0,0,0,0,0,0,1780912597,0
115,140.506171,185.573836,7.593867,11.457184,0,0,0,0,0,0,0,0,1780912597,0
116,83.618553,129.808188,3.73803,8.764456,0,0,0,0,0,0,0,0,1780912597,0
116,-65.902647,-1.948488,5.959531,14.389265,0,0,0,0,0,0,0,0,1780912597,0
117,15.058707,80.845417,4.156899,15.563594,0,0,0,0,0,0,0,0,1780912597,0
117,185.826279,244.559538,3.580954,12.485656,0,0,0,0,0,0,0,0,1780912597,0
118,120.875437,183.632828,6.842147,7.934198,0,0,0,0,0,0,0,0,1780912597,0
118,-37.00818,31.893867,3.536075,8.940231,0,0,0,0,0,0,0,0,1780912597,0
119,29.464802,94.473613,4.407472,13.031681,0,0,0,0,0,0,0,0,1780912597,0
119,193.119084,257.170481,2.784356,14.292028,0,0,0,0,0,0,0,0,1780912597,0
120,117.647903,192.829242,2.290689,10.09212,0,0,0,0,0,0,0,0,1780912597,0
120,-50.931828,22.06541,3.341601,8.58868,0,0,0,0,0,0,0,0,1780912597,0
121,15.017568,80.243293,4.194298,9.639592,0,0,0,0,0,0,0,0,1780912597,0
121,168.566641,231.899977,5.866033,7.324594,0,0,0,0,0,0,0,0,1780912597,0
122,94.625079,159.577791,3.420139,7.556468,0,0,0,0,0,0,0,0,1780912597,0
122,-73.150573,-11.982639,3.012489,13.424371,0,0,0,0,0,0,0,0,1780912597,0
123,-16.764102,40.073028,1.415552,11.483363,0,0,0,0,0,0,0,0,1780912597,0
123,141.587002,204.220977,4.504709,9.377799,0,0,0,0,0,0,0,0,1780912597,0
124,57.072743,116.759677,5.626679,12.078007,0,0,0,0,0,0,0,0,1780912597,0
124,-112.789773,-61.30444,2.926472,12.358499,0,0,0,0,0,0,0,0,1780912597,0
125,-43.051858,7.049711,0.74985,7.08524,0,0,0,0,0,0,0,0,1780912597,0
125,111.847318,163.863717,10.597007,11.96581,0,0,0,0,0,0,0,0,1780912597,0
126,35.699215,87.592197,5.929611,9.142185,0,0,0,0,0,0,0,0,1780912597,0
126,-134.21192,-79.659869,3.468757,13.772182,0,0,0,0,0,0,0,0,1780912597,0
127,-63.606348,-10.056591,0.708711,14.101293,0,0,0,0,0,0,0,0,1780912597,0
127,95.092566,140.837153,6.060508,7.575167,0,0,0,0,0,0,0,0,1780912597,0
128,25.736122,70.254021,1.475391,9.011289,0,0,0,0,0,0,0,0,1780912597,0
128,-137.58531,-98.430427,4.11576,12.478176,0,0,0,0,0,0,0,0,1780912597,0
129,-65.349142,-28.823409,5.952051,10.357653,0,0,0,0,0,0,0,0,1780912597,0
129,92.209103,128.813374,4.49723,9.231943,0,0,0,0,0,0,0,0,1780912597,0
130,16.008642,53.428211,3.446318,11.812474,0,0,0,0,0,0,0,0,1780912597,0
130,-142.675313,-109.848341,8.323147,7.339554,0,0,0,0,0,0,0,0,1780912597,0
131,-71.228265,-36.441585,6.924425,11.905972,0,0,0,0,0,0,0,0,1780912597,0
131,83.824248,117.810589,7.219877,13.372012,0,0,0,0,0,0,0,0,1780912597,0
132,16.917437,44.321554,6.258723,12.848426,0,0,0,0,0,0,0,0,1780912597,0
132,-150.29349,-111.976345,1.052782,11.617999,0,0,0,0,0,0,0,0,1780912597,0
133,-75.727364,-39.126833,5.166672,6.557915,0,0,0,0,0,0,0,0,1780912597,0
133,87.190158,129.004109,2.922732,10.151958,0,0,0,0,0,0,0,0,1780912597,0
134,5.731397,42.159892,-2.077514,10.413751,0,0,0,0,0,0,0,0,1780912597,0
134,-151.580015,-111.348041,5.323748,13.45055,0,0,0,0,0,0,0,0,1780912597,0
135,-79.108234,-39.930912,-1.935398,7.448011,0,0,0,0,0,0,0,0,1780912597,0
135,83.457737,120.959584,4.579507,5.641639,0,0,0,0,0,0,0,0,1780912597,0
136,1.976537,39.377407,4.022262,11.042055,0,0,0,0,0,0,0,0,1780912597,0
136,-157.810688,-116.075275,5.032035,6.531735,0,0,0,0,0,0,0,0,1780912597,0
137,-76.176152,-40.634013,0.929365,10.619446,0,0,0,0,0,0,0,0,1780912597,0
137,80.346141,121.561708,4.1008,13.099,0,0,0,0,0,0,0,0,1780912597,0
138,7.275975,36.819315,3.098507,11.296368,0,0,0,0,0,0,0,0,1780912597,0
138,-155.069342,-115.1216,8.854213,11.128072,0,0,0,0,0,0,0,0,1780912597,0
139,-72.357714,-31.201985,3.996083,9.994883,0,0,0,0,0,0,0,0,1780912597,0
139,84.602147,120.967064,5.514482,6.928165,0,0,0,0,0,0,0,0,1780912597,0
140,3.603394,40.585394,-0.413259,9.456337,0,0,0,0,0,0,0,0,1780912597,0
140,-152.294336,-110.932912,3.678192,12.437037,0,0,0,0,0,0,0,0,1780912597,0
141,-76.512743,-36.490204,3.782909,9.467557,0,0,0,0,0,0,0,0,1780912597,0
141,81.987957,111.976345,-0.177645,10.537168,0,0,0,0,0,0,0,0,1780912597,0
142,3.506156,39.99823,-1.87182,7.511589,0,0,0,0,0,0,0,0,1780912597,0
142,-154.871127,-113.565802,3.206964,7.455491,0,0,0,0,0,0,0,0,1780912597,0
143,-74.986864,-37.357861,2.500123,8.248349,0,0,0,0,0,0,0,0,1780912597,0
143,81.153959,120.72771,7.223617,12.852166,0,0,0,0,0,0,0,0,1780912597,0
144,4.048442,42.451604,5.028295,11.95833,0,0,0,0,0,0,0,0,1780912597,0
144,-155.476991,-114.433459,7.747203,13.491689,0,0,0,0,0,0,0,0,1780912597,0
145,-69.949219,-30.599861,0.783509,13.970396,0,0,0,0,0,0,0,0,1780912597,0
145,86.027049,123.132466,1.920439,13.47299,0,0,0,0,0,0,0,0,1780912597,0
146,-0.480577,40.600354,-0.663832,3.158346,0,0,0,0,0,0,0,0,1780912597,0
146,-151.976445,-115.622747,2.746957,9.433898,0,0,0,0,0,0,0,0,1780912597,0
147,-69.53035,-32.641847,7.343294,9.209504,0,0,0,0,0,0,0,0,1780912597,0
147,83.270742,120.682832,5.97075,6.946864,0,0,0,0,0,0,0,0,1780912597,0
148,-0.065448,40.705071,7.765902,4.86748,0,0,0,0,0,0,0,0,1780912597,0
148,-147.466125,-118.805402,2.410366,9.411458,0,0,0,0,0,0,0,0,1780912597,0
149,-62.705033,-26.55329,-1.243517,9.445117,0,0,0,0,0,0,0,0,1780912597,0
149,91.816414,134.273628,2.503863,15.077407,0,0,0,0,0,0,0,0,1780912597,0
150,3.947464,53.09162,6.049288,11.722716,0,0,0,0,0,0,0,0,1780912597,0
150,-142.316283,-105.528757,8.109973,11.782555,0,0,0,0,0,0,0,0,1780912597,0
151,-65.4202,-19.761631,4.983417,10.181878,0,0,0,0,0,0,0,0,1780912597,0
151,88.97035,137.972389,4.358853,14.258369,0,0,0,0,0,0,0,0,1780912597,0
152,13.054121,49.448957,2.429065,11.898492,0,0,0,0,0,0,0,0,1780912597,0
152,-140.390234,-95.767618,5.462124,7.945417,0,0,0,0,0,0,0,0,1780912597,0
153,-57.626248,-11.702147,3.468757,9.501216,0,0,0,0,0,0,0,0,1780912597,0
153,93.562947,142.168557,1.595067,6.550435,0,0,0,0,0,0,0,0,1780912597,0
154,25.212536,75.620777,7.878099,9.216983,0,0,0,0,0,0,0,0,1780912597,0
154,-121.058692,-68.933836,2.380446,11.180431,0,0,0,0,0,0,0,0,1780912597,0
155,-30.799946,31.03743,0.547895,6.584094,0,0,0,0,0,0,0,0,1780912597,0
155,128.534752,179.129988,6.984263,11.662878,0,0,0,0,0,0,0,0,1780912597,0
156,58.505125,125.862593,6.288642,9.231943,0,0,0,0,0,0,0,0,1780912597,0
156,-72.641947,4.229827,8.992589,10.787741,0,0,0,0,0,0,0,0,1780912597,0
157,13.244856,87.408942,0.783509,8.573721,0,0,0,0,0,0,0,0,1780912597,0
157,177.108572,248.2022,5.166672,9.531135,0,0,0,0,0,0,0,0,1780912597,0
158,100.653797,163.119476,4.815121,6.789788,0,0,0,0,0,0,0,0,1780912597,0
158,-52.266972,18.778038,8.173551,10.316514,0,0,0,0,0,0,0,0,1780912597,0
159,32.793313,93.314244,4.620646,11.303848,0,0,0,0,0,0,0,0,1780912597,0
159,184.393897,241.077691,2.907772,11.640439,0,0,0,0,0,0,0,0,1780912597,0
160,93.678884,167.611096,2.492643,11.502062,0,0,0,0,0,0,0,0,1780912597,0
160,-69.16384,2.000846,4.684225,12.253782,0,0,0,0,0,0,0,0,1780912597,0
161,12.380939,86.107457,2.930212,12.451997,0,0,0,0,0,0,0,0,1780912597,0
161,152.608488,220.224009,5.682778,16.203117,0,0,0,0,0,0,0,0,1780912597,0
162,68.442039,108.105548,4.762763,15.645871,0,0,0,0,0,0,0,0,1780912597,0
162,-93.08798,-32.118261,9.269342,12.586633,0,0,0,0,0,0,0,0,1780912597,0
163,-12.096706,49.587334,2.660939,13.936737,0,0,0,0,0,0,0,0,1780912597,0
163,131.58651,190.708718,5.473344,9.471297,0,0,0,0,0,0,0,0,1780912597,0
164,33.840485,86.840477,2.896553,8.057614,0,0,0,0,0,0,0,0,1780912597,0
164,-123.687841,-77.73756,5.716437,10.608226,0,0,0,0,0,0,0,0,1780912597,0
165,-43.945694,-2.528172,1.621247,9.639592,0,0,0,0,0,0,0,0,1780912597,0
165,106.140231,148.301993,3.468757,12.994282,0,0,0,0,0,0,0,0,1780912597,0
166,11.412305,53.394552,3.491197,5.357407,0,0,0,0,0,0,0,0,1780912597,0
166,-133.968826,-95.965833,2.754436,9.321701,0,0,0,0,0,0,0,0,1780912597,0
167,-56.863309,-14.18918,1.666125,7.354513,0,0,0,0,0,0,0,0,1780912597,0
167,97.235529,140.840892,1.606287,11.296368,0,0,0,0,0,0,0,0,1780912597,0
168,6.341,42.851774,4.212997,12.025648,0,0,0,0,0,0,0,0,1780912597,0
168,-137.144001,-101.194213,6.935644,8.775675,0,0,0,0,0,0,0,0,1780912597,0
169,-52.999992,-13.82267,0.540416,6.827187,0,0,0,0,0,0,0,0,1780912597,0
169,90.615906,131.296668,6.524255,10.731643,0,0,0,0,0,0,0,0,1780912597,0
170,-3.74177,36.026456,3.947464,11.644179,0,0,0,0,0,0,0,0,1780912597,0
170,-154.055829,-112.096021,5.181631,12.994282,0,0,0,0,0,0,0,0,1780912597,0
171,-66.53843,-26.90858,2.025156,14.490242,0,0,0,0,0,0,0,0,1780912597,0
171,85.316468,124.942578,9.519915,14.119992,0,0,0,0,0,0,0,0,1780912597,0
172,-3.289242,35.274736,1.034082,10.241716,0,0,0,0,0,0,0,0,1780912597,0
172,-153.307849,-113.520923,2.672159,9.130966,0,0,0,0,0,0,0,0,1780912597,0
173,-61.227772,-22.966726,3.633313,8.401685,0,0,0,0,0,0,0,0,1780912597,0
173,89.692151,123.944024,5.544402,9.751789,0,0,0,0,0,0,0,0,1780912597,0
174,1.041562,35.772143,6.554175,4.317714,0,0,0,0,0,0,0,0,1780912597,0
174,-151.307002,-110.353228,5.473344,8.053875,0,0,0,0,0,0,0,0,1780912597,0
175,-67.005918,-24.503825,1.206118,11.262709,0,0,0,0,0,0,0,0,1780912597,0
175,84.460031,122.23115,2.481424,9.303001,0,0,0,0,0,0,0,0,1780912597,0
176,-6.329781,35.52157,3.397699,10.282855,0,0,0,0,0,0,0,0,1780912597,0
176,-153.734198,-117.320662,7.795821,16.752882,0,0,0,0,0,0,0,0,1780912597,0
177,-58.606102,-28.277384,2.821755,11.071974,0,0,0,0,0,0,0,0,1780912597,0
177,88.6001,118.173359,6.984263,14.901631,0,0,0,0,0,0,0,0,1780912597,0
178,-11.96207,26.261577,6.412058,8.790635,0,0,0,0,0,0,0,0,1780912597,0
178,-156.090335,-121.539269,6.198884,9.220723,0,0,0,0,0,0,0,0,1780912597,0
179,-61.089396,-25.838969,4.381293,8.397945,0,0,0,0,0,0,0,0,1780912597,0
179,83.906525,123.487757,6.561654,8.360546,0,0,0,0,0,0,0,0,1780912597,0
180,-6.943124,33.374867,3.468757,11.012135,0,0,0,0,0,0,0,0,1780912597,0
180,-153.109634,-109.953059,6.307341,9.905125,0,0,0,0,0,0,0,0,1780912597,0
181,-55.412228,-15.453267,4.699184,12.478176,0,0,0,0,0,0,0,0,1780912598,0
181,89.523855,127.309934,4.463571,9.198284,0,0,0,0,0,0,0,0,1780912598,0
182,-6.954344,28.441939,0.914406,9.650812,0,0,0,0,0,0,0,0,1780912598,0
182,-154.059569,-114.265163,2.545002,4.893659,0,0,0,0,0,0,0,0,1780912598,0
183,-61.523224,-22.102809,2.081254,8.951451,0,0,0,0,0,0,0,0,1780912598,0
183,88.701077,125.006156,4.732843,9.871466,0,0,0,0,0,0,0,0,1780912598,0
184,-2.189711,35.678646,2.810535,14.707157,0,0,0,0,0,0,0,0,1780912598,0
184,-153.509804,-108.969465,2.844194,9.845287,0,0,0,0,0,0,0,0,1780912598,0
185,-56.724933,-20.980839,-3.34908,7.8594,0,0,0,0,0,0,0,0,1780912598,0
185,88.570181,127.231396,6.531735,13.143878,0,0,0,0,0,0,0,0,1780912598,0
186,-8.166072,31.104748,6.685071,9.620893,0,0,0,0,0,0,0,0,1780912598,0
186,-149.788603,-110.499084,5.454644,8.005256,0,0,0,0,0,0,0,0,1780912598,0
187,-53.392682,-16.137668,9.310481,10.155698,0,0,0,0,0,0,0,0,1780912598,0
187,96.352913,137.56848,5.121793,7.425571,0,0,0,0,0,0,0,0,1780912598,0
188,-4.179338,31.220685,1.060262,10.525948,0,0,0,0,0,0,0,0,1780912598,0
188,-147.582062,-109.814682,6.883286,12.908265,0,0,0,0,0,0,0,0,1780912598,0
189,-52.622262,-13.875029,6.752389,9.968703,0,0,0,0,0,0,0,0,1780912598,0
189,95.111266,132.029688,2.163532,8.368026,0,0,0,0,0,0,0,0,1780912598,0
190,-2.485164,34.75115,3.711851,9.101047,0,0,0,0,0,0,0,0,1780912598,0
190,-147.982231,-108.273844,3.74925,9.804148,0,0,0,0,0,0,0,0,1780912598,0
191,-53.347803,-13.587057,0.637653,4.983417,0,0,0,0,0,0,0,0,1780912598,0
191,93.110419,137.983609,7.328334,11.244009,0,0,0,0,0,0,0,0,1780912598,0
192,-7.952897,34.00317,4.957237,7.436791,0,0,0,0,0,0,0,0,1780912598,0
192,-153.25175,-106.037383,3.891366,11.086933,0,0,0,0,0,0,0,0,1780912598,0
193,-55.33369,-11.833043,3.637053,9.886426,0,0,0,0,0,0,0,0,1780912598,0
193,92.33252,132.852466,2.159792,12.448257,0,0,0,0,0,0,0,0,1780912598,0
194,-5.091874,39.915952,5.046995,15.294321,0,0,0,0,0,0,0,0,1780912598,0
194,-153.27045,-102.607895,5.96327,11.610519,0,0,0,0,0,0,0,0,1780912598,0
195,-48.298938,1.563278,2.582401,5.061955,0,0,0,0,0,0,0,0,1780912598,0
195,90.488749,139.677784,4.923578,10.327734,0,0,0,0,0,0,0,0,1780912598,0
196,-0.252443,45.881093,5.189111,12.71005,0,0,0,0,0,0,0,0,1780912598,0
196,-139.978845,-94.331497,5.394806,5.813674,0,0,0,0,0,0,0,0,1780912598,0
197,-40.942555,16.291004,4.033482,8.386726,0,0,0,0,0,0,0,0,1780912598,0
197,124.892089,171.392135,3.188265,13.372012,0,0,0,0,0,0,0,0,1780912598,0
198,29.576999,85.011666,0.087888,6.752389,0,0,0,0,0,0,0,0,1780912598,0
198,-95.919084,-32.548349,6.023109,10.237976,0,0,0,0,0,0,0,0,1780912598,0
199,25.781,98.430427,5.443424,10.215537,0,0,0,0,0,0,0,0,1780912598,0
199,180.526841,256.575836,4.8413,7.582647,0,0,0,0,0,0,0,0,1780912598,0
200,82.24975,168.751766,0.525456,15.71693,0,0,0,0,0,0,0,0,1780912598,0
200,-42.434775,41.161339,6.860846,6.479377,0,0,0,0,0,0,0,0,1780912598,0
0,60.029134,134.20257,6.931905,6.999223,0,0,0,0,0,0,0,0,1780912598,0
101,200.641893,283.207664,0.809688,7.84818,0,0,0,0,0,0,0,0,1780912598,0
101,102.948226,174.19332,10.660585,13.196237,0,0,0,0,0,0,0,0,1780912598,0
102,-39.171712,38.072182,5.96701,9.198284,0,0,0,0,0,0,0,0,1780912598,0
102,60.036614,135.212343,-2.343047,10.899938,0,0,0,0,0,0,0,0,1780912598,0
103,193.685679,270.622901,7.878099,6.707511,0,0,0,0,0,0,0,0,1780912598,0
103,81.49616,157.913536,1.273436,7.343294,0,0,0,0,0,0,0,0,1780912598,0
104,-55.945163,2.823624,6.191404,5.084394,0,0,0,0,0,0,0,0,1780912598,0
104,39.676599,111.710812,0.095367,16.109619,0,0,0,0,0,0,0,0,1780912598,0
105,168.489973,232.225348,1.385633,10.08464,0,0,0,0,0,0,0,0,1780912598,0
105,59.801,127.250096,3.405179,11.083194,0,0,0,0,0,0,0,0,1780912598,0
106,-91.515352,-28.554136,0.940585,8.753236,0,0,0,0,0,0,0,0,1780912598,0
106,0.104717,71.850958,0.716191,11.23279,0,0,0,0,0,0,0,0,1780912598,0
107,137.680677,197.354521,-0.603994,9.32918,0,0,0,0,0,0,0,0,1780912598,0
107,18.553644,73.952782,7.683624,6.210104,0,0,0,0,0,0,0,0,1780912598,0
108,-120.189165,-63.959769,4.037222,7.889319,0,0,0,0,0,0,0,0,1780912598,0
108,-25.704332,33.195352,5.046995,10.757822,0,0,0,0,0,0,0,0,1780912598,0
109,110.218592,164.058191,5.757576,10.888719,0,0,0,0,0,0,0,0,1780912598,0
109,0.811558,49.785548,6.509296,11.928411,0,0,0,0,0,0,0,0,1780912598,0
110,-139.296314,-93.953767,-0.278623,8.61112,0,0,0,0,0,0,0,0,1780912598,0
110,-37.223224,3.676322,4.87496,9.635852,0,0,0,0,0,0,0,0,1780912598,0
111,96.328603,139.778761,1.740923,7.773382,0,0,0,0,0,0,0,0,1780912598,0
111,-7.999646,29.380654,2.477684,9.445117,0,0,0,0,0,0,0,0,1780912598,0
112,-150.160723,-109.882001,-0.301062,14.033975,0,0,0,0,0,0,0,0,1780912598,0
112,-47.623886,-14.421054,3.75673,14.295768,0,0,0,0,0,0,0,0,1780912598,0
113,81.350304,121.535529,3.468757,8.854213,0,0,0,0,0,0,0,0,1780912598,0
113,-21.934513,18.493805,7.305895,13.050381,0,0,0,0,0,0,0,0,1780912598,0
114,-161.144809,-123.162385,0.671312,14.475283,0,0,0,0,0,0,0,0,1780912598,0
114,-53.035521,-16.410681,2.395406,9.284302,0,0,0,0,0,0,0,0,1780912598,0
115,76.293959,114.332482,-2.066295,4.949758,0,0,0,0,0,0,0,0,1780912598,0
115,-29.623748,9.424548,4.306495,11.995729,0,0,0,0,0,0,0,0,1780912598,0
116,-172.110196,-132.822547,-3.588434,7.47793,0,0,0,0,0,0,0,0,1780912598,0
116,-61.641031,-25.008711,6.946864,7.541508,0,0,0,0,0,0,0,0,1780912598,0
117,74.098638,109.777283,6.000669,10.918638,0,0,0,0,0,0,0,0,1780912598,0
117,-28.505517,4.282185,6.030589,11.330027,0,0,0,0,0,0,0,0,1780912598,0
118,-170.348703,-135.941623,6.427018,8.899092,0,0,0,0,0,0,0,0,1780912598,0
118,-67.942762,-30.315629,4.781462,6.453197,0,0,0,0,0,0,0,0,1780912598,0
119,77.131697,117.653513,5.017076,5.735137,0,0,0,0,0,0,0,0,1780912598,0
119,-33.771297,4.543978,5.96701,13.229896,0,0,0,0,0,0,0,0,1780912598,0
120,-170.943347,-133.84354,5.106833,11.550681,0,0,0,0,0,0,0,0,1780912598,0
120,-63.56334,-22.252405,1.12758,10.982216,0,0,0,0,0,0,0,0,1780912598,0
121,80.598584,114.287603,4.628126,12.268742,0,0,0,0,0,0,0,0,1780912598,0
121,-27.398507,3.096637,2.290689,14.071374,0,0,0,0,0,0,0,0,1780912598,0
122,-167.289465,-133.854759,6.172705,6.905725,0,0,0,0,0,0,0,0,1780912598,0
122,-54.441724,-17.611189,2.814275,14.5613,0,0,0,0,0,0,0,0,1780912598,0
123,76.069565,113.891173,0.065448,12.055568,0,0,0,0,0,0,0,0,1780912598,0
123,-35.009203,6.507426,-1.037822,8.932751,0,0,0,0,0,0,0,0,1780912598,0
124,-164.151689,-127.680184,1.363194,13.289734,0,0,0,0,0,0,0,0,1780912598,0
124,-54.658638,-18.445187,-2.283209,11.419785,0,0,0,0,0,0,0,0,1780912598,0
125,76.955921,116.097714,1.778322,5.402285,0,0,0,0,0,0,0,0,1780912598,0
125,-30.491404,7.289065,4.736583,9.400239,0,0,0,0,0,0,0,0,1780912598,0
126,-170.049511,-126.891066,1.86808,9.643332,0,0,0,0,0,0,0,0,1780912598,0
126,-58.219023,-13.45242,5.869773,10.922378,0,0,0,0,0,0,0,0,1780912598,0
127,76.151843,115.951858,6.494336,7.49289,0,0,0,0,0,0,0,0,1780912598,0
127,-27.637861,9.058038,7.994036,11.071974,0,0,0,0,0,0,0,0,1780912598,0
128,-165.501793,-125.458684,6.651412,5.551881,0,0,0,0,0,0,0,0,1780912598,0
128,-51.292728,-10.47172,5.424725,9.72935,0,0,0,0,0,0,0,0,1780912598,0
129,82.98464,119.878753,4.13072,11.386125,0,0,0,0,0,0,0,0,1780912598,0
129,-28.752351,15.756199,6.150265,12.822247,0,0,0,0,0,0,0,0,1780912598,0
130,-166.231073,-124.47135,3.494937,2.739477,0,0,0,0,0,0,0,0,1780912598,0
130,-52.998122,-13.489819,4.10828,12.975583,0,0,0,0,0,0,0,0,1780912598,0
131,84.536699,122.040415,2.051335,5.61546,0,0,0,0,0,0,0,0,1780912598,0
131,-28.879507,12.70444,3.925025,13.166318,0,0,0,0,0,0,0,0,1780912598,0
132,-159.353397,-117.795629,7.335814,5.952051,0,0,0,0,0,0,0,0,1780912598,0
132,-45.477183,0.037399,4.624386,9.142185,0,0,0,0,0,0,0,0,1780912598,0
133,93.792951,134.468103,8.633559,11.819954,0,0,0,0,0,0,0,0,1780912598,0
133,-18.209573,25.42758,7.986556,12.893305,0,0,0,0,0,0,0,0,1780912598,0
134,-145.160477,-94.226779,5.308788,7.219877,0,0,0,0,0,0,0,0,1780912598,0
134,-22.013051,27.596722,6.434498,10.496029,0,0,0,0,0,0,0,0,1780912598,0
135,115.757383,166.851897,3.513636,9.643332,0,0,0,0,0,0,0,0,1780912598,0
135,6.002539,66.308426,9.744309,8.58868,0,0,0,0,0,0,0,0,1780912598,0
136,-119.459884,-53.637645,7.365733,7.780862,0,0,0,0,0,0,0,0,1780912598,0
136,5.535052,71.809819,5.129273,7.406872,0,0,0,0,0,0,0,0,1780912598,0
137,151.507087,223.511381,3.969904,12.478176,0,0,0,0,0,0,0,0,1780912598,0
137,55.369219,129.026548,-1.965317,13.499169,0,0,0,0,0,0,0,0,1780912598,0
138,-75.183209,3.493067,3.37526,8.723317,0,0,0,0,0,0,0,0,1780912598,0
138,53.854559,133.570527,5.847334,10.309034,0,0,0,0,0,0,0,0,1780912598,0
139,187.634521,259.717352,6.258723,7.668665,0,0,0,0,0,0,0,0,1780912598,0
139,74.128557,144.236722,5.061955,10.249196,0,0,0,0,0,0,0,0,1780912598,0
140,-58.361139,1.421162,0.779769,15.017568,0,0,0,0,0,0,0,0,1780912598,0
140,49.822947,118.86898,7.911758,14.056414,0,0,0,0,0,0,0,0,1780912598,0
141,168.822824,247.031612,2.62354,10.679284,0,0,0,0,0,0,0,0,1780912598,0
141,54.419284,112.357814,1.823201,10.941077,0,0,0,0,0,0,0,0,1780912598,0
142,-84.48808,-20.20294,5.151712,11.984509,0,0,0,0,0,0,0,0,1780912598,0
142,24.410327,87.390242,5.106833,8.20721,0,0,0,0,0,0,0,0,1780912598,0
143,147.034167,203.772189,1.639946,10.383832,0,0,0,0,0,0,0,0,1780912598,0
143,24.144794,77.101777,12.070527,12.825987,0,0,0,0,0,0,0,0,1780912598,0
144,-110.768357,-68.40277,3.263063,5.095614,0,0,0,0,0,0,0,0,1780912598,0
144,2.2402,41.236137,5.110573,16.737922,0,0,0,0,0,0,0,0,1780912598,0
145,124.965017,149.749334,0.503017,11.038315,0,0,0,0,0,0,0,0,1780912598,0
145,0.347811,27.832335,3.150866,10.615706,0,0,0,0,0,0,0,0,1780912598,0
146,-124.508749,-103.030504,4.624386,7.552728,0,0,0,0,0,0,0,0,1780912598,0
146,-17.57379,0.901316,4.942278,10.10334,0,0,0,0,0,0,0,0,1780912598,0
147,111.306902,123.543855,6.180185,6.195144,0,0,0,0,0,0,0,0,1780912598,0
147,-4.4804,2.898422,8.042655,10.133259,0,0,0,0,0,0,0,0,1780912598,0
148,-145.239015,-141.970342,3.74551,9.366579,0,0,0,0,0,0,0,0,1780912598,0
148,-25.109688,-30.689619,1.295875,9.254382,0,0,0,0,0,0,0,0,1780912598,0
149,103.815883,74.887757,4.811381,5.488303,0,0,0,0,0,0,0,0,1780912598,0
149,-11.268319,-23.235998,7.900539,13.162578,0,0,0,0,0,0,0,0,1780912598,0
150,-148.103778,-136.184717,7.421831,12.380939,0,0,0,0,0,0,0,0,1780912598,0
150,-33.614221,-28.198846,0.057968,11.59182,0,0,0,0,0,0,0,0,1780912598,0
151,96.691373,92.442847,3.880146,10.503509,0,0,0,0,0,0,0,0,1780912598,0
151,-27.940793,-21.945733,3.652012,14.280808,0,0,0,0,0,0,0,0,1780912598,0
152,-150.717968,-152.595398,2.739477,9.766749,0,0,0,0,0,0,0,0,1780912598,0
152,-26.938499,-30.966372,2.862893,11.154252,0,0,0,0,0,0,0,0,1780912598,0
153,101.721539,92.626102,-0.910666,11.924671,0,0,0,0,0,0,0,0,1780912598,0
153,-24.320569,-26.841262,5.817414,11.677838,0,0,0,0,0,0,0,0,1780912598,0
154,-144.491035,-146.880831,2.709558,8.5812,0,0,0,0,0,0,0,0,1780912598,0
154,-30.454005,-30.914013,5.409765,9.104786,0,0,0,0,0,0,0,0,1780912598,0
155,93.84157,95.827457,1.819461,11.58434,0,0,0,0,0,0,0,0,1780912598,0
155,-21.089296,-31.201985,5.761316,15.791728,0,0,0,0,0,0,0,0,1780912598,0
156,-151.679123,-161.170989,7.290935,8.872913,0,0,0,0,0,0,0,0,1780912598,0
156,-37.642093,-32.383794,3.049888,11.801254,0,0,0,0,0,0,0,0,1780912598,0
157,93.733113,109.377114,-0.286102,11.730196,0,0,0,0,0,0,0,0,1780912598,0
157,-28.146487,-18.632182,4.575768,14.57626,0,0,0,0,0,0,0,0,1780912598,0
158,-159.461854,-146.188949,5.417245,10.787741,0,0,0,0,0,0,0,0,1780912598,0
158,-34.160246,-28.815929,4.227957,10.884979,0,0,0,0,0,0,0,0,1780912598,0
159,86.646002,89.978253,2.070035,12.69509,0,0,0,0,0,0,0,0,1780912598,0
159,-29.470412,-23.467872,5.473344,11.498322,0,0,0,0,0,0,0,0,1780912598,0
160,-154.525186,-146.585379,4.912359,14.628619,0,0,0,0,0,0,0,0,1780912598,0
160,-40.188965,-27.30127,-0.514236,10.813921,0,0,0,0,0,0,0,0,1780912598,0
161,88.063424,100.57339,2.537522,7.212397,0,0,0,0,0,0,0,0,1780912598,0
161,-37.720631,-27.809896,5.005856,10.11082,0,0,0,0,0,0,0,0,1780912598,0
162,-153.291019,-143.720615,0.263663,10.387572,0,0,0,0,0,0,0,0,1780912598,0
162,-29.799523,-29.582609,1.912959,6.258723,0,0,0,0,0,0,0,0,1780912598,0
163,88.411235,104.107595,5.174152,7.721023,0,0,0,0,0,0,0,0,1780912598,0
163,-31.564756,-15.662701,2.638499,11.442224,0,0,0,0,0,0,0,0,1780912598,0
164,-148.245894,-140.119092,1.202378,9.841547,0,0,0,0,0,0,0,0,1780912598,0
164,-28.625194,-19.036091,2.713297,8.061354,0,0,0,0,0,0,0,0,1780912598,0
165,97.9405,101.590642,8.483963,6.284902,0,0,0,0,0,0,0,0,1780912598,0
165,-22.701193,-14.073244,4.613167,10.585787,0,0,0,0,0,0,0,0,1780912598,0
166,-151.881077,-141.630011,7.302155,12.624032,0,0,0,0,0,0,0,0,1780912598,0
166,-24.713259,-29.317076,-2.444025,9.628372,0,0,0,0,0,0,0,0,1780912598,0
167,91.414375,99.05125,1.789542,12.141585,0,0,0,0,0,0,0,0,1780912598,0
167,-30.360508,-17.300777,4.11576,12.410858,0,0,0,0,0,0,0,0,1780912598,0
168,-148.724602,-129.494036,3.016229,9.519915,0,0,0,0,0,0,0,0,1780912598,0
168,-23.576329,-3.145256,0.805948,9.366579,0,0,0,0,0,0,0,0,1780912598,0
169,101.751458,108.02327,0.712451,9.789188,0,0,0,0,0,0,0,0,1780912598,0
169,-31.145887,-10.991566,1.935398,13.252335,0,0,0,0,0,0,0,0,1780912598,0
170,-146.712535,-136.139838,1.344494,8.469003,0,0,0,0,0,0,0,0,1780912598,0
170,-22.686233,-6.918815,5.839854,12.253782,0,0,0,0,0,0,0,0,1780912598,0
171,95.651681,105.985025,3.289242,7.227357,0,0,0,0,0,0,0,0,1780912598,0
171,-22.345902,-5.852943,6.576614,10.488549,0,0,0,0,0,0,0,0,1780912598,0
172,-141.861885,-124.800462,2.922732,7.612566,0,0,0,0,0,0,0,0,1780912598,0
172,-21.481985,-1.237907,4.643086,7.343294,0,0,0,0,0,0,0,0,1780912598,0
173,107.866195,123.319461,5.903432,11.341247,0,0,0,0,0,0,0,0,1780912598,0
173,-20.468472,7.823871,10.944817,11.303848,0,0,0,0,0,0,0,0,1780912598,0
174,-140.642678,-118.442632,9.33292,11.94711,0,0,0,0,0,0,0,0,1780912598,0
174,-14.839923,9.963093,8.087534,15.193344,0,0,0,0,0,0,0,0,1780912598,0
175,107.163093,123.944024,3.420139,13.113959,0,0,0,0,0,0,0,0,1780912598,0
175,-22.177607,3.044279,1.516529,11.191651,0,0,0,0,0,0,0,0,1780912598,0
176,-133.630365,-117.926525,-0.00935,6.071728,0,0,0,0,0,0,0,0,1780912598,0
176,-8.033305,-7.300285,5.529442,8.080054,0,0,0,0,0,0,0,0,1780912598,0
177,105.233305,121.284956,1.729704,10.582047,0,0,0,0,0,0,0,0,1780912598,0
177,-20.532051,15.636522,0.327241,7.952897,0,0,0,0,0,0,0,0,1780912598,0
178,-144.962262,-104.956552,0.536676,5.723917,0,0,0,0,0,0,0,0,1780912598,0
178,-19.578376,14.114382,4.721624,7.287195,0,0,0,0,0,0,0,0,1780912598,0
179,102.03943,133.06938,4.433651,6.898245,0,0,0,0,0,0,0,0,1780912598,0
179,-26.17556,7.636876,6.389619,9.845287,0,0,0,0,0,0,0,0,1780912598,0
180,-150.63943,-123.629873,1.610027,6.883286,0,0,0,0,0,0,0,0,1780912598,0
180,-20.756445,11.806864,3.322901,9.321701,0,0,0,0,0,0,0,0,1780912598,0
181,98.916614,124.830381,2.918992,9.269342,0,0,0,0,0,0,0,0,1780912599,0
181,-31.288003,-9.34975,1.610027,6.520516,0,0,0,0,0,0,0,0,1780912599,0
182,-150.605771,-129.531435,4.388773,8.065094,0,0,0,0,0,0,0,0,1780912599,0
182,-19.133328,2.935821,6.778569,12.72127,0,0,0,0,0,0,0,0,1780912599,0
183,100.909981,128.989149,4.302755,10.45489,0,0,0,0,0,0,0,0,1780912599,0
183,-27.465825,3.635183,3.064848,15.212043,0,0,0,0,0,0,0,0,1780912599,0
184,-144.169403,-113.131974,-0.491797,12.534275,0,0,0,0,0,0,0,0,1780912599,0
184,-19.776591,16.739792,5.536922,10.383832,0,0,0,0,0,0,0,0,1780912599,0
185,102.645294,131.263009,7.698584,8.674698,0,0,0,0,0,0,0,0,1780912599,0
185,-23.067703,7.210527,-0.959284,18.278761,0,0,0,0,0,0,0,0,1780912599,0
186,-141.974082,-107.069596,2.010196,12.653952,0,0,0,0,0,0,0,0,1780912599,0
186,-13.179407,26.111981,8.644779,10.645625,0,0,0,0,0,0,0,0,1780912599,0
187,103.254898,138.353859,0.409519,13.07282,0,0,0,0,0,0,0,0,1780912599,0
187,-26.18304,11.799384,6.165225,10.518469,0,0,0,0,0,0,0,0,1780912599,0
188,-144.442416,-110.607541,-2.414105,6.187664,0,0,0,0,0,0,0,0,1780912599,0
188,-15.557984,22.929327,1.580108,10.47359,0,0,0,0,0,0,0,0,1780912599,0
189,104.369388,132.788888,1.516529,5.761316,0,0,0,0,0,0,0,0,1780912599,0
189,-36.161093,-2.053205,6.056768,9.546095,0,0,0,0,0,0,0,0,1780912599,0
190,-151.720261,-109.190119,3.102247,13.566487,0,0,0,0,0,0,0,0,1780912599,0
190,-15.748719,21.560523,5.866033,8.405425,0,0,0,0,0,0,0,0,1780912599,0
191,104.859315,140.631458,-0.712451,8.786895,0,0,0,0,0,0,0,0,1780912599,0
191,-26.93102,-0.243093,8.394205,16.214336,0,0,0,0,0,0,0,0,1780912599,0
192,-144.31152,-108.524417,7.646225,10.256676,0,0,0,0,0,0,0,0,1780912599,0
192,-12.274352,31.4189,7.212397,11.090673,0,0,0,0,0,0,0,0,1780912599,0
193,102.476999,137.071073,5.750096,13.861939,0,0,0,0,0,0,0,0,1780912599,0
193,-27.30501,11.612389,2.387926,11.767595,0,0,0,0,0,0,0,0,1780912599,0
194,-142.710842,-108.954505,0.140246,11.258969,0,0,0,0,0,0,0,0,1780912599,0
194,-6.096037,23.823163,6.838407,12.878345,0,0,0,0,0,0,0,0,1780912599,0
195,101.811296,139.505748,6.486856,11.475883,0,0,0,0,0,0,0,0,1780912599,0
195,-29.638707,16.369542,6.591574,11.692797,0,0,0,0,0,0,0,0,1780912599,0
196,-140.867072,-104.993951,6.849627,11.015875,0,0,0,0,0,0,0,0,1780912599,0
196,-1.181808,28.711212,5.899692,5.290088,0,0,0,0,0,0,0,0,1780912599,0
197,112.739284,140.343486,2.788095,11.834913,0,0,0,0,0,0,0,0,1780912599,0
197,-23.92788,0.059838,6.498076,13.768442,0,0,0,0,0,0,0,0,1780912599,0
198,-138.825086,-92.491466,0.319761,8.113713,0,0,0,0,0,0,0,0,1780912599,0
198,3.070458,44.631966,2.941431,11.786295,0,0,0,0,0,0,0,0,1780912599,0
199,110.222331,153.952982,-0.028049,9.71813,0,0,0,0,0,0,0,0,1780912599,0
199,-26.852482,10.026672,4.370073,9.389019,0,0,0,0,0,0,0,0,1780912599,0
200,-140.074213,-109.358415,6.655152,12.294921,0,0,0,0,0,0,0,0,1780912599,0
200,-7.547118,29.036583,8.21843,16.883778,0,0,0,0,0,0,0,0,1780912599,0
0,99.473859,141.110165,1.997107,6.195144,0,0,0,0,0,0,0,0,1780912599,0
101,-22.903147,8.900962,6.006279,8.828034,0,0,0,0,0,0,0,0,1780912599,0
101,-139.595506,-102.252605,0.250573,13.181277,0,0,0,0,0,0,0,0,1780912599,0
102,-11.791905,34.653913,4.745933,12.964363,0,0,0,0,0,0,0,0,1780912599,0
102,105.498838,138.750288,4.431781,11.902232,0,0,0,0,0,0,0,0,1780912599,0
103,-26.044663,-2.288819,5.763186,10.611966,0,0,0,0,0,0,0,0,1780912599,0
103,-142.677183,-113.154413,2.176622,7.294675,0,0,0,0,0,0,0,0,1780912599,0
104,-18.632182,47.571527,0.138376,2.305648,0,0,0,0,0,0,0,0,1780912599,0
104,103.471812,152.045633,1.533359,12.930704,0,0,0,0,0,0,0,0,1780912599,0
105,-31.699392,16.003032,5.067564,11.445964,0,0,0,0,0,0,0,0,1780912599,0
105,-146.933189,-98.273351,3.208834,10.507249,0,0,0,0,0,0,0,0,1780912599,0
106,0.123417,37.215744,-0.920015,6.277422,0,0,0,0,0,0,0,0,1780912599,0
106,108.999384,146.764894,4.925448,10.660585,0,0,0,0,0,0,0,0,1780912599,0
107,-31.886387,13.175668,2.60297,10.241716,0,0,0,0,0,0,0,0,1780912599,0
107,-144.438676,-102.589196,5.516352,12.923224,0,0,0,0,0,0,0,0,1780912599,0
108,-1.653036,22.577776,7.569558,9.867726,0,0,0,0,0,0,0,0,1780912599,0
108,107.103255,149.102331,0.804078,8.457784,0,0,0,0,0,0,0,0,1780912599,0
109,-24.705779,18.246972,6.683201,11.928411,0,0,0,0,0,0,0,0,1780912599,0
109,-132.399938,-92.379269,5.897822,4.837561,0,0,0,0,0,0,0,0,1780912599,0
110,4.678615,35.974098,3.010619,8.895352,0,0,0,0,0,0,0,0,1780912599,0
110,109.552889,158.732574,4.641216,6.74117,0,0,0,0,0,0,0,0,1780912599,0
111,-33.63666,18.31803,5.082524,15.167164,0,0,0,0,0,0,0,0,1780912599,0
111,-143.398984,-100.214359,3.276152,6.191404,0,0,0,0,0,0,0,0,1780912599,0
112,0.164556,42.040215,9.009419,12.69135,0,0,0,0,0,0,0,0,1780912599,0
112,106.710565,132.276522,0.022439,8.20721,0,0,0,0,0,0,0,0,1780912599,0
113,-37.039969,8.190381,2.947041,8.719577,0,0,0,0,0,0,0,0,1780912599,0
113,-137.089773,-84.050512,6.137176,14.781955,0,0,0,0,0,0,0,0,1780912599,0
114,3.324771,46.35232,3.399569,9.890165,0,0,0,0,0,0,0,0,1780912599,0
114,108.909627,154.74584,3.964294,8.536322,0,0,0,0,0,0,0,0,1780912599,0
115,-27.974452,12.663301,4.521539,7.825741,0,0,0,0,0,0,0,0,1780912599,0
115,-141.861885,-92.282031,-1.181808,12.025648,0,0,0,0,0,0,0,0,1780912599,0
116,3.975514,40.129127,-3.407049,11.131812,0,0,0,0,0,0,0,0,1780912599,0
116,112.855221,153.728588,8.055745,13.981616,0,0,0,0,0,0,0,0,1780912599,0
117,-26.082062,20.064563,4.85439,11.281408,0,0,0,0,0,0,0,0,1780912599,0
117,-130.799261,-86.141116,2.763786,11.116853,0,0,0,0,0,0,0,0,1780912599,0
118,27.058176,65.519307,0.430088,7.706064,0,0,0,0,0,0,0,0,1780912599,0
118,144.068426,191.479138,4.289665,11.924671,0,0,0,0,0,0,0,0,1780912599,0
119,12.094836,62.026241,3.033059,16.031081,0,0,0,0,0,0,0,0,1780912599,0
119,-82.337637,-33.849834,5.938961,15.204563,0,0,0,0,0,0,0,0,1780912599,0
120,72.647557,114.710211,3.463147,10.772782,0,0,0,0,0,0,0,0,1780912599,0
120,198.098761,240.584024,5.751966,14.19479,0,0,0,0,0,0,0,0,1780912599,0
121,72.583978,121.991797,5.198461,4.280315,0,0,0,0,0,0,0,0,1780912599,0
121,-31.744271,19.215606,1.073351,10.884979,0,0,0,0,0,0,0,0,1780912599,0
122,90.228826,159.790966,3.235013,9.594713,0,0,0,0,0,0,0,0,1780912599,0
122,215.448157,279.194751,7.808911,12.646472,0,0,0,0,0,0,0,0,1780912599,0
123,81.85145,131.390165,6.200754,9.463817,0,0,0,0,0,0,0,0,1780912599,0
123,-24.073736,26.751504,7.83883,8.521362,0,0,0,0,0,0,0,0,1780912599,0
124,118.330435,157.449788,6.327911,11.22905,0,0,0,0,0,0,0,0,1780912599,0
124,208.641539,256.007372,5.823024,14.886672,0,0,0,0,0,0,0,0,1780912599,0
125,36.123694,109.855821,7.760292,15.518715,0,0,0,0,0,0,0,0,1780912599,0
125,-61.712089,-31.078569,3.594044,13.746002,0,0,0,0,0,0,0,0,1780912599,0
126,68.481308,104.616221,8.900962,8.61112,0,0,0,0,0,0,0,0,1780912599,0
126,177.817283,224.218222,2.872243,6.427018,0,0,0,0,0,0,0,0,1780912599,0
127,21.654021,81.024933,3.38087,11.019615,0,0,0,0,0,0,0,0,1780912599,0
127,-93.774251,-38.1395,2.184102,11.367426,0,0,0,0,0,0,0,0,1780912599,0
128,42.24591,80.460208,4.446741,6.105387,0,0,0,0,0,0,0,0,1780912599,0
128,130.903978,168.130942,7.311504,9.130966,0,0,0,0,0,0,0,0,1780912599,0
129,-11.885402,30.020177,7.696714,14.015275,0,0,0,0,0,0,0,0,1780912599,0
129,-126.808788,-83.698961,2.038245,6.438238,0,0,0,0,0,0,0,0,1780912599,0
130,6.211974,49.366679,3.818438,7.623786,0,0,0,0,0,0,0,0,1780912599,0
130,115.031843,147.823286,1.144409,7.504109,0,0,0,0,0,0,0,0,1780912599,0
131,-36.99135,7.797691,1.671735,7.055321,0,0,0,0,0,0,0,0,1780912599,0
131,-143.312966,-105.985025,3.268673,4.291535,0,0,0,0,0,0,0,0,1780912599,0
132,3.564125,44.47863,2.894683,2.309388,0,0,0,0,0,0,0,0,1780912599,0
132,104.990211,145.605525,5.497653,9.452597,0,0,0,0,0,0,0,0,1780912599,0
133,-47.018022,-0.284232,-1.529619,14.318207,0,0,0,0,0,0,0,0,1780912599,0
133,-156.843924,-106.115921,0.886356,7.388172,0,0,0,0,0,0,0,0,1780912599,0
134,-9.899515,35.588888,5.886603,6.004409,0,0,0,0,0,0,0,0,1780912599,0
134,92.311951,131.259269,8.60925,9.370319,0,0,0,0,0,0,0,0,1780912599,0
135,-56.349073,-11.58995,7.909888,7.298415,0,0,0,0,0,0,0,0,1780912599,0
135,-156.350258,-113.363847,7.382563,13.274775,0,0,0,0,0,0,0,0,1780912599,0
136,-13.515998,30.315629,4.4804,10.316514,0,0,0,0,0,0,0,0,1780912599,0
136,93.564817,137.388965,2.730127,8.910312,0,0,0,0,0,0,0,0,1780912599,0
137,-58.809927,-8.927141,-2.954521,14.609919,0,0,0,0,0,0,0,0,1780912599,0
137,-153.433136,-125.499823,7.999646,10.870019,0,0,0,0,0,0,0,0,1780912599,0
138,-12.805417,31.145887,2.883463,12.433297,0,0,0,0,0,0,0,0,1780912599,0
138,82.962201,136.207156,3.163955,13.510389,0,0,0,0,0,0,0,0,1780912599,0
139,-65.571666,-15.771158,2.932082,7.302155,0,0,0,0,0,0,0,0,1780912599,0
139,-163.437368,-111.669673,2.666549,9.617153,0,0,0,0,0,0,0,0,1780912599,0
140,-22.933067,31.078569,3.463147,7.571427,0,0,0,0,0,0,0,0,1780912599,0
140,85.041585,126.745209,5.841724,6.640192,0,0,0,0,0,0,0,0,1780912599,0
141,-59.168957,-14.19666,3.014359,11.96581,0,0,0,0,0,0,0,0,1780912599,0
141,-154.40177,-112.873921,3.38087,6.172705,0,0,0,0,0,0,0,0,1780912599,0
142,-15.187734,27.316229,-0.317891,8.756976,0,0,0,0,0,0,0,0,1780912599,0
142,79.787026,134.883232,6.473767,9.422678,0,0,0,0,0,0,0,0,1780912599,0
143,-68.387811,-11.238399,3.975514,7.46297,0,0,0,0,0,0,0,0,1780912599,0
143,-162.375236,-119.486064,9.439507,11.838653,0,0,0,0,0,0,0,0,1780912599,0
144,-15.943194,34.141547,4.304625,11.139292,0,0,0,0,0,0,0,0,1780912599,0
144,88.276599,127.231396,5.946441,10.772782,0,0,0,0,0,0,0,0,1780912599,0
145,-62.561046,-19.608295,4.450481,9.389019,0,0,0,0,0,0,0,0,1780912599,0
145,-161.773112,-110.831935,4.371943,9.086087,0,0,0,0,0,0,0,0,1780912599,0
146,-12.536145,38.191858,3.384609,5.570581,0,0,0,0,0,0,0,0,1780912599,0
146,85.251019,133.656545,6.253113,12.444517,0,0,0,0,0,0,0,0,1780912599,0
147,-58.473336,-12.106056,4.880569,15.096106,0,0,0,0,0,0,0,0,1780912599,0
147,-164.316244,-123.618653,3.874536,9.744309,0,0,0,0,0,0,0,0,1780912599,0
148,-9.428288,39.717738,3.485587,10.380092,0,0,0,0,0,0,0,0,1780912599,0
148,84.072951,134.505502,1.705394,4.287795,0,0,0,0,0,0,0,0,1780912599,0
149,-55.616052,-6.193274,8.366156,12.250042,0,0,0,0,0,0,0,0,1780912599,0
149,-162.551012,-109.317276,6.847757,9.445117,0,0,0,0,0,0,0,0,1780912599,0
150,-9.630242,37.189565,4.880569,11.367426,0,0,0,0,0,0,0,0,1780912599,0
150,89.768819,133.903378,4.401862,15.017568,0,0,0,0,0,0,0,0,1780912599,0
151,-59.318553,-13.09713,2.341177,9.624633,0,0,0,0,0,0,0,0,1780912599,0
151,-166.017899,-113.749057,-1.256606,11.763855,0,0,0,0,0,0,0,0,1780912599,0
152,-10.284725,40.727511,-0.841477,14.243409,0,0,0,0,0,0,0,0,1780912599,0
152,92.951473,138.148164,1.394983,13.746002,0,0,0,0,0,0,0,0,1780912599,0
153,-58.993182,-18.235752,-0.949935,12.500616,0,0,0,0,0,0,0,0,1780912599,0
153,-156.926202,-117.451558,4.884309,9.003809,0,0,0,0,0,0,0,0,1780912599,0
154,-10.299684,32.810142,4.252266,10.237976,0,0,0,0,0,0,0,0,1780912599,0
154,91.851943,139.45339,3.175175,6.172705,0,0,0,0,0,0,0,0,1780912599,0
155,-58.832366,-0.811558,2.109304,11.748896,0,0,0,0,0,0,0,0,1780912599,0
155,-150.437476,-107.196752,5.60237,12.796068,0,0,0,0,0,0,0,0,1780912599,0
156,-4.364463,35.098961,6.264332,8.771935,0,0,0,0,0,0,0,0,1780912599,0
156,98.770758,141.502855,3.324771,8.846733,0,0,0,0,0,0,0,0,1780912599,0
157,-59.314813,-11.758245,5.194721,14.703417,0,0,0,0,0,0,0,0,1780912599,0
157,-153.874444,-108.569296,2.804925,8.487703,0,0,0,0,0,0,0,0,1780912599,0
158,-2.086864,48.027795,5.153582,7.896799,0,0,0,0,0,0,0,0,1780912599,0
158,91.653728,144.760308,2.124263,14.718376,0,0,0,0,0,0,0,0,1780912599,0
159,-54.037814,-14.95212,0.587164,15.002609,0,0,0,0,0,0,0,0,1780912599,0
159,-147.894344,-104.616221,2.733867,7.530289,0,0,0,0,0,0,0,0,1780912599,0
160,-1.200508,40.181485,4.327064,14.134952,0,0,0,0,0,0,0,0,1780912599,0
160,102.450819,134.490542,7.057191,10.383832,0,0,0,0,0,0,0,0,1780912599,0
161,-52.018268,6.36157,6.877676,4.579507,0,0,0,0,0,0,0,0,1780912599,0
161,-146.985548,-97.476752,4.989027,13.970396,0,0,0,0,0,0,0,0,1780912599,0
162,5.815544,47.283555,5.864163,10.537168,0,0,0,0,0,0,0,0,1780912599,0
162,100.023624,144.083386,3.541685,14.456583,0,0,0,0,0,0,0,0,1780912599,0
163,-50.585887,-7.704194,3.339731,11.023355,0,0,0,0,0,0,0,0,1780912599,0
163,-145.586825,-97.854482,6.671982,7.941678,0,0,0,0,0,0,0,0,1780912599,0
164,-1.383763,56.420131,5.269519,14.535121,0,0,0,0,0,0,0,0,1780912599,0
164,99.859069,142.505148,4.345764,9.912605,0,0,0,0,0,0,0,0,1780912599,0
165,-50.45873,-6.642062,7.442401,11.071974,0,0,0,0,0,0,0,0,1780912599,0
165,-141.644971,-105.4016,5.015206,10.933598,0,0,0,0,0,0,0,0,1780912599,0
166,8.713967,54.804494,3.75112,7.126379,0,0,0,0,0,0,0,0,1780912599,0
166,96.844709,148.975175,5.340577,6.318561,0,0,0,0,0,0,0,0,1780912599,0
167,-53.81342,-7.251666,-0.246833,9.72561,0,0,0,0,0,0,0,0,1780912599,0
167,-146.682616,-92.809357,7.790212,11.094413,0,0,0,0,0,0,0,0,1780912599,0
168,0.284232,50.810281,4.46918,4.164379,0,0,0,0,0,0,0,0,1780912599,0
168,100.491112,146.054313,4.906749,13.012982,0,0,0,0,0,0,0,0,1780912599,0
169,-65.107918,-6.709381,2.745087,6.284902,0,0,0,0,0,0,0,0,1780912599,0
169,-145.39983,-109.971758,8.194121,9.306741,0,0,0,0,0,0,0,0,1780912599,0
170,7.356383,46.853467,2.479554,10.810181,0,0,0,0,0,0,0,0,1780912599,0
170,97.353336,151.503347,5.916522,14.254629,0,0,0,0,0,0,0,0,1780912599,0
171,-55.455237,-1.394983,6.327911,11.96955,0,0,0,0,0,0,0,0,1780912599,0
171,-145.994475,-99.372882,2.823624,13.128919,0,0,0,0,0,0,0,0,1780912599,0
172,3.489327,50.619546,2.838584,15.193344,0,0,0,0,0,0,0,0,1780912599,0
172,97.843263,143.380285,6.152135,7.290935,0,0,0,0,0,0,0,0,1780912599,0
173,-54.96905,-6.324171,1.593197,11.034575,0,0,0,0,0,0,0,0,1780912599,0
173,-146.847172,-98.890435,3.37713,10.428711,0,0,0,0,0,0,0,0,1780912599,0
174,5.142362,50.47369,3.496806,9.497476,0,0,0,0,0,0,0,0,1780912599,0
174,98.232212,151.78758,2.797445,10.208057,0,0,0,0,0,0,0,0,1780912599,0
175,-56.371512,11.025225,2.494513,11.049534,0,0,0,0,0,0,0,0,1780912599,0
175,-147.497914,-84.753613,6.028719,7.605087,0,0,0,0,0,0,0,0,1780912599,0
176,16.201247,64.457176,4.603817,7.85192,0,0,0,0,0,0,0,0,1780912599,0
176,105.943886,151.873597,4.674875,7.204917,0,0,0,0,0,0,0,0,1780912599,0
177,-58.394798,-1.746533,3.829658,9.475037,0,0,0,0,0,0,0,0,1780912599,0
177,-141.895544,-97.592689,0.071058,8.109973,0,0,0,0,0,0,0,0,1780912599,0
178,12.69696,56.345333,6.219454,6.322301,0,0,0,0,0,0,0,0,1780912599,0
178,100.292897,153.530373,7.928588,9.886426,0,0,0,0,0,0,0,0,1780912599,0
179,-53.0991,0.587164,4.446741,9.029988,0,0,0,0,0,0,0,0,1780912599,0
179,-141.424317,-86.410388,6.705641,15.814167,0,0,0,0,0,0,0,0,1780912599,0
180,18.733159,59.565387,-1.013513,12.754929,0,0,0,0,0,0,0,0,1780912600,0
180,100.012405,152.344825,6.645802,6.557915,0,0,0,0,0,0,0,0,1780912600,0
181,-51.756475,-6.081077,6.511166,10.525948,0,0,0,0,0,0,0,0,1780912600,0
181,-140.609019,-111.01519,2.113043,9.317961,0,0,0,0,0,0,0,0,1780912600,0
182,9.742439,64.071966,-1.196768,11.154252,0,0,0,0,0,0,0,0,1780912600,0
182,99.82915,151.600585,5.763186,10.84758,0,0,0,0,0,0,0,0,1780912600,0
183,-54.980269,-12.442647,6.507426,9.546095,0,0,0,0,0,0,0,0,1780912600,0
183,-143.440123,-91.511612,2.359877,14.598699,0,0,0,0,0,0,0,0,1780912600,0
184,7.715414,60.623778,1.552058,7.08898,0,0,0,0,0,0,0,0,1780912600,0
184,100.55095,153.620131,5.430335,11.928411,0,0,0,0,0,0,0,0,1780912600,0
185,-56.180777,-13.201847,2.101824,7.683624,0,0,0,0,0,0,0,0,1780912600,0
185,-147.546533,-110.214852,8.261439,9.979923,0,0,0,0,0,0,0,0,1780912600,0
186,12.184594,57.669257,3.466887,6.37092,0,0,0,0,0,0,0,0,1780912600,0
186,108.961985,165.408295,2.296299,11.20661,0,0,0,0,0,0,0,0,1780912600,0
187,-52.231443,8.246479,6.253113,12.500616,0,0,0,0,0,0,0,0,1780912600,0
187,-141.098946,-88.444894,1.193028,9.235683,0,0,0,0,0,0,0,0,1780912600,0
188,14.379915,73.63863,-2.838584,13.031681,0,0,0,0,0,0,0,0,1780912600,0
188,98.479046,162.285479,5.419115,12.003209,0,0,0,0,0,0,0,0,1780912600,0
189,-66.674936,-6.062378,6.556045,13.031681,0,0,0,0,0,0,0,0,1780912600,0
189,-145.216575,-74.106118,5.826764,13.936737,0,0,0,0,0,0,0,0,1780912600,0
190,10.565217,75.811512,0.800339,8.828034,0,0,0,0,0,0,0,0,1780912600,0
190,90.531758,160.796999,3.496806,8.364286,0,0,0,0,0,0,0,0,1780912600,0
191,-71.106718,-3.081678,0.01122,9.598453,0,0,0,0,0,0,0,0,1780912600,0
191,-154.973974,-93.998645,1.911089,5.503263,0,0,0,0,0,0,0,0,1780912600,0
192,7.221747,53.712443,5.22838,9.632112,0,0,0,0,0,0,0,0,1780912600,0
192,94.641908,150.594552,5.082524,12.567934,0,0,0,0,0,0,0,0,1780912600,0
193,-65.642724,-7.341424,3.586564,11.97703,0,0,0,0,0,0,0,0,1780912600,0
193,-146.035613,-93.504979,0.145856,10.006102,0,0,0,0,0,0,0,0,1780912600,0
194,11.459053,59.086679,3.261193,8.887872,0,0,0,0,0,0,0,0,1780912600,0
194,93.983686,157.775159,4.734713,9.418938,0,0,0,0,0,0,0,0,1780912600,0
195,-66.52534,-6.458807,3.048018,6.36718,0,0,0,0,0,0,0,0,1780912600,0
195,-141.136345,-100.139561,5.426595,8.869173,0,0,0,0,0,0,0,0,1780912600,0
196,6.612143,74.857838,3.848357,10.776522,0,0,0,0,0,0,0,0,1780912600,0
196,88.119523,166.017899,5.262039,12.545494,0,0,0,0,0,0,0,0,1780912600,0
197,-69.229288,1.50344,8.21282,12.728749,0,0,0,0,0,0,0,0,1780912600,0
197,-152.584178,-84.611497,5.396676,11.412305,0,0,0,0,0,0,0,0,1780912600,0
198,14.335037,62.288034,3.530466,10.518469,0,0,0,0,0,0,0,0,1780912600,0
198,95.954613,148.889157,7.505979,16.124579,0,0,0,0,0,0,0,0,1780912600,0
199,-62.082339,-14.129342,4.379423,11.827434,0,0,0,0,0,0,0,0,1780912600,0
199,-149.91015,-87.042432,-0.157076,7.86314,0,0,0,0,0,0,0,0,1780912600,0
200,11.57873,82.416175,2.651589,11.722716,0,0,0,0,0,0,0,0,1780912600,0
200,98.007818,157.434829,3.418269,12.309881,0,0,0,0,0,0,0,0,1780912600,0
0,-66.949819,0.686272,0.946195,12.236953,0,0,0,0,0,0,0,0,1780912600,0
101,-143.124101,-88.996529,0.347811,8.751366,0,0,0,0,0,0,0,0,1780912600,0
101,21.278161,73.580662,7.629396,13.680554,0,0,0,0,0,0,0,0,1780912600,0
102,98.615552,165.372766,3.575344,18.721939,0,0,0,0,0,0,0,0,1780912600,0
102,-60.049704,5.780015,5.542532,7.921108,0,0,0,0,0,0,0,0,1780912600,0
103,-147.021077,-84.49369,9.286172,18.856576,0,0,0,0,0,0,0,0,1780912600,0
103,10.391312,76.048996,4.992766,10.617576,0,0,0,0,0,0,0,0,1780912600,0
104,97.366425,161.187818,2.150442,9.596583,0,0,0,0,0,0,0,0,1780912600,0
104,-66.011104,0.37212,3.964294,11.94898,0,0,0,0,0,0,0,0,1780912600,0
105,-148.77135,-97.815213,1.941008,5.871643,0,0,0,0,0,0,0,0,1780912600,0
105,12.758669,74.930766,0.706841,9.611543,0,0,0,0,0,0,0,0,1780912600,0
106,96.539908,158.700785,3.825918,7.663055,0,0,0,0,0,0,0,0,1780912600,0
106,-60.008565,-3.711851,7.289065,9.749919,0,0,0,0,0,0,0,0,1780912600,0
107,-145.869188,-85.59696,4.46918,5.98384,0,0,0,0,0,0,0,0,1780912600,0
107,19.236175,75.667526,4.323324,9.252512,0,0,0,0,0,0,0,0,1780912600,0
108,97.358946,162.22377,4.076491,6.787918,0,0,0,0,0,0,0,0,1780912600,0
108,-62.738692,-1.954098,7.83509,10.984086,0,0,0,0,0,0,0,0,1780912600,0
109,-146.942539,-93.652705,1.832551,8.044525,0,0,0,0,0,0,0,0,1780912600,0
109,5.6192,66.975998,6.679461,9.387149,0,0,0,0,0,0,0,0,1780912600,0
110,103.496121,160.518376,5.452774,8.025825,0,0,0,0,0,0,0,0,1780912600,0
110,-69.085302,-1.696045,7.427441,9.768619,0,0,0,0,0,0,0,0,1780912600,0
111,-146.800423,-73.303909,2.902162,4.678615,0,0,0,0,0,0,0,0,1780912600,0
111,7.09646,89.452797,0.071058,3.773559,0,0,0,0,0,0,0,0,1780912600,0
112,87.496829,155.701385,6.544825,9.570404,0,0,0,0,0,0,0,0,1780912600,0
112,-81.830881,16.558407,7.562078,10.329604,0,0,0,0,0,0,0,0,1780912600,0
113,-162.033036,-68.05309,4.50284,7.730373,0,0,0,0,0,0,0,0,1780912600,0
113,-3.263063,77.313082,4.989027,12.135975,0,0,0,0,0,0,0,0,1780912600,0
114,80.540615,173.925917,1.907349,12.551104,0,0,0,0,0,0,0,0,1780912600,0
114,-80.503216,-7.792082,3.612743,14.551951,0,0,0,0,0,0,0,0,1780912600,0
115,-159.026156,-81.172659,3.938115,9.873336,0,0,0,0,0,0,0,0,1780912600,0
115,-7.238576,102.662124,6.36157,12.652082,0,0,0,0,0,0,0,0,1780912600,0
116,75.1215,171.371566,4.11763,11.829304,0,0,0,0,0,0,0,0,1780912600,0
116,-88.035375,9.235683,3.668842,13.774052,0,0,0,0,0,0,0,0,1780912600,0
117,-158.581108,-64.406687,4.891789,10.408142,0,0,0,0,0,0,0,0,1780912600,0
117,2.511343,95.773228,5.755706,10.389442,0,0,0,0,0,0,0,0,1780912600,0
118,78.936198,162.418245,3.564125,9.7013,0,0,0,0,0,0,0,0,1780912600,0
118,-83.813028,5.181631,6.675721,8.085664,0,0,0,0,0,0,0,0,1780912600,0
119,-157.37686,-82.055275,1.215467,6.238153,0,0,0,0,0,0,0,0,1780912600,0
119,8.080054,89.086287,7.947287,17.095083,0,0,0,0,0,0,0,0,1780912600,0
120,78.88384,162.721177,2.644109,6.821578,0,0,0,0,0,0,0,0,1780912600,0
120,-92.598053,-9.624633,4.641216,12.532405,0,0,0,0,0,0,0,0,1780912600,0
121,-166.274082,-86.389819,6.671982,13.587057,0,0,0,0,0,0,0,0,1780912600,0
121,-0.503017,74.37726,6.376529,8.534452,0,0,0,0,0,0,0,0,1780912600,0
122,78.206918,165.627079,4.424302,6.750519,0,0,0,0,0,0,0,0,1780912600,0
122,-81.692505,0.693751,5.486433,13.265425,0,0,0,0,0,0,0,0,1780912600,0
123,-160.492197,-83.902786,3.302332,11.840523,0,0,0,0,0,0,0,0,1780912600,0
123,4.990896,79.059615,1.308965,10.999046,0,0,0,0,0,0,0,0,1780912600,0
124,83.914005,161.644086,1.398723,8.949581,0,0,0,0,0,0,0,0,1780912600,0
124,-82.115113,8.756976,2.221501,10.980346,0,0,0,0,0,0,0,0,1780912600,0
125,-159.822755,-70.555083,2.415975,6.74304,0,0,0,0,0,0,0,0,1780912600,0
125,6.045548,84.785402,5.21716,10.374482,0,0,0,0,0,0,0,0,1780912600,0
126,81.47933,155.563009,6.653282,8.98324,0,0,0,0,0,0,0,0,1780912600,0
126,-82.111373,-6.887026,5.104963,11.488973,0,0,0,0,0,0,0,0,1780912600,0
127,-163.36818,-76.729657,1.716614,10.423101,0,0,0,0,0,0,0,0,1780912600,0
127,6.374659,86.288842,2.842324,12.382809,0,0,0,0,0,0,0,0,1780912600,0
128,89.789388,162.392066,3.814698,6.518646,0,0,0,0,0,0,0,0,1780912600,0
128,-78.913759,-11.644179,4.050312,8.298838,0,0,0,0,0,0,0,0,1780912600,0
129,-152.754344,-92.388619,-1.918569,11.500192,0,0,0,0,0,0,0,0,1780912600,0
129,9.108526,77.3804,5.007726,9.970573,0,0,0,0,0,0,0,0,1780912600,0
130,87.003163,156.580261,8.639169,13.041031,0,0,0,0,0,0,0,0,1780912600,0
130,-80.578014,2.365487,10.064071,16.481739,0,0,0,0,0,0,0,0,1780912600,0
131,-152.414013,-82.414305,2.281339,6.582224,0,0,0,0,0,0,0,0,1780912600,0
131,14.18731,84.647026,4.839431,12.472566,0,0,0,0,0,0,0,0,1780912600,0
132,83.147326,152.683286,3.646402,9.72374,0,0,0,0,0,0,0,0,1780912600,0
132,-85.97469,-20.803194,8.661608,12.607203,0,0,0,0,0,0,0,0,1780912600,0
133,-135.947233,-72.118361,6.253113,8.680308,0,0,0,0,0,0,0,0,1780912600,0
133,21.745648,85.043455,4.012913,4.648696,0,0,0,0,0,0,0,0,1780912600,0
134,90.952497,152.406533,2.262639,11.163601,0,0,0,0,0,0,0,0,1780912600,0
134,-69.264817,-10.230496,4.562678,8.829904,0,0,0,0,0,0,0,0,1780912600,0
135,-142.469619,-80.600454,5.138623,11.126202,0,0,0,0,0,0,0,0,1780912600,0
135,18.989342,84.654505,2.498253,12.027518,0,0,0,0,0,0,0,0,1780912600,0
136,97.620739,155.761223,5.138623,9.491866,0,0,0,0,0,0,0,0,1780912600,0
136,-75.532889,-12.164025,4.4991,11.866703,0,0,0,0,0,0,0,0,1780912600,0
137,-141.235452,-89.71833,-3.818438,9.581624,0,0,0,0,0,0,0,0,1780912600,0
137,26.742155,72.256737,2.584271,10.172528,0,0,0,0,0,0,0,0,1780912600,0
138,94.640038,155.248857,4.629996,6.888896,0,0,0,0,0,0,0,0,1780912600,0
138,-75.746064,-10.223017,5.490173,9.626502,0,0,0,0,0,0,0,0,1780912600,0
139,-137.106602,-76.108834,5.460254,7.629396,0,0,0,0,0,0,0,0,1780912600,0
139,25.687503,86.008349,4.951628,9.428288,0,0,0,0,0,0,0,0,1780912600,0
140,95.268342,149.089242,-1.967187,12.992412,0,0,0,0,0,0,0,0,1780912600,0
140,-72.15202,-7.395652,3.979254,12.240693,0,0,0,0,0,0,0,0,1780912600,0
141,-141.227972,-86.756329,8.388596,11.047664,0,0,0,0,0,0,0,0,1780912600,0
141,21.345479,86.475837,5.011466,10.561477,0,0,0,0,0,0,0,0,1780912600,0
142,96.652105,163.768349,7.85753,8.9795,0,0,0,0,0,0,0,0,1780912600,0
142,-73.225371,-8.248349,2.935821,11.526372,0,0,0,0,0,0,0,0,1780912600,0
143,-147.694259,-80.966964,-1.039692,14.050804,0,0,0,0,0,0,0,0,1780912600,0
143,25.122778,84.87516,5.871643,12.637122,0,0,0,0,0,0,0,0,1780912600,0
144,100.672497,152.219538,0.00374,12.528665,0,0,0,0,0,0,0,0,1780912600,0
144,-72.944879,-15.619692,5.99506,11.043925,0,0,0,0,0,0,0,0,1780912600,0
145,-142.712712,-77.126087,3.900716,8.95706,0,0,0,0,0,0,0,0,1780912600,0
145,18.944463,88.465464,4.529019,10.47172,0,0,0,0,0,0,0,0,1780912600,0
146,89.542555,157.055229,4.248526,6.297992,0,0,0,0,0,0,0,0,1780912600,0
146,-76.759577,-13.899338,6.395229,14.043324,0,0,0,0,0,0,0,0,1780912600,0
147,-138.370689,-84.273036,3.74738,9.518045,0,0,0,0,0,0,0,0,1780912600,0
147,26.749634,90.683224,2.591751,9.222593,0,0,0,0,0,0,0,0,1780912600,0
148,93.499369,151.815629,5.276999,8.339977,0,0,0,0,0,0,0,0,1780912600,0
148,-71.953805,-10.963517,8.007126,9.761139,0,0,0,0,0,0,0,0,1780912600,0
149,-142.836129,-76.983971,-2.060685,11.986379,0,0,0,0,0,0,0,0,1780912600,0
149,31.824679,93.592866,6.230673,13.242986,0,0,0,0,0,0,0,0,1780912600,0
150,95.503955,156.890673,-0.916275,10.913028,0,0,0,0,0,0,0,0,1780912600,0
150,-76.344448,-16.08344,0.418869,11.500192,0,0,0,0,0,0,0,0,1780912600,0
151,-138.527764,-84.912559,7.135729,9.443247,0,0,0,0,0,0,0,0,1780912600,0
151,30.504494,74.238884,6.327911,7.49476,0,0,0,0,0,0,0,0,1780912600,0
152,95.900385,159.433805,3.504286,11.309457,0,0,0,0,0,0,0,0,1780912600,0
152,-77.249504,-17.388665,4.323324,8.418515,0,0,0,0,0,0,0,0,1780912600,0
