102,73.010327,77.894636,1.791412,-3.579084,0,0,0,0,0,0,0,0,1780913059,0
102,-125.346487,-119.811435,1.260346,-6.155875,0,0,0,0,0,0,0,0,1780913059,0
103,-12.285571,-4.252266,-2.344917,-5.59115,0,0,0,0,0,0,0,0,1780913059,0
103,66.618838,73.724648,-2.086864,-7.247926,0,0,0,0,0,0,0,0,1780913059,0
104,-48.102593,-41.774683,0.400169,-4.764633,0,0,0,0,0,0,0,0,1780913059,0
104,-126.606833,-119.904932,-1.630596,-9.858376,0,0,0,0,0,0,0,0,1780913059,0
105,-10.647495,-6.507426,-2.430935,-10.987826,0,0,0,0,0,0,0,0,1780913059,0
105,73.937822,77.894636,-2.61419,-0.347811,0,0,0,0,0,0,0,0,1780913059,0
106,-40.794829,-33.109334,-1.409942,-5.680908,0,0,0,0,0,0,0,0,1780913059,0
106,-133.477029,-125.353967,0.026179,-8.433474,0,0,0,0,0,0,0,0,1780913059,0
107,-14.996999,-4.891789,-2.531912,-2.161662,0,0,0,0,0,0,0,0,1780913059,0
107,68.728141,82.517153,-3.564125,-14.709027,0,0,0,0,0,0,0,0,1780913059,0
108,-45.929711,-33.468365,-2.142963,-5.449034,0,0,0,0,0,0,0,0,1780913059,0
108,-131.562201,-116.770896,-0.38521,-4.517799,0,0,0,0,0,0,0,0,1780913059,0
109,-13.059731,0.269273,0.639523,-9.065517,0,0,0,0,0,0,0,0,1780913059,0
109,70.964602,84.600277,0.916275,-10.116429,0,0,0,0,0,0,0,0,1780913059,0
110,-41.905579,-31.4189,4.315845,1.215467,0,0,0,0,0,0,0,0,1780913059,0
110,-119.61696,-111.860408,2.775006,-4.278446,0,0,0,0,0,0,0,0,1780913059,0
111,-8.310058,-4.401862,4.637476,-8.654128,0,0,0,0,0,0,0,0,1780913059,0
111,72.363324,85.456714,-0.37399,-6.301731,0,0,0,0,0,0,0,0,1780913059,0
112,-38.89122,-38.218038,-0.38521,-7.909888,0,0,0,0,0,0,0,0,1780913059,0
112,-122.092774,-113.591981,-4.083971,-8.186641,0,0,0,0,0,0,0,0,1780913059,0
113,-10.512859,-2.139223,-0.134636,1.739053,0,0,0,0,0,0,0,0,1780913059,0
113,69.831412,79.955321,-1.619377,-4.435521,0,0,0,0,0,0,0,0,1780913059,0
114,-42.414205,-30.973851,-2.718907,-4.158769,0,0,0,0,0,0,0,0,1780913059,0
114,-126.853667,-115.114121,-2.438415,-1.589457,0,0,0,0,0,0,0,0,1780913059,0
115,-10.662455,-6.690681,3.601524,-4.409342,0,0,0,0,0,0,0,0,1780913059,0
115,75.336545,82.872443,-0.75546,-6.836537,0,0,0,0,0,0,0,0,1780913059,0
116,-42.365587,-41.980377,2.404756,0.837738,0,0,0,0,0,0,0,0,1780913059,0
116,-121.569188,-120.103147,-1.189288,-10.512859,0,0,0,0,0,0,0,0,1780913059,0
117,-7.573297,-13.482339,1.989627,-2.875983,0,0,0,0,0,0,0,0,1780913059,0
117,75.628257,75.766633,0.36277,-2.580531,0,0,0,0,0,0,0,0,1780913059,0
118,-38.14324,-40.869627,3.268673,-3.75112,0,0,0,0,0,0,0,0,1780913059,0
118,-117.260823,-124.669565,1.48848,-10.202447,0,0,0,0,0,0,0,0,1780913059,0
119,-9.016899,-16.788411,0.946195,-6.548565,0,0,0,0,0,0,0,0,1780913059,0
119,76.907303,76.656729,0.572205,-6.129696,0,0,0,0,0,0,0,0,1780913059,0
120,-35.820762,-36.594921,0.624563,-12.925094,0,0,0,0,0,0,0,0,1780913059,0
120,-119.134513,-111.931466,4.727234,-9.454467,0,0,0,0,0,0,0,0,1780913059,0
121,-5.879123,-0.067318,-0.931235,-8.205341,0,0,0,0,0,0,0,0,1780913059,0
121,79.214821,85.202401,-0.905056,-11.851743,0,0,0,0,0,0,0,0,1780913059,0
122,-37.930065,-34.451958,-0.7592,-5.396676,0,0,0,0,0,0,0,0,1780913059,0
122,-132.33262,-136.08374,1.746533,-5.703347,0,0,0,0,0,0,0,0,1780913059,0
123,-16.09279,-9.173975,-0.437568,0.026179,0,0,0,0,0,0,0,0,1780913059,0
123,77.094298,95.984532,1.305225,-11.305718,0,0,0,0,0,0,0,0,1780913059,0
124,-39.930912,-16.956706,-1.282786,-7.158169,0,0,0,0,0,0,0,0,1780913059,0
124,-134.18761,-113.954752,-1.398723,-8.201601,0,0,0,0,0,0,0,0,1780913059,0
125,-19.484879,4.446741,-3.455668,-12.72688,0,0,0,0,0,0,0,0,1780913059,0
125,68.978715,97.820823,-3.680062,-9.648942,0,0,0,0,0,0,0,0,1780913059,0
126,-39.568142,-21.429627,0.923755,-2.659069,0,0,0,0,0,0,0,0,1780913059,0
126,-136.375452,-107.28277,-1.372543,-15.277491,0,0,0,0,0,0,0,0,1780913059,0
127,-21.867195,7.154429,2.124263,-6.114736,0,0,0,0,0,0,0,0,1780913059,0
127,64.28514,99.238245,4.454221,-13.302824,0,0,0,0,0,0,0,0,1780913059,0
128,-51.995829,-15.845956,0.826518,-2.019546,0,0,0,0,0,0,0,0,1780913059,0
128,-140.347226,-100.090943,-3.418269,-4.820731,0,0,0,0,0,0,0,0,1780913059,0
129,-28.213805,11.784425,-5.392936,-3.122816,0,0,0,0,0,0,0,0,1780913059,0
129,57.972189,91.320877,-2.745087,-15.468226,0,0,0,0,0,0,0,0,1780913059,0
130,-46.681431,-18.138515,-0.680662,-5.112443,0,0,0,0,0,0,0,0,1780913059,0
130,-134.767295,-107.252851,0.138376,-19.686833,0,0,0,0,0,0,0,0,1780913059,0
131,-20.610589,11.260839,-1.406202,-10.894329,0,0,0,0,0,0,0,0,1780913059,0
131,65.141577,99.313043,1.312705,-8.639169,0,0,0,0,0,0,0,0,1780913059,0
132,-43.674552,-18.033798,-2.816145,-7.707934,0,0,0,0,0,0,0,0,1780913059,0
132,-129.501516,-102.611635,6.125956,-0.35903,0,0,0,0,0,0,0,0,1780913059,0
133,-25.824009,1.050912,0.044879,-15.864656,0,0,0,0,0,0,0,0,1780913059,0
133,65.77736,92.439107,1.077091,-3.822178,0,0,0,0,0,0,0,0,1780913059,0
134,-39.313828,-18.822916,4.11763,-2.221501,0,0,0,0,0,0,0,0,1780913059,0
134,-128.802154,-100.292897,-0.560985,-1.12945,0,0,0,0,0,0,0,0,1780913059,0
135,-19.208126,4.592597,0.441308,-6.410189,0,0,0,0,0,0,0,0,1780913059,0
135,71.809819,92.921554,-4.09893,-11.335637,0,0,0,0,0,0,0,0,1780913059,0
136,-39.927172,-17.409234,1.761493,-4.181208,0,0,0,0,0,0,0,0,1780913059,0
136,-132.770188,-109.407033,0.781639,-9.514305,0,0,0,0,0,0,0,0,1780913059,0
137,-21.579223,-1.024733,0.37399,-13.807711,0,0,0,0,0,0,0,0,1780913059,0
137,66.409404,90.47192,-1.006033,-17.274598,0,0,0,0,0,0,0,0,1780913059,0
138,-51.618099,-27.738838,0.36651,-3.141516,0,0,0,0,0,0,0,0,1780913059,0
138,-136.240815,-112.51863,-0.74424,-13.702993,0,0,0,0,0,0,0,0,1780913059,0
139,-21.863455,-3.893236,2.666549,-5.636029,0,0,0,0,0,0,0,0,1780913059,0
139,65.440769,84.555398,0.983594,-10.329604,0,0,0,0,0,0,0,0,1780913059,0
140,-47.590227,-24.537484,0.770419,-9.955614,0,0,0,0,0,0,0,0,1780913059,0
140,-131.928711,-113.805156,0.792859,-8.676568,0,0,0,0,0,0,0,0,1780913059,0
141,-22.585256,1.469781,1.660516,-10.598876,0,0,0,0,0,0,0,0,1780913059,0
141,66.222409,87.019992,-1.825071,-5.62107,0,0,0,0,0,0,0,0,1780913059,0
142,-43.420238,-24.556183,-0.029919,-1.86995,0,0,0,0,0,0,0,0,1780913059,0
142,-136.035121,-112.432612,3.7399,-10.920508,0,0,0,0,0,0,0,0,1780913059,0
143,-22.585256,-2.659069,-0.493667,-5.505133,0,0,0,0,0,0,0,0,1780913059,0
143,63.993428,86.791858,-4.181208,-7.584517,0,0,0,0,0,0,0,0,1780913059,0
144,-44.560908,-22.847049,-0.804078,-4.169988,0,0,0,0,0,0,0,0,1780913059,0
144,-131.304148,-112.589688,3.953074,-8.553151,0,0,0,0,0,0,0,0,1780913059,0
145,-27.267611,-6.197014,1.619377,-9.114136,0,0,0,0,0,0,0,0,1780913059,0
145,67.250881,84.701254,0.800339,-5.134883,0,0,0,0,0,0,0,0,1780913059,0
146,-50.275475,-27.263871,0.590904,-8.796245,0,0,0,0,0,0,0,0,1780913059,0
146,-144.401277,-121.771143,0.415129,-2.62915,0,0,0,0,0,0,0,0,1780913059,0
147,-23.91292,-15.427087,-2.479554,-8.265179,0,0,0,0,0,0,0,0,1780913059,0
147,78.033013,84.331004,-0.336591,-12.483786,0,0,0,0,0,0,0,0,1780913059,0
148,-39.366187,-29.993998,-2.797445,-12.225733,0,0,0,0,0,0,0,0,1780913059,0
148,-120.712751,-113.139453,-0.01496,2.61793,0,0,0,0,0,0,0,0,1780913059,0
149,-7.371343,-9.974313,2.681508,-13.725433,0,0,0,0,0,0,0,0,1780913060,0
149,83.343671,83.74384,2.588011,-17.798184,0,0,0,0,0,0,0,0,1780913060,0
150,-34.313582,-30.076275,1.380023,-7.210527,0,0,0,0,0,0,0,0,1780913060,0
150,-116.120154,-116.041616,-0.703101,4.431781,0,0,0,0,0,0,0,0,1780913060,0
151,-17.772005,-19.103409,1.570758,0.927495,0,0,0,0,0,0,0,0,1780913060,0
151,72.763494,73.328218,-3.923155,-12.121016,0,0,0,0,0,0,0,0,1780913060,0
152,-35.046602,-35.476691,-0.964894,-2.715167,0,0,0,0,0,0,0,0,1780913060,0
152,-131.046094,-123.244663,-0.572205,-8.500793,0,0,0,0,0,0,0,0,1780913060,0
153,-22.933067,-10.120169,-1.739053,-13.478599,0,0,0,0,0,0,0,0,1780913060,0
153,69.633197,83.00334,-3.803478,-8.156722,0,0,0,0,0,0,0,0,1780913060,0
154,-37.455098,-30.240831,2.60297,-7.711674,0,0,0,0,0,0,0,0,1780913060,0
154,-125.294128,-113.188072,-1.761493,-2.640369,0,0,0,0,0,0,0,0,1780913060,0
155,-15.32237,-10.355783,3.530466,3.257453,0,0,0,0,0,0,0,0,1780913060,0
155,75.598338,78.926849,-1.215467,-8.422255,0,0,0,0,0,0,0,0,1780913060,0
156,-37.799169,-27.29005,0.35529,-8.852343,0,0,0,0,0,0,0,0,1780913060,0
156,-130.429011,-116.770896,2.210281,-20.887341,0,0,0,0,0,0,0,0,1780913060,0
157,-23.449173,-16.952966,-1.099531,-13.220546,0,0,0,0,0,0,0,0,1780913060,0
157,60.672397,77.311212,-0.691881,-7.4798,0,0,0,0,0,0,0,0,1780913060,0
158,-47.736083,-34.272443,6.253113,-6.470027,0,0,0,0,0,0,0,0,1780913060,0
158,-136.708303,-121.236337,2.864763,-6.238153,0,0,0,0,0,0,0,0,1780913060,0
159,-23.823163,-10.804571,-0.38521,-4.85065,0,0,0,0,0,0,0,0,1780913060,0
159,71.551766,82.921062,-4.558938,-5.25082,0,0,0,0,0,0,0,0,1780913060,0
160,-31.654513,-18.744379,0.841477,-8.852343,0,0,0,0,0,0,0,0,1780913060,0
160,-119.706718,-111.815529,0.082278,-7.075891,0,0,0,0,0,0,0,0,1780913060,0
161,-15.423347,-5.553751,1.424902,-7.928588,0,0,0,0,0,0,0,0,1780913060,0
161,78.724894,84.809711,-2.056945,-14.772605,0,0,0,0,0,0,0,0,1780913060,0
162,-30.371728,-15.827257,0.407649,-11.507672,0,0,0,0,0,0,0,0,1780913060,0
162,-121.180238,-112.047403,-4.424302,-6.133436,0,0,0,0,0,0,0,0,1780913060,0
163,-18.67706,-4.839431,-0.183255,-17.087603,0,0,0,0,0,0,0,0,1780913060,0
163,73.829365,87.061131,-1.062132,-7.255406,0,0,0,0,0,0,0,0,1780913060,0
164,-32.058422,-25.191966,-3.163955,-7.831351,0,0,0,0,0,0,0,0,1780913060,0
164,-129.33696,-123.211004,-0.639523,-15.625302,0,0,0,0,0,0,0,0,1780913060,0
165,-21.403447,-13.979746,3.384609,-2.120523,0,0,0,0,0,0,0,0,1780913060,0
165,64.554413,81.11843,-1.922309,-8.530712,0,0,0,0,0,0,0,0,1780913060,0
166,-36.916552,-17.973959,3.223794,-9.121616,0,0,0,0,0,0,0,0,1780913060,0
166,-130.956337,-114.669073,-4.229827,-1.185548,0,0,0,0,0,0,0,0,1780913060,0
167,-19.099669,-13.145748,0.75172,-6.110997,0,0,0,0,0,0,0,0,1780913060,0
167,74.831658,86.34681,1.660516,-9.069257,0,0,0,0,0,0,0,0,1780913060,0
168,-35.330835,-22.192566,1.944748,-19.350242,0,0,0,0,0,0,0,0,1780913060,0
168,-115.256237,-111.583655,0.325371,-18.905194,0,0,0,0,0,0,0,0,1780913060,0
169,-17.469073,-10.217407,1.563278,6.163355,0,0,0,0,0,0,0,0,1780913060,0
169,79.297099,85.830704,-0.875137,-17.57379,0,0,0,0,0,0,0,0,1780913060,0
170,-30.779377,-22.218746,-1.047172,-5.045125,0,0,0,0,0,0,0,0,1780913060,0
170,-128.23743,-117.646033,1.88491,-11.97142,0,0,0,0,0,0,0,0,1780913060,0
171,-22.828349,-13.886249,-2.730127,-4.136329,0,0,0,0,0,0,0,0,1780913060,0
171,72.53536,85.722247,-2.408496,-7.947287,0,0,0,0,0,0,0,0,1780913060,0
172,-36.965171,-24.597322,2.703948,-4.383163,0,0,0,0,0,0,0,0,1780913060,0
172,-128.60768,-115.992997,5.841724,-9.409588,0,0,0,0,0,0,0,0,1780913060,0
173,-25.476198,-14.394875,3.579084,-13.231766,0,0,0,0,0,0,0,0,1780913060,0
173,66.222409,81.585918,3.291112,-6.34661,0,0,0,0,0,0,0,0,1780913060,0
174,-32.301516,-21.384748,0.75546,-8.23526,0,0,0,0,0,0,0,0,1780913060,0
174,-124.725664,-115.929419,-2.61045,-5.411635,0,0,0,0,0,0,0,0,1780913060,0
175,-22.772251,-17.831843,-1.982147,-17.398015,0,0,0,0,0,0,0,0,1780913060,0
175,76.331358,84.301085,2.015806,-10.322124,0,0,0,0,0,0,0,0,1780913060,0
176,-35.050342,-17.727126,0.194475,5.419115,0,0,0,0,0,0,0,0,1780913060,0
176,-124.175898,-112.264317,2.516953,8.871043,0,0,0,0,0,0,0,0,1780913060,0
177,-17.110042,-9.192674,2.924602,-9.061778,0,0,0,0,0,0,0,0,1780913060,0
177,77.969434,87.48748,3.111597,-4.47292,0,0,0,0,0,0,0,0,1780913060,0
178,-29.485371,-20.434813,3.807218,-2.539392,0,0,0,0,0,0,0,0,1780913060,0
178,-121.636506,-118.263116,-0.220654,-11.088803,0,0,0,0,0,0,0,0,1780913060,0
179,-22.147688,-13.153228,-2.176622,-7.48354,0,0,0,0,0,0,0,0,1780913060,0
179,73.597491,79.925402,1.589457,-8.246479,0,0,0,0,0,0,0,0,1780913060,0
180,-34.137807,-20.651728,-3.212574,-21.235152,0,0,0,0,0,0,0,0,1780913060,0
180,-126.116906,-120.873567,-1.754013,-10.041631,0,0,0,0,0,0,0,0,1780913060,0
181,-25.378961,-16.193767,1.667995,-11.874182,0,0,0,0,0,0,0,0,1780913060,0
181,76.365017,84.85833,0.213174,-13.183147,0,0,0,0,0,0,0,0,1780913060,0
182,-25.969865,-22.136468,3.597784,-3.807218,0,0,0,0,0,0,0,0,1780913060,0
182,-119.99469,-112.993597,-0.897576,-15.045618,0,0,0,0,0,0,0,0,1780913060,0
183,-15.995552,-10.699854,1.993367,-12.551104,0,0,0,0,0,0,0,0,1780913060,0
183,79.012866,88.201801,-4.09893,-3.511766,0,0,0,0,0,0,0,0,1780913060,0
184,-24.907734,-16.365802,3.638923,-3.915675,0,0,0,0,0,0,0,0,1780913060,0
184,-118.524909,-109.321016,3.175175,0.680662,0,0,0,0,0,0,0,0,1780913060,0
185,-9.540485,-3.575344,3.448188,1.230427,0,0,0,0,0,0,0,0,1780913060,0
185,78.620177,88.291558,-4.899269,-5.127403,0,0,0,0,0,0,0,0,1780913060,0
186,-21.754998,-14.013405,-0.961154,-9.005679,0,0,0,0,0,0,0,0,1780913060,0
186,-116.333328,-106.583409,-2.763786,-1.282786,0,0,0,0,0,0,0,0,1780913060,0
187,-16.564017,-11.320677,2.008326,-13.803971,0,0,0,0,0,0,0,0,1780913060,0
187,75.392643,82.464794,-0.643263,-9.951874,0,0,0,0,0,0,0,0,1780913060,0
188,-30.035137,-15.378469,2.221501,-14.649188,0,0,0,0,0,0,0,0,1780913060,0
188,-123.973944,-107.836275,3.399569,-5.478953,0,0,0,0,0,0,0,0,1780913060,0
189,-19.350242,-10.030412,-1.088311,-15.976853,0,0,0,0,0,0,0,0,1780913060,0
189,79.686048,91.635029,2.344917,-23.632428,0,0,0,0,0,0,0,0,1780913060,0
190,-20.745225,-8.366156,0.549765,-2.849804,0,0,0,0,0,0,0,0,1780913060,0
190,-122.549042,-108.445879,0.624563,-6.526125,0,0,0,0,0,0,0,0,1780913060,0
191,-20.1992,-9.753659,0.568465,-4.416822,0,0,0,0,0,0,0,0,1780913060,0
191,77.655283,89.626702,-0.127157,-7.128249,0,0,0,0,0,0,0,0,1780913060,0
192,-22.117768,-8.052005,-3.141516,-7.797691,0,0,0,0,0,0,0,0,1780913060,0
192,-119.041016,-104.466625,-0.912536,-6.7393,0,0,0,0,0,0,0,0,1780913060,0
193,-14.96708,-8.803724,1.847511,-4.233567,0,0,0,0,0,0,0,0,1780913060,0
193,79.592551,89.009619,1.054652,2.827364,0,0,0,0,0,0,0,0,1780913060,0
194,-14.495852,-11.133682,0.048619,-3.048018,0,0,0,0,0,0,0,0,1780913060,0
194,-111.923986,-113.520923,-6.073598,-10.486679,0,0,0,0,0,0,0,0,1780913060,0
195,-13.519738,-11.503932,-4.162509,-22.847049,0,0,0,0,0,0,0,0,1780913060,0
195,79.532712,84.86955,-0.912536,-14.679107,0,0,0,0,0,0,0,0,1780913060,0
196,-28.292343,-16.122709,-0.845217,0.841477,0,0,0,0,0,0,0,0,1780913060,0
196,-122.848234,-115.847141,3.515506,-10.531558,0,0,0,0,0,0,0,0,1780913060,0
197,-23.359415,-15.195214,2.434675,-5.411635,0,0,0,0,0,0,0,0,1780913060,0
197,79.285879,86.268272,-0.056098,-1.193028,0,0,0,0,0,0,0,0,1780913060,0
198,-19.267965,-16.08531,-1.174329,-5.190981,0,0,0,0,0,0,0,0,1780913060,0
198,-109.781023,-110.540223,0.280492,-6.559785,0,0,0,0,0,0,0,0,1780913060,0
199,-16.391982,-5.927741,0.777899,0.474967,0,0,0,0,0,0,0,0,1780913060,0
199,82.588211,89.293851,-0.912536,-5.950181,0,0,0,0,0,0,0,0,1780913060,0
200,-18.490065,-12.087357,1.193028,-1.10327,0,0,0,0,0,0,0,0,1780913060,0
200,-117.560015,-116.924232,0.73302,-7.244186,0,0,0,0,0,0,0,0,1780913060,0
0,-22.04671,24.402847,3.665102,10.271635,0,0,0,0,0,0,0,0,1780913060,0
101,73.949042,121.202678,3.552905,8.113713,0,0,0,0,0,0,0,0,1780913060,0
101,-23.213559,24.178453,8.280139,11.801254,0,0,0,0,0,0,0,0,1780913060,0
102,-126.591874,-81.582178,4.543978,15.477576,0,0,0,0,0,0,0,0,1780913060,0
102,-23.591289,25.78287,5.61733,6.74491,0,0,0,0,0,0,0,0,1780913060,0
103,75.258007,125.084694,8.736406,12.70631,0,0,0,0,0,0,0,0,1780913060,0
103,-26.235398,23.138761,7.917368,11.445964,0,0,0,0,0,0,0,0,1780913060,0
104,-125.144532,-76.739007,4.820731,14.550081,0,0,0,0,0,0,0,0,1780913060,0
104,-21.268811,32.974698,1.593197,4.48975,0,0,0,0,0,0,0,0,1780913060,0
105,73.956522,120.989503,4.409342,8.20721,0,0,0,0,0,0,0,0,1780913060,0
105,-30.674659,21.496945,-1.656776,9.594713,0,0,0,0,0,0,0,0,1780913060,0
106,-121.251296,-70.601831,6.088557,3.539815,0,0,0,0,0,0,0,0,1780913060,0
106,-24.212112,29.642447,0.527326,9.246903,0,0,0,0,0,0,0,0,1780913060,0
107,74.364171,124.426472,6.817838,15.967503,0,0,0,0,0,0,0,0,1780913060,0
107,-26.650527,31.486218,7.995906,9.70691,0,0,0,0,0,0,0,0,1780913060,0
108,-122.863193,-76.62681,6.290512,15.129765,0,0,0,0,0,0,0,0,1780913060,0
108,-26.025964,25.143347,2.932082,8.386726,0,0,0,0,0,0,0,0,1780913060,0
109,72.89439,118.992397,2.086864,17.620539,0,0,0,0,0,0,0,0,1780913060,0
109,-27.095575,24.197153,6.002539,11.696537,0,0,0,0,0,0,0,0,1780913060,0
110,-126.124386,-76.63803,6.982393,11.195391,0,0,0,0,0,0,0,0,1780913060,0
110,-29.275937,21.541824,1.929788,14.370566,0,0,0,0,0,0,0,0,1780913060,0
111,76.922262,126.614313,6.881416,9.273082,0,0,0,0,0,0,0,0,1780913060,0
111,-25.812789,21.915814,8.945841,13.177537,0,0,0,0,0,0,0,0,1780913060,0
112,-127.710104,-72.554059,3.829658,14.662278,0,0,0,0,0,0,0,0,1780913060,0
112,-31.669473,22.906887,5.149842,14.381785,0,0,0,0,0,0,0,0,1780913060,0
113,74.554906,120.574375,5.692128,9.153405,0,0,0,0,0,0,0,0,1780913060,0
113,-25.876368,30.689619,1.350104,8.121193,0,0,0,0,0,0,0,0,1780913060,0
114,-123.902886,-75.14955,0.867657,6.483117,0,0,0,0,0,0,0,0,1780913060,0
114,-26.758984,22.304763,2.894683,7.373213,0,0,0,0,0,0,0,0,1780913060,0
115,70.990781,120.74267,7.46858,10.395052,0,0,0,0,0,0,0,0,1780913060,0
115,-24.889034,28.857068,5.62481,7.934198,0,0,0,0,0,0,0,0,1780913060,0
116,-125.443724,-72.991627,5.463994,11.442224,0,0,0,0,0,0,0,0,1780913060,0
116,-30.618561,18.721939,0.688142,10.372613,0,0,0,0,0,0,0,0,1780913060,0
117,69.827672,122.780916,4.779592,6.793528,0,0,0,0,0,0,0,0,1780913060,0
117,-23.995198,23.55763,2.434675,9.964963,0,0,0,0,0,0,0,0,1780913060,0
118,-125.60828,-77.161616,5.774406,12.945664,0,0,0,0,0,0,0,0,1780913060,0
118,-24.896514,21.343609,0.718061,6.628973,0,0,0,0,0,0,0,0,1780913060,0
119,80.030119,123.843047,5.112443,14.658538,0,0,0,0,0,0,0,0,1780913060,0
119,-25.001231,21.908334,7.367603,12.33606,0,0,0,0,0,0,0,0,1780913060,0
120,-124.202078,-70.003447,1.327664,4.987157,0,0,0,0,0,0,0,0,1780913060,0
120,-23.673567,26.141901,0.647003,11.640439,0,0,0,0,0,0,0,0,1780913060,0
121,75.254267,127.242616,3.37713,7.044102,0,0,0,0,0,0,0,0,1780913060,0
121,-21.369788,33.625441,5.632289,3.049888,0,0,0,0,0,0,0,0,1780913060,0
122,-129.254682,-67.991381,0.392689,12.683871,0,0,0,0,0,0,0,0,1780913060,0
122,-24.395367,25.150827,1.387503,13.203717,0,0,0,0,0,0,0,0,1780913060,0
123,74.083678,126.71529,3.511766,7.197437,0,0,0,0,0,0,0,0,1780913060,0
123,-29.433013,29.204879,4.390643,13.364532,0,0,0,0,0,0,0,0,1780913060,0
124,-128.136452,-70.732728,0.998553,10.604486,0,0,0,0,0,0,0,0,1780913060,0
124,-25.524817,23.157461,1.645556,8.547541,0,0,0,0,0,0,0,0,1780913060,0
125,67.359338,119.553382,3.870796,8.880392,0,0,0,0,0,0,0,0,1780913060,0
125,-21.134175,33.528203,2.565571,7.197437,0,0,0,0,0,0,0,0,1780913060,0
126,-125.380146,-77.928295,6.548565,14.931551,0,0,0,0,0,0,0,0,1780913060,0
126,-30.076275,22.372082,4.570158,13.07282,0,0,0,0,0,0,0,0,1780913060,0
127,71.716322,122.268549,1.963447,12.620292,0,0,0,0,0,0,0,0,1780913060,0
127,-23.108842,25.734252,5.157322,14.490242,0,0,0,0,0,0,0,0,1780913060,0
128,-122.160092,-75.373944,3.38087,18.70885,0,0,0,0,0,0,0,0,1780913060,0
128,-26.852482,24.477645,3.893236,6.748649,0,0,0,0,0,0,0,0,1780913060,0
129,73.971481,124.695744,4.155029,10.899938,0,0,0,0,0,0,0,0,1780913060,0
129,-26.411173,32.739084,4.443001,9.523655,0,0,0,0,0,0,0,0,1780913060,0
130,-128.742316,-76.062085,6.574744,8.102493,0,0,0,0,0,0,0,0,1780913060,0
130,-31.613374,22.936806,3.317291,8.685918,0,0,0,0,0,0,0,0,1780913060,0
131,72.987888,121.88334,2.086864,12.437037,0,0,0,0,0,0,0,0,1780913060,0
131,-19.189427,32.985918,2.558092,10.45863,0,0,0,0,0,0,0,0,1780913060,0
132,-122.182532,-74.685802,4.794552,8.382986,0,0,0,0,0,0,0,0,1780913060,0
132,-31.949965,20.842462,3.911935,6.587834,0,0,0,0,0,0,0,0,1780913060,0
133,75.792813,123.652312,9.016899,13.8395,0,0,0,0,0,0,0,0,1780913060,0
133,-21.347349,30.005217,3.134036,8.308188,0,0,0,0,0,0,0,0,1780913060,0
134,-122.855714,-74.884017,5.796845,5.768796,0,0,0,0,0,0,0,0,1780913060,0
134,-27.125494,24.066256,5.662209,14.265848,0,0,0,0,0,0,0,0,1780913060,0
135,67.920323,122.24985,1.596937,12.085487,0,0,0,0,0,0,0,0,1780913060,0
135,-19.166987,27.787457,5.636029,10.806441,0,0,0,0,0,0,0,0,1780913060,0
136,-123.588734,-70.583132,2.195321,12.541755,0,0,0,0,0,0,0,0,1780913060,0
136,-31.40768,23.153721,3.949334,12.575414,0,0,0,0,0,0,0,0,1780913060,0
137,72.756014,123.409219,5.793105,11.718977,0,0,0,0,0,0,0,0,1780913060,0
137,-19.944886,35.910519,1.548319,9.73309,0,0,0,0,0,0,0,0,1780913060,0
138,-126.094467,-69.588318,5.138623,11.143032,0,0,0,0,0,0,0,0,1780913060,0
138,-34.00691,15.621562,2.935821,8.768195,0,0,0,0,0,0,0,0,1780913060,0
139,71.41713,124.374113,4.641216,9.381539,0,0,0,0,0,0,0,0,1780913060,0
139,-24.746918,27.129234,4.603817,7.332074,0,0,0,0,0,0,0,0,1780913060,0
140,-126.812528,-82.932282,3.792259,10.619446,0,0,0,0,0,0,0,0,1780913060,0
140,-34.238784,17.850542,3.586564,8.618599,0,0,0,0,0,0,0,0,1780913060,0
141,65.743701,119.833874,9.319831,6.980523,0,0,0,0,0,0,0,0,1780913060,0
141,-25.188226,30.63726,7.356383,11.775075,0,0,0,0,0,0,0,0,1780913060,0
142,-130.301854,-77.879677,2.427195,14.101293,0,0,0,0,0,0,0,0,1780913060,0
142,-39.23903,17.061424,5.265779,10.252936,0,0,0,0,0,0,0,0,1780913060,0
143,68.615944,118.300515,2.924602,13.8395,0,0,0,0,0,0,0,0,1780913060,0
143,-20.595629,29.616268,-0.086018,12.915744,0,0,0,0,0,0,0,0,1780913060,0
144,-121.408372,-73.791966,2.068165,7.335814,0,0,0,0,0,0,0,0,1780913060,0
144,-29.201139,20.685387,-2.109304,10.249196,0,0,0,0,0,0,0,0,1780913060,0
145,74.330512,128.151412,2.861023,8.734536,0,0,0,0,0,0,0,0,1780913060,0
145,-13.052251,35.207418,2.277599,9.441377,0,0,0,0,0,0,0,0,1780913060,0
146,-126.262762,-72.576499,2.60671,8.053875,0,0,0,0,0,0,0,0,1780913060,0
146,-35.401893,21.395968,2.591751,11.5806,0,0,0,0,0,0,0,0,1780913060,0
147,72.580238,127.792381,1.417422,6.73369,0,0,0,0,0,0,0,0,1780913060,0
147,-19.42504,31.512397,2.718907,14.243409,0,0,0,0,0,0,0,0,1780913060,0
148,-127.179038,-75.654436,-0.669442,10.993436,0,0,0,0,0,0,0,0,1780913061,0
148,-38.1395,15.557984,1.466041,8.704617,0,0,0,0,0,0,0,0,1780913061,0
149,68.02878,119.426225,4.622516,11.834913,0,0,0,0,0,0,0,0,1780913061,0
149,-13.878769,38.980977,2.595491,9.317961,0,0,0,0,0,0,0,0,1780913061,0
150,-136.554967,-84.779792,1.271566,12.399638,0,0,0,0,0,0,0,0,1780913061,0
150,-44.766602,4.708534,2.217761,10.264155,0,0,0,0,0,0,0,0,1780913061,0
151,54.520262,115.585348,4.816991,12.003209,0,0,0,0,0,0,0,0,1780913061,0
151,-36.557522,21.182793,5.202201,5.189111,0,0,0,0,0,0,0,0,1780913061,0
152,-140.339746,-87.420161,4.985287,10.267895,0,0,0,0,0,0,0,0,1780913061,0
152,-54.490342,-2.083124,-0.7592,11.999469,0,0,0,0,0,0,0,0,1780913061,0
153,48.98521,102.768711,4.457961,14.853013,0,0,0,0,0,0,0,0,1780913061,0
153,-39.052035,12.251912,1.552058,12.388419,0,0,0,0,0,0,0,0,1780913061,0
154,-142.172297,-86.545025,5.722047,13.536568,0,0,0,0,0,0,0,0,1780913061,0
154,-49.314321,1.12197,3.683801,7.893059,0,0,0,0,0,0,0,0,1780913061,0
155,60.414344,113.502224,2.59923,10.267895,0,0,0,0,0,0,0,0,1780913061,0
155,-32.181839,15.460746,5.254559,7.197437,0,0,0,0,0,0,0,0,1780913061,0
156,-143.53362,-89.985733,6.499946,12.508095,0,0,0,0,0,0,0,0,1780913061,0
156,-51.337607,3.609003,1.380023,1.86808,0,0,0,0,0,0,0,0,1780913061,0
157,55.163524,109.623948,3.601524,13.577707,0,0,0,0,0,0,0,0,1780913061,0
157,-37.305502,12.274352,2.206541,8.072574,0,0,0,0,0,0,0,0,1780913061,0
158,-141.229842,-89.933374,7.543378,11.991989,0,0,0,0,0,0,0,0,1780913061,0
158,-50.784101,-0.430088,3.534205,9.523655,0,0,0,0,0,0,0,0,1780913061,0
159,58.391058,111.306902,5.99132,8.341847,0,0,0,0,0,0,0,0,1780913061,0
159,-31.452559,18.011358,7.49476,11.857353,0,0,0,0,0,0,0,0,1780913061,0
160,-136.932697,-82.569511,4.749673,13.536568,0,0,0,0,0,0,0,0,1780913061,0
160,-41.374513,10.84571,2.419715,9.205764,0,0,0,0,0,0,0,0,1780913061,0
161,59.539207,109.343455,1.035952,11.868573,0,0,0,0,0,0,0,0,1780913061,0
161,-35.977838,20.864902,5.030165,8.300708,0,0,0,0,0,0,0,0,1780913061,0
162,-144.689249,-87.536098,-0.026179,10.338953,0,0,0,0,0,0,0,0,1780913061,0
162,-50.297915,3.257453,5.639769,13.009242,0,0,0,0,0,0,0,0,1780913061,0
163,57.886172,110.760877,4.809511,8.798115,0,0,0,0,0,0,0,0,1780913061,0
163,-31.871427,14.301377,3.840877,7.231097,0,0,0,0,0,0,0,0,1780913061,0
164,-135.945363,-83.680262,4.184948,14.011535,0,0,0,0,0,0,0,0,1780913061,0
164,-49.841647,3.137776,3.298592,6.131566,0,0,0,0,0,0,0,0,1780913061,0
165,60.18621,110.615021,0.572205,8.521362,0,0,0,0,0,0,0,0,1780913061,0
165,-26.826302,20.423594,4.297145,13.07656,0,0,0,0,0,0,0,0,1780913061,0
166,-133.024502,-85.202401,7.711674,16.981016,0,0,0,0,0,0,0,0,1780913061,0
166,-43.341701,2.352397,8.538192,10.615706,0,0,0,0,0,0,0,0,1780913061,0
167,62.261854,112.496191,2.718907,2.960131,0,0,0,0,0,0,0,0,1780913061,0
167,-26.53833,25.78661,3.104117,8.738276,0,0,0,0,0,0,0,0,1780913061,0
168,-132.71783,-77.887156,0.467487,13.491689,0,0,0,0,0,0,0,0,1780913061,0
168,-44.48985,8.325017,2.139223,10.036022,0,0,0,0,0,0,0,0,1780913061,0
169,63.428703,114.220285,4.629996,9.789188,0,0,0,0,0,0,0,0,1780913061,0
169,-25.685633,21.994352,3.100377,10.230496,0,0,0,0,0,0,0,0,1780913061,0
170,-133.08808,-82.490973,8.052005,8.98885,0,0,0,0,0,0,0,0,1780913061,0
170,-44.818961,2.124263,5.276999,11.782555,0,0,0,0,0,0,0,0,1780913061,0
171,60.19743,115.387133,7.449881,4.508449,0,0,0,0,0,0,0,0,1780913061,0
171,-23.142501,24.65716,6.413928,11.786295,0,0,0,0,0,0,0,0,1780913061,0
172,-137.92751,-82.030966,8.283878,14.134952,0,0,0,0,0,0,0,0,1780913061,0
172,-49.587334,5.695868,3.650142,7.762162,0,0,0,0,0,0,0,0,1780913061,0
173,59.958076,115.188919,8.044525,8.274529,0,0,0,0,0,0,0,0,1780913061,0
173,-28.643894,26.022224,4.805771,12.631512,0,0,0,0,0,0,0,0,1780913061,0
174,-135.844386,-82.404956,6.260593,11.322547,0,0,0,0,0,0,0,0,1780913061,0
174,-50.963617,2.737607,6.956214,4.616906,0,0,0,0,0,0,0,0,1780913061,0
175,59.337253,114.276383,5.942701,9.056168,0,0,0,0,0,0,0,0,1780913061,0
175,-19.368942,26.235398,5.912782,11.60678,0,0,0,0,0,0,0,0,1780913061,0
176,-130.511289,-83.018299,4.143809,10.297815,0,0,0,0,0,0,0,0,1780913061,0
176,-45.047095,3.062978,0.837738,13.334613,0,0,0,0,0,0,0,0,1780913061,0
177,58.67529,111.284463,2.487033,9.953744,0,0,0,0,0,0,0,0,1780913061,0
177,-24.705779,29.799523,4.057791,6.266202,0,0,0,0,0,0,0,0,1780913061,0
178,-141.390658,-94.350196,5.067564,9.777968,0,0,0,0,0,0,0,0,1780913061,0
178,-57.377545,-7.797691,6.058638,13.364532,0,0,0,0,0,0,0,0,1780913061,0
179,73.193582,134.232489,4.091451,8.065094,0,0,0,0,0,0,0,0,1780913061,0
179,-12.524925,37.903886,3.638923,9.175845,0,0,0,0,0,0,0,0,1780913061,0
180,-118.173359,-56.666964,5.24334,11.490843,0,0,0,0,0,0,0,0,1780913061,0
180,-31.76297,28.572836,4.181208,7.810781,0,0,0,0,0,0,0,0,1780913061,0
181,75.067272,132.186764,3.870796,11.60304,0,0,0,0,0,0,0,0,1780913061,0
181,-12.670781,50.630766,3.388349,12.71753,0,0,0,0,0,0,0,0,1780913061,0
182,-120.185425,-59.670104,2.098084,9.220723,0,0,0,0,0,0,0,0,1780913061,0
182,-36.748257,19.675614,0.044879,13.057861,0,0,0,0,0,0,0,0,1780913061,0
183,69.741654,122.799615,2.834844,12.538015,0,0,0,0,0,0,0,0,1780913061,0
183,-16.410681,39.755137,1.10327,11.255229,0,0,0,0,0,0,0,0,1780913061,0
184,-124.710704,-70.848665,9.72,7.388172,0,0,0,0,0,0,0,0,1780913061,0
184,-39.63172,11.788165,7.083371,11.928411,0,0,0,0,0,0,0,0,1780913061,0
185,66.319646,118.816622,1.671735,10.623186,0,0,0,0,0,0,0,0,1780913061,0
185,-15.756199,38.472351,3.335991,13.285995,0,0,0,0,0,0,0,0,1780913061,0
186,-123.080108,-72.5204,4.233567,12.089227,0,0,0,0,0,0,0,0,1780913061,0
186,-37.245664,17.521431,3.418269,5.118053,0,0,0,0,0,0,0,0,1780913061,0
187,73.002847,128.323447,8.115583,10.791481,0,0,0,0,0,0,0,0,1780913061,0
187,-13.403801,46.445818,5.254559,11.483363,0,0,0,0,0,0,0,0,1780913061,0
188,-124.168418,-65.979315,1.458561,14.19105,0,0,0,0,0,0,0,0,1780913061,0
188,-37.324202,18.942593,1.86621,11.797514,0,0,0,0,0,0,0,0,1780913061,0
189,69.491081,122.822054,5.097484,10.709204,0,0,0,0,0,0,0,0,1780913061,0
189,-9.222593,43.394059,6.137176,10.264155,0,0,0,0,0,0,0,0,1780913061,0
190,-121.468211,-66.136391,5.714567,9.845287,0,0,0,0,0,0,0,0,1780913061,0
190,-38.988457,19.911227,5.329357,10.937337,0,0,0,0,0,0,0,0,1780913061,0
191,71.114198,125.926171,6.260593,15.413998,0,0,0,0,0,0,0,0,1780913061,0
191,-16.967926,42.417945,-1.544579,9.478776,0,0,0,0,0,0,0,0,1780913061,0
192,-128.98167,-73.743347,6.256853,7.302155,0,0,0,0,0,0,0,0,1780913061,0
192,-41.307195,14.892282,2.008326,10.07716,0,0,0,0,0,0,0,0,1780913061,0
193,70.235321,131.494882,6.563524,9.35162,0,0,0,0,0,0,0,0,1780913061,0
193,-11.373036,43.693251,2.142963,11.520762,0,0,0,0,0,0,0,0,1780913061,0
194,-122.328388,-70.28394,4.820731,11.019615,0,0,0,0,0,0,0,0,1780913061,0
194,-38.397553,18.935113,3.867057,9.460077,0,0,0,0,0,0,0,0,1780913061,0
195,75.486141,126.131866,1.338884,8.869173,0,0,0,0,0,0,0,0,1780913061,0
195,-11.661008,45.103193,-0.336591,4.927318,0,0,0,0,0,0,0,0,1780913061,0
196,-121.356014,-65.347272,6.066118,11.060754,0,0,0,0,0,0,0,0,1780913061,0
196,-41.987857,12.016299,3.014359,8.162332,0,0,0,0,0,0,0,0,1780913061,0
197,73.040246,125.937391,4.181208,7.055321,0,0,0,0,0,0,0,0,1780913061,0
197,-9.858376,40.832228,7.008573,12.72127,0,0,0,0,0,0,0,0,1780913061,0
198,-119.213051,-69.053513,6.305471,8.042655,0,0,0,0,0,0,0,0,1780913061,0
198,-36.325648,11.795644,7.524679,14.138692,0,0,0,0,0,0,0,0,1780913061,0
199,70.65045,127.567987,5.707087,16.027341,0,0,0,0,0,0,0,0,1780913061,0
199,-8.758846,50.653205,1.207988,8.330627,0,0,0,0,0,0,0,0,1780913061,0
200,-118.984917,-64.165464,3.216314,8.712097,0,0,0,0,0,0,0,0,1780913061,0
200,-34.953105,17.700946,1.140669,-2.672159,0,0,0,0,0,0,0,0,1780913061,0
0,71.802339,123.770119,2.597361,13.575837,0,0,0,0,0,0,0,0,1780913061,0
101,-8.60551,36.293859,8.532582,13.291604,0,0,0,0,0,0,0,0,1780913061,0
101,-124.628426,-78.304155,4.84504,12.936314,0,0,0,0,0,0,0,0,1780913061,0
102,-38.038522,9.830327,3.117207,8.852343,0,0,0,0,0,0,0,0,1780913061,0
102,72.281046,123.714021,1.688565,7.689234,0,0,0,0,0,0,0,0,1780913061,0
103,-8.702747,39.457814,5.409765,15.872135,0,0,0,0,0,0,0,0,1780913061,0
103,-122.208711,-71.460138,-0.065448,14.454713,0,0,0,0,0,0,0,0,1780913061,0
104,-35.375714,12.448257,2.126133,14.473413,0,0,0,0,0,0,0,0,1780913061,0
104,73.391797,119.772166,1.351974,14.357476,0,0,0,0,0,0,0,0,1780913061,0
105,-7.505979,40.37783,4.919838,12.502486,0,0,0,0,0,0,0,0,1780913061,0
105,-118.932558,-67.824956,-0.353421,7.711674,0,0,0,0,0,0,0,0,1780913061,0
106,-33.763817,9.834067,7.900539,13.332743,0,0,0,0,0,0,0,0,1780913061,0
106,77.864717,125.172582,4.373813,8.96828,0,0,0,0,0,0,0,0,1780913061,0
107,-7.09085,42.397376,7.216137,11.919061,0,0,0,0,0,0,0,0,1780913061,0
107,-118.330435,-68.460739,3.72307,6.170835,0,0,0,0,0,0,0,0,1780913061,0
108,-39.474644,10.499769,7.130119,10.45302,0,0,0,0,0,0,0,0,1780913061,0
108,73.245941,122.745386,3.794129,8.179161,0,0,0,0,0,0,0,0,1780913061,0
109,-7.83509,46.189634,2.144833,14.346256,0,0,0,0,0,0,0,0,1780913061,0
109,-123.173605,-69.115221,4.190558,12.094836,0,0,0,0,0,0,0,0,1780913061,0
110,-37.511197,11.266449,6.441978,4.981547,0,0,0,0,0,0,0,0,1780913061,0
110,73.919123,123.044578,6.120346,12.524925,0,0,0,0,0,0,0,0,1780913061,0
111,-6.024979,46.649642,4.766502,12.207033,0,0,0,0,0,0,0,0,1780913061,0
111,-119.037276,-63.692366,2.571181,12.207033,0,0,0,0,0,0,0,0,1780913061,0
112,-35.697345,14.927811,5.114313,8.867303,0,0,0,0,0,0,0,0,1780913061,0
112,75.620777,131.59399,6.408319,12.248172,0,0,0,0,0,0,0,0,1780913061,0
113,-2.408496,56.010612,4.897399,15.539284,0,0,0,0,0,0,0,0,1780913061,0
113,-118.435152,-62.81349,-3.423878,11.174821,0,0,0,0,0,0,0,0,1780913061,0
114,-35.644986,18.914544,0.132766,11.129942,0,0,0,0,0,0,0,0,1780913061,0
114,75.12337,129.35005,2.933952,10.47546,0,0,0,0,0,0,0,0,1780913061,0
115,-5.59489,47.431281,6.236283,10.037891,0,0,0,0,0,0,0,0,1780913061,0
115,-114.957045,-65.928826,2.440285,4.693574,0,0,0,0,0,0,0,0,1780913061,0
116,-32.795183,11.300108,4.257876,16.246125,0,0,0,0,0,0,0,0,1780913061,0
116,80.01142,132.813197,3.057368,10.45302,0,0,0,0,0,0,0,0,1780913061,0
117,-2.285079,51.249719,5.450904,5.142362,0,0,0,0,0,0,0,0,1780913061,0
117,-114.811189,-66.321516,5.136753,15.767418,0,0,0,0,0,0,0,0,1780913061,0
118,-38.12828,15.657091,5.21529,7.255406,0,0,0,0,0,0,0,0,1780913061,0
118,74.625964,134.492412,2.219631,8.239,0,0,0,0,0,0,0,0,1780913061,0
119,-4.940408,53.10097,6.430758,2.124263,0,0,0,0,0,0,0,0,1780913061,0
119,-116.886833,-55.083116,4.972197,12.72314,0,0,0,0,0,0,0,0,1780913061,0
120,-45.525802,13.151358,4.340154,9.34601,0,0,0,0,0,0,0,0,1780913061,0
120,82.2404,134.368996,8.203471,11.043925,0,0,0,0,0,0,0,0,1780913061,0
121,5.568711,65.162147,4.411212,7.09459,0,0,0,0,0,0,0,0,1780913061,0
121,-112.574729,-55.69646,5.518222,8.508272,0,0,0,0,0,0,0,0,1780913061,0
122,-26.040923,29.221708,1.011643,13.08965,0,0,0,0,0,0,0,0,1780913061,0
122,83.73262,141.826356,-1.946618,4.016653,0,0,0,0,0,0,0,0,1780913061,0
123,15.112936,70.850535,4.11576,8.919661,0,0,0,0,0,0,0,0,1780913061,0
123,-107.013497,-50.748572,5.922132,8.650389,0,0,0,0,0,0,0,0,1780913061,0
124,-22.929327,31.948095,3.270543,10.325864,0,0,0,0,0,0,0,0,1780913061,0
124,86.851697,144.391927,7.044102,8.078184,0,0,0,0,0,0,0,0,1780913061,0
125,12.225733,67.335029,7.152559,15.251312,0,0,0,0,0,0,0,0,1780913061,0
125,-108.995644,-52.165995,3.285502,11.773205,0,0,0,0,0,0,0,0,1780913061,0
126,-30.304409,22.946156,1.12758,5.561231,0,0,0,0,0,0,0,0,1780913061,0
126,88.392535,139.343062,0.929365,7.008573,0,0,0,0,0,0,0,0,1780913061,0
127,1.638076,53.134629,1.333274,11.58995,0,0,0,0,0,0,0,0,1780913061,0
127,-105.154767,-57.342016,5.293828,3.433228,0,0,0,0,0,0,0,0,1780913061,0
128,-34.653913,9.538615,4.583247,12.599723,0,0,0,0,0,0,0,0,1780913061,0
128,82.337637,130.752512,1.658646,9.491866,0,0,0,0,0,0,0,0,1780913061,0
129,-0.710581,51.485333,5.409765,15.049357,0,0,0,0,0,0,0,0,1780913061,0
129,-111.553736,-67.866095,2.081254,5.108703,0,0,0,0,0,0,0,0,1780913061,0
130,-31.493698,14.082593,6.561654,11.94898,0,0,0,0,0,0,0,0,1780913061,0
130,84.458161,137.764825,3.00875,9.888295,0,0,0,0,0,0,0,0,1780913061,0
131,6.010019,51.993959,3.831528,9.080477,0,0,0,0,0,0,0,0,1780913061,0
131,-109.844602,-63.097722,2.62728,5.434075,0,0,0,0,0,0,0,0,1780913061,0
132,-33.176653,12.130366,6.602793,5.351797,0,0,0,0,0,0,0,0,1780913061,0
132,81.978607,130.46454,7.548988,10.217407,0,0,0,0,0,0,0,0,1780913061,0
133,2.285079,46.70948,5.940831,13.987226,0,0,0,0,0,0,0,0,1780913061,0
133,-104.354428,-58.123655,4.355113,16.429381,0,0,0,0,0,0,0,0,1780913061,0
134,-30.798076,15.971243,5.806195,10.44928,0,0,0,0,0,0,0,0,1780913061,0
134,88.901162,135.670481,7.08524,6.844017,0,0,0,0,0,0,0,0,1780913061,0
135,7.831351,53.179507,3.936245,18.538684,0,0,0,0,0,0,0,0,1780913061,0
135,-103.823363,-53.007472,5.499523,12.887695,0,0,0,0,0,0,0,0,1780913061,0
136,-38.913659,13.110219,8.95519,7.09459,0,0,0,0,0,0,0,0,1780913061,0
136,83.022039,133.725733,1.295875,8.321277,0,0,0,0,0,0,0,0,1780913061,0
137,7.393782,55.187834,2.410366,17.169881,0,0,0,0,0,0,0,0,1780913061,0
137,-112.563509,-60.778984,0.76481,15.69636,0,0,0,0,0,0,0,0,1780913061,0
138,-40.218884,7.130119,5.144232,11.167341,0,0,0,0,0,0,0,0,1780913061,0
138,73.107564,126.380569,2.515083,12.461347,0,0,0,0,0,0,0,0,1780913061,0
139,-1.88117,60.165641,3.132166,12.581023,0,0,0,0,0,0,0,0,1780913061,0
139,-126.438538,-69.15636,2.713297,10.037891,0,0,0,0,0,0,0,0,1780913061,0
140,-44.815221,10.989696,2.963871,12.633382,0,0,0,0,0,0,0,0,1780913061,0
140,74.057499,125.056645,1.763363,9.196414,0,0,0,0,0,0,0,0,1780913061,0
141,-3.126556,52.689581,5.297568,11.638569,0,0,0,0,0,0,0,0,1780913061,0
141,-117.900346,-67.869834,6.045548,9.402108,0,0,0,0,0,0,0,0,1780913061,0
142,-44.800262,9.602193,5.091874,1.032212,0,0,0,0,0,0,0,0,1780913061,0
142,76.570712,126.384309,3.158346,12.992412,0,0,0,0,0,0,0,0,1780913061,0
143,0.00748,50.965487,5.877253,13.198107,0,0,0,0,0,0,0,0,1780913061,0
143,-113.446125,-64.343109,2.836714,12.390289,0,0,0,0,0,0,0,0,1780913061,0
144,-33.068195,10.45115,5.510743,10.83075,0,0,0,0,0,0,0,0,1780913061,0
144,87.068611,133.336783,2.657199,9.619023,0,0,0,0,0,0,0,0,1780913061,0
145,12.992412,59.739292,3.315421,16.668734,0,0,0,0,0,0,0,0,1780913061,0
145,-108.77499,-56.994205,5.97449,9.929434,0,0,0,0,0,0,0,0,1780913061,0
146,-32.933559,15.907664,4.86,5.890342,0,0,0,0,0,0,0,0,1780913061,0
146,82.427395,124.361023,2.758176,9.839677,0,0,0,0,0,0,0,0,1780913061,0
147,15.292451,66.968519,3.835267,14.017145,0,0,0,0,0,0,0,0,1780913061,0
147,-106.078522,-55.172874,2.372967,13.329003,0,0,0,0,0,0,0,0,1780913061,0
148,-38.853821,10.604486,4.766502,12.031258,0,0,0,0,0,0,0,0,1780913062,0
148,76.970881,130.154128,2.533782,15.479446,0,0,0,0,0,0,0,0,1780913062,0
149,-6.204494,54.406195,3.498676,13.972266,0,0,0,0,0,0,0,0,1780913062,0
149,-114.972004,-63.269758,2.60858,10.423101,0,0,0,0,0,0,0,0,1780913062,0
150,-48.080154,7.201177,4.833821,8.97202,0,0,0,0,0,0,0,0,1780913062,0
150,61.865425,122.823924,3.184525,4.809511,0,0,0,0,0,0,0,0,1780913062,0
151,-10.797091,46.630943,1.924179,8.313798,0,0,0,0,0,0,0,0,1780913062,0
151,-127.586687,-74.579215,4.048442,10.737253,0,0,0,0,0,0,0,0,1780913062,0
152,-44.003663,7.960377,2.185972,11.526372,0,0,0,0,0,0,0,0,1780913062,0
152,67.998861,119.476714,5.293828,10.673674,0,0,0,0,0,0,0,0,1780913062,0
153,-1.563278,52.850396,4.912359,9.820977,0,0,0,0,0,0,0,0,1780913062,0
153,-117.900346,-65.461339,3.569735,7.498499,0,0,0,0,0,0,0,0,1780913062,0
154,-47.335914,5.873513,6.37092,14.667888,0,0,0,0,0,0,0,0,1780913062,0
154,64.517014,117.221554,4.082101,4.742193,0,0,0,0,0,0,0,0,1780913062,0
155,-4.712274,49.039438,5.731397,4.274706,0,0,0,0,0,0,0,0,1780913062,0
155,-121.041862,-69.133921,7.242316,8.575591,0,0,0,0,0,0,0,0,1780913062,0
156,-41.352074,5.013336,7.160038,15.150335,0,0,0,0,0,0,0,0,1780913062,0
156,77.00828,124.398422,2.376706,14.899761,0,0,0,0,0,0,0,0,1780913062,0
157,-0.897576,53.931227,7.971597,8.904702,0,0,0,0,0,0,0,0,1780913062,0
157,-116.946672,-64.193513,3.180785,6.963694,0,0,0,0,0,0,0,0,1780913062,0
158,-47.650065,8.906572,4.747803,10.737253,0,0,0,0,0,0,0,0,1780913062,0
158,72.337145,125.658769,5.787495,12.379069,0,0,0,0,0,0,0,0,1780913062,0
159,-6.873936,49.275052,6.412058,18.400308,0,0,0,0,0,0,0,0,1780913062,0
159,-125.899992,-66.717945,3.771689,8.560631,0,0,0,0,0,0,0,0,1780913062,0
160,-50.627026,0.790989,5.705217,6.705641,0,0,0,0,0,0,0,0,1780913062,0
160,62.699423,119.484194,4.336414,16.358322,0,0,0,0,0,0,0,0,1780913062,0
161,-6.660762,47.236806,4.227957,11.287018,0,0,0,0,0,0,0,0,1780913062,0
161,-122.780916,-72.170719,-0.188865,11.275798,0,0,0,0,0,0,0,0,1780913062,0
162,-48.577561,-0.559115,3.973644,0.620823,0,0,0,0,0,0,0,0,1780913062,0
162,68.084879,118.89329,4.209257,8.23152,0,0,0,0,0,0,0,0,1780913062,0
163,-4.293405,52.016399,5.510743,9.828457,0,0,0,0,0,0,0,0,1780913062,0
163,-126.524555,-69.937999,-0.01683,9.095437,0,0,0,0,0,0,0,0,1780913062,0
164,-51.030935,-2.649719,0.719931,11.94898,0,0,0,0,0,0,0,0,1780913062,0
164,64.053267,118.657676,3.648272,11.201,0,0,0,0,0,0,0,0,1780913062,0
165,-10.423101,41.301585,2.129873,9.222593,0,0,0,0,0,0,0,0,1780913062,0
165,-122.754736,-70.611181,2.933952,10.871889,0,0,0,0,0,0,0,0,1780913062,0
166,-54.396845,1.150019,2.862893,9.779838,0,0,0,0,0,0,0,0,1780913062,0
166,64.984502,119.921762,4.714144,11.257099,0,0,0,0,0,0,0,0,1780913062,0
167,-4.293405,50.131489,2.803055,8.504532,0,0,0,0,0,0,0,0,1780913062,0
167,-131.513582,-75.697445,5.693998,10.763432,0,0,0,0,0,0,0,0,1780913062,0
168,-55.492636,0.686272,3.958684,5.662209,0,0,0,0,0,0,0,0,1780913062,0
168,65.287434,118.182709,4.508449,6.900115,0,0,0,0,0,0,0,0,1780913062,0
169,-10.064071,45.295798,3.165825,9.820977,0,0,0,0,0,0,0,0,1780913062,0
169,-130.877799,-78.420092,6.266202,8.253959,0,0,0,0,0,0,0,0,1780913062,0
170,-50.526048,-2.208411,0.884486,15.789858,0,0,0,0,0,0,0,0,1780913062,0
170,64.019607,111.985694,-1.11262,9.663901,0,0,0,0,0,0,0,0,1780913062,0
171,-4.955367,48.381216,3.981124,12.625902,0,0,0,0,0,0,0,0,1780913062,0
171,-119.228011,-69.279777,1.531489,12.35289,0,0,0,0,0,0,0,0,1780913062,0
172,-52.500716,-3.173305,6.905725,13.153228,0,0,0,0,0,0,0,0,1780913062,0
172,63.024794,114.37175,3.696891,13.908688,0,0,0,0,0,0,0,0,1780913062,0
173,-2.169142,48.743986,5.465864,12.782978,0,0,0,0,0,0,0,0,1780913062,0
173,-117.129927,-67.974552,2.055075,11.877922,0,0,0,0,0,0,0,0,1780913062,0
174,-56.734282,-4.149419,6.3597,9.72748,0,0,0,0,0,0,0,0,1780913062,0
174,68.754321,123.646702,2.855414,7.001093,0,0,0,0,0,0,0,0,1780913062,0
175,-5.703347,47.09469,5.802455,9.963093,0,0,0,0,0,0,0,0,1780913062,0
175,-121.47943,-77.660893,7.930458,9.764879,0,0,0,0,0,0,0,0,1780913062,0
176,-49.041308,-1.389373,3.091027,9.001939,0,0,0,0,0,0,0,0,1780913062,0
176,66.884371,115.033713,3.031189,8.508272,0,0,0,0,0,0,0,0,1780913062,0
177,0.489927,49.016999,4.609427,11.193521,0,0,0,0,0,0,0,0,1780913062,0
177,-123.334421,-75.237437,8.323147,6.294252,0,0,0,0,0,0,0,0,1780913062,0
178,-47.900639,-0.028049,6.557915,10.344563,0,0,0,0,0,0,0,0,1780913062,0
178,67.550073,122.019846,2.466464,6.870196,0,0,0,0,0,0,0,0,1780913062,0
179,-4.671135,47.248026,6.73743,7.146949,0,0,0,0,0,0,0,0,1780913062,0
179,-124.037522,-82.634959,5.690258,9.817237,0,0,0,0,0,0,0,0,1780913062,0
180,-53.278615,-8.753236,3.872666,7.924848,0,0,0,0,0,0,0,0,1780913062,0
180,73.302039,124.84347,5.641639,12.524925,0,0,0,0,0,0,0,0,1780913062,0
181,-4.300885,56.249965,7.044102,11.032705,0,0,0,0,0,0,0,0,1780913062,0
181,-120.918445,-66.134521,1.740923,7.09833,0,0,0,0,0,0,0,0,1780913062,0
182,-51.692897,0.476837,7.219877,13.587057,0,0,0,0,0,0,0,0,1780913062,0
182,70.818746,113.459215,0.510496,11.818084,0,0,0,0,0,0,0,0,1780913062,0
183,6.215714,54.271558,4.916098,13.149488,0,0,0,0,0,0,0,0,1780913062,0
183,-116.961631,-64.040177,5.110573,11.649788,0,0,0,0,0,0,0,0,1780913062,0
184,-43.248203,-3.891366,5.267649,15.576683,0,0,0,0,0,0,0,0,1780913062,0
184,76.443555,125.269819,4.168119,11.679708,0,0,0,0,0,0,0,0,1780913062,0
185,10.329604,59.570996,4.280315,12.027518,0,0,0,0,0,0,0,0,1780913062,0
185,-111.998784,-58.849196,5.020816,12.678261,0,0,0,0,0,0,0,0,1780913062,0
186,-50.623286,1.785802,4.302755,7.947287,0,0,0,0,0,0,0,0,1780913062,0
186,78.249927,126.672281,4.272836,5.568711,0,0,0,0,0,0,0,0,1780913062,0
187,9.387149,59.757991,7.403132,13.47486,0,0,0,0,0,0,0,0,1780913062,0
187,-114.272643,-66.003624,4.429911,14.712766,0,0,0,0,0,0,0,0,1780913062,0
188,-39.871073,9.837807,2.713297,7.49102,0,0,0,0,0,0,0,0,1780913062,0
188,77.494467,126.627403,3.640793,8.904702,0,0,0,0,0,0,0,0,1780913062,0
189,4.48414,53.658215,7.511589,5.060085,0,0,0,0,0,0,0,0,1780913062,0
189,-112.380254,-69.53409,4.48227,2.722647,0,0,0,0,0,0,0,0,1780913062,0
190,-41.50167,0.510496,4.702924,9.802278,0,0,0,0,0,0,0,0,1780913062,0
190,80.276953,122.981,1.800762,15.782378,0,0,0,0,0,0,0,0,1780913062,0
191,14.263978,58.217153,6.845887,11.073844,0,0,0,0,0,0,0,0,1780913062,0
191,-109.89322,-71.02257,2.343047,4.921708,0,0,0,0,0,0,0,0,1780913062,0
192,-38.719184,2.002716,1.000423,13.022332,0,0,0,0,0,0,0,0,1780913062,0
192,78.156429,123.085717,0.839608,6.73182,0,0,0,0,0,0,0,0,1780913062,0
193,8.863563,52.562424,5.720177,11.982639,0,0,0,0,0,0,0,0,1780913062,0
193,-106.100962,-64.877914,1.445471,5.852943,0,0,0,0,0,0,0,0,1780913062,0
194,-44.074721,-2.810535,4.613167,10.860669,0,0,0,0,0,0,0,0,1780913062,0
194,82.831304,124.626556,4.011043,8.123063,0,0,0,0,0,0,0,0,1780913062,0
195,17.678507,56.541677,7.646225,-3.066718,0,0,0,0,0,0,0,0,1780913062,0
195,-109.833382,-66.235498,0.00935,12.296791,0,0,0,0,0,0,0,0,1780913062,0
196,-44.082201,3.35656,4.231697,14.58935,0,0,0,0,0,0,0,0,1780913062,0
196,79.876783,126.7396,4.613167,5.033905,0,0,0,0,0,0,0,0,1780913062,0
197,12.364109,60.737845,2.387926,14.57439,0,0,0,0,0,0,0,0,1780913062,0
197,-116.471704,-69.492951,4.201778,11.028965,0,0,0,0,0,0,0,0,1780913062,0
198,-43.154706,-4.257876,-1.378153,15.071797,0,0,0,0,0,0,0,0,1780913062,0
198,79.562632,122.700508,-0.547895,8.942101,0,0,0,0,0,0,0,0,1780913062,0
199,13.493559,60.692966,6.625233,13.508519,0,0,0,0,0,0,0,0,1780913062,0
199,-113.476044,-68.991804,5.308788,7.453621,0,0,0,0,0,0,0,0,1780913062,0
200,-46.666472,-0.832128,1.718484,16.911828,0,0,0,0,0,0,0,0,1780913062,0
200,78.579038,123.631743,2.036376,9.039338,0,0,0,0,0,0,0,0,1780913062,0
0,3.816568,52.098676,4.308365,9.420808,0,0,0,0,0,0,0,0,1780913062,0
101,-113.694829,-67.967072,-0.523586,13.811451,0,0,0,0,0,0,0,0,1780913062,0
101,-43.680162,3.35282,3.107857,7.505979,0,0,0,0,0,0,0,0,1780913062,0
102,79.078315,121.85529,1.361324,12.31923,0,0,0,0,0,0,0,0,1780913062,0
102,11.124332,56.45192,2.404756,12.966233,0,0,0,0,0,0,0,0,1780913062,0
103,-111.925856,-67.630481,4.360723,15.049357,0,0,0,0,0,0,0,0,1780913062,0
103,-39.532612,0.36464,4.566418,11.545071,0,0,0,0,0,0,0,0,1780913062,0
104,79.856214,123.945894,3.343471,10.703594,0,0,0,0,0,0,0,0,1780913062,0
104,17.590619,56.713713,4.065271,11.032705,0,0,0,0,0,0,0,0,1780913062,0
105,-111.540646,-71.280623,2.711427,6.35409,0,0,0,0,0,0,0,0,1780913062,0
105,-44.263586,-3.431358,4.738453,13.138269,0,0,0,0,0,0,0,0,1780913062,0
106,77.716991,129.234113,7.902409,12.831597,0,0,0,0,0,0,0,0,1780913062,0
106,10.926118,60.431173,-2.191581,7.367603,0,0,0,0,0,0,0,0,1780913062,0
107,-109.827772,-62.641454,3.197614,13.519738,0,0,0,0,0,0,0,0,1780913062,0
107,-47.289165,5.394806,4.824471,13.81519,0,0,0,0,0,0,0,0,1780913062,0
108,74.280023,125.367056,3.35469,9.319831,0,0,0,0,0,0,0,0,1780913062,0
108,8.779415,55.771258,4.024132,5.942701,0,0,0,0,0,0,0,0,1780913062,0
109,-115.781693,-70.334429,7.270366,11.623609,0,0,0,0,0,0,0,0,1780913062,0
109,-42.345017,-0.069188,6.915075,9.772359,0,0,0,0,0,0,0,0,1780913062,0
110,78.644486,128.991019,3.00688,9.424548,0,0,0,0,0,0,0,0,1780913062,0
110,17.482162,61.440946,6.518646,15.161554,0,0,0,0,0,0,0,0,1780913062,0
111,-110.145664,-68.632774,5.407895,7.771512,0,0,0,0,0,0,0,0,1780913062,0
111,-44.360823,-1.613767,5.112443,11.264579,0,0,0,0,0,0,0,0,1780913062,0
112,78.794082,128.489873,5.669688,9.121616,0,0,0,0,0,0,0,0,1780913062,0
112,11.58434,67.121854,-0.474967,12.135975,0,0,0,0,0,0,0,0,1780913062,0
113,-105.06314,-54.316437,5.404155,11.339377,0,0,0,0,0,0,0,0,1780913062,0
113,-43.624063,7.451751,1.297745,8.070704,0,0,0,0,0,0,0,0,1780913062,0
114,74.066849,136.231466,4.678615,13.83763,0,0,0,0,0,0,0,0,1780913062,0
114,17.695337,75.315975,6.316691,5.852943,0,0,0,0,0,0,0,0,1780913062,0
115,-103.997268,-49.649042,6.380269,9.783578,0,0,0,0,0,0,0,0,1780913062,0
115,-37.838438,13.906818,3.795998,7.767772,0,0,0,0,0,0,0,0,1780913062,0
116,75.446872,130.434621,2.098084,11.301978,0,0,0,0,0,0,0,0,1780913062,0
116,14.632359,76.404286,2.064425,3.609003,0,0,0,0,0,0,0,0,1780913062,0
117,-102.620985,-49.678961,6.627103,7.532159,0,0,0,0,0,0,0,0,1780913062,0
117,-43.586664,14.538861,3.092897,7.894929,0,0,0,0,0,0,0,0,1780913062,0
118,74.523116,128.276699,5.59115,9.630242,0,0,0,0,0,0,0,0,1780913062,0
118,5.559361,58.781878,3.672582,13.216806,0,0,0,0,0,0,0,0,1780913062,0
119,-114.75322,-62.323563,5.082524,15.217653,0,0,0,0,0,0,0,0,1780913062,0
119,-46.402809,10.226756,0.325371,8.018346,0,0,0,0,0,0,0,0,1780913062,0
120,79.063355,140.850242,3.859577,11.429134,0,0,0,0,0,0,0,0,1780913062,0
120,16.348973,74.743771,0.527326,8.515752,0,0,0,0,0,0,0,0,1780913062,0
121,-120.871697,-54.335137,4.555198,14.293898,0,0,0,0,0,0,0,0,1780913062,0
121,-48.788865,9.867726,3.601524,8.631689,0,0,0,0,0,0,0,0,1780913062,0
122,74.223924,137.488072,5.097484,11.298238,0,0,0,0,0,0,0,0,1780913062,0
122,12.190204,73.741477,4.536499,7.270366,0,0,0,0,0,0,0,0,1780913062,0
123,-115.88641,-60.689227,3.698761,12.371589,0,0,0,0,0,0,0,0,1780913062,0
123,-52.577384,3.296722,3.74364,9.140315,0,0,0,0,0,0,0,0,1780913062,0
124,65.532397,123.998253,4.166249,16.261085,0,0,0,0,0,0,0,0,1780913062,0
124,12.096706,74.616614,3.919415,8.878522,0,0,0,0,0,0,0,0,1780913062,0
125,-120.894136,-61.897214,6.189534,9.619023,0,0,0,0,0,0,0,0,1780913062,0
125,-59.660754,6.554175,5.774406,0.590904,0,0,0,0,0,0,0,0,1780913062,0
126,76.034036,135.412428,4.674875,10.886849,0,0,0,0,0,0,0,0,1780913062,0
126,13.667464,76.662339,4.551458,4.46918,0,0,0,0,0,0,0,0,1780913062,0
127,-119.401916,-60.92484,-0.112197,8.317538,0,0,0,0,0,0,0,0,1780913062,0
127,-61.238992,3.782909,3.586564,14.821224,0,0,0,0,0,0,0,0,1780913062,0
128,63.651227,127.08741,6.664502,8.246479,0,0,0,0,0,0,0,0,1780913062,0
128,5.23025,62.375921,-2.064425,13.156968,0,0,0,0,0,0,0,0,1780913062,0
129,-121.814151,-64.30571,5.546272,10.696114,0,0,0,0,0,0,0,0,1780913062,0
129,-64.896614,-8.95519,0.987334,10.396922,0,0,0,0,0,0,0,0,1780913062,0
130,67.346248,130.730073,0.863917,12.603463,0,0,0,0,0,0,0,0,1780913062,0
130,-0.072928,57.042824,5.269519,10.669935,0,0,0,0,0,0,0,0,1780913062,0
131,-126.302031,-73.65172,5.168542,11.492713,0,0,0,0,0,0,0,0,1780913062,0
131,-70.970212,-18.742509,1.017253,9.35723,0,0,0,0,0,0,0,0,1780913062,0
132,59.567257,112.367164,2.221501,2.359877,0,0,0,0,0,0,0,0,1780913062,0
132,-0.992943,54.088303,6.571004,8.250219,0,0,0,0,0,0,0,0,1780913062,0
133,-131.377076,-73.576922,5.636029,11.062624,0,0,0,0,0,0,0,0,1780913062,0
133,-65.551096,-10.582047,6.305471,11.95272,0,0,0,0,0,0,0,0,1780913062,0
134,60.606949,115.942508,2.819885,14.847403,0,0,0,0,0,0,0,0,1780913062,0
134,-5.98945,54.350096,0.033659,13.343963,0,0,0,0,0,0,0,0,1780913062,0
135,-133.923947,-79.60938,2.142963,13.08217,0,0,0,0,0,0,0,0,1780913062,0
135,-68.980585,-15.466356,4.820731,10.47172,0,0,0,0,0,0,0,0,1780913062,0
136,62.04307,113.922963,4.682355,11.915321,0,0,0,0,0,0,0,0,1780913062,0
136,-1.441731,50.497999,4.951628,6.597184,0,0,0,0,0,0,0,0,1780913062,0
137,-127.199607,-70.502724,5.759446,8.21656,0,0,0,0,0,0,0,0,1780913062,0
137,-73.820015,-25.313513,2.954521,6.33913,0,0,0,0,0,0,0,0,1780913062,0
138,56.104109,112.643917,4.566418,14.813744,0,0,0,0,0,0,0,0,1780913062,0
138,-4.306495,56.919407,-0.867657,7.793952,0,0,0,0,0,0,0,0,1780913062,0
139,-134.57843,-79.564502,3.911935,2.128003,0,0,0,0,0,0,0,0,1780913062,0
139,-76.307049,-14.22097,9.35349,12.412728,0,0,0,0,0,0,0,0,1780913062,0
140,51.799484,104.341339,7.341424,13.134529,0,0,0,0,0,0,0,0,1780913062,0
140,-6.73369,44.921808,1.11823,10.894329,0,0,0,0,0,0,0,0,1780913062,0
141,-135.898615,-85.469804,2.23646,9.888295,0,0,0,0,0,0,0,0,1780913062,0
141,-70.26337,-22.280454,4.4991,12.947534,0,0,0,0,0,0,0,0,1780913062,0
142,50.262385,107.097645,2.187841,9.914475,0,0,0,0,0,0,0,0,1780913062,0
142,-5.103093,44.918068,5.015206,7.782732,0,0,0,0,0,0,0,0,1780913062,0
143,-131.044224,-83.020169,4.48788,13.385102,0,0,0,0,0,0,0,0,1780913062,0
143,-72.170719,-23.196729,5.826764,8.478353,0,0,0,0,0,0,0,0,1780913062,0
144,50.251166,101.252181,5.396676,8.534452,0,0,0,0,0,0,0,0,1780913062,0
144,-8.412905,43.205194,2.053205,10.314644,0,0,0,0,0,0,0,0,1780913062,0
145,-135.539584,-86.000869,5.785625,8.859823,0,0,0,0,0,0,0,0,1780913062,0
145,-72.51853,-21.988742,3.623963,11.174821,0,0,0,0,0,0,0,0,1780913062,0
146,52.543724,103.507341,7.999646,16.373282,0,0,0,0,0,0,0,0,1780913063,0
146,-2.070035,50.890689,4.12511,4.633736,0,0,0,0,0,0,0,0,1780913063,0
147,-133.46394,-78.958638,3.773559,14.821224,0,0,0,0,0,0,0,0,1780913063,0
147,-72.705525,-20.642378,2.2402,13.624456,0,0,0,0,0,0,0,0,1780913063,0
148,51.159961,107.523994,6.518646,17.143701,0,0,0,0,0,0,0,0,1780913063,0
148,-1.168719,50.157668,-0.680662,10.183748,0,0,0,0,0,0,0,0,1780913063,0
149,-129.70908,-73.225371,7.419962,14.241539,0,0,0,0,0,0,0,0,1780913063,0
149,-60.356375,-8.708357,0.807818,9.020639,0,0,0,0,0,0,0,0,1780913063,0
150,63.860662,117.37489,3.709981,5.497653,0,0,0,0,0,0,0,0,1780913063,0
150,7.160038,65.476298,4.069011,9.835937,0,0,0,0,0,0,0,0,1780913063,0
151,-117.879777,-57.274698,5.127403,14.084463,0,0,0,0,0,0,0,0,1780913063,0
151,-52.367949,7.822001,3.407049,6.825317,0,0,0,0,0,0,0,0,1780913063,0
152,76.707218,141.725379,3.627703,11.335637,0,0,0,0,0,0,0,0,1780913063,0
152,15.866526,82.361947,6.664502,12.405248,0,0,0,0,0,0,0,0,1780913063,0
153,-100.036714,-38.896829,4.581377,9.375929,0,0,0,0,0,0,0,0,1780913063,0
153,-42.266479,21.543694,1.705394,13.639415,0,0,0,0,0,0,0,0,1780913063,0
154,98.806287,164.722024,6.492466,10.277245,0,0,0,0,0,0,0,0,1780913063,0
154,48.470973,118.624017,3.38087,11.021485,0,0,0,0,0,0,0,0,1780913063,0
155,-79.459784,-11.846133,6.256853,6.477507,0,0,0,0,0,0,0,0,1780913063,0
155,-13.166318,59.249365,4.49536,3.657622,0,0,0,0,0,0,0,0,1780913063,0
156,109.334105,180.16781,4.712274,9.387149,0,0,0,0,0,0,0,0,1780913063,0
156,63.108942,125.378276,7.894929,9.087957,0,0,0,0,0,0,0,0,1780913063,0
157,-61.852335,12.893305,5.321878,1.10701,0,0,0,0,0,0,0,0,1780913063,0
157,-3.218184,63.617568,-1.424902,10.677414,0,0,0,0,0,0,0,0,1780913063,0
158,120.108757,188.548926,5.538792,6.125956,0,0,0,0,0,0,0,0,1780913063,0
158,56.231266,128.100923,3.163955,11.761985,0,0,0,0,0,0,0,0,1780913063,0
159,-68.752451,2.904032,5.961401,15.236352,0,0,0,0,0,0,0,0,1780913063,0
159,-18.488195,47.528519,1.768973,8.23152,0,0,0,0,0,0,0,0,1780913063,0
160,105.642824,172.800208,6.294252,13.299084,0,0,0,0,0,0,0,0,1780913063,0
160,52.805517,117.487087,6.34287,16.182547,0,0,0,0,0,0,0,0,1780913063,0
161,-71.276883,-5.873513,4.203648,6.829057,0,0,0,0,0,0,0,0,1780913063,0
161,-21.719469,44.069111,2.932082,12.569804,0,0,0,0,0,0,0,0,1780913063,0
162,96.902678,164.733243,7.577037,13.504779,0,0,0,0,0,0,0,0,1780913063,0
162,33.556252,101.854305,1.843771,11.608649,0,0,0,0,0,0,0,0,1780913063,0
163,-104.812566,-34.700662,4.816991,5.97262,0,0,0,0,0,0,0,0,1780913063,0
163,-35.744094,30.796206,3.975514,8.796245,0,0,0,0,0,0,0,0,1780913063,0
164,79.138153,148.531997,6.937514,8.620469,0,0,0,0,0,0,0,0,1780913063,0
164,15.552374,92.534475,0.280492,11.447834,0,0,0,0,0,0,0,0,1780913063,0
165,-111.903417,-45.131243,3.863317,11.866703,0,0,0,0,0,0,0,0,1780913063,0
165,-62.383401,3.188265,6.567264,12.872736,0,0,0,0,0,0,0,0,1780913063,0
166,57.151281,118.302385,4.880569,12.947534,0,0,0,0,0,0,0,0,1780913063,0
166,6.591574,74.02945,4.184948,11.077584,0,0,0,0,0,0,0,0,1780913063,0
167,-125.21372,-53.718053,5.486433,7.756553,0,0,0,0,0,0,0,0,1780913063,0
167,-77.496337,-2.077514,0.329111,11.990119,0,0,0,0,0,0,0,0,1780913063,0
168,56.321023,127.943847,5.000246,12.7194,0,0,0,0,0,0,0,0,1780913063,0
168,-6.228803,67.050796,5.172282,17.113782,0,0,0,0,0,0,0,0,1780913063,0
169,-135.247872,-65.708172,4.730973,3.792259,0,0,0,0,0,0,0,0,1780913063,0
169,-78.943678,-18.383478,6.653282,12.764279,0,0,0,0,0,0,0,0,1780913063,0
170,48.927241,107.722208,3.470627,10.875629,0,0,0,0,0,0,0,0,1780913063,0
170,-9.400239,52.117376,4.577638,8.489573,0,0,0,0,0,0,0,0,1780913063,0
171,-135.965933,-76.722178,3.72868,13.179407,0,0,0,0,0,0,0,0,1780913063,0
171,-81.426972,-19.82334,2.715167,10.09025,0,0,0,0,0,0,0,0,1780913063,0
172,42.416075,99.486949,9.779838,9.387149,0,0,0,0,0,0,0,0,1780913063,0
172,-9.938784,45.303278,-0.198215,16.620115,0,0,0,0,0,0,0,0,1780913063,0
173,-140.809103,-80.854767,3.156476,8.553151,0,0,0,0,0,0,0,0,1780913063,0
173,-82.526502,-25.276114,0.501147,11.159861,0,0,0,0,0,0,0,0,1780913063,0
174,44.925548,102.074959,2.62915,11.21222,0,0,0,0,0,0,0,0,1780913063,0
174,-7.784602,47.906248,4.4804,12.749319,0,0,0,0,0,0,0,0,1780913063,0
175,-139.80307,-82.077714,5.662209,8.788765,0,0,0,0,0,0,0,0,1780913063,0
175,-85.331427,-29.932289,5.471474,9.547965,0,0,0,0,0,0,0,0,1780913063,0
176,41.765333,100.694936,5.695868,10.430581,0,0,0,0,0,0,0,0,1780913063,0
176,-12.063047,49.166595,3.579084,1.993367,0,0,0,0,0,0,0,0,1780913063,0
177,-135.999592,-82.649919,4.730973,9.828457,0,0,0,0,0,0,0,0,1780913063,0
177,-79.426125,-24.894644,4.428042,2.62541,0,0,0,0,0,0,0,0,1780913063,0
178,43.870896,97.751635,7.636876,6.604663,0,0,0,0,0,0,0,0,1780913063,0
178,-7.945417,49.813597,4.798292,15.887095,0,0,0,0,0,0,0,0,1780913063,0
179,-134.488672,-82.410565,4.787072,15.277491,0,0,0,0,0,0,0,0,1780913063,0
179,-86.37112,-29.472282,2.146703,13.340223,0,0,0,0,0,0,0,0,1780913063,0
180,39.517653,101.611212,4.312105,13.340223,0,0,0,0,0,0,0,0,1780913063,0
180,-11.831174,46.903955,2.206541,4.177468,0,0,0,0,0,0,0,0,1780913063,0
181,-136.878468,-83.382939,1.50344,12.771758,0,0,0,0,0,0,0,0,1780913063,0
181,-82.874313,-28.810319,4.024132,7.965987,0,0,0,0,0,0,0,0,1780913063,0
182,45.221,98.982062,4.270966,9.738699,0,0,0,0,0,0,0,0,1780913063,0
182,-14.164871,44.308465,9.536745,14.802524,0,0,0,0,0,0,0,0,1780913063,0
183,-141.658061,-88.095213,6.698161,12.266872,0,0,0,0,0,0,0,0,1780913063,0
183,-84.650766,-42.333798,2.99192,11.702147,0,0,0,0,0,0,0,0,1780913063,0
184,44.903109,94.830773,9.35723,7.304025,0,0,0,0,0,0,0,0,1780913063,0
184,-12.3398,40.527426,5.303178,9.304871,0,0,0,0,0,0,0,0,1780913063,0
185,-143.584109,-89.247103,3.579084,20.18424,0,0,0,0,0,0,0,0,1780913063,0
185,-83.906525,-31.7798,3.249973,9.443247,0,0,0,0,0,0,0,0,1780913063,0
186,44.020492,99.139138,0.452528,9.70878,0,0,0,0,0,0,0,0,1780913063,0
186,-6.864586,45.355637,2.715167,8.425995,0,0,0,0,0,0,0,0,1780913063,0
187,-133.677114,-83.73823,3.638923,9.076737,0,0,0,0,0,0,0,0,1780913063,0
187,-85.035975,-34.663263,1.821331,8.945841,0,0,0,0,0,0,0,0,1780913063,0
188,42.595591,89.886625,4.327064,5.119923,0,0,0,0,0,0,0,0,1780913063,0
188,-5.809935,42.887303,7.10955,10.568957,0,0,0,0,0,0,0,0,1780913063,0
189,-134.529811,-85.062155,4.809511,7.782732,0,0,0,0,0,0,0,0,1780913063,0
189,-85.24167,-32.595098,1.772713,11.97142,0,0,0,0,0,0,0,0,1780913063,0
190,43.074298,98.450996,8.059484,10.262285,0,0,0,0,0,0,0,0,1780913063,0
190,-10.443671,42.105664,2.172882,10.572697,0,0,0,0,0,0,0,0,1780913063,0
191,-136.83359,-88.147572,3.698761,6.548565,0,0,0,0,0,0,0,0,1780913063,0
191,-86.73763,-35.643117,6.054898,6.986133,0,0,0,0,0,0,0,0,1780913063,0
192,42.9808,98.424817,7.139469,7.692974,0,0,0,0,0,0,0,0,1780913063,0
192,-5.716437,41.832651,2.064425,10.348303,0,0,0,0,0,0,0,0,1780913063,0
193,-135.745279,-89.823047,7.195568,6.507426,0,0,0,0,0,0,0,0,1780913063,0
193,-86.109327,-36.720208,6.204494,5.299438,0,0,0,0,0,0,0,0,1780913063,0
194,44.409442,97.94985,2.199061,11.825564,0,0,0,0,0,0,0,0,1780913063,0
194,-8.540062,46.103617,6.657022,9.454467,0,0,0,0,0,0,0,0,1780913063,0
195,-140.872682,-88.929211,2.053205,7.49476,0,0,0,0,0,0,0,0,1780913063,0
195,-84.314175,-37.995514,5.24334,16.051651,0,0,0,0,0,0,0,0,1780913063,0
196,47.924948,100.163871,1.813851,10.864409,0,0,0,0,0,0,0,0,1780913063,0
196,-6.617753,48.355036,2.22898,12.274352,0,0,0,0,0,0,0,0,1780913063,0
197,-132.039038,-82.803255,0.770419,15.33733,0,0,0,0,0,0,0,0,1780913063,0
197,-78.988557,-26.237268,-2.913382,12.308011,0,0,0,0,0,0,0,0,1780913063,0
198,49.510666,102.78928,-1.181808,12.165895,0,0,0,0,0,0,0,0,1780913063,0
198,-2.301908,47.120869,6.144656,8.059484,0,0,0,0,0,0,0,0,1780913063,0
199,-132.181154,-87.717484,10.681154,13.250466,0,0,0,0,0,0,0,0,1780913063,0
199,-78.775383,-32.000454,10.404402,15.397168,0,0,0,0,0,0,0,0,1780913063,0
200,43.766179,96.869019,6.275552,7.741593,0,0,0,0,0,0,0,0,1780913063,0
200,-6.830927,46.840377,5.550012,4.985287,0,0,0,0,0,0,0,0,1780913063,0
0,-136.919607,-80.443378,-0.931235,6.256853,0,0,0,0,0,0,0,0,1780913063,0
101,-83.910265,-26.809473,3.175175,8.826164,0,0,0,0,0,0,0,0,1780913063,0
101,46.193374,98.484655,4.932928,14.802524,0,0,0,0,0,0,0,0,1780913063,0
102,0.768549,50.984186,5.336837,9.641462,0,0,0,0,0,0,0,0,1780913063,0
102,-131.018045,-77.417799,4.323324,7.146949,0,0,0,0,0,0,0,0,1780913063,0
103,-79.519623,-25.635144,5.62107,12.001339,0,0,0,0,0,0,0,0,1780913063,0
103,47.816491,107.538953,5.407895,14.402355,0,0,0,0,0,0,0,0,1780913063,0
104,-4.198038,51.122562,9.151535,6.088557,0,0,0,0,0,0,0,0,1780913063,0
104,-136.635375,-82.878053,4.940408,9.129096,0,0,0,0,0,0,0,0,1780913063,0
105,-81.707464,-33.137384,2.98818,13.863809,0,0,0,0,0,0,0,0,1780913063,0
105,46.866556,94.58394,2.692728,5.090004,0,0,0,0,0,0,0,0,1780913063,0
106,6.221324,59.226926,5.669688,10.924248,0,0,0,0,0,0,0,0,1780913063,0
106,-129.899815,-76.351928,1.49222,10.045371,0,0,0,0,0,0,0,0,1780913063,0
107,-81.060462,-29.191789,9.73496,8.646649,0,0,0,0,0,0,0,0,1780913063,0
107,45.815644,102.879038,4.379423,6.182055,0,0,0,0,0,0,0,0,1780913063,0
108,2.197191,50.4606,3.661362,5.127403,0,0,0,0,0,0,0,0,1780913063,0
108,-132.828157,-80.540615,0.590904,4.671135,0,0,0,0,0,0,0,0,1780913063,0
109,-81.737383,-32.243547,9.106656,10.071551,0,0,0,0,0,0,0,0,1780913063,0
109,52.132335,101.28958,6.425148,11.354336,0,0,0,0,0,0,0,0,1780913063,0
110,6.565394,51.335737,1.013513,11.803124,0,0,0,0,0,0,0,0,1780913063,0
110,-129.368749,-79.23913,4.046572,5.961401,0,0,0,0,0,0,0,0,1780913063,0
111,-78.367734,-32.299646,1.338884,12.633382,0,0,0,0,0,0,0,0,1780913063,0
111,52.091197,99.988095,2.872243,12.150935,0,0,0,0,0,0,0,0,1780913063,0
112,1.785802,53.359023,2.285079,15.561724,0,0,0,0,0,0,0,0,1780913063,0
112,-131.186341,-77.511297,4.805771,10.359523,0,0,0,0,0,0,0,0,1780913063,0
113,-76.886733,-29.857491,6.499946,10.546518,0,0,0,0,0,0,0,0,1780913063,0
113,52.644702,100.122732,8.530712,6.638322,0,0,0,0,0,0,0,0,1780913063,0
114,5.256429,54.611889,8.403555,14.428534,0,0,0,0,0,0,0,0,1780913063,0
114,-127.035052,-79.901093,5.96514,12.730619,0,0,0,0,0,0,0,0,1780913063,0
115,-78.999777,-29.038453,7.47606,10.82327,0,0,0,0,0,0,0,0,1780913063,0
115,51.429234,100.298507,3.803478,11.747026,0,0,0,0,0,0,0,0,1780913063,0
116,3.779169,58.613582,4.012913,8.927141,0,0,0,0,0,0,0,0,1780913063,0
116,-130.789911,-77.589834,7.999646,15.651481,0,0,0,0,0,0,0,0,1780913063,0
117,-76.542662,-29.360085,2.386056,15.991812,0,0,0,0,0,0,0,0,1780913063,0
117,48.863663,100.620138,3.414529,6.844017,0,0,0,0,0,0,0,0,1780913063,0
118,7.504109,53.355283,4.076491,5.265779,0,0,0,0,0,0,0,0,1780913063,0
118,-122.573351,-78.165779,5.295698,9.966833,0,0,0,0,0,0,0,0,1780913063,0
119,-77.814228,-28.357791,1.196768,13.803971,0,0,0,0,0,0,0,0,1780913063,0
119,50.785971,99.255075,4.031612,10.703594,0,0,0,0,0,0,0,0,1780913063,0
120,3.637053,54.133182,5.684648,14.978299,0,0,0,0,0,0,0,0,1780913063,0
120,-126.33569,-79.98711,0.76294,13.321524,0,0,0,0,0,0,0,0,1780913063,0
121,-86.621693,-32.430542,-0.089758,4.955367,0,0,0,0,0,0,0,0,1780913063,0
121,43.975614,96.958776,4.031612,12.936314,0,0,0,0,0,0,0,0,1780913063,0
122,-0.794729,56.4407,7.203047,13.003632,0,0,0,0,0,0,0,0,1780913063,0
122,-134.039884,-82.806995,1.690435,11.930281,0,0,0,0,0,0,0,0,1780913063,0
123,-79.377507,-30.302539,3.384609,8.504532,0,0,0,0,0,0,0,0,1780913063,0
123,51.032805,100.055413,2.59923,11.754506,0,0,0,0,0,0,0,0,1780913063,0
124,6.550435,58.217153,5.523832,12.629642,0,0,0,0,0,0,0,0,1780913063,0
124,-132.981493,-75.652566,1.413682,5.699608,0,0,0,0,0,0,0,0,1780913063,0
125,-76.482824,-23.985848,2.890943,10.898068,0,0,0,0,0,0,0,0,1780913063,0
125,51.118823,101.341939,2.24768,8.915921,0,0,0,0,0,0,0,0,1780913063,0
126,4.231697,58.078776,7.337684,10.434321,0,0,0,0,0,0,0,0,1780913063,0
126,-128.20564,-76.224771,6.832797,5.834244,0,0,0,0,0,0,0,0,1780913063,0
127,-78.562208,-33.215921,5.407895,6.802878,0,0,0,0,0,0,0,0,1780913063,0
127,53.856429,102.460169,4.787072,-1.047172,0,0,0,0,0,0,0,0,1780913063,0
128,7.657445,60.909881,3.429488,9.278692,0,0,0,0,0,0,0,0,1780913063,0
128,-127.10985,-79.186772,0.471227,5.467734,0,0,0,0,0,0,0,0,1780913063,0
129,-75.559069,-26.196129,2.905902,12.274352,0,0,0,0,0,0,0,0,1780913063,0
129,54.409935,108.623524,5.351797,10.4792,0,0,0,0,0,0,0,0,1780913063,0
130,10.159438,58.089996,3.34721,18.67332,0,0,0,0,0,0,0,0,1780913063,0
130,-125.135183,-77.230804,6.36531,5.276999,0,0,0,0,0,0,0,0,1780913063,0
131,-79.923532,-29.580739,3.478107,8.190381,0,0,0,0,0,0,0,0,1780913063,0
131,52.162255,103.253028,0.00748,3.508026,0,0,0,0,0,0,0,0,1780913063,0
132,6.000669,56.968026,2.97696,10.307164,0,0,0,0,0,0,0,0,1780913063,0
132,-126.025279,-71.856568,6.152135,11.294498,0,0,0,0,0,0,0,0,1780913063,0
133,-78.345294,-18.865925,1.813851,12.397768,0,0,0,0,0,0,0,0,1780913063,0
133,51.907941,108.952635,7.348903,10.408142,0,0,0,0,0,0,0,0,1780913063,0
134,1.415552,59.739292,4.697314,15.393428,0,0,0,0,0,0,0,0,1780913063,0
134,-128.856383,-76.666079,-0.078538,13.732913,0,0,0,0,0,0,0,0,1780913063,0
135,-79.115714,-25.186356,2.939561,10.711073,0,0,0,0,0,0,0,0,1780913063,0
135,50.868249,105.0407,7.184348,10.890589,0,0,0,0,0,0,0,0,1780913063,0
136,3.992343,59.986125,2.015806,10.254806,0,0,0,0,0,0,0,0,1780913063,0
136,-126.455367,-73.453505,2.831104,16.83703,0,0,0,0,0,0,0,0,1780913063,0
137,-81.49429,-27.594852,-0.407649,2.281339,0,0,0,0,0,0,0,0,1780913063,0
137,55.247672,106.637637,3.107857,8.321277,0,0,0,0,0,0,0,0,1780913063,0
138,12.986803,56.148988,3.938115,14.892282,0,0,0,0,0,0,0,0,1780913063,0
138,-118.470681,-79.197991,5.157322,12.259392,0,0,0,0,0,0,0,0,1780913063,0
139,-78.939938,-32.389404,3.777299,8.2203,0,0,0,0,0,0,0,0,1780913063,0
139,54.510912,103.125871,2.9807,8.934621,0,0,0,0,0,0,0,0,1780913063,0
140,6.905725,61.575583,7.176868,9.476906,0,0,0,0,0,0,0,0,1780913063,0
140,-124.966887,-73.184232,7.266626,14.230319,0,0,0,0,0,0,0,0,1780913063,0
141,-77.286903,-28.455029,2.172882,10.969127,0,0,0,0,0,0,0,0,1780913063,0
141,52.439007,102.624725,4.214867,11.937761,0,0,0,0,0,0,0,0,1780913063,0
142,6.74117,53.620816,6.458807,9.099177,0,0,0,0,0,0,0,0,1780913063,0
142,-126.649842,-76.538923,6.051158,10.793351,0,0,0,0,0,0,0,0,1780913063,0
143,-76.422986,-33.552512,3.695021,7.636876,0,0,0,0,0,0,0,0,1780913063,0
143,56.739892,101.727149,2.038245,8.295098,0,0,0,0,0,0,0,0,1780913063,0
144,5.290088,53.691874,-0.74424,13.168188,0,0,0,0,0,0,0,0,1780913063,0
144,-128.497353,-82.212351,0.542285,13.44494,0,0,0,0,0,0,0,0,1780913063,0
145,-69.874421,-20.780754,5.351797,5.576191,0,0,0,0,0,0,0,0,1780913063,0
145,66.070943,116.024786,5.946441,12.689481,0,0,0,0,0,0,0,0,1780913063,0
146,18.084286,69.964178,1.49596,12.498746,0,0,0,0,0,0,0,0,1780913063,0
146,-115.721854,-62.678853,2.049465,10.041631,0,0,0,0,0,0,0,0,1780913063,0
147,-71.187126,-24.894644,4.274706,9.110396,0,0,0,0,0,0,0,0,1780913063,0
147,70.614921,115.12347,2.22524,8.560631,0,0,0,0,0,0,0,0,1780913063,0
148,21.244502,68.471958,6.627103,8.9795,0,0,0,0,0,0,0,0,1780913064,0
148,-103.514821,-57.820723,1.825071,12.390289,0,0,0,0,0,0,0,0,1780913064,0
149,-62.188926,-12.33232,4.641216,11.717107,0,0,0,0,0,0,0,0,1780913064,0
149,69.930519,121.761793,4.282185,8.055745,0,0,0,0,0,0,0,0,1780913064,0
150,28.866418,78.8614,4.514059,8.313798,0,0,0,0,0,0,0,0,1780913064,0
150,-113.006687,-64.67222,0.452528,6.858977,0,0,0,0,0,0,0,0,1780913064,0
151,-62.847149,-12.736229,9.028118,13.018592,0,0,0,0,0,0,0,0,1780913064,0
151,75.641347,115.033713,1.952228,12.581023,0,0,0,0,0,0,0,0,1780913064,0
152,26.125071,72.836422,3.552905,12.809157,0,0,0,0,0,0,0,0,1780913064,0
152,-109.764194,-61.968272,3.130296,8.134282,0,0,0,0,0,0,0,0,1780913064,0
153,-66.269157,-16.629465,2.588011,7.554598,0,0,0,0,0,0,0,0,1780913064,0
153,65.184586,111.159176,3.848357,8.470873,0,0,0,0,0,0,0,0,1780913064,0
154,18.379738,69.350835,2.812405,11.735806,0,0,0,0,0,0,0,0,1780913064,0
154,-109.401423,-68.154067,6.537345,6.432628,0,0,0,0,0,0,0,0,1780913064,0
155,-69.369534,-22.624525,2.195321,11.118723,0,0,0,0,0,0,0,0,1780913064,0
155,60.217999,113.855644,9.592843,9.192674,0,0,0,0,0,0,0,0,1780913064,0
156,19.980416,70.872974,5.897822,10.550258,0,0,0,0,0,0,0,0,1780913064,0
156,-111.634144,-67.159253,1.189288,9.274952,0,0,0,0,0,0,0,0,1780913064,0
157,-66.650627,-22.340292,0.056098,14.185441,0,0,0,0,0,0,0,0,1780913064,0
157,58.972612,113.406856,1.963447,10.864409,0,0,0,0,0,0,0,0,1780913064,0
158,20.421724,73.26651,3.878276,13.411281,0,0,0,0,0,0,0,0,1780913064,0
158,-111.626664,-60.461093,2.62541,13.46738,0,0,0,0,0,0,0,0,1780913064,0
159,-74.291243,-20.657337,9.177714,9.181454,0,0,0,0,0,0,0,0,1780913064,0
159,61.863555,115.235667,1.765233,11.043925,0,0,0,0,0,0,0,0,1780913064,0
160,24.692689,75.042963,6.993613,12.405248,0,0,0,0,0,0,0,0,1780913064,0
160,-116.170642,-64.698399,-0.235614,10.191227,0,0,0,0,0,0,0,0,1780913064,0
161,-71.598515,-23.443563,5.860423,8.452174,0,0,0,0,0,0,0,0,1780913064,0
161,58.897814,111.996914,3.291112,11.294498,0,0,0,0,0,0,0,0,1780913064,0
162,20.661077,73.240331,6.436368,8.474613,0,0,0,0,0,0,0,0,1780913064,0
162,-117.330011,-63.426833,4.368203,10.000492,0,0,0,0,0,0,0,0,1780913064,0
163,-74.294983,-19.221216,6.215714,8.844863,0,0,0,0,0,0,0,0,1780913064,0
163,53.359023,110.123224,4.020392,6.784179,0,0,0,0,0,0,0,0,1780913064,0
164,15.133505,72.941139,6.443848,8.197861,0,0,0,0,0,0,0,0,1780913064,0
164,-113.582632,-62.79853,4.47666,10.890589,0,0,0,0,0,0,0,0,1780913064,0
165,-65.883948,-17.452243,2.23272,15.460746,0,0,0,0,0,0,0,0,1780913064,0
165,60.580769,115.306725,5.396676,13.919908,0,0,0,0,0,0,0,0,1780913064,0
166,17.710296,75.51045,8.526972,6.585964,0,0,0,0,0,0,0,0,1780913064,0
166,-113.399377,-56.560377,4.155029,10.254806,0,0,0,0,0,0,0,0,1780913064,0
167,-78.375213,-18.095506,0.516106,6.974913,0,0,0,0,0,0,0,0,1780913064,0
167,58.351789,115.115991,6.264332,9.929434,0,0,0,0,0,0,0,0,1780913064,0
168,18.129165,72.335275,-0.186995,11.904102,0,0,0,0,0,0,0,0,1780913064,0
168,-117.550665,-58.68464,-0.01122,14.821224,0,0,0,0,0,0,0,0,1780913064,0
169,-73.767657,-21.184663,4.203648,12.296791,0,0,0,0,0,0,0,0,1780913064,0
169,61.212813,120.613644,4.981547,8.878522,0,0,0,0,0,0,0,0,1780913064,0
170,22.538507,79.482224,2.62167,9.529265,0,0,0,0,0,0,0,0,1780913064,0
170,-113.515313,-59.395221,5.553751,13.418761,0,0,0,0,0,0,0,0,1780913064,0
171,-69.014244,-14.849273,3.399569,9.645202,0,0,0,0,0,0,0,0,1780913064,0
171,60.304017,121.017553,0.086018,7.4798,0,0,0,0,0,0,0,0,1780913064,0
172,21.842886,72.368934,2.947041,14.361216,0,0,0,0,0,0,0,0,1780913064,0
172,-116.092104,-63.093982,4.222347,9.607803,0,0,0,0,0,0,0,0,1780913064,0
173,-76.838115,-23.888611,4.233567,10.587657,0,0,0,0,0,0,0,0,1780913064,0
173,63.041624,116.451135,2.887203,7.730373,0,0,0,0,0,0,0,0,1780913064,0
174,25.582786,83.36424,2.531912,16.45556,0,0,0,0,0,0,0,0,1780913064,0
174,-110.231681,-54.899861,3.055498,9.058038,0,0,0,0,0,0,0,0,1780913064,0
175,-68.40838,-9.583494,4.888049,15.056837,0,0,0,0,0,0,0,0,1780913064,0
175,65.741831,120.684702,3.968034,13.396322,0,0,0,0,0,0,0,0,1780913064,0
176,25.747341,81.991697,7.513459,13.242986,0,0,0,0,0,0,0,0,1780913064,0
176,-113.358238,-53.104709,4.001693,16.182547,0,0,0,0,0,0,0,0,1780913064,0
177,-70.674759,-12.979323,4.790812,11.305718,0,0,0,0,0,0,0,0,1780913064,0
177,68.109188,124.252566,-0.194475,10.591397,0,0,0,0,0,0,0,0,1780913064,0
178,26.996468,82.851874,0.923755,9.510566,0,0,0,0,0,0,0,0,1780913064,0
178,-111.671543,-49.33115,2.060685,11.167341,0,0,0,0,0,0,0,0,1780913064,0
179,-71.497537,-8.143632,-0.213174,9.473167,0,0,0,0,0,0,0,0,1780913064,0
179,68.939446,126.657322,4.682355,8.796245,0,0,0,0,0,0,0,0,1780913064,0
180,27.168503,82.732197,9.675121,10.789611,0,0,0,0,0,0,0,0,1780913064,0
180,-111.215275,-51.193621,5.2396,3.36217,0,0,0,0,0,0,0,0,1780913064,0
181,-68.77489,-16.311574,6.324171,12.917614,0,0,0,0,0,0,0,0,1780913064,0
181,63.505371,117.700261,3.627703,9.858376,0,0,0,0,0,0,0,0,1780913064,0
182,25.298553,83.644732,3.623963,13.938607,0,0,0,0,0,0,0,0,1780913064,0
182,-109.049873,-52.065017,4.607557,8.650389,0,0,0,0,0,0,0,0,1780913064,0
183,-75.929319,-20.990189,8.369896,12.614683,0,0,0,0,0,0,0,0,1780913064,0
183,65.315483,123.515806,3.571604,8.721447,0,0,0,0,0,0,0,0,1780913064,0
184,21.835406,78.550989,7.786472,13.852589,0,0,0,0,0,0,0,0,1780913064,0
184,-113.668649,-58.766918,3.493067,16.519138,0,0,0,0,0,0,0,0,1780913064,0
185,-72.230558,-18.102986,5.325618,12.876476,0,0,0,0,0,0,0,0,1780913064,0
185,63.337076,116.110804,1.174329,11.732066,0,0,0,0,0,0,0,0,1780913064,0
186,22.018661,77.541216,4.431781,14.084463,0,0,0,0,0,0,0,0,1780913064,0
186,-113.399377,-57.985279,-3.440708,10.026672,0,0,0,0,0,0,0,0,1780913064,0
187,-81.251196,-28.597145,2.296299,12.087357,0,0,0,0,0,0,0,0,1780913064,0
187,56.152728,107.561393,7.012312,15.041878,0,0,0,0,0,0,0,0,1780913064,0
188,19.595206,70.775737,4.626256,9.682601,0,0,0,0,0,0,0,0,1780913064,0
188,-116.675529,-61.717699,4.289665,13.400062,0,0,0,0,0,0,0,0,1780913064,0
189,-71.669573,-18.447057,3.35843,3.537945,0,0,0,0,0,0,0,0,1780913064,0
189,72.698045,123.639223,4.181208,10.022932,0,0,0,0,0,0,0,0,1780913064,0
190,22.979815,79.579461,6.870196,11.462793,0,0,0,0,0,0,0,0,1780913064,0
190,-116.021046,-58.796837,2.763786,13.755352,0,0,0,0,0,0,0,0,1780913064,0
191,-67.634221,-13.424371,6.974913,8.085664,0,0,0,0,0,0,0,0,1780913064,0
191,61.818676,111.611704,1.529619,9.458207,0,0,0,0,0,0,0,0,1780913064,0
192,25.859538,81.722424,4.992766,11.096283,0,0,0,0,0,0,0,0,1780913064,0
192,-108.825479,-58.493905,4.300885,9.282432,0,0,0,0,0,0,0,0,1780913064,0
193,-71.194606,-24.786187,3.829658,5.23212,0,0,0,0,0,0,0,0,1780913064,0
193,66.52347,110.347618,4.794552,16.878169,0,0,0,0,0,0,0,0,1780913064,0
194,27.123624,81.262416,2.389796,8.934621,0,0,0,0,0,0,0,0,1780913064,0
194,-108.892797,-59.013751,0.695621,8.149242,0,0,0,0,0,0,0,0,1780913064,0
195,-64.821816,-13.615106,1.806372,13.366402,0,0,0,0,0,0,0,0,1780913064,0
195,60.472312,117.187895,2.733867,12.300531,0,0,0,0,0,0,0,0,1780913064,0
196,28.469988,79.586941,5.815544,9.592843,0,0,0,0,0,0,0,0,1780913064,0
196,-103.309126,-53.669434,5.284479,12.102316,0,0,0,0,0,0,0,0,1780913064,0
197,-67.559423,-19.565287,4.465441,10.318384,0,0,0,0,0,0,0,0,1780913064,0
197,69.062863,117.079438,3.343471,8.560631,0,0,0,0,0,0,0,0,1780913064,0
198,25.522947,76.531443,3.930635,16.212466,0,0,0,0,0,0,0,0,1780913064,0
198,-111.548126,-62.04681,-2.718907,11.9602,0,0,0,0,0,0,0,0,1780913064,0
199,-71.01135,-19.344633,7.84257,8.792505,0,0,0,0,0,0,0,0,1780913064,0
199,65.521177,117.098138,5.119923,6.903855,0,0,0,0,0,0,0,0,1780913064,0
200,23.215429,75.020523,3.302332,15.797337,0,0,0,0,0,0,0,0,1780913064,0
200,-116.892443,-61.934613,4.196168,9.742439,0,0,0,0,0,0,0,0,1780913064,0
0,-79.897353,-28.41202,5.411635,6.628973,0,0,0,0,0,0,0,0,1780913064,0
101,60.805163,111.980084,3.594044,12.560454,0,0,0,0,0,0,0,0,1780913064,0
101,28.346572,77.498207,2.741347,15.892705,0,0,0,0,0,0,0,0,1780913064,0
102,-110.478515,-60.94167,1.86247,7.567688,0,0,0,0,0,0,0,0,1780913064,0
102,-66.583309,-15.281231,3.844617,9.123486,0,0,0,0,0,0,0,0,1780913064,0
103,66.388834,118.371573,7.12077,12.818507,0,0,0,0,0,0,0,0,1780913064,0
103,30.66905,83.863517,5.879123,12.833467,0,0,0,0,0,0,0,0,1780913064,0
104,-107.610011,-52.915844,2.367357,12.986803,0,0,0,0,0,0,0,0,1780913064,0
104,-71.688272,-21.870935,2.430935,5.252689,0,0,0,0,0,0,0,0,1780913064,0
105,67.323809,124.542408,5.59863,7.414352,0,0,0,0,0,0,0,0,1780913064,0
105,30.964502,85.254759,2.808665,10.492289,0,0,0,0,0,0,0,0,1780913064,0
106,-107.464155,-52.983163,2.775006,7.403132,0,0,0,0,0,0,0,0,1780913064,0
106,-70.27085,-15.864656,4.607557,10.47733,0,0,0,0,0,0,0,0,1780913064,0
107,62.865848,122.795875,3.167695,8.562501,0,0,0,0,0,0,0,0,1780913064,0
107,24.520654,82.277799,5.116183,7.070281,0,0,0,0,0,0,0,0,1780913064,0
108,-114.218415,-56.782901,3.212574,7.552728,0,0,0,0,0,0,0,0,1780913064,0
108,-71.119808,-20.251558,8.152982,4.960977,0,0,0,0,0,0,0,0,1780913064,0
109,63.875621,111.961385,4.061531,10.024802,0,0,0,0,0,0,0,0,1780913064,0
109,26.267187,79.151243,3.137776,9.467557,0,0,0,0,0,0,0,0,1780913064,0
110,-109.827772,-56.996075,3.848357,12.418338,0,0,0,0,0,0,0,0,1780913064,0
110,-72.013644,-21.568003,4.959107,10.267895,0,0,0,0,0,0,0,0,1780913064,0
111,63.052843,113.749057,7.778992,12.769888,0,0,0,0,0,0,0,0,1780913064,0
111,31.446949,74.427749,3.676322,12.078007,0,0,0,0,0,0,0,0,1780913064,0
112,-114.652243,-55.904025,5.441554,15.245702,0,0,0,0,0,0,0,0,1780913064,0
112,-78.068542,-24.817976,9.843417,13.360793,0,0,0,0,0,0,0,0,1780913064,0
113,53.407641,107.963432,9.278692,12.665171,0,0,0,0,0,0,0,0,1780913064,0
113,21.416537,78.160169,6.077337,13.353313,0,0,0,0,0,0,0,0,1780913064,0
114,-115.321685,-61.080046,4.12511,3.233144,0,0,0,0,0,0,0,0,1780913064,0
114,-79.205471,-30.622301,0.676922,8.876653,0,0,0,0,0,0,0,0,1780913064,0
115,61.138015,109.399554,4.558938,11.905972,0,0,0,0,0,0,0,0,1780913064,0
115,26.656137,76.047126,4.259746,11.090673,0,0,0,0,0,0,0,0,1780913064,0
116,-113.848165,-61.3007,6.010019,11.715237,0,0,0,0,0,0,0,0,1780913064,0
116,-71.168426,-19.398861,2.703948,10.226756,0,0,0,0,0,0,0,0,1780913064,0
117,52.255752,114.77379,3.863317,9.276822,0,0,0,0,0,0,0,0,1780913064,0
117,20.982709,72.699915,0.448788,6.636452,0,0,0,0,0,0,0,0,1780913064,0
118,-120.36681,-70.377437,1.892389,0.36838,0,0,0,0,0,0,0,0,1780913064,0
118,-80.252643,-29.792043,4.413082,9.617153,0,0,0,0,0,0,0,0,1780913064,0
119,54.166841,107.974652,4.895529,7.261016,0,0,0,0,0,0,0,0,1780913064,0
119,18.757468,78.152689,7.150689,9.284302,0,0,0,0,0,0,0,0,1780913064,0
120,-116.140723,-60.780854,4.932928,12.743709,0,0,0,0,0,0,0,0,1780913064,0
120,-76.688519,-19.630735,3.594044,6.187664,0,0,0,0,0,0,0,0,1780913064,0
121,58.602362,114.856068,8.205341,7.788342,0,0,0,0,0,0,0,0,1780913064,0
121,27.27322,78.481801,4.749673,11.834913,0,0,0,0,0,0,0,0,1780913064,0
122,-112.355944,-58.230242,3.657622,14.729596,0,0,0,0,0,0,0,0,1780913064,0
122,-73.711558,-22.678753,4.076491,9.605933,0,0,0,0,0,0,0,0,1780913064,0
123,59.511158,117.870427,3.208834,13.962916,0,0,0,0,0,0,0,0,1780913064,0
123,30.164163,84.09913,4.783332,10.282855,0,0,0,0,0,0,0,0,1780913064,0
124,-114.644763,-60.074013,1.47726,12.403378,0,0,0,0,0,0,0,0,1780913064,0
124,-83.951404,-27.521924,0.620823,13.525348,0,0,0,0,0,0,0,0,1780913064,0
125,60.891181,110.974051,4.454221,10.780262,0,0,0,0,0,0,0,0,1780913064,0
125,33.537553,80.415329,7.016052,9.901385,0,0,0,0,0,0,0,0,1780913064,0
126,-110.366318,-59.658884,6.911335,10.013582,0,0,0,0,0,0,0,0,1780913064,0
126,-68.898307,-14.757645,1.615637,10.507249,0,0,0,0,0,0,0,0,1780913064,0
127,65.375321,122.193751,3.119077,10.877499,0,0,0,0,0,0,0,0,1780913064,0
127,26.831912,88.504732,7.337684,13.708603,0,0,0,0,0,0,0,0,1780913064,0
128,-115.538599,-47.175098,6.761739,12.676391,0,0,0,0,0,0,0,0,1780913064,0
128,-77.081208,-16.709873,5.531312,8.704617,0,0,0,0,0,0,0,0,1780913064,0
129,56.792251,116.965371,10.718553,8.97389,0,0,0,0,0,0,0,0,1780913064,0
129,24.763748,81.544779,2.154182,14.912851,0,0,0,0,0,0,0,0,1780913064,0
130,-116.25666,-58.880985,4.222347,9.856506,0,0,0,0,0,0,0,0,1780913064,0
130,-75.117761,-11.773205,3.104117,12.530535,0,0,0,0,0,0,0,0,1780913064,0
131,61.512005,122.769696,-2.59923,15.70197,0,0,0,0,0,0,0,0,1780913064,0
131,21.936383,93.317984,1.626856,10.365133,0,0,0,0,0,0,0,0,1780913064,0
132,-108.904017,-46.176545,5.99132,9.523655,0,0,0,0,0,0,0,0,1780913064,0
132,-76.295829,-19.866349,0.157076,12.066787,0,0,0,0,0,0,0,0,1780913064,0
133,66.257938,123.491497,4.697314,5.499523,0,0,0,0,0,0,0,0,1780913064,0
133,21.648411,86.567464,8.392336,8.22591,0,0,0,0,0,0,0,0,1780913064,0
134,-112.621477,-52.033228,4.880569,9.639592,0,0,0,0,0,0,0,0,1780913064,0
134,-76.449165,-16.874429,2.113043,11.733936,0,0,0,0,0,0,0,0,1780913064,0
135,60.345156,118.966218,2.707688,12.384679,0,0,0,0,0,0,0,0,1780913064,0
135,26.147511,86.963894,1.327664,10.204317,0,0,0,0,0,0,0,0,1780913064,0
136,-113.821985,-54.924171,3.392089,11.846133,0,0,0,0,0,0,0,0,1780913064,0
136,-72.963578,-14.069504,1.409942,12.893305,0,0,0,0,0,0,0,0,1780913064,0
137,62.944386,121.419592,7.958507,9.882686,0,0,0,0,0,0,0,0,1780913064,0
137,27.460215,87.240646,3.930635,14.318207,0,0,0,0,0,0,0,0,1780913064,0
138,-108.971335,-49.306841,7.674275,13.278515,0,0,0,0,0,0,0,0,1780913064,0
138,-77.795529,-19.952366,-0.501147,13.027941,0,0,0,0,0,0,0,0,1780913064,0
139,60.808903,114.205325,6.574744,3.307942,0,0,0,0,0,0,0,0,1780913064,0
139,31.622724,85.004186,2.580531,10.391312,0,0,0,0,0,0,0,0,1780913064,0
140,-110.66177,-50.073521,5.860423,16.124579,0,0,0,0,0,0,0,0,1780913064,0
140,-73.113174,-8.523232,2.576791,12.414598,0,0,0,0,0,0,0,0,1780913064,0
141,57.921701,127.149119,5.291958,12.990542,0,0,0,0,0,0,0,0,1780913064,0
141,20.702216,84.742393,8.923401,19.554067,0,0,0,0,0,0,0,0,1780913064,0
142,-119.955421,-52.975683,9.301131,12.605333,0,0,0,0,0,0,0,0,1780913064,0
142,-75.566549,-23.580069,2.63289,12.799808,0,0,0,0,0,0,0,0,1780913064,0
143,64.346849,124.213297,4.12511,10.050981,0,0,0,0,0,0,0,0,1780913064,0
143,23.641778,85.524032,7.083371,10.170658,0,0,0,0,0,0,0,0,1780913064,0
144,-111.241454,-49.228303,1.084571,9.73683,0,0,0,0,0,0,0,0,1780913064,0
144,-73.745217,-16.320923,2.62167,11.21035,0,0,0,0,0,0,0,0,1780913064,0
145,59.80661,110.618761,2.120523,9.905125,0,0,0,0,0,0,0,0,1780913064,0
145,24.943263,86.631043,4.4804,4.426172,0,0,0,0,0,0,0,0,1780913064,0
146,-115.680715,-55.586133,5.733267,2.851674,0,0,0,0,0,0,0,0,1780913064,0
146,-82.156252,-22.263624,6.223194,12.990542,0,0,0,0,0,0,0,0,1780913064,0
147,59.578476,117.257083,3.074198,9.243163,0,0,0,0,0,0,0,0,1780913065,0
147,18.263801,74.278153,4.536499,8.760716,0,0,0,0,0,0,0,0,1780913065,0
148,-110.254121,-55.346779,2.636629,6.400839,0,0,0,0,0,0,0,0,1780913065,0
148,-79.863694,-20.064563,4.069011,4.11576,0,0,0,0,0,0,0,0,1780913065,0
149,51.57135,110.521523,5.677168,4.003563,0,0,0,0,0,0,0,0,1780913065,0
149,24.30374,76.963401,5.785625,7.889319,0,0,0,0,0,0,0,0,1780913065,0
150,-113.612551,-57.57576,4.562678,11.887272,0,0,0,0,0,0,0,0,1780913065,0
150,-79.111974,-26.91606,5.2209,7.799561,0,0,0,0,0,0,0,0,1780913065,0
151,58.153574,111.104948,4.069011,5.768796,0,0,0,0,0,0,0,0,1780913065,0
151,17.485902,71.488188,0.852697,8.753236,0,0,0,0,0,0,0,0,1780913065,0
152,-114.629804,-60.829473,5.505133,6.786048,0,0,0,0,0,0,0,0,1780913065,0
152,-85.911112,-33.322509,3.029319,12.964363,0,0,0,0,0,0,0,0,1780913065,0
153,51.130042,104.765817,5.774406,13.345833,0,0,0,0,0,0,0,0,1780913065,0
153,22.291674,80.407849,5.931481,14.57252,0,0,0,0,0,0,0,0,1780913065,0
154,-110.373797,-53.035521,-0.022439,10.323994,0,0,0,0,0,0,0,0,1780913065,0
154,-77.911466,-19.099669,1.365063,9.467557,0,0,0,0,0,0,0,0,1780913065,0
155,46.649642,112.780423,5.187241,9.512436,0,0,0,0,0,0,0,0,1780913065,0
155,10.193097,76.335098,-2.094344,16.973536,0,0,0,0,0,0,0,0,1780913065,0
156,-123.583124,-60.014175,4.379423,10.615706,0,0,0,0,0,0,0,0,1780913065,0
156,-82.24601,-28.931866,0.946195,12.238823,0,0,0,0,0,0,0,0,1780913065,0
157,49.768719,104.447926,5.209681,18.630312,0,0,0,0,0,0,0,0,1780913065,0
157,20.485302,73.769527,6.152135,11.704017,0,0,0,0,0,0,0,0,1780913065,0
158,-122.427495,-66.55526,8.306318,18.70511,0,0,0,0,0,0,0,0,1780913065,0
158,-82.313328,-32.705425,1.798892,13.757222,0,0,0,0,0,0,0,0,1780913065,0
159,57.626248,111.239584,3.979254,10.720423,0,0,0,0,0,0,0,0,1780913065,0
159,19.875698,76.428595,5.665948,14.56878,0,0,0,0,0,0,0,0,1780913065,0
160,-122.98474,-62.710642,8.927141,10.193097,0,0,0,0,0,0,0,0,1780913065,0
160,-83.180985,-33.157953,3.818438,10.544648,0,0,0,0,0,0,0,0,1780913065,0
161,47.984786,103.079123,5.400416,2.107434,0,0,0,0,0,0,0,0,1780913065,0
161,17.770135,68.948796,4.85065,8.412905,0,0,0,0,0,0,0,0,1780913065,0
162,-116.477314,-63.226749,-2.154182,9.70317,0,0,0,0,0,0,0,0,1780913065,0
162,-88.102693,-33.621701,1.267826,11.281408,0,0,0,0,0,0,0,0,1780913065,0
163,46.309311,99.698253,4.742193,10.45489,0,0,0,0,0,0,0,0,1780913065,0
163,18.297461,74.132297,2.367357,4.796422,0,0,0,0,0,0,0,0,1780913065,0
164,-127.790512,-68.859038,6.829057,10.338953,0,0,0,0,0,0,0,0,1780913065,0
164,-93.742462,-44.224317,0.785379,6.887026,0,0,0,0,0,0,0,0,1780913065,0
165,45.441654,101.983332,0.029919,5.791235,0,0,0,0,0,0,0,0,1780913065,0
165,13.869419,72.957968,2.270119,8.382986,0,0,0,0,0,0,0,0,1780913065,0
166,-124.289965,-66.17379,4.4991,6.789788,0,0,0,0,0,0,0,0,1780913065,0
166,-92.758869,-31.093528,1.619377,4.946018,0,0,0,0,0,0,0,0,1780913065,0
167,44.211227,105.502578,6.657022,10.656845,0,0,0,0,0,0,0,0,1780913065,0
167,3.969904,68.945056,4.289665,16.666864,0,0,0,0,0,0,0,0,1780913065,0
168,-118.107911,-61.865425,2.98818,12.066787,0,0,0,0,0,0,0,0,1780913065,0
168,-92.575614,-30.891574,4.072751,11.59556,0,0,0,0,0,0,0,0,1780913065,0
169,46.926395,106.617068,8.788765,14.452843,0,0,0,0,0,0,0,0,1780913065,0
169,17.235329,78.444402,6.107257,10.533428,0,0,0,0,0,0,0,0,1780913065,0
170,-120.766979,-60.414344,5.61733,8.356806,0,0,0,0,0,0,0,0,1780913065,0
170,-85.929811,-37.084848,-0.546025,4.46731,0,0,0,0,0,0,0,0,1780913065,0
171,50.939307,106.265517,-1.739053,9.983663,0,0,0,0,0,0,0,0,1780913065,0
171,17.837453,72.830812,2.030766,7.788342,0,0,0,0,0,0,0,0,1780913065,0
172,-123.938415,-65.354752,3.792259,10.963517,0,0,0,0,0,0,0,0,1780913065,0
172,-89.980123,-34.429519,6.518646,10.529688,0,0,0,0,0,0,0,0,1780913065,0
173,45.142462,99.952566,9.562924,14.011535,0,0,0,0,0,0,0,0,1780913065,0
173,16.894998,74.192135,-0.777899,15.111066,0,0,0,0,0,0,0,0,1780913065,0
174,-117.464648,-63.069673,1.619377,13.932997,0,0,0,0,0,0,0,0,1780913065,0
174,-88.626279,-35.353274,0.190735,6.269942,0,0,0,0,0,0,0,0,1780913065,0
175,44.521639,108.389781,3.051758,12.69135,0,0,0,0,0,0,0,0,1780913065,0
175,13.768442,75.201908,1.649296,13.125179,0,0,0,0,0,0,0,0,1780913065,0
176,-122.161962,-63.065933,-1.473521,7.822001,0,0,0,0,0,0,0,0,1780913065,0
176,-95.934044,-37.552335,0.329111,7.395652,0,0,0,0,0,0,0,0,1780913065,0
177,39.450335,101.747718,4.12137,9.433898,0,0,0,0,0,0,0,0,1780913065,0
177,18.293721,77.180315,6.002539,8.674698,0,0,0,0,0,0,0,0,1780913065,0
178,-123.818738,-65.747441,0.235614,10.630666,0,0,0,0,0,0,0,0,1780913065,0
178,-98.581893,-39.669119,2.864763,14.897891,0,0,0,0,0,0,0,0,1780913065,0
179,41.668095,100.831443,9.596583,3.73803,0,0,0,0,0,0,0,0,1780913065,0
179,8.96267,70.796306,5.449034,12.519315,0,0,0,0,0,0,0,0,1780913065,0
180,-129.73526,-70.598091,7.12077,7.829481,0,0,0,0,0,0,0,0,1780913065,0
180,-87.47813,-37.361601,5.909042,13.424371,0,0,0,0,0,0,0,0,1780913065,0
181,45.957761,99.354182,-1.058392,14.912851,0,0,0,0,0,0,0,0,1780913065,0
181,21.266941,69.969788,6.253113,8.98137,0,0,0,0,0,0,0,0,1780913065,0
182,-126.249673,-69.094652,4.742193,9.430158,0,0,0,0,0,0,0,0,1780913065,0
182,-90.268095,-37.137207,-0.071058,6.011889,0,0,0,0,0,0,0,0,1780913065,0
183,45.142462,95.677861,3.463147,13.656245,0,0,0,0,0,0,0,0,1780913065,0
183,10.724163,70.429796,-1.013513,8.820554,0,0,0,0,0,0,0,0,1780913065,0
184,-123.822478,-63.17813,5.59863,10.013582,0,0,0,0,0,0,0,0,1780913065,0
184,-92.893505,-39.699038,4.368203,8.323147,0,0,0,0,0,0,0,0,1780913065,0
185,44.540339,101.126895,3.541685,2.675898,0,0,0,0,0,0,0,0,1780913065,0
185,12.986803,68.39529,4.517799,12.306141,0,0,0,0,0,0,0,0,1780913065,0
186,-121.268126,-65.653944,6.71686,10.398792,0,0,0,0,0,0,0,0,1780913065,0
186,-95.874205,-35.970358,2.023286,13.140138,0,0,0,0,0,0,0,0,1780913065,0
187,42.195421,101.564463,4.802032,11.359946,0,0,0,0,0,0,0,0,1780913065,0
187,15.926364,69.087172,2.015806,20.118792,0,0,0,0,0,0,0,0,1780913065,0
188,-126.141216,-69.176929,3.567865,13.985356,0,0,0,0,0,0,0,0,1780913065,0
188,-91.674298,-39.25025,4.917968,8.368026,0,0,0,0,0,0,0,0,1780913065,0
189,42.573151,96.298684,4.259746,7.911758,0,0,0,0,0,0,0,0,1780913065,0
189,17.257768,72.221208,4.001693,12.253782,0,0,0,0,0,0,0,0,1780913065,0
190,-122.663109,-65.855898,7.012312,14.651058,0,0,0,0,0,0,0,0,1780913065,0
190,-93.936937,-34.885787,7.146949,7.133859,0,0,0,0,0,0,0,0,1780913065,0
191,48.538292,98.348149,8.381116,12.298661,0,0,0,0,0,0,0,0,1780913065,0
191,21.487595,72.067872,1.825071,10.83262,0,0,0,0,0,0,0,0,1780913065,0
192,-117.330011,-67.407957,3.7399,9.807888,0,0,0,0,0,0,0,0,1780913065,0
192,-92.444717,-36.512643,2.314998,8.756976,0,0,0,0,0,0,0,0,1780913065,0
193,45.666048,101.332589,-0.00374,14.823093,0,0,0,0,0,0,0,0,1780913065,0
193,20.20481,71.540546,9.570404,7.047841,0,0,0,0,0,0,0,0,1780913065,0
194,-120.953974,-71.843478,4.723494,7.653705,0,0,0,0,0,0,0,0,1780913065,0
194,-88.495383,-36.598661,4.49536,11.131812,0,0,0,0,0,0,0,0,1780913065,0
195,47.10965,100.861362,2.685248,8.805594,0,0,0,0,0,0,0,0,1780913065,0
195,23.286487,74.884017,9.71626,13.521608,0,0,0,0,0,0,0,0,1780913065,0
196,-117.898476,-67.28454,4.330804,10.065941,0,0,0,0,0,0,0,0,1780913065,0
196,-90.552328,-37.241924,6.039938,8.364286,0,0,0,0,0,0,0,0,1780913065,0
197,48.564471,106.123401,3.197614,10.136999,0,0,0,0,0,0,0,0,1780913065,0
197,21.091166,79.24474,1.50344,9.815367,0,0,0,0,0,0,0,0,1780913065,0
198,-125.041685,-67.29576,7.558338,13.256075,0,0,0,0,0,0,0,0,1780913065,0
198,-88.544001,-35.282216,1.739053,12.867126,0,0,0,0,0,0,0,0,1780913065,0
199,49.304971,102.966926,7.756553,13.787141,0,0,0,0,0,0,0,0,1780913065,0
199,19.987895,75.13833,3.324771,12.616553,0,0,0,0,0,0,0,0,1780913065,0
200,-118.706295,-59.557907,8.369896,10.84384,0,0,0,0,0,0,0,0,1780913065,0
200,-91.775275,-38.341454,0.811558,8.334367,0,0,0,0,0,0,0,0,1780913065,0
0,51.95656,107.868064,2.720777,6.802878,0,0,0,0,0,0,0,0,1780913065,0
101,18.989342,71.003871,6.748649,11.137422,0,0,0,0,0,0,0,0,1780913065,0
101,-119.813305,-62.140308,7.765902,16.167588,0,0,0,0,0,0,0,0,1780913065,0
102,-88.098953,-42.049565,4.261616,18.70698,0,0,0,0,0,0,0,0,1780913065,0
102,52.401608,103.847672,2.111174,11.776945,0,0,0,0,0,0,0,0,1780913065,0
103,20.57132,75.962978,2.455244,14.641708,0,0,0,0,0,0,0,0,1780913065,0
103,-122.105864,-71.086148,3.797868,8.265179,0,0,0,0,0,0,0,0,1780913065,0
104,-85.178091,-31.615244,5.013336,9.850896,0,0,0,0,0,0,0,0,1780913065,0
104,56.758592,103.148311,3.094767,9.162755,0,0,0,0,0,0,0,0,1780913065,0
105,26.566379,75.293536,3.719331,9.278692,0,0,0,0,0,0,0,0,1780913065,0
105,-115.157129,-61.889734,5.682778,8.399815,0,0,0,0,0,0,0,0,1780913065,0
106,-94.838253,-37.834698,4.171858,10.396922,0,0,0,0,0,0,0,0,1780913065,0
106,46.447687,99.939477,2.683378,16.504179,0,0,0,0,0,0,0,0,1780913065,0
107,20.638638,72.91122,2.23459,16.997845,0,0,0,0,0,0,0,0,1780913065,0
107,-123.583124,-65.962485,3.532336,22.544117,0,0,0,0,0,0,0,0,1780913065,0
108,-91.543401,-35.426202,4.265356,14.488372,0,0,0,0,0,0,0,0,1780913065,0
108,49.510666,107.258461,4.822601,2.60671,0,0,0,0,0,0,0,0,1780913065,0
109,21.536214,78.326595,1.849381,6.309211,0,0,0,0,0,0,0,0,1780913065,0
109,-115.617137,-59.765471,3.091027,5.033905,0,0,0,0,0,0,0,0,1780913065,0
110,-85.398746,-32.647457,2.855414,11.451574,0,0,0,0,0,0,0,0,1780913065,0
110,47.09469,105.878438,8.805594,7.019792,0,0,0,0,0,0,0,0,1780913065,0
111,24.490735,79.650519,5.477083,7.681755,0,0,0,0,0,0,0,0,1780913065,0
111,-114.083778,-59.07359,3.337861,11.915321,0,0,0,0,0,0,0,0,1780913065,0
112,-94.490442,-37.195175,8.080054,13.792751,0,0,0,0,0,0,0,0,1780913065,0
112,50.187587,105.654044,2.346787,14.522032,0,0,0,0,0,0,0,0,1780913065,0
113,23.15933,77.234544,5.862293,11.451574,0,0,0,0,0,0,0,0,1780913065,0
113,-118.104171,-60.274098,6.292382,6.982393,0,0,0,0,0,0,0,0,1780913065,0
114,-86.778769,-31.125317,1.725964,12.394028,0,0,0,0,0,0,0,0,1780913065,0
114,51.732166,107.998961,3.36404,6.081077,0,0,0,0,0,0,0,0,1780913065,0
115,23.626818,82.930412,5.98945,13.07469,0,0,0,0,0,0,0,0,1780913065,0
115,-113.567672,-58.071297,0.645133,14.22284,0,0,0,0,0,0,0,0,1780913065,0
116,-88.96287,-33.844225,1.232297,7.86501,0,0,0,0,0,0,0,0,1780913065,0
116,52.685841,109.89135,1.262216,16.100269,0,0,0,0,0,0,0,0,1780913065,0
117,19.79716,78.558469,5.701477,7.330204,0,0,0,0,0,0,0,0,1780913065,0
117,-114.955175,-60.053444,4.826341,13.022332,0,0,0,0,0,0,0,0,1780913065,0
118,-86.3599,-34.39025,6.045548,7.816391,0,0,0,0,0,0,0,0,1780913065,0
118,54.391235,104.868665,6.999223,7.371343,0,0,0,0,0,0,0,0,1780913065,0
119,22.392651,78.263016,3.259323,19.039831,0,0,0,0,0,0,0,0,1780913065,0
119,-118.466941,-60.823863,0.061708,10.292205,0,0,0,0,0,0,0,0,1780913065,0
120,-89.247103,-36.454675,0.906926,7.872489,0,0,0,0,0,0,0,0,1780913065,0
120,52.798038,106.589019,3.341601,8.425995,0,0,0,0,0,0,0,0,1780913065,0
121,24.778707,80.937045,4.156899,16.83329,0,0,0,0,0,0,0,0,1780913065,0
121,-110.684209,-63.243578,3.278022,9.761139,0,0,0,0,0,0,0,0,1780913065,0
122,-86.427218,-35.961008,1.378153,2.707688,0,0,0,0,0,0,0,0,1780913065,0
122,47.393882,102.086179,1.688565,5.673428,0,0,0,0,0,0,0,0,1780913065,0
123,27.033867,79.6393,6.703771,6.148396,0,0,0,0,0,0,0,0,1780913065,0
123,-109.087272,-59.784171,5.847334,14.320077,0,0,0,0,0,0,0,0,1780913065,0
124,-85.899892,-28.249334,3.098507,1.552058,0,0,0,0,0,0,0,0,1780913065,0
124,51.485333,105.930796,0.566595,2.894683,0,0,0,0,0,0,0,0,1780913065,0
125,26.368165,77.443978,3.592174,17.427934,0,0,0,0,0,0,0,0,1780913065,0
125,-116.578291,-65.139707,1.774583,-4.816991,0,0,0,0,0,0,0,0,1780913065,0
126,-88.996529,-36.480854,6.314821,16.784671,0,0,0,0,0,0,0,0,1780913065,0
126,54.57823,104.924763,2.107434,-2.584271,0,0,0,0,0,0,0,0,1780913065,0
127,30.048226,77.963824,5.069434,18.224532,0,0,0,0,0,0,0,0,1780913065,0
127,-109.087272,-61.526964,1.467911,20.778884,0,0,0,0,0,0,0,0,1780913065,0
128,-82.492843,-31.233774,2.541262,15.412128,0,0,0,0,0,0,0,0,1780913065,0
128,52.685841,101.024048,2.597361,11.470273,0,0,0,0,0,0,0,0,1780913065,0
129,27.561193,80.817368,6.647672,13.190627,0,0,0,0,0,0,0,0,1780913065,0
129,-111.836098,-57.091443,2.137353,7.285325,0,0,0,0,0,0,0,0,1780913065,0
130,-88.080254,-34.337891,5.6192,13.314044,0,0,0,0,0,0,0,0,1780913065,0
130,50.542878,107.696029,3.513636,7.405002,0,0,0,0,0,0,0,0,1780913065,0
131,25.657584,74.904586,6.74117,8.21656,0,0,0,0,0,0,0,0,1780913065,0
131,-113.474175,-62.869588,4.396252,6.36157,0,0,0,0,0,0,0,0,1780913065,0
132,-87.567888,-32.553959,2.129873,-1.226687,0,0,0,0,0,0,0,0,1780913065,0
132,48.882362,106.92561,4.463571,11.709627,0,0,0,0,0,0,0,0,1780913065,0
133,22.209396,78.326595,1.557668,6.571004,0,0,0,0,0,0,0,0,1780913065,0
133,-111.79122,-61.392328,1.232297,9.491866,0,0,0,0,0,0,0,0,1780913065,0
134,-89.778168,-34.438869,0.099107,16.317184,0,0,0,0,0,0,0,0,1780913065,0
134,50.037991,102.168457,0.667572,2.030766,0,0,0,0,0,0,0,0,1780913065,0
135,24.894644,80.432158,7.08898,16.223686,0,0,0,0,0,0,0,0,1780913065,0
135,-119.2598,-62.940646,-0.181385,10.07903,0,0,0,0,0,0,0,0,1780913065,0
136,-90.750542,-40.714421,5.660339,6.398969,0,0,0,0,0,0,0,0,1780913065,0
136,44.267326,100.485502,6.109127,13.343963,0,0,0,0,0,0,0,0,1780913065,0
137,17.407364,76.430465,1.591327,9.039338,0,0,0,0,0,0,0,0,1780913065,0
137,-120.486487,-65.895167,7.257276,9.592843,0,0,0,0,0,0,0,0,1780913065,0
138,-93.121639,-40.486287,3.016229,3.795998,0,0,0,0,0,0,0,0,1780913065,0
138,46.290612,99.902078,3.446318,9.817237,0,0,0,0,0,0,0,0,1780913065,0
139,20.541401,78.199438,0.342201,6.320431,0,0,0,0,0,0,0,0,1780913065,0
139,-120.632343,-67.219092,2.167272,11.309457,0,0,0,0,0,0,0,0,1780913065,0
140,-96.569827,-38.448041,0.289842,1.645556,0,0,0,0,0,0,0,0,1780913065,0
140,47.607056,105.829819,-0.660092,9.633982,0,0,0,0,0,0,0,0,1780913065,0
141,19.718623,74.231404,-0.125287,4.906749,0,0,0,0,0,0,0,0,1780913065,0
141,-124.768672,-70.570042,2.754436,7.47232,0,0,0,0,0,0,0,0,1780913065,0
142,-88.914251,-39.577491,2.24207,18.362909,0,0,0,0,0,0,0,0,1780913065,0
142,49.458307,98.68661,4.583247,13.527218,0,0,0,0,0,0,0,0,1780913065,0
143,23.18925,79.553282,3.558515,10.924248,0,0,0,0,0,0,0,0,1780913065,0
143,-114.558745,-53.654475,2.705818,12.996152,0,0,0,0,0,0,0,0,1780913065,0
144,-88.057814,-31.686302,6.561654,7.902409,0,0,0,0,0,0,0,0,1780913065,0
144,51.814444,109.128411,4.343894,-0.347811,0,0,0,0,0,0,0,0,1780913065,0
145,27.980062,78.251797,5.641639,15.33733,0,0,0,0,0,0,0,0,1780913065,0
145,-113.885564,-54.660508,8.487703,10.355783,0,0,0,0,0,0,0,0,1780913065,0
146,-83.783109,-26.18117,3.405179,14.858623,0,0,0,0,0,0,0,0,1780913065,0
146,52.899015,108.41783,3.498676,1.757753,0,0,0,0,0,0,0,0,1780913065,0
147,23.667957,78.405133,9.127226,14.910981,0,0,0,0,0,0,0,0,1780913066,0
147,-113.750927,-61.777537,0.405779,6.440108,0,0,0,0,0,0,0,0,1780913066,0
148,-83.74197,-35.052212,8.558761,9.454467,0,0,0,0,0,0,0,0,1780913066,0
148,51.163701,106.252428,7.545248,17.091343,0,0,0,0,0,0,0,0,1780913066,0
149,25.627664,80.312482,3.330381,10.531558,0,0,0,0,0,0,0,0,1780913066,0
149,-114.861677,-58.512605,3.539815,5.493913,0,0,0,0,0,0,0,0,1780913066,0
150,-86.816168,-32.53152,1.239777,9.611543,0,0,0,0,0,0,0,0,1780913066,0
150,48.897322,105.702662,0.645133,14.757645,0,0,0,0,0,0,0,0,1780913066,0
151,23.204209,79.942232,4.946018,24.552443,0,0,0,0,0,0,0,0,1780913066,0
151,-118.676375,-59.140908,3.438838,11.511412,0,0,0,0,0,0,0,0,1780913066,0
152,-88.203671,-32.056552,3.259323,12.992412,0,0,0,0,0,0,0,0,1780913066,0
152,51.19736,107.535213,3.00127,12.177114,0,0,0,0,0,0,0,0,1780913066,0
153,16.655644,79.029696,5.024556,6.470027,0,0,0,0,0,0,0,0,1780913066,0
153,-125.434375,-69.53783,2.25703,8.886002,0,0,0,0,0,0,0,0,1780913066,0
154,-83.057568,-28.735521,1.344494,16.276045,0,0,0,0,0,0,0,0,1780913066,0
154,58.6996,114.37175,0.723671,7.079631,0,0,0,0,0,0,0,0,1780913066,0
155,22.927457,83.296922,7.361993,15.939454,0,0,0,0,0,0,0,0,1780913066,0
155,-116.787726,-54.424894,0.779769,5.680908,0,0,0,0,0,0,0,0,1780913066,0
156,-87.83716,-26.614998,-1.13132,17.476552,0,0,0,0,0,0,0,0,1780913066,0
156,57.334536,114.356791,6.161485,11.040185,0,0,0,0,0,0,0,0,1780913066,0
157,35.179369,91.636899,6.333521,12.483786,0,0,0,0,0,0,0,0,1780913066,0
157,-104.31142,-51.275898,8.360546,6.36905,0,0,0,0,0,0,0,0,1780913066,0
158,-78.1209,-28.537307,5.929611,11.171081,0,0,0,0,0,0,0,0,1780913066,0
158,56.545417,108.301893,1.524009,6.73182,0,0,0,0,0,0,0,0,1780913066,0
159,29.677976,83.824248,2.470204,3.597784,0,0,0,0,0,0,0,0,1780913066,0
159,-111.058199,-57.794544,3.824048,14.664148,0,0,0,0,0,0,0,0,1780913066,0
160,-82.777076,-29.692936,5.005856,10.131389,0,0,0,0,0,0,0,0,1780913066,0
160,59.873928,109.939969,6.011889,13.156968,0,0,0,0,0,0,0,0,1780913066,0
161,31.297353,84.359053,5.821154,8.081924,0,0,0,0,0,0,0,0,1780913066,0
161,-113.088965,-60.988419,3.113467,13.643155,0,0,0,0,0,0,0,0,1780913066,0
162,-86.068188,-33.836745,7.48167,16.06661,0,0,0,0,0,0,0,0,1780913066,0
162,49.877176,100.792174,7.234836,9.693821,0,0,0,0,0,0,0,0,1780913066,0
163,30.747587,80.802408,3.00501,9.35349,0,0,0,0,0,0,0,0,1780913066,0
163,-115.276806,-59.570996,3.214444,5.830504,0,0,0,0,0,0,0,0,1780913066,0
164,-82.126333,-28.911297,1.12758,9.835937,0,0,0,0,0,0,0,0,1780913066,0
164,56.627695,100.19753,3.337861,14.129342,0,0,0,0,0,0,0,0,1780913066,0
165,31.559146,75.327195,5.499523,9.996753,0,0,0,0,0,0,0,0,1780913066,0
165,-108.78434,-58.527564,5.776275,8.803724,0,0,0,0,0,0,0,0,1780913066,0
166,-84.87516,-41.054752,3.577214,4.648696,0,0,0,0,0,0,0,0,1780913066,0
166,56.395821,105.609165,8.080054,15.543024,0,0,0,0,0,0,0,0,1780913066,0
167,29.247888,77.862847,5.477083,16.130189,0,0,0,0,0,0,0,0,1780913066,0
167,-114.895336,-66.123301,9.501216,15.471966,0,0,0,0,0,0,0,0,1780913066,0
168,-89.647272,-42.386156,3.539815,3.208834,0,0,0,0,0,0,0,0,1780913066,0
168,53.912528,102.291874,-0.888226,8.485833,0,0,0,0,0,0,0,0,1780913066,0
169,34.610904,80.076868,5.772536,20.427334,0,0,0,0,0,0,0,0,1780913066,0
169,-112.258707,-63.236098,7.986556,11.279538,0,0,0,0,0,0,0,0,1780913066,0
170,-81.49803,-32.288426,4.86374,-0.478707,0,0,0,0,0,0,0,0,1780913066,0
170,52.633482,102.905217,1.576368,17.110042,0,0,0,0,0,0,0,0,1780913066,0
171,32.561439,81.434452,2.036376,21.29499,0,0,0,0,0,0,0,0,1780913066,0
171,-109.943709,-62.839669,0.914406,8.575591,0,0,0,0,0,0,0,0,1780913066,0
172,-80.323701,-29.89489,5.256429,8.687788,0,0,0,0,0,0,0,0,1780913066,0
172,60.19182,101.394298,5.308788,8.740146,0,0,0,0,0,0,0,0,1780913066,0
173,31.746141,80.798669,5.099354,5.680908,0,0,0,0,0,0,0,0,1780913066,0
173,-112.041793,-60.229219,7.08524,11.881662,0,0,0,0,0,0,0,0,1780913066,0
174,-85.155652,-36.148003,4.512189,13.295344,0,0,0,0,0,0,0,0,1780913066,0
174,51.399315,100.335906,2.417845,7.917368,0,0,0,0,0,0,0,0,1780913066,0
175,32.127611,75.52915,7.373213,13.736653,0,0,0,0,0,0,0,0,1780913066,0
175,-105.459569,-58.396668,2.23459,10.45302,0,0,0,0,0,0,0,0,1780913066,0
176,-85.656799,-38.676175,3.820308,10.299684,0,0,0,0,0,0,0,0,1780913066,0
176,55.116776,105.291273,4.426172,10.367003,0,0,0,0,0,0,0,0,1780913066,0
177,23.383724,77.414059,2.821755,11.545071,0,0,0,0,0,0,0,0,1780913066,0
177,-119.24858,-75.779723,-0.645133,10.352043,0,0,0,0,0,0,0,0,1780913066,0
178,-76.123794,-35.972228,7.388172,15.038138,0,0,0,0,0,0,0,0,1780913066,0
178,57.873082,96.487549,6.812228,8.728926,0,0,0,0,0,0,0,0,1780913066,0
179,32.176229,84.067341,5.675298,15.415868,0,0,0,0,0,0,0,0,1780913066,0
179,-111.144217,-60.397514,7.074021,7.285325,0,0,0,0,0,0,0,0,1780913066,0
180,-74.463278,-19.277314,8.992589,10.430581,0,0,0,0,0,0,0,0,1780913066,0
180,61.123055,110.65803,2.537522,8.59429,0,0,0,0,0,0,0,0,1780913066,0
181,33.937722,86.329981,1.8606,0.841477,0,0,0,0,0,0,0,0,1780913066,0
181,-103.858892,-58.190973,8.700877,7.053451,0,0,0,0,0,0,0,0,1780913066,0
182,-79.130673,-33.604871,6.397099,14.57813,0,0,0,0,0,0,0,0,1780913066,0
182,64.152374,109.981108,6.647672,7.801431,0,0,0,0,0,0,0,0,1780913066,0
183,37.045579,88.727256,3.902586,9.503086,0,0,0,0,0,0,0,0,1780913066,0
183,-100.874452,-53.628295,0.903186,1.993367,0,0,0,0,0,0,0,0,1780913066,0
184,-79.99833,-33.189742,2.092474,12.925094,0,0,0,0,0,0,0,0,1780913066,0
184,64.978892,116.174382,8.199731,12.644602,0,0,0,0,0,0,0,0,1780913066,0
185,42.722747,99.498168,10.660585,7.539638,0,0,0,0,0,0,0,0,1780913066,0
185,-93.776121,-49.533105,5.776275,5.59489,0,0,0,0,0,0,0,0,1780913066,0
186,-75.753544,-28.638284,4.306495,6.825317,0,0,0,0,0,0,0,0,1780913066,0
186,65.02751,114.727041,3.379,11.036445,0,0,0,0,0,0,0,0,1780913066,0
187,41.634436,86.109327,7.414352,10.576437,0,0,0,0,0,0,0,0,1780913066,0
187,-104.341339,-58.998792,10.510989,10.957907,0,0,0,0,0,0,0,0,1780913066,0
188,-79.384986,-30.934582,2.185972,8.22778,0,0,0,0,0,0,0,0,1780913066,0
188,52.453967,106.050473,3.846487,7.86127,0,0,0,0,0,0,0,0,1780913066,0
189,35.362624,81.692505,5.952051,8.95706,0,0,0,0,0,0,0,0,1780913066,0
189,-106.106572,-60.1993,2.275729,12.816637,0,0,0,0,0,0,0,0,1780913066,0
190,-88.110173,-38.287226,3.00501,11.414175,0,0,0,0,0,0,0,0,1780913066,0
190,59.541077,107.718468,4.048442,9.589103,0,0,0,0,0,0,0,0,1780913066,0
191,30.878484,77.286903,4.396252,12.554844,0,0,0,0,0,0,0,0,1780913066,0
191,-109.225648,-53.691874,6.887026,10.202447,0,0,0,0,0,0,0,0,1780913066,0
192,-86.329981,-37.206395,2.930212,17.794444,0,0,0,0,0,0,0,0,1780913066,0
192,59.791651,107.692289,-1.370673,6.541085,0,0,0,0,0,0,0,0,1780913066,0
193,31.622724,84.553528,4.680485,13.284125,0,0,0,0,0,0,0,0,1780913066,0
193,-106.648857,-58.31813,6.082947,8.59803,0,0,0,0,0,0,0,0,1780913066,0
194,-86.703971,-33.732028,4.788942,10.288465,0,0,0,0,0,0,0,0,1780913066,0
194,57.1999,110.119484,-0.645133,13.321524,0,0,0,0,0,0,0,0,1780913066,0
195,33.178522,81.225017,-1.632466,8.164202,0,0,0,0,0,0,0,0,1780913066,0
195,-108.279453,-55.027018,3.255583,16.242386,0,0,0,0,0,0,0,0,1780913066,0
196,-78.476191,-28.077299,1.172459,16.350843,0,0,0,0,0,0,0,0,1780913066,0
196,60.591989,110.811366,7.642486,-3.37713,0,0,0,0,0,0,0,0,1780913066,0
197,30.085625,80.925825,7.216137,18.781778,0,0,0,0,0,0,0,0,1780913066,0
197,-109.509881,-59.294244,4.351374,12.633382,0,0,0,0,0,0,0,0,1780913066,0
198,-86.056968,-37.614044,1.87556,7.588257,0,0,0,0,0,0,0,0,1780913066,0
198,54.406195,108.0401,5.106833,2.423455,0,0,0,0,0,0,0,0,1780913066,0
199,32.426803,87.683824,7.189958,7.042232,0,0,0,0,0,0,0,0,1780913066,0
199,-107.482855,-59.197006,5.267649,13.654375,0,0,0,0,0,0,0,0,1780913066,0
200,-84.426372,-31.375891,4.983417,11.552551,0,0,0,0,0,0,0,0,1780913066,0
200,60.292797,107.202362,1.561408,9.772359,0,0,0,0,0,0,0,0,1780913066,0
0,33.150473,79.895483,4.740323,17.57753,0,0,0,0,0,0,0,0,1780913066,0
101,-108.479538,-60.152551,0.529196,7.356383,0,0,0,0,0,0,0,0,1780913066,0
101,-83.616683,-37.75429,3.666972,13.691774,0,0,0,0,0,0,0,0,1780913066,0
102,60.418084,105.554936,-0.00561,11.144902,0,0,0,0,0,0,0,0,1780913066,0
102,36.557522,86.847957,3.539815,5.478953,0,0,0,0,0,0,0,0,1780913066,0
103,-107.350088,-55.855406,2.743217,10.819531,0,0,0,0,0,0,0,0,1780913066,0
103,-87.405202,-29.855621,1.437992,6.72808,0,0,0,0,0,0,0,0,1780913066,0
104,60.855652,107.709119,2.780616,12.730619,0,0,0,0,0,0,0,0,1780913066,0
104,33.614221,83.280092,3.184525,6.668242,0,0,0,0,0,0,0,0,1780913066,0
105,-109.728665,-56.640785,-2.874113,7.924848,0,0,0,0,0,0,0,0,1780913066,0
105,-93.261885,-37.443878,-0.454398,3.75112,0,0,0,0,0,0,0,0,1780913066,0
106,54.59506,106.052343,5.768796,15.935714,0,0,0,0,0,0,0,0,1780913066,0
106,27.892174,76.215421,2.683378,3.208834,0,0,0,0,0,0,0,0,1780913066,0
107,-111.333082,-54.546441,2.739477,7.386302,0,0,0,0,0,0,0,0,1780913066,0
107,-87.730573,-33.146733,6.284902,5.957661,0,0,0,0,0,0,0,0,1780913066,0
108,56.898838,106.893821,5.806195,14.413574,0,0,0,0,0,0,0,0,1780913066,0
108,35.461731,88.317737,2.103694,15.228873,0,0,0,0,0,0,0,0,1780913066,0
109,-112.585948,-58.372359,6.460677,11.088803,0,0,0,0,0,0,0,0,1780913066,0
109,-84.132789,-33.150473,2.743217,12.521185,0,0,0,0,0,0,0,0,1780913066,0
110,60.17873,110.413066,4.48227,7.83509,0,0,0,0,0,0,0,0,1780913066,0
110,33.128034,83.074398,6.124086,6.686941,0,0,0,0,0,0,0,0,1780913066,0
111,-115.828442,-55.963863,5.177891,19.021131,0,0,0,0,0,0,0,0,1780913066,0
111,-88.538392,-36.542562,3.102247,8.833644,0,0,0,0,0,0,0,0,1780913066,0
112,50.630766,107.316429,5.114313,14.630489,0,0,0,0,0,0,0,0,1780913066,0
112,25.06481,82.184302,-1.224817,17.225979,0,0,0,0,0,0,0,0,1780913066,0
113,-118.809142,-60.257268,4.50097,8.654128,0,0,0,0,0,0,0,0,1780913066,0
113,-87.46504,-36.912813,5.60798,20.921,0,0,0,0,0,0,0,0,1780913066,0
114,51.143132,104.260931,4.515929,4.514059,0,0,0,0,0,0,0,0,1780913066,0
114,31.164586,81.12217,2.62728,11.182301,0,0,0,0,0,0,0,0,1780913066,0
115,-108.651574,-56.719323,6.707511,13.867549,0,0,0,0,0,0,0,0,1780913066,0
115,-85.026625,-33.184132,4.624386,4.884309,0,0,0,0,0,0,0,0,1780913066,0
116,54.748395,108.03075,1.654906,3.137776,0,0,0,0,0,0,0,0,1780913066,0
116,29.507811,82.408696,5.118053,5.21716,0,0,0,0,0,0,0,0,1780913066,0
117,-113.217991,-56.767941,1.157499,8.489573,0,0,0,0,0,0,0,0,1780913066,0
117,-86.260792,-33.962031,-3.603394,14.017145,0,0,0,0,0,0,0,0,1780913066,0
118,53.704963,103.082862,2.414105,13.497299,0,0,0,0,0,0,0,0,1780913066,0
118,32.421193,83.889696,5.372366,21.882155,0,0,0,0,0,0,0,0,1780913066,0
119,-110.843155,-60.780854,7.070281,23.224779,0,0,0,0,0,0,0,0,1780913066,0
119,-92.641062,-40.36848,-0.158946,7.382563,0,0,0,0,0,0,0,0,1780913066,0
120,48.622439,99.06995,3.73055,19.05479,0,0,0,0,0,0,0,0,1780913066,0
120,29.212359,80.325571,-0.282362,18.774298,0,0,0,0,0,0,0,0,1780913066,0
121,-110.880554,-58.136745,7.687364,8.291358,0,0,0,0,0,0,0,0,1780913066,0
121,-88.60945,-38.356414,7.328334,8.298838,0,0,0,0,0,0,0,0,1780913066,0
122,49.445217,106.362755,4.003563,9.065517,0,0,0,0,0,0,0,0,1780913066,0
122,32.447372,83.156676,6.333521,5.033905,0,0,0,0,0,0,0,0,1780913066,0
123,-110.607541,-53.648865,1.677345,11.799384,0,0,0,0,0,0,0,0,1780913066,0
123,-89.985733,-34.201385,-0.970504,10.610096,0,0,0,0,0,0,0,0,1780913066,0
124,50.286695,103.898161,4.291535,15.68514,0,0,0,0,0,0,0,0,1780913066,0
124,31.02247,85.711027,5.177891,11.765725,0,0,0,0,0,0,0,0,1780913066,0
125,-111.437799,-62.972435,8.394205,17.121262,0,0,0,0,0,0,0,0,1780913066,0
125,-85.879323,-39.227811,4.052182,10.991566,0,0,0,0,0,0,0,0,1780913066,0
126,54.340746,103.037984,6.198884,11.866703,0,0,0,0,0,0,0,0,1780913066,0
126,34.635213,84.024332,4.732843,10.516599,0,0,0,0,0,0,0,0,1780913066,0
127,-112.062362,-61.902824,-2.672159,1.907349,0,0,0,0,0,0,0,0,1780913066,0
127,-83.867257,-37.544856,5.922132,15.946933,0,0,0,0,0,0,0,0,1780913066,0
128,55.71329,105.614775,7.83696,7.08711,0,0,0,0,0,0,0,0,1780913066,0
128,33.879754,82.576991,2.803055,14.697807,0,0,0,0,0,0,0,0,1780913066,0
129,-109.421993,-57.500962,3.973644,2.677768,0,0,0,0,0,0,0,0,1780913066,0
129,-86.631043,-33.524463,3.599654,4.11015,0,0,0,0,0,0,0,0,1780913066,0
130,55.638492,103.748565,4.994636,14.776345,0,0,0,0,0,0,0,0,1780913066,0
130,29.242278,85.901762,2.399146,16.197507,0,0,0,0,0,0,0,0,1780913066,0
131,-111.355521,-61.427857,7.799561,6.791658,0,0,0,0,0,0,0,0,1780913066,0
131,-87.573497,-36.602401,-0.282362,6.829057,0,0,0,0,0,0,0,0,1780913066,0
132,49.486356,105.008911,4.452351,7.262886,0,0,0,0,0,0,0,0,1780913066,0
132,31.310442,82.416175,3.932505,7.550858,0,0,0,0,0,0,0,0,1780913066,0
133,-111.665933,-60.526541,2.545002,12.581023,0,0,0,0,0,0,0,0,1780913066,0
133,-94.432474,-38.027303,4.893659,15.303671,0,0,0,0,0,0,0,0,1780913066,0
134,52.882185,100.240539,3.872666,6.178315,0,0,0,0,0,0,0,0,1780913066,0
134,27.155414,81.372743,0.409519,11.709627,0,0,0,0,0,0,0,0,1780913066,0
135,-113.016037,-61.513874,5.024556,11.133682,0,0,0,0,0,0,0,0,1780913066,0
135,-92.970173,-43.341701,2.099954,10.4605,0,0,0,0,0,0,0,0,1780913066,0
136,55.234582,98.954013,6.228803,12.266872,0,0,0,0,0,0,0,0,1780913066,0
136,28.632674,80.553705,5.147972,11.062624,0,0,0,0,0,0,0,0,1780913066,0
137,-116.385687,-58.372359,3.042409,8.96828,0,0,0,0,0,0,0,0,1780913066,0
137,-91.549011,-41.295975,-0.585294,7.951027,0,0,0,0,0,0,0,0,1780913066,0
138,51.449804,99.533697,0.663832,7.240446,0,0,0,0,0,0,0,0,1780913066,0
138,25.838969,80.273213,1.221077,13.882509,0,0,0,0,0,0,0,0,1780913066,0
139,-116.168772,-61.798107,5.061955,7.509719,0,0,0,0,0,0,0,0,1780913066,0
139,-90.584117,-41.340854,2.941431,6.645802,0,0,0,0,0,0,0,0,1780913066,0
140,54.333267,100.165741,6.887026,11.548811,0,0,0,0,0,0,0,0,1780913066,0
140,31.460038,76.357537,2.668419,14.19292,0,0,0,0,0,0,0,0,1780913066,0
141,-110.248511,-64.068226,2.99753,11.264579,0,0,0,0,0,0,0,0,1780913066,0
141,-84.301085,-35.839461,4.594467,10.026672,0,0,0,0,0,0,0,0,1780913066,0
142,57.658038,105.40534,4.171858,9.633982,0,0,0,0,0,0,0,0,1780913066,0
142,34.668873,82.442355,3.824048,5.213421,0,0,0,0,0,0,0,0,1780913066,0
143,-108.090589,-63.054713,3.057368,12.371589,0,0,0,0,0,0,0,0,1780913066,0
143,-83.134236,-39.455945,4.272836,5.557491,0,0,0,0,0,0,0,0,1780913066,0
144,54.669858,95.977053,6.221324,10.815791,0,0,0,0,0,0,0,0,1780913066,0
144,30.577422,80.725741,5.918392,8.927141,0,0,0,0,0,0,0,0,1780913066,0
145,-111.808049,-62.983655,4.10828,9.417068,0,0,0,0,0,0,0,0,1780913067,0
145,-87.536098,-36.665979,3.72681,16.586456,0,0,0,0,0,0,0,0,1780913067,0
146,55.402878,100.610789,2.358007,-1.806372,0,0,0,0,0,0,0,0,1780913067,0
146,31.78541,78.975467,3.996083,10.262285,0,0,0,0,0,0,0,0,1780913067,0
147,-107.077076,-62.086079,1.191158,8.272659,0,0,0,0,0,0,0,0,1780913067,0
147,-83.231474,-38.767803,-0.132766,4.730973,0,0,0,0,0,0,0,0,1780913067,0
148,59.415791,104.545163,2.118653,7.11329,0,0,0,0,0,0,0,0,1780913067,0
148,32.312736,80.112397,6.198884,10.206187,0,0,0,0,0,0,0,0,1780913067,0
149,-108.120508,-60.956629,1.183678,10.292205,0,0,0,0,0,0,0,0,1780913067,0
149,-85.834444,-37.230704,8.409165,8.639169,0,0,0,0,0,0,0,0,1780913067,0
150,56.906318,101.048357,6.228803,12.446387,0,0,0,0,0,0,0,0,1780913067,0
150,33.404786,81.85145,5.181631,16.702393,0,0,0,0,0,0,0,0,1780913067,0
151,-103.991658,-56.158338,2.582401,6.952474,0,0,0,0,0,0,0,0,1780913067,0
151,-82.737807,-38.345194,6.195144,10.10521,0,0,0,0,0,0,0,0,1780913067,0
152,54.59506,100.999738,3.061108,7.46484,0,0,0,0,0,0,0,0,1780913067,0
152,34.691312,82.756506,2.930212,11.683447,0,0,0,0,0,0,0,0,1780913067,0
153,-102.203986,-52.582993,5.99319,11.683447,0,0,0,0,0,0,0,0,1780913067,0
153,-82.62187,-35.790843,7.934198,12.064917,0,0,0,0,0,0,0,0,1780913067,0
154,63.993428,112.125941,2.698338,11.331897,0,0,0,0,0,0,0,0,1780913067,0
154,36.744517,93.938807,5.013336,11.548811,0,0,0,0,0,0,0,0,1780913067,0
155,-109.358415,-53.173898,2.922732,5.886603,0,0,0,0,0,0,0,0,1780913067,0
155,-81.825271,-32.009804,0.046749,4.551458,0,0,0,0,0,0,0,0,1780913067,0
156,62.557307,114.38858,4.960977,8.814944,0,0,0,0,0,0,0,0,1780913067,0
156,33.382347,95.34127,0.110327,10.393182,0,0,0,0,0,0,0,0,1780913067,0
157,-107.454806,-49.71075,3.427618,12.532405,0,0,0,0,0,0,0,0,1780913067,0
157,-87.46504,-31.179546,1.239777,7.535898,0,0,0,0,0,0,0,0,1780913067,0
158,55.3206,113.995891,6.228803,10.426841,0,0,0,0,0,0,0,0,1780913067,0
158,30.771897,86.851697,4.370073,11.986379,0,0,0,0,0,0,0,0,1780913067,0
159,-107.215452,-52.856006,10.46611,9.091697,0,0,0,0,0,0,0,0,1780913067,0
159,-86.705841,-38.326495,2.122393,6.256853,0,0,0,0,0,0,0,0,1780913067,0
160,53.259915,103.972959,5.308788,11.085063,0,0,0,0,0,0,0,0,1780913067,0
160,35.861901,83.964494,4.093321,9.129096,0,0,0,0,0,0,0,0,1780913067,0
161,-105.536237,-55.982562,3.962424,16.429381,0,0,0,0,0,0,0,0,1780913067,0
161,-87.173328,-33.775036,2.028896,8.358676,0,0,0,0,0,0,0,0,1780913067,0
162,53.046741,109.444432,4.302755,10.307164,0,0,0,0,0,0,0,0,1780913067,0
162,32.944779,86.511366,5.050735,5.366756,0,0,0,0,0,0,0,0,1780913067,0
163,-107.974652,-59.412051,11.565641,8.560631,0,0,0,0,0,0,0,0,1780913067,0
163,-91.485433,-36.733297,1.998977,12.300531,0,0,0,0,0,0,0,0,1780913067,0
164,53.140238,101.190473,5.922132,12.049958,0,0,0,0,0,0,0,0,1780913067,0
164,35.413113,83.250173,2.810535,8.246479,0,0,0,0,0,0,0,0,1780913067,0
165,-112.694405,-64.629211,5.548142,13.370142,0,0,0,0,0,0,0,0,1780913067,0
165,-87.397722,-36.048896,5.884733,11.182301,0,0,0,0,0,0,0,0,1780913067,0
166,53.873259,108.202786,5.032035,11.642309,0,0,0,0,0,0,0,0,1780913067,0
166,34.478138,87.689434,6.72995,10.355783,0,0,0,0,0,0,0,0,1780913067,0
167,-106.123401,-57.837553,4.897399,10.030412,0,0,0,0,0,0,0,0,1780913067,0
167,-88.441154,-30.65596,4.714144,5.796845,0,0,0,0,0,0,0,0,1780913067,0
168,47.549088,105.195906,1.87556,6.881416,0,0,0,0,0,0,0,0,1780913067,0
168,30.63726,81.597137,4.736583,15.913274,0,0,0,0,0,0,0,0,1780913067,0
169,-108.326202,-60.691096,5.376106,6.888896,0,0,0,0,0,0,0,0,1780913067,0
169,-92.278292,-35.731004,2.073775,6.922555,0,0,0,0,0,0,0,0,1780913067,0
170,53.368372,100.55843,6.097907,14.996999,0,0,0,0,0,0,0,0,1780913067,0
170,28.913167,83.137976,8.95519,18.374128,0,0,0,0,0,0,0,0,1780913067,0
171,-114.680292,-58.888465,3.270543,4.914229,0,0,0,0,0,0,0,0,1780913067,0
171,-91.795844,-40.084248,1.471651,8.740146,0,0,0,0,0,0,0,0,1780913067,0
172,56.420131,108.228965,10.073421,12.835337,0,0,0,0,0,0,0,0,1780913067,0
172,28.232505,84.86207,4.699184,2.59923,0,0,0,0,0,0,0,0,1780913067,0
173,-110.727218,-58.634152,0.906926,10.692374,0,0,0,0,0,0,0,0,1780913067,0
173,-91.807064,-39.437245,2.174752,10.613836,0,0,0,0,0,0,0,0,1780913067,0
174,50.567187,105.248265,6.236283,13.138269,0,0,0,0,0,0,0,0,1780913067,0
174,33.086895,80.0002,0.626433,3.37339,0,0,0,0,0,0,0,0,1780913067,0
175,-109.848341,-59.153998,5.907172,11.459053,0,0,0,0,0,0,0,0,1780913067,0
175,-91.399415,-40.428319,5.555621,8.444694,0,0,0,0,0,0,0,0,1780913067,0
176,53.641385,108.688973,4.661785,11.94898,0,0,0,0,0,0,0,0,1780913067,0
176,29.788303,81.413882,5.454644,6.290512,0,0,0,0,0,0,0,0,1780913067,0
177,-111.695852,-62.149657,6.008149,9.173975,0,0,0,0,0,0,0,0,1780913067,0
177,-83.942055,-37.327941,1.13506,9.237553,0,0,0,0,0,0,0,0,1780913067,0
178,53.921878,102.963186,6.112866,11.062624,0,0,0,0,0,0,0,0,1780913067,0
178,32.623147,81.941208,1.673605,12.910135,0,0,0,0,0,0,0,0,1780913067,0
179,-106.991058,-62.172097,7.979077,12.476306,0,0,0,0,0,0,0,0,1780913067,0
179,-92.32317,-40.828488,6.385879,7.580777,0,0,0,0,0,0,0,0,1780913067,0
180,52.511935,102.248865,1.48661,8.575591,0,0,0,0,0,0,0,0,1780913067,0
180,32.353875,83.568065,3.117207,10.789611,0,0,0,0,0,0,0,0,1780913067,0
181,-107.552043,-57.489742,3.244363,11.986379,0,0,0,0,0,0,0,0,1780913067,0
181,-87.943747,-36.464025,-1.157499,11.922801,0,0,0,0,0,0,0,0,1780913067,0
182,55.107426,103.086602,4.261616,12.805417,0,0,0,0,0,0,0,0,1780913067,0
182,36.613621,85.535252,3.135906,12.906395,0,0,0,0,0,0,0,0,1780913067,0
183,-116.909273,-71.002001,4.538369,9.622763,0,0,0,0,0,0,0,0,1780913067,0
183,-82.262839,-38.49479,3.442578,9.899515,0,0,0,0,0,0,0,0,1780913067,0
184,71.615344,114.919646,4.212997,9.903255,0,0,0,0,0,0,0,0,1780913067,0
184,36.740777,83.829858,4.673005,8.194121,0,0,0,0,0,0,0,0,1780913067,0
185,-99.167187,-52.33242,7.515329,13.205587,0,0,0,0,0,0,0,0,1780913067,0
185,-78.294806,-34.646433,0.585294,11.97142,0,0,0,0,0,0,0,0,1780913067,0
186,61.270781,109.433213,3.652012,14.57813,0,0,0,0,0,0,0,0,1780913067,0
186,38.012343,85.202401,3.842747,3.403309,0,0,0,0,0,0,0,0,1780913067,0
187,-98.359369,-50.993536,4.190558,8.852343,0,0,0,0,0,0,0,0,1780913067,0
187,-66.716075,-17.614929,3.551035,7.386302,0,0,0,0,0,0,0,0,1780913067,0
188,74.723201,114.665333,2.6198,14.664148,0,0,0,0,0,0,0,0,1780913067,0
188,47.051681,90.434521,-1.045302,18.998692,0,0,0,0,0,0,0,0,1780913067,0
189,-99.612235,-56.652005,5.398546,11.305718,0,0,0,0,0,0,0,0,1780913067,0
189,-70.27646,-27.955752,0.476837,2.150442,0,0,0,0,0,0,0,0,1780913067,0
190,66.214929,111.303163,6.056768,16.257345,0,0,0,0,0,0,0,0,1780913067,0
190,53.544148,99.4402,10.424971,9.514305,0,0,0,0,0,0,0,0,1780913067,0
191,-84.574098,-36.411666,2.750696,9.480646,0,0,0,0,0,0,0,0,1780913067,0
191,-70.530773,-24.376668,4.448611,11.638569,0,0,0,0,0,0,0,0,1780913067,0
192,70.411096,117.346841,3.801608,9.794798,0,0,0,0,0,0,0,0,1780913067,0
192,50.597107,98.052697,2.402886,15.726279,0,0,0,0,0,0,0,0,1780913067,0
193,-86.642262,-42.365587,1.965317,11.470273,0,0,0,0,0,0,0,0,1780913067,0
193,-58.147965,-14.854883,1.804502,9.379669,0,0,0,0,0,0,0,0,1780913067,0
194,78.212528,125.406325,7.130119,9.207634,0,0,0,0,0,0,0,0,1780913067,0
194,50.623286,98.580023,4.942278,6.028719,0,0,0,0,0,0,0,0,1780913067,0
195,-93.774251,-42.283309,4.508449,9.895775,0,0,0,0,0,0,0,0,1780913067,0
195,-63.050973,-18.295591,4.650566,7.767772,0,0,0,0,0,0,0,0,1780913067,0
196,70.822485,122.354567,3.150866,5.823024,0,0,0,0,0,0,0,0,1780913067,0
196,47.941778,95.752659,3.068588,10.640015,0,0,0,0,0,0,0,0,1780913067,0
197,-88.650589,-40.36848,5.899692,10.187487,0,0,0,0,0,0,0,0,1780913067,0
197,-73.440415,-19.271704,3.637053,11.358076,0,0,0,0,0,0,0,0,1780913067,0
198,66.835752,117.75075,0.551635,17.169881,0,0,0,0,0,0,0,0,1780913067,0
198,50.361493,89.761339,3.337861,16.410681,0,0,0,0,0,0,0,0,1780913067,0
199,-99.473859,-53.888218,4.212997,15.176514,0,0,0,0,0,0,0,0,1780913067,0
199,-71.929496,-25.068549,4.695444,8.467133,0,0,0,0,0,0,0,0,1780913067,0
200,66.465502,114.635413,5.712697,10.924248,0,0,0,0,0,0,0,0,1780913067,0
200,44.628226,95.876075,5.334967,11.915321,0,0,0,0,0,0,0,0,1780913067,0
0,-96.596006,-49.991243,4.989027,9.897645,0,0,0,0,0,0,0,0,1780913067,0
101,-75.315975,-33.427226,-2.056945,14.108773,0,0,0,0,0,0,0,0,1780913067,0
101,65.079869,112.679446,3.276152,10.309034,0,0,0,0,0,0,0,0,1780913067,0
102,38.459261,85.202401,4.46918,9.303001,0,0,0,0,0,0,0,0,1780913067,0
102,-106.776014,-64.793767,2.700208,10.769042,0,0,0,0,0,0,0,0,1780913067,0
103,-83.644732,-32.335175,2.524432,10.653105,0,0,0,0,0,0,0,0,1780913067,0
103,61.216552,115.656406,6.918815,8.786895,0,0,0,0,0,0,0,0,1780913067,0
104,36.069465,83.34741,5.684648,3.233144,0,0,0,0,0,0,0,0,1780913067,0
104,-110.370058,-62.086079,1.697915,5.780015,0,0,0,0,0,0,0,0,1780913067,0
105,-86.554375,-44.699284,0.037399,11.075714,0,0,0,0,0,0,0,0,1780913067,0
105,57.061524,103.898161,6.870196,5.96701,0,0,0,0,0,0,0,0,1780913067,0
106,37.614044,93.09733,5.396676,14.598699,0,0,0,0,0,0,0,0,1780913067,0
106,-104.820046,-54.647418,7.405002,13.383232,0,0,0,0,0,0,0,0,1780913067,0
107,-88.072774,-30.319369,-0.265533,2.61232,0,0,0,0,0,0,0,0,1780913067,0
107,53.796591,103.643847,1.638076,11.038315,0,0,0,0,0,0,0,0,1780913067,0
108,28.541047,87.610896,11.283278,7.152559,0,0,0,0,0,0,0,0,1780913067,0
108,-113.466695,-61.738268,1.772713,11.404825,0,0,0,0,0,0,0,0,1780913067,0
109,-90.892659,-46.430858,0.261793,5.544402,0,0,0,0,0,0,0,0,1780913067,0
109,48.830004,101.859915,5.202201,9.613413,0,0,0,0,0,0,0,0,1780913067,0
110,32.501601,78.302285,-0.658222,9.011289,0,0,0,0,0,0,0,0,1780913067,0
110,-110.931043,-60.713536,1.806372,9.243163,0,0,0,0,0,0,0,0,1780913067,0
111,-93.634005,-42.264609,4.951628,9.576014,0,0,0,0,0,0,0,0,1780913067,0
111,47.221847,100.895021,3.231274,12.444517,0,0,0,0,0,0,0,0,1780913067,0
112,22.736722,77.210235,3.766079,16.319053,0,0,0,0,0,0,0,0,1780913067,0
112,-119.271019,-64.457176,3.208834,7.807041,0,0,0,0,0,0,0,0,1780913067,0
113,-87.990496,-29.320816,4.85439,11.935891,0,0,0,0,0,0,0,0,1780913067,0
113,48.699107,98.725879,5.138623,10.189357,0,0,0,0,0,0,0,0,1780913067,0
114,15.956283,77.135437,3.029319,4.931058,0,0,0,0,0,0,0,0,1780913067,0
114,-119.558992,-62.482509,6.686941,13.738522,0,0,0,0,0,0,0,0,1780913067,0
115,-96.106079,-35.51409,6.971174,10.398792,0,0,0,0,0,0,0,0,1780913067,0
115,53.901308,104.118815,3.982993,9.665771,0,0,0,0,0,0,0,0,1780913067,0
116,34.521147,88.459854,5.763186,10.780262,0,0,0,0,0,0,0,0,1780913067,0
116,-114.958915,-66.861931,1.039692,14.621139,0,0,0,0,0,0,0,0,1780913067,0
117,-102.718222,-47.792182,5.9801,8.648519,0,0,0,0,0,0,0,0,1780913067,0
117,43.493167,102.555537,-0.00374,9.187064,0,0,0,0,0,0,0,0,1780913067,0
118,31.117838,82.038445,7.397522,7.272235,0,0,0,0,0,0,0,0,1780913067,0
118,-111.854798,-56.779161,4.11015,12.33232,0,0,0,0,0,0,0,0,1780913067,0
119,-96.334213,-35.831981,3.463147,7.560208,0,0,0,0,0,0,0,0,1780913067,0
119,49.940754,108.621654,2.864763,9.426418,0,0,0,0,0,0,0,0,1780913067,0
120,22.321593,77.154136,5.793105,11.786295,0,0,0,0,0,0,0,0,1780913067,0
120,-113.747187,-51.487203,5.953921,9.112266,0,0,0,0,0,0,0,0,1780913067,0
121,-87.45943,-28.726172,2.109304,12.560454,0,0,0,0,0,0,0,0,1780913067,0
121,50.213767,109.867041,1.028472,10.432451,0,0,0,0,0,0,0,0,1780913067,0
122,30.971981,87.390242,2.161662,14.508942,0,0,0,0,0,0,0,0,1780913067,0
122,-113.623771,-59.112859,6.877676,18.200223,0,0,0,0,0,0,0,0,1780913067,0
123,-83.73449,-27.839815,7.999646,13.005502,0,0,0,0,0,0,0,0,1780913067,0
123,51.324517,110.181193,6.204494,12.044348,0,0,0,0,0,0,0,0,1780913067,0
124,34.839038,88.059684,6.200754,18.914544,0,0,0,0,0,0,0,0,1780913067,0
124,-113.616291,-54.931651,8.923401,9.777968,0,0,0,0,0,0,0,0,1780913067,0
125,-90.870219,-33.098115,1.623117,9.553574,0,0,0,0,0,0,0,0,1780913067,0
125,45.789465,105.517537,0.912536,6.176445,0,0,0,0,0,0,0,0,1780913067,0
126,28.948696,89.604263,1.806372,9.35536,0,0,0,0,0,0,0,0,1780913067,0
126,-118.418322,-56.349073,3.291112,6.520516,0,0,0,0,0,0,0,0,1780913067,0
127,-91.008595,-36.456545,6.71686,11.20287,0,0,0,0,0,0,0,0,1780913067,0
127,57.839423,114.171666,8.478353,8.569981,0,0,0,0,0,0,0,0,1780913067,0
128,32.89429,86.70958,5.194721,19.262355,0,0,0,0,0,0,0,0,1780913067,0
128,-110.972181,-55.372959,-0.542285,11.520762,0,0,0,0,0,0,0,0,1780913067,0
129,-93.581647,-34.40334,2.457114,9.209504,0,0,0,0,0,0,0,0,1780913067,0
129,43.624063,104.848095,2.071905,6.909465,0,0,0,0,0,0,0,0,1780913067,0
130,24.935783,82.296499,2.62541,16.618245,0,0,0,0,0,0,0,0,1780913067,0
130,-112.307326,-53.562847,7.371343,15.960023,0,0,0,0,0,0,0,0,1780913067,0
131,-88.132612,-29.103901,2.501993,18.361039,0,0,0,0,0,0,0,0,1780913067,0
131,47.509819,99.926387,1.50718,13.731043,0,0,0,0,0,0,0,0,1780913067,0
132,29.786433,77.288772,5.321878,11.277668,0,0,0,0,0,0,0,0,1780913067,0
132,-103.421323,-51.378746,2.565571,7.945417,0,0,0,0,0,0,0,0,1780913067,0
133,-87.930658,-33.685279,3.623963,7.294675,0,0,0,0,0,0,0,0,1780913067,0
133,50.419461,109.216298,4.031612,3.547295,0,0,0,0,0,0,0,0,1780913067,0
134,30.313759,93.553597,1.006033,1.924179,0,0,0,0,0,0,0,0,1780913067,0
134,-112.053013,-54.95409,2.412235,13.686164,0,0,0,0,0,0,0,0,1780913067,0
135,-92.796268,-34.455698,3.238753,3.614613,0,0,0,0,0,0,0,0,1780913067,0
135,52.136075,109.384594,4.600077,14.505202,0,0,0,0,0,0,0,0,1780913067,0
136,35.919869,90.430781,12.932574,14.359346,0,0,0,0,0,0,0,0,1780913067,0
136,-106.992928,-48.375606,1.308965,9.35162,0,0,0,0,0,0,0,0,1780913067,0
137,-91.850073,-38.203078,-0.37399,7.586387,0,0,0,0,0,0,0,0,1780913067,0
137,47.86511,105.539977,1.761493,5.050735,0,0,0,0,0,0,0,0,1780913067,0
138,30.631651,93.755552,4.959107,9.415198,0,0,0,0,0,0,0,0,1780913067,0
138,-106.416983,-46.782409,5.639769,10.350173,0,0,0,0,0,0,0,0,1780913067,0
139,-86.991943,-26.874921,2.038245,5.462124,0,0,0,0,0,0,0,0,1780913067,0
139,49.028218,110.689819,2.169142,10.548388,0,0,0,0,0,0,0,0,1780913067,0
140,33.133644,93.590996,7.782732,12.556714,0,0,0,0,0,0,0,0,1780913067,0
140,-112.483101,-54.759615,3.534205,8.184771,0,0,0,0,0,0,0,0,1780913067,0
141,-89.400438,-32.53713,0.527326,8.435344,0,0,0,0,0,0,0,0,1780913067,0
141,55.386048,110.147533,0.302932,8.910312,0,0,0,0,0,0,0,0,1780913067,0
142,31.263694,91.657468,6.33913,9.968703,0,0,0,0,0,0,0,0,1780913067,0
142,-107.591312,-50.85142,-0.071058,10.937337,0,0,0,0,0,0,0,0,1780913067,0
143,-85.813874,-37.099808,0.564725,7.324594,0,0,0,0,0,0,0,0,1780913067,0
143,52.685841,101.037137,4.446741,13.970396,0,0,0,0,0,0,0,0,1780913067,0
144,25.493028,83.455868,5.508873,10.757822,0,0,0,0,0,0,0,0,1780913067,0
144,-116.092104,-65.523047,0.777899,8.080054,0,0,0,0,0,0,0,0,1780913067,0
145,-89.176044,-40.00945,4.435521,14.422924,0,0,0,0,0,0,0,0,1780913068,0
145,49.192774,97.540331,4.428042,10.85506,0,0,0,0,0,0,0,0,1780913068,0
146,28.563486,85.258499,0.523586,5.866033,0,0,0,0,0,0,0,0,1780913068,0
146,-114.532566,-58.032028,1.357584,5.907172,0,0,0,0,0,0,0,0,1780913068,0
147,-91.023555,-41.688665,1.301485,6.326041,0,0,0,0,0,0,0,0,1780913068,0
147,56.08167,111.684632,-0.059838,12.859646,0,0,0,0,0,0,0,0,1780913068,0
148,32.355744,83.915875,1.974667,15.279361,0,0,0,0,0,0,0,0,1780913068,0
148,-112.14651,-62.299253,7.666795,8.513882,0,0,0,0,0,0,0,0,1780913068,0
149,-97.893751,-39.291389,5.890342,9.561054,0,0,0,0,0,0,0,0,1780913068,0
149,53.418861,108.958245,1.907349,13.977876,0,0,0,0,0,0,0,0,1780913068,0
150,33.874144,82.513413,4.989027,7.500369,0,0,0,0,0,0,0,0,1780913068,0
150,-106.035513,-52.223963,3.463147,7.11516,0,0,0,0,0,0,0,0,1780913068,0
151,-85.372566,-35.424332,5.131143,12.496876,0,0,0,0,0,0,0,0,1780913068,0
151,54.914821,95.846156,8.003386,10.82514,0,0,0,0,0,0,0,0,1780913068,0
152,28.297953,78.276106,4.835691,5.24147,0,0,0,0,0,0,0,0,1780913068,0
152,-113.784586,-60.694836,8.732666,10.413751,0,0,0,0,0,0,0,0,1780913068,0
153,-94.381985,-39.149273,6.866456,8.23339,0,0,0,0,0,0,0,0,1780913068,0
153,46.204594,97.884402,3.35095,16.270435,0,0,0,0,0,0,0,0,1780913068,0
154,34.704402,92.263332,2.947041,7.208657,0,0,0,0,0,0,0,0,1780913068,0
154,-114.177276,-51.042155,4.158769,7.347033,0,0,0,0,0,0,0,0,1780913068,0
155,-88.555221,-34.347241,-0.112197,8.663478,0,0,0,0,0,0,0,0,1780913068,0
155,53.433821,107.862455,2.539392,5.492043,0,0,0,0,0,0,0,0,1780913068,0
156,26.888011,83.500746,8.515752,7.145079,0,0,0,0,0,0,0,0,1780913068,0
156,-115.104771,-56.599646,7.045972,9.209504,0,0,0,0,0,0,0,0,1780913068,0
157,-85.039715,-32.447372,3.792259,12.205164,0,0,0,0,0,0,0,0,1780913068,0
157,49.566764,101.493405,5.153582,13.648765,0,0,0,0,0,0,0,0,1780913068,0
158,22.190696,80.632243,4.188688,12.975583,0,0,0,0,0,0,0,0,1780913068,0
158,-109.734275,-47.066641,-0.418869,14.695937,0,0,0,0,0,0,0,0,1780913068,0
159,-90.728103,-30.857915,3.522986,12.788588,0,0,0,0,0,0,0,0,1780913068,0
159,46.33923,108.988165,1.87369,13.386972,0,0,0,0,0,0,0,0,1780913068,0
160,27.359238,90.984286,3.803478,7.679885,0,0,0,0,0,0,0,0,1780913068,0
160,-121.320485,-64.184163,7.143209,11.378646,0,0,0,0,0,0,0,0,1780913068,0
161,-91.090873,-34.829688,1.436122,8.801855,0,0,0,0,0,0,0,0,1780913068,0
161,51.58257,102.121708,1.660516,7.911758,0,0,0,0,0,0,0,0,1780913068,0
162,25.171397,79.861824,3.418269,9.830327,0,0,0,0,0,0,0,0,1780913068,0
162,-119.869403,-67.64357,0.860177,9.549835,0,0,0,0,0,0,0,0,1780913068,0
163,-92.392358,-33.905933,2.180362,14.703417,0,0,0,0,0,0,0,0,1780913068,0
163,48.20544,108.629134,3.781039,11.913451,0,0,0,0,0,0,0,0,1780913068,0
164,26.644917,86.425348,3.695021,8.360546,0,0,0,0,0,0,0,0,1780913068,0
164,-117.77132,-59.004402,6.915075,10.813921,0,0,0,0,0,0,0,0,1780913068,0
165,-92.512035,-37.627133,5.718307,12.302401,0,0,0,0,0,0,0,0,1780913068,0
165,45.486533,101.156814,2.674028,8.427865,0,0,0,0,0,0,0,0,1780913068,0
166,25.253674,79.790766,1.918569,15.582293,0,0,0,0,0,0,0,0,1780913068,0
166,-109.001254,-45.96337,5.688388,12.560454,0,0,0,0,0,0,0,0,1780913068,0
167,-85.675498,-26.699146,2.169142,11.195391,0,0,0,0,0,0,0,0,1780913068,0
167,41.671835,102.622855,8.650389,6.299861,0,0,0,0,0,0,0,0,1780913068,0
168,26.510281,85.688588,4.009173,11.341247,0,0,0,0,0,0,0,0,1780913068,0
168,-113.571412,-51.648018,4.080231,3.076068,0,0,0,0,0,0,0,0,1780913068,0
169,-90.384032,-30.966372,6.922555,7.635006,0,0,0,0,0,0,0,0,1780913068,0
169,48.919761,109.53793,1.832551,0.73115,0,0,0,0,0,0,0,0,1780913068,0
170,24.898384,89.910935,4.016653,13.693644,0,0,0,0,0,0,0,0,1780913068,0
170,-112.838392,-54.5614,5.763186,9.288042,0,0,0,0,0,0,0,0,1780913068,0
171,-95.69095,-37.470058,1.13693,8.368026,0,0,0,0,0,0,0,0,1780913068,0
171,46.384109,105.293143,1.065871,12.294921,0,0,0,0,0,0,0,0,1780913068,0
172,27.396637,84.252466,3.878276,12.601593,0,0,0,0,0,0,0,0,1780913068,0
172,-116.065925,-56.07232,2.445895,10.993436,0,0,0,0,0,0,0,0,1780913068,0
173,-94.849473,-40.693851,4.947888,7.216137,0,0,0,0,0,0,0,0,1780913068,0
173,43.627803,107.929773,4.383163,11.150512,0,0,0,0,0,0,0,0,1780913068,0
174,23.361285,87.595937,7.195568,8.046395,0,0,0,0,0,0,0,0,1780913068,0
174,-117.965794,-55.395398,0.033659,8.884132,0,0,0,0,0,0,0,0,1780913068,0
175,-96.599746,-35.095221,3.601524,7.320854,0,0,0,0,0,0,0,0,1780913068,0
175,40.703201,97.431874,4.656175,9.927564,0,0,0,0,0,0,0,0,1780913068,0
176,31.144017,86.028919,7.184348,8.648519,0,0,0,0,0,0,0,0,1780913068,0
176,-117.101877,-59.367172,3.620223,11.502062,0,0,0,0,0,0,0,0,1780913068,0
177,-94.157591,-34.309842,6.930035,6.625233,0,0,0,0,0,0,0,0,1780913068,0
177,48.025925,106.265517,4.11015,8.016476,0,0,0,0,0,0,0,0,1780913068,0
178,28.249334,85.277199,3.605264,9.781708,0,0,0,0,0,0,0,0,1780913068,0
178,-113.305879,-64.359938,5.071304,12.747449,0,0,0,0,0,0,0,0,1780913068,0
179,-90.264355,-36.24337,4.080231,16.375152,0,0,0,0,0,0,0,0,1780913068,0
179,53.519838,104.421747,1.611897,10.671805,0,0,0,0,0,0,0,0,1780913068,0
180,26.693536,82.644309,6.548565,11.015875,0,0,0,0,0,0,0,0,1780913068,0
180,-112.961808,-56.928757,0.456268,12.182724,0,0,0,0,0,0,0,0,1780913068,0
181,-98.039607,-46.471997,3.687541,8.895352,0,0,0,0,0,0,0,0,1780913068,0
181,45.437915,101.755198,1.4997,8.143632,0,0,0,0,0,0,0,0,1780913068,0
182,31.933136,86.971373,6.982393,12.212643,0,0,0,0,0,0,0,0,1780913068,0
182,-114.106218,-58.346179,4.809511,12.227603,0,0,0,0,0,0,0,0,1780913068,0
183,-97.108372,-43.35292,2.060685,11.868573,0,0,0,0,0,0,0,0,1780913068,0
183,43.440808,98.078876,2.849804,11.999469,0,0,0,0,0,0,0,0,1780913068,0
184,22.949896,81.705594,6.653282,12.34354,0,0,0,0,0,0,0,0,1780913068,0
184,-123.758899,-58.757568,3.515506,7.597607,0,0,0,0,0,0,0,0,1780913068,0
185,-90.619646,-40.525556,3.567865,10.036022,0,0,0,0,0,0,0,0,1780913068,0
185,49.136676,101.919754,6.559785,13.667464,0,0,0,0,0,0,0,0,1780913068,0
186,25.683763,79.824425,0.538546,10.85132,0,0,0,0,0,0,0,0,1780913068,0
186,-114.921516,-62.41145,1.323925,3.887626,0,0,0,0,0,0,0,0,1780913068,0
187,-94.512882,-40.136606,6.784179,13.525348,0,0,0,0,0,0,0,0,1780913068,0
187,44.394482,101.022178,6.671982,13.947957,0,0,0,0,0,0,0,0,1780913068,0
188,24.262601,76.439815,5.011466,11.756376,0,0,0,0,0,0,0,0,1780913068,0
188,-119.196221,-65.362232,1.525879,7.750943,0,0,0,0,0,0,0,0,1780913068,0
189,-93.716283,-43.988703,7.326464,15.451397,0,0,0,0,0,0,0,0,1780913068,0
189,52.558684,100.300377,5.61359,8.293228,0,0,0,0,0,0,0,0,1780913068,0
190,31.637684,82.872443,8.631689,15.204563,0,0,0,0,0,0,0,0,1780913068,0
190,-110.037206,-60.616298,2.539392,8.857953,0,0,0,0,0,0,0,0,1780913068,0
191,-92.556914,-40.921985,6.406449,10.881239,0,0,0,0,0,0,0,0,1780913068,0
191,43.388449,94.96728,2.868503,15.967503,0,0,0,0,0,0,0,0,1780913068,0
192,31.282393,81.649496,1.581978,14.501462,0,0,0,0,0,0,0,0,1780913068,0
192,-114.846718,-64.606772,3.923155,3.248103,0,0,0,0,0,0,0,0,1780913068,0
193,-94.752235,-34.710011,7.722893,13.349573,0,0,0,0,0,0,0,0,1780913068,0
193,45.542632,106.785363,-0.115937,12.399638,0,0,0,0,0,0,0,0,1780913068,0
194,17.549481,76.133143,2.071905,8.753236,0,0,0,0,0,0,0,0,1780913068,0
194,-124.024432,-67.007788,3.36591,12.945664,0,0,0,0,0,0,0,0,1780913068,0
195,-94.920531,-38.700485,-0.183255,10.353913,0,0,0,0,0,0,0,0,1780913068,0
195,50.47182,108.958245,-1.585718,11.621739,0,0,0,0,0,0,0,0,1780913068,0
196,28.208195,78.369604,5.422855,12.964363,0,0,0,0,0,0,0,0,1780913068,0
196,-120.449088,-67.961462,4.091451,9.403978,0,0,0,0,0,0,0,0,1780913068,0
197,-91.57706,-39.568142,5.385456,14.075113,0,0,0,0,0,0,0,0,1780913068,0
197,51.133782,102.245125,3.171435,12.624032,0,0,0,0,0,0,0,0,1780913068,0
198,24.337399,81.537299,4.959107,12.3398,0,0,0,0,0,0,0,0,1780913068,0
198,-118.605317,-60.305887,1.409942,8.947711,0,0,0,0,0,0,0,0,1780913068,0
199,-97.018615,-39.426025,7.756553,9.265602,0,0,0,0,0,0,0,0,1780913068,0
199,54.993359,103.023024,2.165402,7.646225,0,0,0,0,0,0,0,0,1780913068,0
200,34.072359,87.10227,2.419715,10.200577,0,0,0,0,0,0,0,0,1780913068,0
200,-105.725102,-56.857699,5.527572,13.480469,0,0,0,0,0,0,0,0,1780913068,0
0,-87.973667,-40.426449,4.138199,6.686941,0,0,0,0,0,0,0,0,1780913068,0
101,51.191751,99.662724,0.476837,7.595737,0,0,0,0,0,0,0,0,1780913068,0
101,29.500331,83.255783,4.654305,6.279292,0,0,0,0,0,0,0,0,1780913068,0
102,-111.250804,-64.30571,1.834421,8.725187,0,0,0,0,0,0,0,0,1780913068,0
102,-90.060531,-41.937368,5.787495,13.048511,0,0,0,0,0,0,0,0,1780913068,0
103,51.113213,95.459076,10.361393,7.778992,0,0,0,0,0,0,0,0,1780913068,0
103,20.992058,73.64424,2.294429,14.073244,0,0,0,0,0,0,0,0,1780913068,0
104,-107.466025,-60.865002,5.439684,6.918815,0,0,0,0,0,0,0,0,1780913068,0
104,-86.279492,-35.852551,6.157745,4.450481,0,0,0,0,0,0,0,0,1780913068,0
105,49.968803,104.838746,6.460677,12.034998,0,0,0,0,0,0,0,0,1780913068,0
105,27.929573,82.552682,8.323147,8.489573,0,0,0,0,0,0,0,0,1780913068,0
106,-115.390873,-63.049103,4.168119,8.807464,0,0,0,0,0,0,0,0,1780913068,0
106,-94.133282,-44.237407,6.243763,10.269765,0,0,0,0,0,0,0,0,1780913068,0
107,53.656345,109.236868,4.190558,7.872489,0,0,0,0,0,0,0,0,1780913068,0
107,27.125494,80.72761,3.435098,8.175421,0,0,0,0,0,0,0,0,1780913068,0
108,-117.189765,-64.814336,5.383586,12.809157,0,0,0,0,0,0,0,0,1780913068,0
108,-88.052205,-36.002147,2.896553,7.240446,0,0,0,0,0,0,0,0,1780913068,0
109,49.692051,101.424217,5.121793,10.10147,0,0,0,0,0,0,0,0,1780913068,0
109,27.028257,77.533736,3.195745,12.180854,0,0,0,0,0,0,0,0,1780913068,0
110,-110.820715,-61.366148,4.216737,6.391489,0,0,0,0,0,0,0,0,1780913068,0
110,-98.254652,-42.898522,3.536075,9.364709,0,0,0,0,0,0,0,0,1780913068,0
111,53.368372,109.072312,3.629573,4.390643,0,0,0,0,0,0,0,0,1780913068,0
111,25.842709,80.402239,-3.259323,9.144055,0,0,0,0,0,0,0,0,1780913068,0
112,-116.688619,-68.78985,2.99005,10.542778,0,0,0,0,0,0,0,0,1780913068,0
112,-97.648788,-43.35479,1.696045,14.884802,0,0,0,0,0,0,0,0,1780913068,0
113,51.176791,98.084486,4.766502,10.389442,0,0,0,0,0,0,0,0,1780913068,0
113,30.973851,83.061308,10.496029,9.043078,0,0,0,0,0,0,0,0,1780913068,0
114,-116.475444,-62.06551,5.076914,10.123909,0,0,0,0,0,0,0,0,1780913068,0
114,-90.423301,-39.285779,2.129873,-2.464594,0,0,0,0,0,0,0,0,1780913068,0
115,43.341701,96.969996,5.787495,10.520339,0,0,0,0,0,0,0,0,1780913068,0
115,22.44314,76.99893,7.1002,10.329604,0,0,0,0,0,0,0,0,1780913068,0
116,-119.194351,-57.899261,0.929365,10.430581,0,0,0,0,0,0,0,0,1780913068,0
116,-102.185286,-44.267326,2.799315,9.069257,0,0,0,0,0,0,0,0,1780913068,0
117,32.226718,85.720377,5.376106,11.59369,0,0,0,0,0,0,0,0,1780913068,0
117,20.101962,78.378953,2.212151,11.997599,0,0,0,0,0,0,0,0,1780913068,0
118,-110.125094,-59.937507,6.561654,11.096283,0,0,0,0,0,0,0,0,1780913068,0
118,-90.124109,-39.813105,6.240023,7.367603,0,0,0,0,0,0,0,0,1780913068,0
119,50.85516,98.664171,5.290088,14.21162,0,0,0,0,0,0,0,0,1780913068,0
119,27.937053,76.048996,4.85252,12.038738,0,0,0,0,0,0,0,0,1780913068,0
120,-121.842201,-63.759684,1.50531,9.32731,0,0,0,0,0,0,0,0,1780913068,0
120,-92.229673,-31.39833,-1.318315,12.371589,0,0,0,0,0,0,0,0,1780913068,0
121,44.729203,99.692643,0.00561,8.21282,0,0,0,0,0,0,0,0,1780913068,0
121,19.593336,74.668973,1.984017,16.227426,0,0,0,0,0,0,0,0,1780913068,0
122,-113.64808,-72.185679,-0.682532,12.506225,0,0,0,0,0,0,0,0,1780913068,0
122,-97.622609,-49.566764,4.84878,11.324417,0,0,0,0,0,0,0,0,1780913068,0
123,51.315167,99.995575,5.907172,11.283278,0,0,0,0,0,0,0,0,1780913068,0
123,27.398507,75.86948,8.465264,9.761139,0,0,0,0,0,0,0,0,1780913068,0
124,-111.677153,-62.001931,2.021416,8.500793,0,0,0,0,0,0,0,0,1780913068,0
124,-92.465287,-42.427295,1.572628,8.369896,0,0,0,0,0,0,0,0,1780913068,0
125,44.198138,93.203917,4.302755,13.392582,0,0,0,0,0,0,0,0,1780913068,0
125,16.934267,73.214151,7.11142,8.321277,0,0,0,0,0,0,0,0,1780913068,0
126,-124.1198,-68.195206,-1.51279,16.429381,0,0,0,0,0,0,0,0,1780913068,0
126,-105.827949,-53.44878,-0.01309,10.942947,0,0,0,0,0,0,0,0,1780913068,0
127,37.997384,88.117653,2.855414,10.359523,0,0,0,0,0,0,0,0,1780913068,0
127,21.538084,76.752097,3.898846,10.10895,0,0,0,0,0,0,0,0,1780913068,0
128,-121.385933,-63.512851,10.540908,10.314644,0,0,0,0,0,0,0,0,1780913068,0
128,-97.087803,-49.125456,1.86808,11.021485,0,0,0,0,0,0,0,0,1780913068,0
129,40.712551,91.5995,-1.984017,14.473413,0,0,0,0,0,0,0,0,1780913068,0
129,34.616514,79.512143,-0.491797,11.59369,0,0,0,0,0,0,0,0,1780913068,0
130,-108.004571,-58.284471,3.846487,13.321524,0,0,0,0,0,0,0,0,1780913068,0
130,-93.82287,-43.00698,5.432205,11.328157,0,0,0,0,0,0,0,0,1780913068,0
131,46.109227,98.903524,2.645979,12.876476,0,0,0,0,0,0,0,0,1780913068,0
131,22.581516,71.359161,6.901985,12.782978,0,0,0,0,0,0,0,0,1780913068,0
132,-115.723724,-63.198699,4.818861,13.590796,0,0,0,0,0,0,0,0,1780913068,0
132,-91.780885,-36.791266,6.109127,6.941254,0,0,0,0,0,0,0,0,1780913068,0
133,50.85142,104.087026,6.273682,8.59803,0,0,0,0,0,0,0,0,1780913068,0
133,34.567895,79.209211,4.145679,10.131389,0,0,0,0,0,0,0,0,1780913068,0
134,-117.488957,-66.688026,1.729704,7.83883,0,0,0,0,0,0,0,0,1780913068,0
134,-105.966325,-52.005179,6.939384,5.538792,0,0,0,0,0,0,0,0,1780913068,0
135,45.892312,95.290781,5.660339,11.889142,0,0,0,0,0,0,0,0,1780913068,0
135,35.319615,88.151312,5.338707,8.411035,0,0,0,0,0,0,0,0,1780913068,0
136,-112.339115,-58.486425,2.301908,14.394875,0,0,0,0,0,0,0,0,1780913068,0
136,-93.056191,-47.827711,3.764209,12.382809,0,0,0,0,0,0,0,0,1780913068,0
137,45.922232,89.239623,7.47045,7.879969,0,0,0,0,0,0,0,0,1780913068,0
137,19.600816,71.751851,0.334721,11.58621,0,0,0,0,0,0,0,0,1780913068,0
138,-119.085894,-73.027156,5.383586,7.390042,0,0,0,0,0,0,0,0,1780913068,0
138,-89.544425,-47.180708,6.075467,2.356137,0,0,0,0,0,0,0,0,1780913068,0
139,55.990042,101.412997,5.948311,12.169634,0,0,0,0,0,0,0,0,1780913068,0
139,34.911966,74.848488,0.188865,7.292805,0,0,0,0,0,0,0,0,1780913068,0
140,-112.114721,-60.139461,2.548742,5.119923,0,0,0,0,0,0,0,0,1780913068,0
140,-88.96474,-44.315945,9.620893,13.09339,0,0,0,0,0,0,0,0,1780913068,0
141,51.019715,99.041901,6.778569,11.904102,0,0,0,0,0,0,0,0,1780913068,0
141,31.841508,78.655706,4.549588,6.829057,0,0,0,0,0,0,0,0,1780913068,0
142,-104.500285,-52.053798,3.797868,11.866703,0,0,0,0,0,0,0,0,1780913068,0
142,-82.749026,-35.325225,0.514236,12.457607,0,0,0,0,0,0,0,0,1780913068,0
143,57.022255,101.162424,3.824048,15.531805,0,0,0,0,0,0,0,0,1780913068,0
143,35.428072,82.732197,4.934798,6.529865,0,0,0,0,0,0,0,0,1780913068,0
144,-108.812389,-58.957653,6.786048,11.930281,0,0,0,0,0,0,0,0,1780913068,0
144,-79.835644,-37.468188,-0.981724,9.207634,0,0,0,0,0,0,0,0,1780913068,0
145,47.552828,96.689504,5.394806,14.005925,0,0,0,0,0,0,0,0,1780913069,0
145,33.894713,85.140692,1.636206,7.962247,0,0,0,0,0,0,0,0,1780913069,0
146,-105.263224,-53.714313,6.165225,10.84945,0,0,0,0,0,0,0,0,1780913069,0
146,-85.662408,-36.922162,5.211551,5.119923,0,0,0,0,0,0,0,0,1780913069,0
147,48.60374,99.026941,7.406872,15.169034,0,0,0,0,0,0,0,0,1780913069,0
147,21.351089,76.228511,0.076668,11.032705,0,0,0,0,0,0,0,0,1780913069,0
148,-105.77933,-55.71516,3.812828,12.300531,0,0,0,0,0,0,0,0,1780913069,0
148,-83.665302,-32.16501,10.245456,9.607803,0,0,0,0,0,0,0,0,1780913069,0
149,56.81282,104.621831,1.763363,13.803971,0,0,0,0,0,0,0,0,1780913069,0
149,36.770696,78.741724,5.121793,12.749319,0,0,0,0,0,0,0,0,1780913069,0
150,-109.930619,-63.060323,6.254983,14.144302,0,0,0,0,0,0,0,0,1780913069,0
150,-85.434275,-35.13823,-0.959284,8.306318,0,0,0,0,0,0,0,0,1780913069,0
151,56.734282,109.364024,6.516776,7.595737,0,0,0,0,0,0,0,0,1780913069,0
151,33.300069,82.893013,6.161485,9.895775,0,0,0,0,0,0,0,0,1780913069,0
152,-108.999384,-54.608149,9.512436,12.72314,0,0,0,0,0,0,0,0,1780913069,0
152,-85.696068,-35.863771,2.23459,11.451574,0,0,0,0,0,0,0,0,1780913069,0
153,61.68965,112.213828,7.156299,9.73122,0,0,0,0,0,0,0,0,1780913069,0
153,31.007511,87.807241,2.470204,9.372189,0,0,0,0,0,0,0,0,1780913069,0
154,-107.088295,-54.514652,8.637299,7.737853,0,0,0,0,0,0,0,0,1780913069,0
154,-84.570358,-38.373243,4.033482,11.23092,0,0,0,0,0,0,0,0,1780913069,0
155,55.167264,109.008734,7.365733,13.852589,0,0,0,0,0,0,0,0,1780913069,0
155,36.99509,91.550881,5.634159,5.449034,0,0,0,0,0,0,0,0,1780913069,0
156,-103.497991,-51.728426,8.95893,13.400062,0,0,0,0,0,0,0,0,1780913069,0
156,-92.917814,-42.62551,6.707511,13.732913,0,0,0,0,0,0,0,0,1780913069,0
157,52.575514,104.741508,5.088134,11.870442,0,0,0,0,0,0,0,0,1780913069,0
157,21.223932,79.527103,3.35656,11.272058,0,0,0,0,0,0,0,0,1780913069,0
158,-108.157907,-61.994452,0.076668,6.627103,0,0,0,0,0,0,0,0,1780913069,0
158,-83.612943,-30.553113,6.067988,8.990719,0,0,0,0,0,0,0,0,1780913069,0
159,55.33556,107.056506,3.801608,9.439507,0,0,0,0,0,0,0,0,1780913069,0
159,37.488757,86.580554,8.670958,11.649788,0,0,0,0,0,0,0,0,1780913069,0
160,-107.922293,-58.935213,7.964117,9.289911,0,0,0,0,0,0,0,0,1780913069,0
160,-85.307118,-33.017707,1.004163,15.370989,0,0,0,0,0,0,0,0,1780913069,0
161,57.261608,103.114652,5.293828,8.22778,0,0,0,0,0,0,0,0,1780913069,0
161,30.854175,83.3605,6.520516,5.677168,0,0,0,0,0,0,0,0,1780913069,0
162,-108.460839,-58.658461,7.197437,11.896622,0,0,0,0,0,0,0,0,1780913069,0
162,-85.101423,-36.813705,0.723671,14.626749,0,0,0,0,0,0,0,0,1780913069,0
163,53.794721,103.5597,7.556468,7.195568,0,0,0,0,0,0,0,0,1780913069,0
163,29.055283,81.752343,7.369473,6.851497,0,0,0,0,0,0,0,0,1780913069,0
164,-110.529003,-52.816737,6.131566,12.498746,0,0,0,0,0,0,0,0,1780913069,0
164,-81.791612,-33.036406,6.864586,10.583917,0,0,0,0,0,0,0,0,1780913069,0
165,52.586733,101.143724,3.913805,10.202447,0,0,0,0,0,0,0,0,1780913069,0
165,30.405387,82.930412,-0.981724,9.144055,0,0,0,0,0,0,0,0,1780913069,0
166,-110.076475,-61.388588,1.595067,7.685494,0,0,0,0,0,0,0,0,1780913069,0
166,-83.964494,-36.226541,6.180185,13.534698,0,0,0,0,0,0,0,0,1780913069,0
167,55.937684,110.108265,4.138199,11.488973,0,0,0,0,0,0,0,0,1780913069,0
167,35.001724,85.002316,1.654906,11.694667,0,0,0,0,0,0,0,0,1780913069,0
168,-118.064902,-60.692966,4.321454,9.121616,0,0,0,0,0,0,0,0,1780913069,0
168,-87.393982,-42.520793,2.896553,6.623363,0,0,0,0,0,0,0,0,1780913069,0
169,52.945764,108.077499,3.921285,16.855729,0,0,0,0,0,0,0,0,1780913069,0
169,32.619407,88.147572,2.429065,12.902655,0,0,0,0,0,0,0,0,1780913069,0
170,-113.528403,-53.736753,4.717884,11.717107,0,0,0,0,0,0,0,0,1780913069,0
170,-94.462393,-37.101678,3.00127,8.482093,0,0,0,0,0,0,0,0,1780913069,0
171,55.492636,105.713882,6.213844,13.44494,0,0,0,0,0,0,0,0,1780913069,0
171,39.463424,94.441824,-1.445471,9.562924,0,0,0,0,0,0,0,0,1780913069,0
172,-108.098068,-55.883455,8.925271,15.464486,0,0,0,0,0,0,0,0,1780913069,0
172,-77.868457,-30.829865,4.216737,13.194367,0,0,0,0,0,0,0,0,1780913069,0
173,47.309734,99.629065,5.22277,6.922555,0,0,0,0,0,0,0,0,1780913069,0
173,29.878061,79.040916,3.711851,15.266272,0,0,0,0,0,0,0,0,1780913069,0
174,-110.932912,-58.781878,7.156299,9.996753,0,0,0,0,0,0,0,0,1780913069,0
174,-89.71272,-40.306772,3.584694,7.083371,0,0,0,0,0,0,0,0,1780913069,0
175,56.45753,105.089319,5.99693,10.441801,0,0,0,0,0,0,0,0,1780913069,0
175,32.294036,88.828234,7.305895,14.230319,0,0,0,0,0,0,0,0,1780913069,0
176,-105.225825,-57.106402,-1.307095,11.114983,0,0,0,0,0,0,0,0,1780913069,0
176,-76.660469,-27.852905,3.939985,6.937514,0,0,0,0,0,0,0,0,1780913069,0
177,66.211189,114.555006,4.336414,1.11449,0,0,0,0,0,0,0,0,1780913069,0
177,43.73439,91.270388,7.515329,1.896129,0,0,0,0,0,0,0,0,1780913069,0
178,-98.460346,-52.128596,3.476237,10.879369,0,0,0,0,0,0,0,0,1780913069,0
178,-81.226887,-36.727688,4.699184,9.73122,0,0,0,0,0,0,0,0,1780913069,0
179,52.526895,102.217076,3.251843,3.500546,0,0,0,0,0,0,0,0,1780913069,0
179,39.074475,90.193297,3.412659,12.308011,0,0,0,0,0,0,0,0,1780913069,0
180,-99.088649,-50.112789,3.416399,16.43686,0,0,0,0,0,0,0,0,1780913069,0
180,-80.175975,-31.854598,2.488903,10.625056,0,0,0,0,0,0,0,0,1780913069,0
181,58.768788,107.157483,4.975937,10.060331,0,0,0,0,0,0,0,0,1780913069,0
181,28.05299,77.477637,-0.38334,15.382209,0,0,0,0,0,0,0,0,1780913069,0
182,-103.352135,-54.727826,4.11202,9.170235,0,0,0,0,0,0,0,0,1780913069,0
182,-71.435829,-24.247641,4.171858,5.59489,0,0,0,0,0,0,0,0,1780913069,0
183,60.687357,111.821139,5.099354,12.416468,0,0,0,0,0,0,0,0,1780913069,0
183,36.748257,90.346633,3.334121,10.280985,0,0,0,0,0,0,0,0,1780913069,0
184,-102.233905,-48.893582,1.613767,13.07095,0,0,0,0,0,0,0,0,1780913069,0
184,-80.164756,-32.90925,3.558515,15.572943,0,0,0,0,0,0,0,0,1780913069,0
185,57.751535,110.901123,5.353667,12.876476,0,0,0,0,0,0,0,0,1780913069,0
185,39.512043,90.911358,6.943124,9.697561,0,0,0,0,0,0,0,0,1780913069,0
186,-112.630827,-59.780431,1.976537,8.332497,0,0,0,0,0,0,0,0,1780913069,0
186,-88.96848,-35.414983,-0.862047,6.290512,0,0,0,0,0,0,0,0,1780913069,0
187,48.906672,104.576953,1.703524,11.492713,0,0,0,0,0,0,0,0,1780913069,0
187,31.007511,84.699384,10.46985,7.390042,0,0,0,0,0,0,0,0,1780913069,0
188,-109.582809,-53.590896,5.660339,11.309457,0,0,0,0,0,0,0,0,1780913069,0
188,-83.444648,-33.619831,3.420139,8.048265,0,0,0,0,0,0,0,0,1780913069,0
189,62.587226,111.233974,5.316268,13.029811,0,0,0,0,0,0,0,0,1780913069,0
189,36.060115,83.061308,7.799561,14.136822,0,0,0,0,0,0,0,0,1780913069,0
190,-109.620208,-56.092889,2.081254,3.893236,0,0,0,0,0,0,0,0,1780913069,0
190,-88.848803,-42.517053,6.019369,9.405848,0,0,0,0,0,0,0,0,1780913069,0
191,61.970142,106.316006,2.956391,13.777791,0,0,0,0,0,0,0,0,1780913069,0
191,33.109334,78.423832,4.86748,11.885402,0,0,0,0,0,0,0,0,1780913069,0
192,-111.819269,-59.986125,4.830081,16.616376,0,0,0,0,0,0,0,0,1780913069,0
192,-77.071858,-29.378784,5.046995,12.121016,0,0,0,0,0,0,0,0,1780913069,0
193,59.830919,108.7993,7.590127,9.488126,0,0,0,0,0,0,0,0,1780913069,0
193,35.917999,82.814475,5.59676,16.003032,0,0,0,0,0,0,0,0,1780913069,0
194,-106.097222,-52.424048,7.231097,7.891189,0,0,0,0,0,0,0,0,1780913069,0
194,-78.86701,-29.072112,5.207811,11.608649,0,0,0,0,0,0,0,0,1780913069,0
195,58.978222,108.7806,3.569735,9.858376,0,0,0,0,0,0,0,0,1780913069,0
195,34.567895,86.621693,2.298169,4.704794,0,0,0,0,0,0,0,0,1780913069,0
196,-104.982732,-47.775352,6.632713,14.084463,0,0,0,0,0,0,0,0,1780913069,0
196,-88.800185,-32.348265,4.631866,9.420808,0,0,0,0,0,0,0,0,1780913069,0
197,58.125525,104.68541,1.583848,9.798538,0,0,0,0,0,0,0,0,1780913069,0
197,28.03803,88.22611,2.290689,11.107503,0,0,0,0,0,0,0,0,1780913069,0
198,-109.672566,-60.423694,4.979677,11.94524,0,0,0,0,0,0,0,0,1780913069,0
198,-88.822624,-29.195529,-1.901739,9.604063,0,0,0,0,0,0,0,0,1780913069,0
199,53.170158,110.2803,4.156899,6.653282,0,0,0,0,0,0,0,0,1780913069,0
199,22.641354,82.582601,3.913805,10.890589,0,0,0,0,0,0,0,0,1780913069,0
200,-110.600061,-52.551204,4.957237,13.003632,0,0,0,0,0,0,0,0,1780913069,0
200,-84.83963,-25.190096,5.723917,8.95706,0,0,0,0,0,0,0,0,1780913069,0
0,55.563694,114.3998,2.22524,12.478176,0,0,0,0,0,0,0,0,1780913069,0
101,36.191012,83.968234,1.279046,9.893905,0,0,0,0,0,0,0,0,1780913069,0
101,-109.081662,-56.491189,9.132836,11.255229,0,0,0,0,0,0,0,0,1780913069,0
102,-89.948334,-30.985071,5.340577,12.590373,0,0,0,0,0,0,0,0,1780913069,0
102,49.164725,105.117368,3.848357,5.892212,0,0,0,0,0,0,0,0,1780913069,0
103,28.079169,82.778946,7.307765,13.734783,0,0,0,0,0,0,0,0,1780913069,0
103,-108.700192,-52.018268,6.74678,15.077407,0,0,0,0,0,0,0,0,1780913069,0
104,-87.943747,-32.806402,5.123663,10.85132,0,0,0,0,0,0,0,0,1780913069,0
104,57.403724,107.540823,4.697314,6.284902,0,0,0,0,0,0,0,0,1780913069,0
105,30.824255,82.63309,4.659915,3.379,0,0,0,0,0,0,0,0,1780913069,0
105,-107.077076,-52.852266,6.077337,5.727657,0,0,0,0,0,0,0,0,1780913069,0
106,-87.872689,-31.867688,8.141762,8.416645,0,0,0,0,0,0,0,0,1780913069,0
106,53.903178,116.112674,5.041385,8.663478,0,0,0,0,0,0,0,0,1780913069,0
107,24.526264,86.836737,3.668842,9.800408,0,0,0,0,0,0,0,0,1780913069,0
107,-103.756044,-44.762863,-1.323925,8.21095,0,0,0,0,0,0,0,0,1780913069,0
108,-77.38975,-22.895668,2.98444,10.496029,0,0,0,0,0,0,0,0,1780913069,0
108,60.709796,109.706225,6.503686,6.819708,0,0,0,0,0,0,0,0,1780913069,0
109,21.339869,76.798846,6.197014,10.701724,0,0,0,0,0,0,0,0,1780913069,0
109,-111.621054,-55.765648,-1.017253,9.920085,0,0,0,0,0,0,0,0,1780913069,0
110,-84.701254,-26.291497,2.894683,9.991143,0,0,0,0,0,0,0,0,1780913069,0
110,59.015621,115.443232,2.415975,8.947711,0,0,0,0,0,0,0,0,1780913069,0
111,32.90364,88.370096,-0.467487,7.429311,0,0,0,0,0,0,0,0,1780913069,0
111,-103.329696,-53.121539,-0.194475,10.323994,0,0,0,0,0,0,0,0,1780913069,0
112,-84.514259,-40.106687,2.558092,9.276822,0,0,0,0,0,0,0,0,1780913069,0
112,51.513382,99.892728,7.808911,13.768442,0,0,0,0,0,0,0,0,1780913069,0
113,37.604694,86.795598,5.441554,10.398792,0,0,0,0,0,0,0,0,1780913069,0
113,-105.214605,-55.874105,2.382316,12.885825,0,0,0,0,0,0,0,0,1780913069,0
114,-82.681708,-25.05359,3.040539,15.821647,0,0,0,0,0,0,0,0,1780913069,0
114,61.68965,107.862455,2.513213,11.195391,0,0,0,0,0,0,0,0,1780913069,0
115,31.097268,84.364663,7.045972,13.278515,0,0,0,0,0,0,0,0,1780913069,0
115,-105.495098,-50.48117,1.473521,9.579754,0,0,0,0,0,0,0,0,1780913069,0
116,-84.996706,-34.059269,3.908195,8.887872,0,0,0,0,0,0,0,0,1780913069,0
116,55.399138,105.835429,8.414775,4.396252,0,0,0,0,0,0,0,0,1780913069,0
117,36.927772,86.122416,6.671982,9.968703,0,0,0,0,0,0,0,0,1780913069,0
117,-103.490512,-51.034675,1.095791,12.201424,0,0,0,0,0,0,0,0,1780913069,0
118,-80.520046,-31.273043,0.609604,19.284794,0,0,0,0,0,0,0,0,1780913069,0
118,54.007895,108.303763,3.713721,7.85566,0,0,0,0,0,0,0,0,1780913069,0
119,35.536529,81.365263,4.603817,17.074513,0,0,0,0,0,0,0,0,1780913069,0
119,-104.975252,-61.970142,3.059238,13.106479,0,0,0,0,0,0,0,0,1780913069,0
120,-86.616083,-31.160846,6.683201,10.754082,0,0,0,0,0,0,0,0,1780913069,0
120,62.912597,109.395814,0.942455,5.750096,0,0,0,0,0,0,0,0,1780913069,0
121,38.988457,92.207233,-0.35903,9.957484,0,0,0,0,0,0,0,0,1780913069,0
121,-101.194213,-47.967957,4.431781,8.259569,0,0,0,0,0,0,0,0,1780913069,0
122,-74.180916,-23.501531,1.294005,9.878946,0,0,0,0,0,0,0,0,1780913069,0
122,66.102732,114.721431,2.300038,8.58494,0,0,0,0,0,0,0,0,1780913069,0
123,42.97893,95.31135,5.493913,8.113713,0,0,0,0,0,0,0,0,1780913069,0
123,-102.346102,-48.790735,4.252266,9.516175,0,0,0,0,0,0,0,0,1780913069,0
124,-76.896083,-25.558476,0.553505,10.46985,0,0,0,0,0,0,0,0,1780913069,0
124,66.15509,115.196398,2.62541,12.403378,0,0,0,0,0,0,0,0,1780913069,0
125,38.543409,92.072597,1.436122,11.808734,0,0,0,0,0,0,0,0,1780913069,0
125,-98.920354,-49.419038,6.268072,8.166072,0,0,0,0,0,0,0,0,1780913069,0
126,-79.057745,-32.780223,1.028472,7.08898,0,0,0,0,0,0,0,0,1780913069,0
126,74.371651,120.118107,0.482447,11.367426,0,0,0,0,0,0,0,0,1780913069,0
127,44.732943,97.962939,6.028719,11.96955,0,0,0,0,0,0,0,0,1780913069,0
127,-99.301824,-41.520369,2.857284,16.188157,0,0,0,0,0,0,0,0,1780913069,0
128,-80.591104,-28.172666,2.300038,7.145079,0,0,0,0,0,0,0,0,1780913069,0
128,60.354505,116.449265,1.286526,9.658292,0,0,0,0,0,0,0,0,1780913069,0
129,45.028395,92.394228,8.467133,15.092366,0,0,0,0,0,0,0,0,1780913069,0
129,-103.516691,-49.34424,1.675475,12.257522,0,0,0,0,0,0,0,0,1780913069,0
130,-73.881724,-22.660054,2.935821,9.366579,0,0,0,0,0,0,0,0,1780913069,0
130,69.075952,114.874767,4.439261,9.261862,0,0,0,0,0,0,0,0,1780913069,0
131,43.177145,93.587256,3.193875,12.530535,0,0,0,0,0,0,0,0,1780913069,0
131,-102.768711,-41.598907,3.178915,5.869773,0,0,0,0,0,0,0,0,1780913069,0
132,-80.576145,-20.872382,3.425748,13.734783,0,0,0,0,0,0,0,0,1780913069,0
132,60.605079,115.682585,0.916275,10.159438,0,0,0,0,0,0,0,0,1780913069,0
133,32.129481,91.025425,4.203648,8.693397,0,0,0,0,0,0,0,0,1780913069,0
133,-99.612235,-45.727757,7.547118,7.635006,0,0,0,0,0,0,0,0,1780913069,0
134,-68.39155,-16.07783,2.056945,13.734783,0,0,0,0,0,0,0,0,1780913069,0
134,68.092358,115.641447,2.573051,11.644179,0,0,0,0,0,0,0,0,1780913069,0
135,36.793136,88.878722,1.032212,10.331474,0,0,0,0,0,0,0,0,1780913069,0
135,-103.808403,-54.494082,3.309811,13.723563,0,0,0,0,0,0,0,0,1780913069,0
136,-78.807172,-28.557876,2.898422,7.46671,0,0,0,0,0,0,0,0,1780913069,0
136,63.862532,121.210158,5.860423,9.164625,0,0,0,0,0,0,0,0,1780913069,0
137,33.778776,90.124109,5.052605,11.924671,0,0,0,0,0,0,0,0,1780913069,0
137,-104.67606,-51.259069,1.937268,10.211797,0,0,0,0,0,0,0,0,1780913069,0
138,-78.979207,-33.401047,9.499346,10.230496,0,0,0,0,0,0,0,0,1780913069,0
138,55.634752,106.287957,-0.119677,12.388419,0,0,0,0,0,0,0,0,1780913069,0
139,30.106195,89.005879,6.073598,9.837807,0,0,0,0,0,0,0,0,1780913069,0
139,-114.040769,-57.987149,4.345764,8.095013,0,0,0,0,0,0,0,0,1780913069,0
140,-88.901162,-29.593828,4.921708,11.5806,0,0,0,0,0,0,0,0,1780913069,0
140,56.921277,111.366741,2.307518,10.062201,0,0,0,0,0,0,0,0,1780913069,0
141,32.264117,84.503039,5.437815,14.071374,0,0,0,0,0,0,0,0,1780913069,0
141,-110.143794,-54.150011,3.478107,13.858199,0,0,0,0,0,0,0,0,1780913069,0
142,-83.960754,-34.934405,3.526726,5.159192,0,0,0,0,0,0,0,0,1780913069,0
142,51.558261,97.420654,2.711427,15.372859,0,0,0,0,0,0,0,0,1780913069,0
143,32.181839,89.611743,5.478953,13.278515,0,0,0,0,0,0,0,0,1780913069,0
143,-113.786456,-62.018761,-0.718061,12.852166,0,0,0,0,0,0,0,0,1780913069,0
144,-81.911289,-31.639554,6.671982,10.10334,0,0,0,0,0,0,0,0,1780913069,0
144,55.473936,111.168526,7.371343,9.138446,0,0,0,0,0,0,0,0,1780913069,0
145,28.094128,80.392889,3.119077,8.480223,0,0,0,0,0,0,0,0,1780913070,0
145,-114.695252,-57.785194,5.366756,13.07656,0,0,0,0,0,0,0,0,1780913070,0
146,-94.795244,-39.010896,7.535898,11.416045,0,0,0,0,0,0,0,0,1780913070,0
146,50.8215,111.658453,4.259746,13.697384,0,0,0,0,0,0,0,0,1780913070,0
147,26.291497,74.999954,4.787072,15.926364,0,0,0,0,0,0,0,0,1780913070,0
147,-107.006018,-63.668057,4.12137,7.519069,0,0,0,0,0,0,0,0,1780913070,0
148,-80.707041,-32.993397,4.360723,16.012382,0,0,0,0,0,0,0,0,1780913070,0
148,54.105133,100.034844,1.840031,17.837453,0,0,0,0,0,0,0,0,1780913070,0
149,26.52711,78.956768,5.441554,9.119746,0,0,0,0,0,0,0,0,1780913070,0
149,-116.25105,-66.458022,0.74798,13.630065,0,0,0,0,0,0,0,0,1780913070,0
150,-91.246079,-43.453898,2.681508,10.959777,0,0,0,0,0,0,0,0,1780913070,0
150,54.464163,100.408834,-0.848957,5.133013,0,0,0,0,0,0,0,0,1780913070,0
151,25.03489,78.395783,6.398969,10.619446,0,0,0,0,0,0,0,0,1780913070,0
151,-112.036183,-62.617145,7.449881,14.677237,0,0,0,0,0,0,0,0,1780913070,0
152,-90.314844,-38.898699,2.760046,8.274529,0,0,0,0,0,0,0,0,1780913070,0
152,56.678184,107.705379,2.535652,5.144232,0,0,0,0,0,0,0,0,1780913070,0
153,29.100162,76.604371,2.868503,13.491689,0,0,0,0,0,0,0,0,1780913070,0
153,-115.035583,-64.790027,3.982993,12.403378,0,0,0,0,0,0,0,0,1780913070,0
154,-93.321724,-46.763709,1.806372,8.113713,0,0,0,0,0,0,0,0,1780913070,0
154,49.093667,99.354182,-2.872243,6.827187,0,0,0,0,0,0,0,0,1780913070,0
155,23.19486,73.073905,5.763186,11.490843,0,0,0,0,0,0,0,0,1780913070,0
155,-116.434305,-68.200816,0.168295,2.836714,0,0,0,0,0,0,0,0,1780913070,0
156,-91.736006,-41.198738,3.893236,11.423524,0,0,0,0,0,0,0,0,1780913070,0
156,56.177037,107.417407,7.139469,16.098399,0,0,0,0,0,0,0,0,1780913070,0
157,25.498638,85.127603,4.663655,10.638145,0,0,0,0,0,0,0,0,1780913070,0
157,-113.449865,-57.385025,8.186641,11.090673,0,0,0,0,0,0,0,0,1780913070,0
158,-88.104563,-38.461131,4.607557,11.831174,0,0,0,0,0,0,0,0,1780913070,0
158,52.482016,105.278184,2.030766,10.383832,0,0,0,0,0,0,0,0,1780913070,0
159,21.69516,74.74938,4.342024,8.940231,0,0,0,0,0,0,0,0,1780913070,0
159,-121.980577,-67.464055,4.989027,4.792682,0,0,0,0,0,0,0,0,1780913070,0
160,-94.645648,-43.031289,8.826164,14.21349,0,0,0,0,0,0,0,0,1780913070,0
160,53.83212,112.312936,4.940408,12.201424,0,0,0,0,0,0,0,0,1780913070,0
161,28.647634,75.89005,5.639769,8.289488,0,0,0,0,0,0,0,0,1780913070,0
161,-116.576422,-61.828026,-0.568465,8.700877,0,0,0,0,0,0,0,0,1780913070,0
162,-87.169588,-34.736191,4.932928,10.675544,0,0,0,0,0,0,0,0,1780913070,0
162,59.090419,102.177807,-2.834844,12.72501,0,0,0,0,0,0,0,0,1780913070,0
163,22.630135,73.051466,2.875983,10.85132,0,0,0,0,0,0,0,0,1780913070,0
163,-108.861008,-66.435583,2.116783,10.970997,0,0,0,0,0,0,0,0,1780913070,0
164,-91.661208,-40.828488,4.009173,8.58494,0,0,0,0,0,0,0,0,1780913070,0
164,51.146872,98.890435,6.380269,7.189958,0,0,0,0,0,0,0,0,1780913070,0
165,16.84077,68.092358,7.999646,15.069927,0,0,0,0,0,0,0,0,1780913070,0
165,-108.670273,-66.125171,1.327664,10.166918,0,0,0,0,0,0,0,0,1780913070,0
166,-84.731173,-31.953705,1.432382,11.116853,0,0,0,0,0,0,0,0,1780913070,0
166,49.385379,100.206879,2.969481,7.167518,0,0,0,0,0,0,0,0,1780913070,0
167,29.317076,77.614144,4.719754,11.617999,0,0,0,0,0,0,0,0,1780913070,0
167,-106.560969,-60.20117,5.467734,8.697137,0,0,0,0,0,0,0,0,1780913070,0
168,-84.895729,-41.696145,5.090004,11.726456,0,0,0,0,0,0,0,0,1780913070,0
168,54.770835,100.090943,1.589457,11.487103,0,0,0,0,0,0,0,0,1780913070,0
169,26.504671,75.351504,6.701901,9.018769,0,0,0,0,0,0,0,0,1780913070,0
169,-116.860654,-64.842385,4.87309,8.663478,0,0,0,0,0,0,0,0,1780913070,0
170,-98.942793,-45.357507,1.735314,10.08838,0,0,0,0,0,0,0,0,1780913070,0
170,55.754429,94.129542,0.531066,3.592174,0,0,0,0,0,0,0,0,1780913070,0
171,28.999184,69.625717,4.517799,11.745156,0,0,0,0,0,0,0,0,1780913070,0
171,-116.950412,-69.079692,-1.073351,6.269942,0,0,0,0,0,0,0,0,1780913070,0
172,-92.046418,-42.455344,3.104117,8.97015,0,0,0,0,0,0,0,0,1780913070,0
172,49.994983,102.293744,5.557491,11.315067,0,0,0,0,0,0,0,0,1780913070,0
173,23.998938,71.925756,-1.065871,9.471297,0,0,0,0,0,0,0,0,1780913070,0
173,-115.222578,-69.479861,-1.982147,11.236529,0,0,0,0,0,0,0,0,1780913070,0
174,-88.927341,-41.591427,0.953674,11.812474,0,0,0,0,0,0,0,0,1780913070,0
174,60.964109,101.283971,7.707934,9.123486,0,0,0,0,0,0,0,0,1780913070,0
175,28.355921,71.102978,4.596337,14.292028,0,0,0,0,0,0,0,0,1780913070,0
175,-114.799969,-62.463809,2.2402,12.579154,0,0,0,0,0,0,0,0,1780913070,0
176,-84.256206,-39.852374,3.257453,5.376106,0,0,0,0,0,0,0,0,1780913070,0
176,57.796414,106.789103,2.045725,11.943371,0,0,0,0,0,0,0,0,1780913070,0
177,26.998338,78.395783,1.264086,9.796668,0,0,0,0,0,0,0,0,1780913070,0
177,-113.27409,-67.763247,2.950781,4.643086,0,0,0,0,0,0,0,0,1780913070,0
178,-90.019392,-36.63232,3.609003,7.212397,0,0,0,0,0,0,0,0,1780913070,0
178,56.177037,106.661947,4.360723,15.597253,0,0,0,0,0,0,0,0,1780913070,0
179,28.845848,83.874736,6.787918,9.927564,0,0,0,0,0,0,0,0,1780913070,0
179,-115.86958,-56.872659,8.164202,8.053875,0,0,0,0,0,0,0,0,1780913070,0
180,-83.429688,-33.591781,3.104117,9.254382,0,0,0,0,0,0,0,0,1780913070,0
180,48.693497,100.539731,-1.222947,14.20601,0,0,0,0,0,0,0,0,1780913070,0
181,30.794336,84.626456,6.275552,13.783401,0,0,0,0,0,0,0,0,1780913070,0
181,-107.724078,-55.470196,5.131143,10.200577,0,0,0,0,0,0,0,0,1780913070,0
182,-82.97342,-32.252897,3.35843,10.911158,0,0,0,0,0,0,0,0,1780913070,0
182,54.479123,107.615621,4.779592,7.014182,0,0,0,0,0,0,0,0,1780913070,0
183,29.298376,77.524386,-0.961154,10.335214,0,0,0,0,0,0,0,0,1780913070,0
183,-101.714059,-51.786395,2.408496,14.523901,0,0,0,0,0,0,0,0,1780913070,0
184,-76.121924,-27.727618,5.280739,11.143032,0,0,0,0,0,0,0,0,1780913070,0
184,60.459223,118.595967,5.497653,10.159438,0,0,0,0,0,0,0,0,1780913070,0
185,35.723524,83.654082,4.312105,11.816214,0,0,0,0,0,0,0,0,1780913070,0
185,-106.740485,-53.940577,2.501993,9.303001,0,0,0,0,0,0,0,0,1780913070,0
186,-83.152936,-32.858761,3.605264,10.85506,0,0,0,0,0,0,0,0,1780913070,0
186,67.703409,115.948118,-1.054652,7.672405,0,0,0,0,0,0,0,0,1780913070,0
187,34.571635,83.942055,2.296299,15.630912,0,0,0,0,0,0,0,0,1780913070,0
187,-106.123401,-55.578653,4.342024,14.890412,0,0,0,0,0,0,0,0,1780913070,0
188,-78.436922,-33.292589,7.045972,8.442824,0,0,0,0,0,0,0,0,1780913070,0
188,67.950242,124.647126,0.647003,12.384679,0,0,0,0,0,0,0,0,1780913070,0
189,31.867688,86.503886,5.550012,15.088626,0,0,0,0,0,0,0,0,1780913070,0
189,-105.296883,-54.546441,6.750519,9.613413,0,0,0,0,0,0,0,0,1780913070,0
190,-85.864363,-32.219238,3.294852,13.652505,0,0,0,0,0,0,0,0,1780913070,0
190,58.791227,109.478091,6.488726,13.652505,0,0,0,0,0,0,0,0,1780913070,0
191,30.401647,77.255113,6.571004,9.538615,0,0,0,0,0,0,0,0,1780913070,0
191,-107.899854,-56.046141,3.7399,16.019861,0,0,0,0,0,0,0,0,1780913070,0
192,-77.528126,-28.643894,3.148996,7.47419,0,0,0,0,0,0,0,0,1780913070,0
192,57.482262,106.295437,1.13319,3.337861,0,0,0,0,0,0,0,0,1780913070,0
193,41.50915,91.347056,4.577638,8.513882,0,0,0,0,0,0,0,0,1780913070,0
193,-102.278784,-48.861793,4.779592,10.294075,0,0,0,0,0,0,0,0,1780913070,0
194,-79.719707,-26.126941,5.61733,10.727903,0,0,0,0,0,0,0,0,1780913070,0
194,56.584686,108.79743,3.190135,8.166072,0,0,0,0,0,0,0,0,1780913070,0
195,29.504071,79.039046,9.439507,13.110219,0,0,0,0,0,0,0,0,1780913070,0
195,-102.405941,-49.692051,3.190135,14.475283,0,0,0,0,0,0,0,0,1780913070,0
196,-78.003093,-23.452913,5.98758,11.195391,0,0,0,0,0,0,0,0,1780913070,0
196,58.933344,113.831335,6.084817,13.671204,0,0,0,0,0,0,0,0,1780913070,0
197,31.482478,87.057391,1.649296,4.12698,0,0,0,0,0,0,0,0,1780913070,0
197,-107.705379,-57.710396,6.657022,5.540662,0,0,0,0,0,0,0,0,1780913070,0
198,-75.14955,-26.497191,2.453374,12.257522,0,0,0,0,0,0,0,0,1780913070,0
198,54.482863,110.64868,4.506579,11.273928,0,0,0,0,0,0,0,0,1780913070,0
199,29.638707,81.765433,2.924602,16.07222,0,0,0,0,0,0,0,0,1780913070,0
199,-113.936052,-64.199123,6.825317,12.358499,0,0,0,0,0,0,0,0,1780913070,0
200,-78.732374,-26.770204,4.278446,12.302401,0,0,0,0,0,0,0,0,1780913070,0
200,57.990889,109.481831,1.189288,9.007549,0,0,0,0,0,0,0,0,1780913070,0
0,28.991704,85.518422,6.576614,10.254806,0,0,0,0,0,0,0,0,1780913070,0
101,-109.279877,-66.751604,3.322901,8.048265,0,0,0,0,0,0,0,0,1780913070,0
101,-81.028672,-31.166456,1.50905,10.363263,0,0,0,0,0,0,0,0,1780913070,0
102,56.891358,107.464155,5.854813,6.253113,0,0,0,0,0,0,0,0,1780913070,0
102,30.356768,85.365086,2.889073,16.399461,0,0,0,0,0,0,0,0,1780913070,0
103,-115.824702,-68.232605,1.684825,8.164202,0,0,0,0,0,0,0,0,1780913070,0
103,-83.74384,-30.093105,4.796422,13.302824,0,0,0,0,0,0,0,0,1780913070,0
104,53.517968,110.874944,4.987157,6.402709,0,0,0,0,0,0,0,0,1780913070,0
104,30.708319,87.541708,5.903432,15.845956,0,0,0,0,0,0,0,0,1780913070,0
105,-109.238738,-55.887195,6.180185,12.32297,0,0,0,0,0,0,0,0,1780913070,0
105,-79.046525,-29.823832,0.282362,11.485233,0,0,0,0,0,0,0,0,1780913070,0
106,49.190904,102.486348,3.483717,10.318384,0,0,0,0,0,0,0,0,1780913070,0
106,32.241678,86.023309,3.049888,11.343117,0,0,0,0,0,0,0,0,1780913070,0
107,-107.383747,-56.522978,3.599654,10.793351,0,0,0,0,0,0,0,0,1780913070,0
107,-73.358138,-20.94905,3.35656,13.254205,0,0,0,0,0,0,0,0,1780913070,0
108,61.648511,108.877837,5.772536,15.430827,0,0,0,0,0,0,0,0,1780913070,0
108,32.006064,79.725317,4.687965,10.441801,0,0,0,0,0,0,0,0,1780913070,0
109,-109.807203,-66.669327,4.47853,9.140315,0,0,0,0,0,0,0,0,1780913070,0
109,-77.071858,-26.846872,5.566841,8.20908,0,0,0,0,0,0,0,0,1780913070,0
110,64.135544,117.651643,3.528596,4.158769,0,0,0,0,0,0,0,0,1780913070,0
110,21.287511,74.265063,1.404332,2.434675,0,0,0,0,0,0,0,0,1780913070,0
111,-114.238984,-49.675221,4.886179,9.364709,0,0,0,0,0,0,0,0,1780913070,0
111,-80.703301,-25.104078,-0.652613,11.178561,0,0,0,0,0,0,0,0,1780913070,0
112,57.919831,109.752974,6.434498,12.491266,0,0,0,0,0,0,0,0,1780913070,0
112,24.092436,80.637853,7.425571,11.462793,0,0,0,0,0,0,0,0,1780913070,0
113,-113.188072,-54.817584,5.59676,12.061177,0,0,0,0,0,0,0,0,1780913070,0
113,-75.833951,-25.668803,3.592174,6.73556,0,0,0,0,0,0,0,0,1780913070,0
114,56.289234,110.852505,0.693751,10.408142,0,0,0,0,0,0,0,0,1780913070,0
114,24.122355,80.783709,2.832974,9.252512,0,0,0,0,0,0,0,0,1780913070,0
115,-113.782716,-62.009411,8.282008,12.872736,0,0,0,0,0,0,0,0,1780913070,0
115,-86.272012,-27.931443,5.170412,10.254806,0,0,0,0,0,0,0,0,1780913070,0
116,56.07232,106.876991,4.586987,14.57065,0,0,0,0,0,0,0,0,1780913070,0
116,26.197999,80.159146,5.832374,12.33419,0,0,0,0,0,0,0,0,1780913070,0
117,-110.398107,-55.404748,7.878099,11.077584,0,0,0,0,0,0,0,0,1780913070,0
117,-82.143163,-27.441516,3.192005,11.257099,0,0,0,0,0,0,0,0,1780913070,0
118,64.176683,122.117083,6.916945,4.966587,0,0,0,0,0,0,0,0,1780913070,0
118,22.536637,83.487657,3.109727,15.763678,0,0,0,0,0,0,0,0,1780913070,0
119,-119.209311,-60.289057,-3.019969,8.650389,0,0,0,0,0,0,0,0,1780913070,0
119,-77.045679,-24.976922,6.176445,3.321031,0,0,0,0,0,0,0,0,1780913070,0
120,61.715829,115.691935,5.809935,10.965387,0,0,0,0,0,0,0,0,1780913070,0
120,26.859961,86.195344,5.940831,4.076491,0,0,0,0,0,0,0,0,1780913070,0
121,-114.77753,-58.407888,2.111174,14.084463,0,0,0,0,0,0,0,0,1780913070,0
121,-85.351997,-25.672543,4.699184,8.624209,0,0,0,0,0,0,0,0,1780913070,0
122,53.734883,111.222755,4.893659,9.596583,0,0,0,0,0,0,0,0,1780913070,0
122,30.091235,83.240823,5.488303,11.642309,0,0,0,0,0,0,0,0,1780913070,0
123,-111.972605,-57.259738,2.709558,8.556891,0,0,0,0,0,0,0,0,1780913070,0
123,-79.742147,-26.93289,1.307095,4.083971,0,0,0,0,0,0,0,0,1780913070,0
124,57.534621,113.440515,5.60424,8.291358,0,0,0,0,0,0,0,0,1780913070,0
124,25.476198,79.355067,0.719931,12.251912,0,0,0,0,0,0,0,0,1780913070,0
125,-112.421393,-56.620215,4.807641,7.962247,0,0,0,0,0,0,0,0,1780913070,0
125,-85.871843,-29.984648,6.427018,11.343117,0,0,0,0,0,0,0,0,1780913070,0
126,45.585641,100.608919,1.262216,8.201601,0,0,0,0,0,0,0,0,1780913070,0
126,28.090389,89.205964,6.112866,9.880816,0,0,0,0,0,0,0,0,1780913070,0
127,-113.685479,-62.267464,1.950358,13.706733,0,0,0,0,0,0,0,0,1780913070,0
127,-87.984886,-28.451289,5.6005,15.150335,0,0,0,0,0,0,0,0,1780913070,0
128,45.99703,105.953236,2.219631,9.039338,0,0,0,0,0,0,0,0,1780913070,0
128,31.721831,81.554128,4.321454,10.651235,0,0,0,0,0,0,0,0,1780913070,0
129,-114.418499,-57.962839,5.364886,11.545071,0,0,0,0,0,0,0,0,1780913070,0
129,-89.918415,-35.994667,-0.75733,8.108103,0,0,0,0,0,0,0,0,1780913070,0
130,56.285494,107.527734,5.937091,7.218007,0,0,0,0,0,0,0,0,1780913070,0
130,27.065656,82.926672,4.538369,8.418515,0,0,0,0,0,0,0,0,1780913070,0
131,-117.178545,-60.378815,1.980277,10.957907,0,0,0,0,0,0,0,0,1780913070,0
131,-82.277799,-29.083332,0.271143,6.406449,0,0,0,0,0,0,0,0,1780913070,0
132,52.392258,112.91319,3.221924,9.574144,0,0,0,0,0,0,0,0,1780913070,0
132,24.328049,81.845841,7.825741,9.259992,0,0,0,0,0,0,0,0,1780913070,0
133,-116.123894,-67.417307,2.305648,15.180254,0,0,0,0,0,0,0,0,1780913070,0
133,-83.310011,-27.65095,0.633913,9.921955,0,0,0,0,0,0,0,0,1780913070,0
134,53.895698,108.870358,1.355714,9.387149,0,0,0,0,0,0,0,0,1780913070,0
134,20.049604,79.830035,2.171012,6.623363,0,0,0,0,0,0,0,0,1780913070,0
135,-111.823009,-54.757745,6.389619,7.85753,0,0,0,0,0,0,0,0,1780913070,0
135,-84.263686,-25.994175,-1.374413,8.699007,0,0,0,0,0,0,0,0,1780913070,0
136,50.780362,103.477422,3.842747,13.781531,0,0,0,0,0,0,0,0,1780913070,0
136,14.103163,74.369781,8.341847,7.46484,0,0,0,0,0,0,0,0,1780913070,0
137,-111.116168,-62.297384,7.440531,11.253359,0,0,0,0,0,0,0,0,1780913070,0
137,-77.359831,-27.003948,4.628126,10.613836,0,0,0,0,0,0,0,0,1780913070,0
138,58.634152,107.65115,6.838407,10.049111,0,0,0,0,0,0,0,0,1780913070,0
138,24.227072,77.541216,5.649119,9.544225,0,0,0,0,0,0,0,0,1780913070,0
139,-112.89636,-62.880808,4.84878,14.136822,0,0,0,0,0,0,0,0,1780913070,0
139,-78.448141,-36.013367,4.411212,10.610096,0,0,0,0,0,0,0,0,1780913070,0
140,59.400831,100.519161,5.454644,14.667888,0,0,0,0,0,0,0,0,1780913070,0
140,20.797584,72.641947,2.219631,11.462793,0,0,0,0,0,0,0,0,1780913070,0
141,-118.423932,-59.585956,4.388773,10.206187,0,0,0,0,0,0,0,0,1780913070,0
141,-75.396383,-23.989588,5.252689,6.010019,0,0,0,0,0,0,0,0,1780913070,0
142,58.073167,116.2604,4.052182,7.629396,0,0,0,0,0,0,0,0,1780913070,0
142,21.182793,69.504171,11.853613,7.517199,0,0,0,0,0,0,0,0,1780913070,0
143,-120.922185,-66.639407,3.072328,10.064071,0,0,0,0,0,0,0,0,1780913070,0
143,-75.665656,-26.678576,5.578061,9.480646,0,0,0,0,0,0,0,0,1780913070,0
144,65.541747,118.268726,2.668419,11.503932,0,0,0,0,0,0,0,0,1780913071,0
144,27.985671,74.152866,4.833821,8.411035,0,0,0,0,0,0,0,0,1780913071,0
145,-107.65302,-52.281931,3.311681,14.073244,0,0,0,0,0,0,0,0,1780913071,0
145,-79.570111,-27.740708,3.670712,14.776345,0,0,0,0,0,0,0,0,1780913071,0
146,61.831766,108.717022,3.839007,6.993613,0,0,0,0,0,0,0,0,1780913071,0
146,24.182193,72.073482,3.569735,9.596583,0,0,0,0,0,0,0,0,1780913071,0
147,-103.53539,-48.22788,5.342447,6.795398,0,0,0,0,0,0,0,0,1780913071,0
147,-66.809573,-13.977876,5.24147,14.507072,0,0,0,0,0,0,0,0,1780913071,0
148,68.260654,115.452582,0.259923,9.465687,0,0,0,0,0,0,0,0,1780913071,0
148,27.510704,78.49115,3.180785,12.165895,0,0,0,0,0,0,0,0,1780913071,0
149,-112.52611,-49.316191,3.599654,10.681154,0,0,0,0,0,0,0,0,1780913071,0
149,-72.946749,-14.086333,0.267403,8.164202,0,0,0,0,0,0,0,0,1780913071,0
150,66.416883,126.36187,3.255583,11.459053,0,0,0,0,0,0,0,0,1780913071,0
150,25.068549,84.718084,5.017076,10.352043,0,0,0,0,0,0,0,0,1780913071,0
151,-110.188672,-55.098076,7.46297,7.48354,0,0,0,0,0,0,0,0,1780913071,0
151,-72.16137,-15.159684,0.540416,10.84571,0,0,0,0,0,0,0,0,1780913071,0
152,54.18741,109.098492,2.171012,11.986379,0,0,0,0,0,0,0,0,1780913071,0
152,39.205371,93.581647,5.394806,12.655821,0,0,0,0,0,0,0,0,1780913071,0
153,-107.058376,-54.686687,8.510142,13.560877,0,0,0,0,0,0,0,0,1780913071,0
153,-66.312166,-12.934444,0.820908,7.928588,0,0,0,0,0,0,0,0,1780913071,0
154,61.618592,111.578045,3.34908,8.519492,0,0,0,0,0,0,0,0,1780913071,0
154,24.189673,71.38534,5.6192,8.95332,0,0,0,0,0,0,0,0,1780913071,0
155,-102.996845,-52.023878,-3.554775,13.84885,0,0,0,0,0,0,0,0,1780913071,0
155,-73.017807,-22.085979,4.545848,15.299931,0,0,0,0,0,0,0,0,1780913071,0
156,61.095006,117.909696,4.336414,13.84511,0,0,0,0,0,0,0,0,1780913071,0
156,32.1407,85.847534,6.434498,16.044171,0,0,0,0,0,0,0,0,1780913071,0
157,-113.393767,-60.909881,2.967611,10.348303,0,0,0,0,0,0,0,0,1780913071,0
157,-73.425456,-16.995975,6.318561,10.348303,0,0,0,0,0,0,0,0,1780913071,0
158,64.692789,124.046872,5.200331,16.930527,0,0,0,0,0,0,0,0,1780913071,0
158,23.639908,80.787449,3.128426,12.169634,0,0,0,0,0,0,0,0,1780913071,0
159,-118.977437,-58.471466,6.700031,16.178807,0,0,0,0,0,0,0,0,1780913071,0
159,-76.63055,-22.736722,7.204917,7.019792,0,0,0,0,0,0,0,0,1780913071,0
160,62.628365,114.592405,0.080408,9.525525,0,0,0,0,0,0,0,0,1780913071,0
160,15.954413,65.569796,5.147972,7.09833,0,0,0,0,0,0,0,0,1780913071,0
161,-119.022316,-63.93172,5.282609,6.963694,0,0,0,0,0,0,0,0,1780913071,0
161,-84.525479,-27.463955,4.164379,11.732066,0,0,0,0,0,0,0,0,1780913071,0
162,59.987995,118.49686,3.73429,8.912182,0,0,0,0,0,0,0,0,1780913071,0
162,30.27449,95.488996,2.096214,7.760292,0,0,0,0,0,0,0,0,1780913071,0
163,-122.410665,-54.421154,3.831528,13.127049,0,0,0,0,0,0,0,0,1780913071,0
163,-87.880169,-27.635991,1.797022,9.035598,0,0,0,0,0,0,0,0,1780913071,0
164,44.377653,100.276068,4.85626,5.134883,0,0,0,0,0,0,0,0,1780913071,0
164,9.394629,59.384001,3.883886,6.443848,0,0,0,0,0,0,0,0,1780913071,0
165,-117.922786,-55.853536,5.013336,9.432028,0,0,0,0,0,0,0,0,1780913071,0
165,-85.931681,-14.796914,4.755283,11.062624,0,0,0,0,0,0,0,0,1780913071,0
166,42.492743,114.865417,0.974244,12.622162,0,0,0,0,0,0,0,0,1780913071,0
166,12.281831,82.724717,0.102847,14.084463,0,0,0,0,0,0,0,0,1780913071,0
167,-126.748949,-50.497999,7.507849,9.521785,0,0,0,0,0,0,0,0,1780913071,0
167,-105.151027,-27.022647,3.337861,11.055144,0,0,0,0,0,0,0,0,1780913071,0
168,42.021516,112.075452,5.039515,9.364709,0,0,0,0,0,0,0,0,1780913071,0
168,-0.568465,73.816275,4.10828,10.4605,0,0,0,0,0,0,0,0,1780913071,0
169,-134.441924,-60.764025,1.086441,1.563278,0,0,0,0,0,0,0,0,1780913071,0
169,-103.53913,-24.875945,7.85192,14.645448,0,0,0,0,0,0,0,0,1780913071,0
170,34.429519,116.982201,2.294429,6.810358,0,0,0,0,0,0,0,0,1780913071,0
170,-3.949334,84.542308,6.883286,12.547364,0,0,0,0,0,0,0,0,1780913071,0
171,-148.941516,-61.927133,3.281762,9.959354,0,0,0,0,0,0,0,0,1780913071,0
171,-109.096622,-16.917437,1.022863,9.850896,0,0,0,0,0,0,0,0,1780913071,0
172,27.132974,114.502647,0.218784,10.135129,0,0,0,0,0,0,0,0,1780913071,0
172,-5.441554,74.818569,7.133859,8.96454,0,0,0,0,0,0,0,0,1780913071,0
173,-137.422624,-55.819877,4.815121,11.747026,0,0,0,0,0,0,0,0,1780913071,0
173,-103.864502,-19.759761,4.732843,8.60177,0,0,0,0,0,0,0,0,1780913071,0
174,36.426626,114.816799,6.131566,11.073844,0,0,0,0,0,0,0,0,1780913071,0
174,4.300885,79.186772,4.919838,10.580177,0,0,0,0,0,0,0,0,1780913071,0
175,-138.006048,-56.220046,7.919238,12.416468,0,0,0,0,0,0,0,0,1780913071,0
175,-107.30521,-23.664217,3.719331,17.719646,0,0,0,0,0,0,0,0,1780913071,0
176,30.461485,102.261954,4.351374,15.434567,0,0,0,0,0,0,0,0,1780913071,0
176,0.029919,80.854767,7.047841,11.881662,0,0,0,0,0,0,0,0,1780913071,0
177,-142.564986,-68.112928,4.777722,16.799631,0,0,0,0,0,0,0,0,1780913071,0
177,-110.098915,-27.486395,4.299015,5.639769,0,0,0,0,0,0,0,0,1780913071,0
178,34.829688,111.342432,3.928765,14.507072,0,0,0,0,0,0,0,0,1780913071,0
178,-2.172882,74.680192,4.553328,6.032459,0,0,0,0,0,0,0,0,1780913071,0
179,-145.384871,-70.349388,3.393959,13.684294,0,0,0,0,0,0,0,0,1780913071,0
179,-103.071643,-36.076945,2.754436,12.940054,0,0,0,0,0,0,0,0,1780913071,0
180,36.591181,118.552959,7.324594,9.764879,0,0,0,0,0,0,0,0,1780913071,0
180,12.622162,88.188711,3.341601,9.73496,0,0,0,0,0,0,0,0,1780913071,0
181,-133.376052,-58.841716,1.673605,9.286172,0,0,0,0,0,0,0,0,1780913071,0
181,-86.627303,-8.491443,2.290689,10.883109,0,0,0,0,0,0,0,0,1780913071,0
182,31.804109,108.114898,4.13072,10.486679,0,0,0,0,0,0,0,0,1780913071,0
182,-2.98444,65.902647,1.50531,11.014005,0,0,0,0,0,0,0,0,1780913071,0
183,-139.82364,-68.090489,3.670712,11.249619,0,0,0,0,0,0,0,0,1780913071,0
183,-98.613682,-25.721162,6.976783,7.767772,0,0,0,0,0,0,0,0,1780913071,0
184,34.642693,103.290427,5.716437,11.399215,0,0,0,0,0,0,0,0,1780913071,0
184,-2.217761,62.076729,4.49723,7.419962,0,0,0,0,0,0,0,0,1780913071,0
185,-137.665717,-72.690565,-1.385633,7.831351,0,0,0,0,0,0,0,0,1780913071,0
185,-100.034844,-33.892843,4.635606,8.549411,0,0,0,0,0,0,0,0,1780913071,0
186,36.662239,98.929704,5.23773,11.320677,0,0,0,0,0,0,0,0,1780913071,0
186,-3.874536,63.767164,3.098507,7.606957,0,0,0,0,0,0,0,0,1780913071,0
187,-129.636152,-63.385694,6.333521,11.174821,0,0,0,0,0,0,0,0,1780913071,0
187,-94.365156,-25.754821,7.212397,8.781285,0,0,0,0,0,0,0,0,1780913071,0
188,38.592028,105.313713,5.174152,8.60925,0,0,0,0,0,0,0,0,1780913071,0
188,-0.089758,70.846795,1.045302,10.46424,0,0,0,0,0,0,0,0,1780913071,0
189,-139.81616,-72.219338,1.284656,17.285818,0,0,0,0,0,0,0,0,1780913071,0
189,-97.839523,-32.935429,3.094767,9.185194,0,0,0,0,0,0,0,0,1780913071,0
190,37.204525,98.338799,3.868927,13.785271,0,0,0,0,0,0,0,0,1780913071,0
190,1.86995,66.646887,5.910912,11.642309,0,0,0,0,0,0,0,0,1780913071,0
191,-134.632659,-67.731458,3.648272,12.906395,0,0,0,0,0,0,0,0,1780913071,0
191,-89.473367,-26.850612,5.731397,9.753659,0,0,0,0,0,0,0,0,1780913071,0
192,43.689511,102.523747,7.623786,9.394629,0,0,0,0,0,0,0,0,1780913071,0
192,9.297391,69.477991,1.755883,8.358676,0,0,0,0,0,0,0,0,1780913071,0
193,-129.123786,-69.676206,2.724517,8.545671,0,0,0,0,0,0,0,0,1780913071,0
193,-90.733713,-28.698122,5.533182,9.948134,0,0,0,0,0,0,0,0,1780913071,0
194,44.560908,101.850565,4.86374,2.314998,0,0,0,0,0,0,0,0,1780913071,0
194,5.460254,66.979738,2.481424,11.500192,0,0,0,0,0,0,0,0,1780913071,0
195,-133.510689,-73.330088,-0.203825,7.195568,0,0,0,0,0,0,0,0,1780913071,0
195,-87.132189,-30.003347,3.386479,10.430581,0,0,0,0,0,0,0,0,1780913071,0
196,46.816068,107.610011,1.905479,15.939454,0,0,0,0,0,0,0,0,1780913071,0
196,11.922801,71.643394,4.669265,10.699854,0,0,0,0,0,0,0,0,1780913071,0
197,-127.601647,-68.688873,1.337014,8.807464,0,0,0,0,0,0,0,0,1780913071,0
197,-81.294205,-21.842886,-0.461878,10.355783,0,0,0,0,0,0,0,0,1780913071,0
198,51.300208,110.366318,-0.525456,8.354937,0,0,0,0,0,0,0,0,1780913071,0
198,14.925941,69.302216,5.22651,8.743886,0,0,0,0,0,0,0,0,1780913071,0
199,-125.690558,-66.314036,7.672405,11.324417,0,0,0,0,0,0,0,0,1780913071,0
199,-86.230873,-32.767133,2.399146,12.360369,0,0,0,0,0,0,0,0,1780913071,0
200,51.356306,110.343878,6.976783,8.100623,0,0,0,0,0,0,0,0,1780913071,0
200,9.185194,66.325256,4.399992,11.320677,0,0,0,0,0,0,0,0,1780913071,0
0,-129.284602,-69.947349,5.133013,5.020816,0,0,0,0,0,0,0,0,1780913071,0
101,-82.307718,-24.28317,-0.087888,9.583494,0,0,0,0,0,0,0,0,1780913071,0
101,54.800754,114.138007,7.896799,9.751789,0,0,0,0,0,0,0,0,1780913071,0
102,5.864163,72.116491,1.019123,13.203717,0,0,0,0,0,0,0,0,1780913071,0
102,-137.93125,-76.884863,3.883886,9.863986,0,0,0,0,0,0,0,0,1780913071,0
103,-82.468534,-28.76731,3.779169,14.340646,0,0,0,0,0,0,0,0,1780913071,0
103,52.429657,108.277584,5.514482,8.263309,0,0,0,0,0,0,0,0,1780913071,0
104,16.145148,66.042893,5.364886,5.566841,0,0,0,0,0,0,0,0,1780913071,0
104,-117.092528,-68.922616,5.185371,9.101047,0,0,0,0,0,0,0,0,1780913071,0
105,-80.411589,-27.985671,2.197191,11.20661,0,0,0,0,0,0,0,0,1780913071,0
105,64.124325,105.637214,2.545002,7.167518,0,0,0,0,0,0,0,0,1780913071,0
106,25.180746,63.91115,1.269696,11.928411,0,0,0,0,0,0,0,0,1780913071,0
106,-114.549396,-69.749134,0.794729,11.778815,0,0,0,0,0,0,0,0,1780913071,0
107,-66.199969,-26.261577,3.678192,4.48975,0,0,0,0,0,0,0,0,1780913071,0
107,64.217822,108.247664,0.308542,7.792082,0,0,0,0,0,0,0,0,1780913071,0
108,26.781424,66.416883,0.38708,7.567688,0,0,0,0,0,0,0,0,1780913071,0
108,-108.614175,-68.062439,4.994636,11.625479,0,0,0,0,0,0,0,0,1780913071,0
109,-72.984148,-28.886987,6.116606,6.576614,0,0,0,0,0,0,0,0,1780913071,0
109,62.06738,102.076829,6.845887,3.678192,0,0,0,0,0,0,0,0,1780913071,0
110,18.875275,57.093313,-0.312282,4.186818,0,0,0,0,0,0,0,0,1780913071,0
110,-114.983224,-76.26778,1.176199,12.407118,0,0,0,0,0,0,0,0,1780913071,0
111,-68.814159,-32.926079,3.981124,6.490596,0,0,0,0,0,0,0,0,1780913071,0
111,63.204309,101.171774,3.839007,10.8588,0,0,0,0,0,0,0,0,1780913071,0
112,18.785517,55.791828,4.744063,4.403732,0,0,0,0,0,0,0,0,1780913071,0
112,-114.672812,-76.914782,6.419538,10.413751,0,0,0,0,0,0,0,0,1780913071,0
113,-73.148703,-32.922339,4.201778,6.419538,0,0,0,0,0,0,0,0,1780913071,0
113,59.07172,102.076829,7.672405,13.764702,0,0,0,0,0,0,0,0,1780913071,0
114,14.9409,66.401924,8.267049,14.082593,0,0,0,0,0,0,0,0,1780913071,0
114,-113.584502,-71.38347,6.913205,9.276822,0,0,0,0,0,0,0,0,1780913071,0
115,-74.708242,-33.191612,5.854813,12.769888,0,0,0,0,0,0,0,0,1780913071,0
115,66.001754,102.656514,6.36718,9.531135,0,0,0,0,0,0,0,0,1780913071,0
116,28.05299,65.392151,2.156052,12.3398,0,0,0,0,0,0,0,0,1780913071,0
116,-108.232705,-67.65853,0.241224,8.925271,0,0,0,0,0,0,0,0,1780913071,0
117,-64.389858,-24.803017,6.127826,18.028188,0,0,0,0,0,0,0,0,1780913071,0
117,66.577699,103.774744,-2.096214,12.915744,0,0,0,0,0,0,0,0,1780913071,0
118,28.898207,66.17379,5.196591,9.590973,0,0,0,0,0,0,0,0,1780913071,0
118,-110.300869,-64.176683,5.293828,8.61486,0,0,0,0,0,0,0,0,1780913071,0
119,-71.660223,-26.235398,1.924179,7.754683,0,0,0,0,0,0,0,0,1780913071,0
119,55.982562,100.588349,2.720777,7.313374,0,0,0,0,0,0,0,0,1780913071,0
120,20.659207,61.450296,5.133013,11.386125,0,0,0,0,0,0,0,0,1780913071,0
120,-111.905286,-69.51726,6.643932,12.227603,0,0,0,0,0,0,0,0,1780913071,0
121,-66.992828,-32.731604,3.640793,14.58748,0,0,0,0,0,0,0,0,1780913071,0
121,68.559846,105.315583,5.488303,10.899938,0,0,0,0,0,0,0,0,1780913071,0
122,25.599615,65.926956,2.889073,13.84324,0,0,0,0,0,0,0,0,1780913071,0
122,-110.850635,-77.36357,-0.618953,7.189958,0,0,0,0,0,0,0,0,1780913071,0
123,-61.603632,-26.500931,1.381893,12.276222,0,0,0,0,0,0,0,0,1780913071,0
123,68.174636,103.086602,-2.444025,5.866033,0,0,0,0,0,0,0,0,1780913071,0
124,28.015591,60.754675,0.828388,13.248596,0,0,0,0,0,0,0,0,1780913071,0
124,-107.189273,-70.197922,6.464417,15.791728,0,0,0,0,0,0,0,0,1780913071,0
125,-62.501208,-38.180639,2.006456,9.325441,0,0,0,0,0,0,0,0,1780913071,0
125,76.525833,107.884894,5.551881,4.990896,0,0,0,0,0,0,0,0,1780913071,0
126,26.17182,53.061701,4.710404,13.607626,0,0,0,0,0,0,0,0,1780913071,0
126,-109.956799,-82.812605,2.754436,8.846733,0,0,0,0,0,0,0,0,1780913071,0
127,-57.295267,-30.768157,9.381539,15.002609,0,0,0,0,0,0,0,0,1780913071,0
127,72.90187,105.78307,4.10828,12.044348,0,0,0,0,0,0,0,0,1780913071,0
128,28.206325,59.561647,6.681331,10.948557,0,0,0,0,0,0,0,0,1780913071,0
128,-100.719246,-73.481554,5.578061,8.813074,0,0,0,0,0,0,0,0,1780913071,0
129,-55.148565,-27.260131,6.198884,7.332074,0,0,0,0,0,0,0,0,1780913071,0
129,74.255714,106.082262,1.340754,10.196837,0,0,0,0,0,0,0,0,1780913071,0
130,28.830889,58.70895,6.004409,10.84384,0,0,0,0,0,0,0,0,1780913071,0
130,-97.495452,-63.241708,-1.965317,13.510389,0,0,0,0,0,0,0,0,1780913071,0
131,-58.574313,-24.638461,6.647672,9.108526,0,0,0,0,0,0,0,0,1780913071,0
131,73.825625,99.993705,1.606287,7.421831,0,0,0,0,0,0,0,0,1780913071,0
132,24.040077,51.457283,7.803301,9.658292,0,0,0,0,0,0,0,0,1780913071,0
132,-110.439246,-68.881477,6.172705,10.630666,0,0,0,0,0,0,0,0,1780913071,0
133,-56.244355,-16.683694,7.186218,17.987049,0,0,0,0,0,0,0,0,1780913071,0
133,72.613898,110.787056,4.261616,9.078607,0,0,0,0,0,0,0,0,1780913071,0
134,36.707118,72.449342,6.599053,10.649365,0,0,0,0,0,0,0,0,1780913071,0
134,-97.9405,-57.837553,4.788942,8.038915,0,0,0,0,0,0,0,0,1780913071,0
135,-55.597353,-18.149734,3.218184,15.428957,0,0,0,0,0,0,0,0,1780913071,0
135,76.926002,119.011096,5.406025,7.83322,0,0,0,0,0,0,0,0,1780913071,0
136,22.79843,70.684109,6.086687,12.564194,0,0,0,0,0,0,0,0,1780913071,0
136,-108.03823,-67.385517,3.289242,15.114806,0,0,0,0,0,0,0,0,1780913071,0
137,-62.81536,-18.448926,4.48975,7.635006,0,0,0,0,0,0,0,0,1780913071,0
137,68.39529,115.450712,2.021416,11.120593,0,0,0,0,0,0,0,0,1780913071,0
138,27.398507,69.109611,1.995237,13.547788,0,0,0,0,0,0,0,0,1780913071,0
138,-106.613328,-58.832366,1.213598,13.600146,0,0,0,0,0,0,0,0,1780913071,0
139,-58.260162,-15.595383,5.21903,10.193097,0,0,0,0,0,0,0,0,1780913071,0
139,67.718368,123.446618,3.076068,10.649365,0,0,0,0,0,0,0,0,1780913071,0
140,29.006664,74.188395,3.565995,13.551527,0,0,0,0,0,0,0,0,1780913071,0
140,-111.77065,-61.076306,2.821755,9.549835,0,0,0,0,0,0,0,0,1780913071,0
141,-63.245448,-20.311397,4.669265,11.520762,0,0,0,0,0,0,0,0,1780913071,0
141,75.463701,116.370727,2.208411,11.165471,0,0,0,0,0,0,0,0,1780913071,0
142,26.254098,72.307226,2.866633,8.60364,0,0,0,0,0,0,0,0,1780913071,0
142,-101.388688,-54.135052,5.005856,13.671204,0,0,0,0,0,0,0,0,1780913071,0
143,-60.002955,-8.9795,-0.540416,8.442824,0,0,0,0,0,0,0,0,1780913071,0
143,74.835398,126.296422,2.118653,14.056414,0,0,0,0,0,0,0,0,1780913071,0
144,28.707472,73.964001,6.479377,9.800408,0,0,0,0,0,0,0,0,1780913072,0
144,-107.899854,-62.849019,1.49783,6.72621,0,0,0,0,0,0,0,0,1780913072,0
145,-58.241462,-16.997845,2.62354,11.045795,0,0,0,0,0,0,0,0,1780913072,0
145,67.366818,115.817222,0.660092,12.175244,0,0,0,0,0,0,0,0,1780913072,0
146,25.019931,80.621023,5.192851,17.149311,0,0,0,0,0,0,0,0,1780913072,0
146,-105.237045,-57.014775,2.63102,15.806687,0,0,0,0,0,0,0,0,1780913072,0
147,-64.217822,-14.978299,5.862293,11.842393,0,0,0,0,0,0,0,0,1780913072,0
147,70.418576,120.533236,4.987157,12.627772,0,0,0,0,0,0,0,0,1780913072,0
148,13.381362,71.735021,4.792682,11.513282,0,0,0,0,0,0,0,0,1780913072,0
148,-111.639754,-60.328326,1.168719,14.557561,0,0,0,0,0,0,0,0,1780913072,0
149,-65.380931,-10.868149,6.116606,12.545494,0,0,0,0,0,0,0,0,1780913072,0
149,67.538853,121.019423,1.942878,-0.817168,0,0,0,0,0,0,0,0,1780913072,0
150,19.215606,77.228934,3.38274,13.009242,0,0,0,0,0,0,0,0,1780913072,0
150,-115.383393,-59.176437,5.720177,5.032035,0,0,0,0,0,0,0,0,1780913072,0
151,-69.670596,-21.822316,8.820554,10.331474,0,0,0,0,0,0,0,0,1780913072,0
151,63.787734,111.41162,1.471651,17.242809,0,0,0,0,0,0,0,0,1780913072,0
152,12.083617,68.361631,5.851073,20.144971,0,0,0,0,0,0,0,0,1780913072,0
152,-116.669919,-55.930204,3.221924,11.333767,0,0,0,0,0,0,0,0,1780913072,0
153,-65.100439,-12.34167,1.50157,14.284548,0,0,0,0,0,0,0,0,1780913072,0
153,65.298653,116.400646,4.676745,4.381293,0,0,0,0,0,0,0,0,1780913072,0
154,24.477645,76.810065,2.926472,14.366826,0,0,0,0,0,0,0,0,1780913072,0
154,-108.352382,-58.402278,3.969904,15.230743,0,0,0,0,0,0,0,0,1780913072,0
155,-62.781701,-10.546518,3.805348,9.961224,0,0,0,0,0,0,0,0,1780913072,0
155,64.079446,111.938946,3.984863,14.415444,0,0,0,0,0,0,0,0,1780913072,0
156,11.376776,65.78858,6.176445,9.935044,0,0,0,0,0,0,0,0,1780913072,0
156,-109.216298,-57.613159,8.315668,13.45803,0,0,0,0,0,0,0,0,1780913072,0
157,-63.92237,-8.822424,-0.450658,10.140739,0,0,0,0,0,0,0,0,1780913072,0
157,75.433782,129.284602,3.450058,11.172951,0,0,0,0,0,0,0,0,1780913072,0
158,25.977345,73.683509,0.607734,12.171504,0,0,0,0,0,0,0,0,1780913072,0
158,-108.243924,-63.335206,5.118053,7.47419,0,0,0,0,0,0,0,0,1780913072,0
159,-62.033721,-13.497299,3.969904,5.862293,0,0,0,0,0,0,0,0,1780913072,0
159,65.223855,110.394367,3.580954,7.668665,0,0,0,0,0,0,0,0,1780913072,0
160,25.528557,67.363078,7.646225,9.875206,0,0,0,0,0,0,0,0,1780913072,0
160,-111.273243,-68.309273,2.414105,12.3211,0,0,0,0,0,0,0,0,1780913072,0
161,-63.671797,-16.040431,5.99319,5.364886,0,0,0,0,0,0,0,0,1780913072,0
161,68.571066,120.622993,2.672159,6.958084,0,0,0,0,0,0,0,0,1780913072,0
162,24.791797,79.947841,4.84878,11.95459,0,0,0,0,0,0,0,0,1780913072,0
162,-111.273243,-55.305641,-0.443178,4.833821,0,0,0,0,0,0,0,0,1780913072,0
163,-69.13953,-14.364956,1.778322,7.212397,0,0,0,0,0,0,0,0,1780913072,0
163,69.775313,120.723971,0.903186,10.735383,0,0,0,0,0,0,0,0,1780913072,0
164,24.114875,71.865918,3.670712,11.546941,0,0,0,0,0,0,0,0,1780913072,0
164,-108.509457,-59.041801,5.290088,7.85192,0,0,0,0,0,0,0,0,1780913072,0
165,-58.503255,-11.488973,4.86,11.640439,0,0,0,0,0,0,0,0,1780913072,0
165,67.553813,115.364694,3.195745,4.572028,0,0,0,0,0,0,0,0,1780913072,0
166,21.605402,73.320739,4.093321,8.109973,0,0,0,0,0,0,0,0,1780913072,0
166,-113.191812,-61.416637,4.87122,11.494583,0,0,0,0,0,0,0,0,1780913072,0
167,-61.902824,-13.231766,3.910065,9.33666,0,0,0,0,0,0,0,0,1780913072,0
167,74.40531,123.74581,3.334121,9.669511,0,0,0,0,0,0,0,0,1780913072,0
168,24.339269,71.727541,6.015629,9.942524,0,0,0,0,0,0,0,0,1780913072,0
168,-106.755444,-57.998369,-0.74985,9.538615,0,0,0,0,0,0,0,0,1780913072,0
169,-62.123478,-13.426241,1.026603,11.711497,0,0,0,0,0,0,0,0,1780913072,0
169,68.204555,120.723971,7.627526,7.691104,0,0,0,0,0,0,0,0,1780913072,0
170,20.517091,73.975221,1.778322,11.270189,0,0,0,0,0,0,0,0,1780913072,0
170,-105.375421,-54.673597,0.155206,10.267895,0,0,0,0,0,0,0,0,1780913072,0
171,-58.409758,-6.821578,1.445471,10.159438,0,0,0,0,0,0,0,0,1780913072,0
171,68.137237,125.6008,9.553574,12.433297,0,0,0,0,0,0,0,0,1780913072,0
172,14.57813,69.363924,0.776029,9.258122,0,0,0,0,0,0,0,0,1780913072,0
172,-114.317522,-67.486495,2.402886,13.113959,0,0,0,0,0,0,0,0,1780913072,0
173,-59.385871,-11.567511,10.772782,5.892212,0,0,0,0,0,0,0,0,1780913072,0
173,64.318799,115.357214,4.84878,14.460323,0,0,0,0,0,0,0,0,1780913072,0
174,14.443494,63.810173,10.305294,10.933598,0,0,0,0,0,0,0,0,1780913072,0
174,-114.523216,-61.884125,3.696891,10.017322,0,0,0,0,0,0,0,0,1780913072,0
175,-64.449696,-17.098823,0.050489,6.082947,0,0,0,0,0,0,0,0,1780913072,0
175,68.118538,116.456745,7.616306,8.98137,0,0,0,0,0,0,0,0,1780913072,0
176,22.203786,77.109257,3.610873,16.210596,0,0,0,0,0,0,0,0,1780913072,0
176,-113.491004,-58.970743,2.481424,11.831174,0,0,0,0,0,0,0,0,1780913072,0
177,-65.287434,-18.138515,9.430158,13.07282,0,0,0,0,0,0,0,0,1780913072,0
177,64.027087,118.289296,5.129273,7.575167,0,0,0,0,0,0,0,0,1780913072,0
178,9.749919,70.998261,3.883886,9.800408,0,0,0,0,0,0,0,0,1780913072,0
178,-124.074921,-71.985594,1.927918,11.049534,0,0,0,0,0,0,0,0,1780913072,0
179,-61.742008,-10.553998,5.263909,5.361147,0,0,0,0,0,0,0,0,1780913072,0
179,69.760354,123.73085,1.759623,7.803301,0,0,0,0,0,0,0,0,1780913072,0
180,17.861762,70.010927,3.479977,12.182724,0,0,0,0,0,0,0,0,1780913072,0
180,-106.710565,-58.035768,6.116606,10.866279,0,0,0,0,0,0,0,0,1780913072,0
181,-59.658884,-8.291358,4.156899,3.427618,0,0,0,0,0,0,0,0,1780913072,0
181,63.802693,115.450712,2.421585,9.590973,0,0,0,0,0,0,0,0,1780913072,0
182,11.612389,64.935883,5.046995,10.155698,0,0,0,0,0,0,0,0,1780913072,0
182,-111.239584,-53.08788,5.147972,3.865187,0,0,0,0,0,0,0,0,1780913072,0
183,-63.466102,-6.7393,2.61606,12.279962,0,0,0,0,0,0,0,0,1780913072,0
183,66.566479,125.503563,4.411212,7.739723,0,0,0,0,0,0,0,0,1780913072,0
184,14.667888,70.059546,5.334967,19.643825,0,0,0,0,0,0,0,0,1780913072,0
184,-117.687172,-62.834059,3.928765,10.335214,0,0,0,0,0,0,0,0,1780913072,0
185,-58.30878,-4.039092,6.550435,6.625233,0,0,0,0,0,0,0,0,1780913072,0
185,63.56334,111.052589,5.155452,3.73429,0,0,0,0,0,0,0,0,1780913072,0
186,15.277491,63.395044,9.456337,16.872559,0,0,0,0,0,0,0,0,1780913072,0
186,-117.294482,-63.294067,-2.432805,13.645025,0,0,0,0,0,0,0,0,1780913072,0
187,-70.882324,-14.170481,7.044102,6.819708,0,0,0,0,0,0,0,0,1780913072,0
187,63.376345,114.627934,5.252689,12.152805,0,0,0,0,0,0,0,0,1780913072,0
188,15.041878,72.875691,6.056768,10.649365,0,0,0,0,0,0,0,0,1780913072,0
188,-122.156352,-65.597845,9.680731,11.030835,0,0,0,0,0,0,0,0,1780913072,0
189,-63.039754,-11.331897,3.423878,15.268142,0,0,0,0,0,0,0,0,1780913072,0
189,66.106472,118.315475,1.897999,11.689057,0,0,0,0,0,0,0,0,1780913072,0
190,5.21716,57.717876,6.067988,9.516175,0,0,0,0,0,0,0,0,1780913072,0
190,-124.733143,-73.870504,1.965317,22.388911,0,0,0,0,0,0,0,0,1780913072,0
191,-66.858192,-10.658715,-0.577815,14.19105,0,0,0,0,0,0,0,0,1780913072,0
191,57.362586,112.178299,-0.267403,7.762162,0,0,0,0,0,0,0,0,1780913072,0
192,10.08277,61.68591,-4.033482,0.402039,0,0,0,0,0,0,0,0,1780913072,0
192,-116.049096,-62.774221,4.134459,14.456583,0,0,0,0,0,0,0,0,1780913072,0
193,-66.764694,-12.412728,6.37092,13.125179,0,0,0,0,0,0,0,0,1780913072,0
193,63.888711,117.698392,8.637299,2.870373,0,0,0,0,0,0,0,0,1780913072,0
194,10.09773,60.526541,5.944571,4.811381,0,0,0,0,0,0,0,0,1780913072,0
194,-124.789242,-68.900177,2.391666,7.253536,0,0,0,0,0,0,0,0,1780913072,0
195,-71.117938,-16.294744,0.424479,3.74551,0,0,0,0,0,0,0,0,1780913072,0
195,72.172589,124.587287,5.151712,13.196237,0,0,0,0,0,0,0,0,1780913072,0
196,12.229473,67.187303,7.08524,4.833821,0,0,0,0,0,0,0,0,1780913072,0
196,-121.752443,-64.857345,3.73803,10.309034,0,0,0,0,0,0,0,0,1780913072,0
197,-62.243155,-10.202447,2.881593,14.617399,0,0,0,0,0,0,0,0,1780913072,0
197,60.93793,111.572435,0.222524,13.005502,0,0,0,0,0,0,0,0,1780913072,0
198,8.97202,61.66347,5.761316,17.317607,0,0,0,0,0,0,0,0,1780913072,0
198,-117.455298,-60.870612,4.261616,10.705464,0,0,0,0,0,0,0,0,1780913072,0
199,-68.701962,-15.303671,4.504709,11.049534,0,0,0,0,0,0,0,0,1780913072,0
199,59.662624,113.517183,3.162085,8.96267,0,0,0,0,0,0,0,0,1780913072,0
200,4.016653,60.350766,2.870373,10.032282,0,0,0,0,0,0,0,0,1780913072,0
200,-119.299069,-76.185502,6.673851,2.967611,0,0,0,0,0,0,0,0,1780913072,0
0,-63.196829,-11.94898,3.868927,9.918215,0,0,0,0,0,0,0,0,1780913072,0
101,60.010435,114.085648,7.702324,6.679461,0,0,0,0,0,0,0,0,1780913072,0
101,2.60671,58.185364,10.772782,9.566664,0,0,0,0,0,0,0,0,1780913072,0
102,-123.700931,-71.065579,5.103093,11.028965,0,0,0,0,0,0,0,0,1780913072,0
102,-70.366218,-21.953213,2.896553,8.908442,0,0,0,0,0,0,0,0,1780913072,0
103,56.790381,110.917953,7.212397,9.076737,0,0,0,0,0,0,0,0,1780913072,0
103,0.647003,56.622085,5.297568,12.655821,0,0,0,0,0,0,0,0,1780913072,0
104,-121.969357,-70.362478,0.824648,8.003386,0,0,0,0,0,0,0,0,1780913072,0
104,-66.233628,-14.742686,5.454644,12.857776,0,0,0,0,0,0,0,0,1780913072,0
105,63.365125,111.811789,1.161239,7.363863,0,0,0,0,0,0,0,0,1780913072,0
105,10.430581,55.354259,4.47853,9.746179,0,0,0,0,0,0,0,0,1780913072,0
106,-119.123293,-71.40591,1.939138,11.926541,0,0,0,0,0,0,0,0,1780913072,0
106,-70.392397,-24.68334,4.770242,9.368449,0,0,0,0,0,0,0,0,1780913072,0
107,59.946856,105.599815,3.292982,14.465933,0,0,0,0,0,0,0,0,1780913072,0
107,17.031504,66.656237,3.064848,7.46858,0,0,0,0,0,0,0,0,1780913072,0
108,-116.505363,-60.19369,3.543555,11.511412,0,0,0,0,0,0,0,0,1780913072,0
108,-69.270427,-13.946087,6.408319,8.871043,0,0,0,0,0,0,0,0,1780913072,0
109,52.934544,105.065009,3.061108,10.026672,0,0,0,0,0,0,0,0,1780913072,0
109,7.318984,54.550181,3.420139,13.381362,0,0,0,0,0,0,0,0,1780913072,0
110,-118.969957,-69.584579,2.122393,6.948734,0,0,0,0,0,0,0,0,1780913072,0
110,-68.948796,-16.717353,3.132166,11.126202,0,0,0,0,0,0,0,0,1780913072,0
111,59.868318,110.457945,3.839007,9.252512,0,0,0,0,0,0,0,0,1780913072,0
111,3.399569,45.24531,4.773982,7.726633,0,0,0,0,0,0,0,0,1780913072,0
112,-136.259515,-86.653482,2.713297,9.35723,0,0,0,0,0,0,0,0,1780913072,0
112,-57.459823,-16.05913,4.403732,7.816391,0,0,0,0,0,0,0,0,1780913072,0
113,62.81162,109.990458,5.263909,13.201847,0,0,0,0,0,0,0,0,1780913072,0
113,8.440954,59.643924,7.440531,11.021485,0,0,0,0,0,0,0,0,1780913072,0
114,-125.540962,-74.01262,7.167518,10.206187,0,0,0,0,0,0,0,0,1780913072,0
114,-66.678676,-15.292451,5.028295,11.141162,0,0,0,0,0,0,0,0,1780913072,0
115,60.088973,114.209065,5.174152,12.124756,0,0,0,0,0,0,0,0,1780913072,0
115,4.813251,57.085833,3.584694,9.663901,0,0,0,0,0,0,0,0,1780913072,0
116,-128.529142,-73.791966,2.492643,7.517199,0,0,0,0,0,0,0,0,1780913072,0
116,-72.086572,-20.255298,4.8413,7.001093,0,0,0,0,0,0,0,0,1780913072,0
117,63.615698,123.00531,6.991743,10.995306,0,0,0,0,0,0,0,0,1780913072,0
117,12.573544,65.478168,4.399992,11.055144,0,0,0,0,0,0,0,0,1780913072,0
118,-127.698884,-64.958322,6.980523,12.154675,0,0,0,0,0,0,0,0,1780913072,0
118,-66.128911,-9.955614,5.6005,7.820131,0,0,0,0,0,0,0,0,1780913072,0
119,59.352212,124.834121,4.227957,7.558338,0,0,0,0,0,0,0,0,1780913072,0
119,0.620823,57.497222,0.854567,8.538192,0,0,0,0,0,0,0,0,1780913072,0
120,-130.668365,-64.778807,5.020816,12.046218,0,0,0,0,0,0,0,0,1780913072,0
120,-68.488788,-4.147549,9.463817,13.134529,0,0,0,0,0,0,0,0,1780913072,0
121,47.810881,110.371927,4.620646,9.009419,0,0,0,0,0,0,0,0,1780913072,0
121,-7.648095,62.78918,3.947464,11.402955,0,0,0,0,0,0,0,0,1780913072,0
122,-139.42721,-68.088619,4.074621,9.282432,0,0,0,0,0,0,0,0,1780913072,0
122,-75.306626,-10.232366,6.228803,8.818684,0,0,0,0,0,0,0,0,1780913072,0
123,50.679384,119.777776,3.637053,11.391735,0,0,0,0,0,0,0,0,1780913072,0
123,-5.449034,68.559846,2.107434,10.85319,0,0,0,0,0,0,0,0,1780913072,0
124,-139.707703,-64.468395,4.710404,10.340823,0,0,0,0,0,0,0,0,1780913072,0
124,-84.4806,-14.028365,-4.512189,6.765479,0,0,0,0,0,0,0,0,1780913072,0
125,47.234936,116.841954,5.275129,5.363017,0,0,0,0,0,0,0,0,1780913072,0
125,-13.388842,59.943116,7.616306,9.065517,0,0,0,0,0,0,0,0,1780913072,0
126,-137.104732,-62.112258,4.908619,10.258546,0,0,0,0,0,0,0,0,1780913072,0
126,-78.343424,-6.679461,3.266803,8.848603,0,0,0,0,0,0,0,0,1780913072,0
127,45.58938,117.313182,4.13072,11.144902,0,0,0,0,0,0,0,0,1780913072,0
127,-12.614683,59.625225,8.58494,10.056591,0,0,0,0,0,0,0,0,1780913072,0
128,-141.136345,-72.673736,5.391066,5.707087,0,0,0,0,0,0,0,0,1780913072,0
128,-76.716568,-9.480646,4.175598,12.618422,0,0,0,0,0,0,0,0,1780913072,0
129,49.923925,115.574128,3.775429,9.465687,0,0,0,0,0,0,0,0,1780913072,0
129,-10.486679,52.096806,-0.514236,7.565818,0,0,0,0,0,0,0,0,1780913072,0
130,-136.655944,-69.775313,3.068588,8.497053,0,0,0,0,0,0,0,0,1780913072,0
130,-70.815006,-9.888295,7.410612,16.410681,0,0,0,0,0,0,0,0,1780913072,0
131,55.096206,119.074675,0.704971,12.648342,0,0,0,0,0,0,0,0,1780913072,0
131,-7.240446,65.025641,6.898245,8.98324,0,0,0,0,0,0,0,0,1780913072,0
132,-132.534575,-65.231335,7.189958,11.634829,0,0,0,0,0,0,0,0,1780913072,0
132,-74.644663,-7.591997,5.297568,4.85065,0,0,0,0,0,0,0,0,1780913072,0
133,51.191751,117.331881,1.396853,10.116429,0,0,0,0,0,0,0,0,1780913072,0
133,-4.368203,56.539808,8.532582,6.096037,0,0,0,0,0,0,0,0,1780913072,0
134,-131.012435,-66.334606,3.240623,10.984086,0,0,0,0,0,0,0,0,1780913072,0
134,-68.713182,-5.879123,7.264756,9.652682,0,0,0,0,0,0,0,0,1780913072,0
135,58.888465,118.278076,4.351374,12.180854,0,0,0,0,0,0,0,0,1780913072,0
135,-5.751966,59.801,3.782909,8.384856,0,0,0,0,0,0,0,0,1780913072,0
136,-137.216929,-76.608111,4.089581,10.950427,0,0,0,0,0,0,0,0,1780913072,0
136,-67.800646,-13.796491,0.37586,8.055745,0,0,0,0,0,0,0,0,1780913072,0
137,58.181624,117.107487,2.881593,14.2004,0,0,0,0,0,0,0,0,1780913072,0
137,1.301485,62.355352,7.081501,11.470273,0,0,0,0,0,0,0,0,1780913072,0
138,-132.070827,-79.364417,4.613167,9.248773,0,0,0,0,0,0,0,0,1780913072,0
138,-63.050973,-7.139469,5.690258,9.835937,0,0,0,0,0,0,0,0,1780913072,0
139,63.196829,115.405833,5.22651,11.245879,0,0,0,0,0,0,0,0,1780913072,0
139,6.432628,52.526895,5.675298,14.907241,0,0,0,0,0,0,0,0,1780913072,0
140,-116.729757,-70.242801,4.007303,16.496699,0,0,0,0,0,0,0,0,1780913072,0
140,-58.772528,-20.820023,2.99379,15.662701,0,0,0,0,0,0,0,0,1780913072,0
141,62.860238,103.684986,7.548988,8.302578,0,0,0,0,0,0,0,0,1780913072,0
141,0.056098,48.543901,1.86808,8.897222,0,0,0,0,0,0,0,0,1780913072,0
142,-126.210404,-90.610296,6.673851,8.20908,0,0,0,0,0,0,0,0,1780913072,0
142,-69.633197,-23.677307,5.787495,15.34481,0,0,0,0,0,0,0,0,1780913072,0
143,52.852266,96.915767,0.01683,4.925448,0,0,0,0,0,0,0,0,1780913072,0
143,-0.856437,48.383086,6.120346,11.997599,0,0,0,0,0,0,0,0,1780913072,0
144,-122.60514,-69.498561,3.913805,14.069504,0,0,0,0,0,0,0,0,1780913073,0
144,-62.43015,-15.557984,7.448011,10.037891,0,0,0,0,0,0,0,0,1780913073,0
145,66.93299,112.226918,6.210104,7.764032,0,0,0,0,0,0,0,0,1780913073,0
145,5.508873,54.763355,7.156299,10.984086,0,0,0,0,0,0,0,0,1780913073,0
146,-118.330435,-70.044586,0.996683,9.843417,0,0,0,0,0,0,0,0,1780913073,0
146,-58.929604,-18.830396,0.503017,15.038138,0,0,0,0,0,0,0,0,1780913073,0
147,60.833213,103.643847,6.483117,7.685494,0,0,0,0,0,0,0,0,1780913073,0
147,2.831104,45.372466,2.645979,7.296545,0,0,0,0,0,0,0,0,1780913073,0
148,-122.874413,-77.868457,3.315421,10.44928,0,0,0,0,0,0,0,0,1780913073,0
148,-56.45005,-13.852589,4.044702,12.199554,0,0,0,0,0,0,0,0,1780913073,0
149,72.411943,111.082508,0.776029,14.095683,0,0,0,0,0,0,0,0,1780913073,0
149,10.677414,44.239277,6.916945,14.252759,0,0,0,0,0,0,0,0,1780913073,0
150,-122.926772,-95.154275,4.710404,12.121016,0,0,0,0,0,0,0,0,1780913073,0
150,-56.984856,-24.417807,1.538969,7.049711,0,0,0,0,0,0,0,0,1780913073,0
151,78.698715,123.805648,5.129273,9.854636,0,0,0,0,0,0,0,0,1780913073,0
151,8.878522,55.391658,10.129519,12.951274,0,0,0,0,0,0,0,0,1780913073,0
152,-115.226318,-71.985594,4.84878,12.569804,0,0,0,0,0,0,0,0,1780913073,0
152,-60.242308,-16.253605,6.456937,10.950427,0,0,0,0,0,0,0,0,1780913073,0
153,65.773621,114.306302,2.799315,11.141162,0,0,0,0,0,0,0,0,1780913073,0
153,9.222593,56.423871,6.053028,11.758245,0,0,0,0,0,0,0,0,1780913073,0
154,-116.587641,-67.781947,-0.080408,15.513105,0,0,0,0,0,0,0,0,1780913073,0
154,-58.70895,-15.673921,3.184525,8.003386,0,0,0,0,0,0,0,0,1780913073,0
155,65.519307,112.971158,6.670112,7.906149,0,0,0,0,0,0,0,0,1780913073,0
155,4.304625,51.96965,4.557068,14.267718,0,0,0,0,0,0,0,0,1780913073,0
156,-118.48377,-66.495421,0.768549,10.4605,0,0,0,0,0,0,0,0,1780913073,0
156,-54.96531,-12.169634,5.869773,5.157322,0,0,0,0,0,0,0,0,1780913073,0
157,56.954936,96.80731,7.526549,9.009419,0,0,0,0,0,0,0,0,1780913073,0
157,-4.327064,47.530389,6.561654,9.465687,0,0,0,0,0,0,0,0,1780913073,0
158,-121.277476,-74.424009,4.47479,9.978053,0,0,0,0,0,0,0,0,1780913073,0
158,-55.144825,-2.490773,0.790989,9.869596,0,0,0,0,0,0,0,0,1780913073,0
159,75.029873,123.154906,-0.203825,13.044771,0,0,0,0,0,0,0,0,1780913073,0
159,2.61419,54.647418,4.254136,8.814944,0,0,0,0,0,0,0,0,1780913073,0
160,-129.598753,-65.769881,4.84504,8.119323,0,0,0,0,0,0,0,0,1780913073,0
160,-63.484802,-6.466287,5.349927,9.678861,0,0,0,0,0,0,0,0,1780913073,0
161,68.305533,116.060315,3.225664,14.544471,0,0,0,0,0,0,0,0,1780913073,0
161,-4.278446,50.350273,5.540662,13.628195,0,0,0,0,0,0,0,0,1780913073,0
162,-127.777422,-77.905856,9.890165,12.547364,0,0,0,0,0,0,0,0,1780913073,0
162,-54.879292,-7.741593,0.394559,7.034752,0,0,0,0,0,0,0,0,1780913073,0
163,61.498915,108.071889,5.473344,11.320677,0,0,0,0,0,0,0,0,1780913073,0
163,-5.104963,42.455344,6.146526,13.620716,0,0,0,0,0,0,0,0,1780913073,0
164,-120.611774,-72.87943,5.578061,11.833043,0,0,0,0,0,0,0,0,1780913073,0
164,-61.195983,-7.004833,1.303355,10.434321,0,0,0,0,0,0,0,0,1780913073,0
165,59.786041,113.195552,1.325795,8.093144,0,0,0,0,0,0,0,0,1780913073,0
165,0.160816,44.1009,3.064848,6.088557,0,0,0,0,0,0,0,0,1780913073,0
166,-117.028949,-64.950843,6.868326,10.258546,0,0,0,0,0,0,0,0,1780913073,0
166,-51.554521,0.130896,4.325194,12.569804,0,0,0,0,0,0,0,0,1780913073,0
167,69.666856,121.973097,4.246656,9.933174,0,0,0,0,0,0,0,0,1780913073,0
167,2.176622,58.32374,1.613767,7.315244,0,0,0,0,0,0,0,0,1780913073,0
168,-126.898545,-69.438722,5.342447,5.882863,0,0,0,0,0,0,0,0,1780913073,0
168,-53.08788,2.329958,4.893659,9.802278,0,0,0,0,0,0,0,0,1780913073,0
169,71.462008,124.643386,3.666972,9.308611,0,0,0,0,0,0,0,0,1780913073,0
169,3.264933,56.925017,5.61172,16.017992,0,0,0,0,0,0,0,0,1780913073,0
170,-119.908672,-67.811866,5.432205,10.557738,0,0,0,0,0,0,0,0,1780913073,0
170,-55.503855,-1.783932,5.159192,13.059731,0,0,0,0,0,0,0,0,1780913073,0
171,69.004894,118.655806,1.307095,13.10087,0,0,0,0,0,0,0,0,1780913073,0
171,0.714321,52.3399,1.811982,8.115583,0,0,0,0,0,0,0,0,1780913073,0
172,-120.705271,-67.527634,1.651166,11.95646,0,0,0,0,0,0,0,0,1780913073,0
172,-56.296714,-1.757753,7.683624,9.428288,0,0,0,0,0,0,0,0,1780913073,0
173,65.493128,119.041016,5.162932,13.631935,0,0,0,0,0,0,0,0,1780913073,0
173,1.742793,56.487449,3.842747,13.875029,0,0,0,0,0,0,0,0,1780913073,0
174,-116.969111,-66.588919,10.795221,10.531558,0,0,0,0,0,0,0,0,1780913073,0
174,-54.288388,-3.34721,0.129027,7.550858,0,0,0,0,0,0,0,0,1780913073,0
175,65.336052,121.617807,2.133613,7.84257,0,0,0,0,0,0,0,0,1780913073,0
175,-0.519846,55.750689,3.091027,10.82701,0,0,0,0,0,0,0,0,1780913073,0
176,-123.035229,-65.769881,1.037822,8.422255,0,0,0,0,0,0,0,0,1780913073,0
176,-63.234228,-8.923401,5.686518,9.271212,0,0,0,0,0,0,0,0,1780913073,0
177,57.93479,113.947272,0.727411,8.298838,0,0,0,0,0,0,0,0,1780913073,0
177,-2.415975,51.767695,-5.088134,8.785025,0,0,0,0,0,0,0,0,1780913073,0
178,-120.712751,-69.135791,2.683378,12.218253,0,0,0,0,0,0,0,0,1780913073,0
178,-57.687957,-1.207988,1.830681,11.287018,0,0,0,0,0,0,0,0,1780913073,0
179,65.661424,116.138853,2.840454,5.9801,0,0,0,0,0,0,0,0,1780913073,0
179,3.321031,52.119246,1.767103,11.201,0,0,0,0,0,0,0,0,1780913073,0
180,-119.542162,-69.936129,5.263909,10.565217,0,0,0,0,0,0,0,0,1780913073,0
180,-44.968557,9.753659,0.158946,9.577884,0,0,0,0,0,0,0,0,1780913073,0
181,84.424502,123.469057,3.35282,12.34167,0,0,0,0,0,0,0,0,1780913073,0
181,8.650389,50.971096,10.267895,8.665348,0,0,0,0,0,0,0,0,1780913073,0
182,-116.718538,-73.144963,5.301308,10.322124,0,0,0,0,0,0,0,0,1780913073,0
182,-43.330481,5.112443,4.11202,11.025225,0,0,0,0,0,0,0,0,1780913073,0
183,82.049665,126.124386,0.263663,12.644602,0,0,0,0,0,0,0,0,1780913073,0
183,3.73242,53.289834,5.794975,12.128496,0,0,0,0,0,0,0,0,1780913073,0
184,-118.472551,-73.522693,4.661785,9.274952,0,0,0,0,0,0,0,0,1780913073,0
184,-40.705071,10.561477,5.207811,10.07903,0,0,0,0,0,0,0,0,1780913073,0
185,84.936868,128.753536,1.460431,9.828457,0,0,0,0,0,0,0,0,1780913073,0
185,10.539038,59.924417,6.550435,11.937761,0,0,0,0,0,0,0,0,1780913073,0
186,-102.981885,-68.728141,3.528596,13.732913,0,0,0,0,0,0,0,0,1780913073,0
186,-41.640046,3.212574,1.811982,13.755352,0,0,0,0,0,0,0,0,1780913073,0
187,77.621624,120.74641,7.436791,17.644848,0,0,0,0,0,0,0,0,1780913073,0
187,2.816145,46.954444,6.112866,12.143455,0,0,0,0,0,0,0,0,1780913073,0
188,-108.352382,-64.790027,1.004163,13.048511,0,0,0,0,0,0,0,0,1780913073,0
188,-29.997738,12.943794,6.823447,11.567511,0,0,0,0,0,0,0,0,1780913073,0
189,76.301439,122.97165,3.969904,9.559184,0,0,0,0,0,0,0,0,1780913073,0
189,8.811204,54.628719,1.209858,11.264579,0,0,0,0,0,0,0,0,1780913073,0
190,-106.804063,-66.53656,7.672405,7.513459,0,0,0,0,0,0,0,0,1780913073,0
190,-39.433505,7.09085,3.951204,7.894929,0,0,0,0,0,0,0,0,1780913073,0
191,80.112397,124.385333,-0.00935,8.523232,0,0,0,0,0,0,0,0,1780913073,0
191,11.391735,61.517614,3.981124,15.931974,0,0,0,0,0,0,0,0,1780913073,0
192,-112.971158,-74.214575,5.383586,8.493313,0,0,0,0,0,0,0,0,1780913073,0
192,-39.871073,-7.289065,2.574921,15.32611,0,0,0,0,0,0,0,0,1780913073,0
193,75.358984,115.342255,4.201778,5.748226,0,0,0,0,0,0,0,0,1780913073,0
193,8.399815,59.284894,2.23459,10.131389,0,0,0,0,0,0,0,0,1780913073,0
194,-107.940993,-59.221316,9.265602,10.000492,0,0,0,0,0,0,0,0,1780913073,0
194,-37.402739,8.22778,1.782062,7.318984,0,0,0,0,0,0,0,0,1780913073,0
195,77.281293,130.548688,4.310235,9.749919,0,0,0,0,0,0,0,0,1780913073,0
195,8.003386,66.076552,3.132166,11.57499,0,0,0,0,0,0,0,0,1780913073,0
196,-121.097961,-63.952289,7.728503,13.976006,0,0,0,0,0,0,0,0,1780913073,0
196,-42.885433,10.221147,9.680731,9.858376,0,0,0,0,0,0,0,0,1780913073,0
197,72.456822,128.267349,6.591574,8.886002,0,0,0,0,0,0,0,0,1780913073,0
197,6.679461,56.098499,2.24581,12.109796,0,0,0,0,0,0,0,0,1780913073,0
198,-117.485217,-65.665163,2.541262,5.751966,0,0,0,0,0,0,0,0,1780913073,0
198,-46.457037,2.038245,3.046149,7.906149,0,0,0,0,0,0,0,0,1780913073,0
199,83.983193,130.264455,4.882439,12.33419,0,0,0,0,0,0,0,0,1780913073,0
199,11.260839,58.570573,4.766502,11.455314,0,0,0,0,0,0,0,0,1780913073,0
200,-112.069842,-64.090666,3.206964,9.267472,0,0,0,0,0,0,0,0,1780913073,0
200,-40.417099,-1.12571,5.521962,10.812051,0,0,0,0,0,0,0,0,1780913073,0
0,79.386856,125.744786,3.044279,11.778815,0,0,0,0,0,0,0,0,1780913073,0
101,11.417915,63.18374,4.379423,6.049288,0,0,0,0,0,0,0,0,1780913073,0
101,-116.703578,-62.675113,7.352643,7.414352,0,0,0,0,0,0,0,0,1780913073,0
102,-34.02187,14.288288,3.844617,12.564194,0,0,0,0,0,0,0,0,1780913073,0
102,72.815852,124.566718,-0.273013,6.72995,0,0,0,0,0,0,0,0,1780913073,0
103,-5.161062,46.829157,5.538792,9.740569,0,0,0,0,0,0,0,0,1780913073,0
103,-109.982978,-59.417661,2.827364,8.566241,0,0,0,0,0,0,0,0,1780913073,0
104,-43.37536,8.622339,-0.175775,7.608826,0,0,0,0,0,0,0,0,1780913073,0
104,72.000554,126.002839,7.767772,10.365133,0,0,0,0,0,0,0,0,1780913073,0
105,1.196768,54.873682,4.914229,15.567334,0,0,0,0,0,0,0,0,1780913073,0
105,-114.362401,-67.450966,-0.216914,7.189958,0,0,0,0,0,0,0,0,1780913073,0
106,-45.144332,4.990896,4.592597,7.780862,0,0,0,0,0,0,0,0,1780913073,0
106,74.689542,126.298291,3.837137,5.121793,0,0,0,0,0,0,0,0,1780913073,0
107,9.390889,55.371089,-0.418869,12.594113,0,0,0,0,0,0,0,0,1780913073,0
107,-113.793936,-59.600916,0.228134,13.944217,0,0,0,0,0,0,0,0,1780913073,0
108,-38.453651,11.22531,5.912782,4.8413,0,0,0,0,0,0,0,0,1780913073,0
108,76.686649,130.632836,5.161062,13.342093,0,0,0,0,0,0,0,0,1780913073,0
109,0.145856,55.150435,7.883709,12.474436,0,0,0,0,0,0,0,0,1780913073,0
109,-119.575821,-64.941493,6.204494,9.841547,0,0,0,0,0,0,0,0,1780913073,0
110,-47.822101,8.98137,1.357584,6.258723,0,0,0,0,0,0,0,0,1780913073,0
110,81.829011,133.714513,3.900716,11.464663,0,0,0,0,0,0,0,0,1780913073,0
111,6.006279,63.894321,2.782486,12.130366,0,0,0,0,0,0,0,0,1780913073,0
111,-108.580515,-57.158761,6.279292,17.489642,0,0,0,0,0,0,0,0,1780913073,0
112,-35.244817,13.057861,6.72434,7.49289,0,0,0,0,0,0,0,0,1780913073,0
112,79.113844,129.151835,5.938961,12.807287,0,0,0,0,0,0,0,0,1780913073,0
113,-4.626256,53.45252,2.22898,13.244856,0,0,0,0,0,0,0,0,1780913073,0
113,-113.184332,-64.272051,2.434675,4.781462,0,0,0,0,0,0,0,0,1780913073,0
114,-37.241924,8.521362,4.226087,14.512682,0,0,0,0,0,0,0,0,1780913073,0
114,78.350904,121.241947,2.558092,10.151958,0,0,0,0,0,0,0,0,1780913073,0
115,5.157322,48.336337,4.020392,9.119746,0,0,0,0,0,0,0,0,1780913073,0
115,-116.553982,-67.791297,7.648095,5.937091,0,0,0,0,0,0,0,0,1780913073,0
116,-41.49045,4.545848,2.378576,6.655152,0,0,0,0,0,0,0,0,1780913073,0
116,75.860131,122.199361,4.573898,12.403378,0,0,0,0,0,0,0,0,1780913073,0
117,3.257453,54.705387,4.828211,11.20661,0,0,0,0,0,0,0,0,1780913073,0
117,-118.259376,-66.429973,2.060685,9.325441,0,0,0,0,0,0,0,0,1780913073,0
118,-45.439784,-2.851674,3.594044,11.143032,0,0,0,0,0,0,0,0,1780913073,0
118,75.52354,118.283686,-0.38147,9.587234,0,0,0,0,0,0,0,0,1780913073,0
119,5.564971,51.97152,7.001093,1.841901,0,0,0,0,0,0,0,0,1780913073,0
119,-116.236091,-72.290396,1.604417,5.776275,0,0,0,0,0,0,0,0,1780913073,0
120,-47.84828,-1.329534,2.24394,11.004656,0,0,0,0,0,0,0,0,1780913073,0
120,78.48928,126.208534,1.077091,9.157145,0,0,0,0,0,0,0,0,1780913073,0
121,4.057791,46.440208,3.642663,17.979569,0,0,0,0,0,0,0,0,1780913073,0
121,-116.666179,-72.166979,9.274952,8.001516,0,0,0,0,0,0,0,0,1780913073,0
122,-47.638846,-8.899092,0.770419,8.22965,0,0,0,0,0,0,0,0,1780913073,0
122,75.942409,115.389003,3.74738,13.274775,0,0,0,0,0,0,0,0,1780913073,0
123,5.650989,50.789711,5.018946,3.917545,0,0,0,0,0,0,0,0,1780913073,0
123,-118.573528,-73.034636,7.057191,10.428711,0,0,0,0,0,0,0,0,1780913073,0
124,-39.26521,1.13506,3.35469,11.677838,0,0,0,0,0,0,0,0,1780913073,0
124,73.866764,118.926949,0.863917,12.32484,0,0,0,0,0,0,0,0,1780913073,0
125,0.647003,48.029665,6.043678,9.669511,0,0,0,0,0,0,0,0,1780913073,0
125,-121.10544,-74.571735,2.61793,11.920931,0,0,0,0,0,0,0,0,1780913073,0
126,-47.736083,-0.809688,2.098084,12.919484,0,0,0,0,0,0,0,0,1780913073,0
126,69.326525,120.579984,3.35843,6.464417,0,0,0,0,0,0,0,0,1780913073,0
127,-3.863317,52.255752,3.882016,8.368026,0,0,0,0,0,0,0,0,1780913073,0
127,-117.642293,-69.118961,2.356137,16.169457,0,0,0,0,0,0,0,0,1780913073,0
128,-44.617006,7.219877,2.296299,5.6005,0,0,0,0,0,0,0,0,1780913073,0
128,74.7793,128.691827,4.304625,12.758669,0,0,0,0,0,0,0,0,1780913073,0
129,-2.965741,45.628649,3.096637,10.727903,0,0,0,0,0,0,0,0,1780913073,0
129,-124.370373,-78.857661,0.609604,7.08898,0,0,0,0,0,0,0,0,1780913073,0
130,-47.519169,5.533182,3.193875,7.563948,0,0,0,0,0,0,0,0,1780913073,0
130,84.47686,134.357776,7.46858,9.834067,0,0,0,0,0,0,0,0,1780913073,0
131,-3.261193,46.092397,2.741347,11.913451,0,0,0,0,0,0,0,0,1780913073,0
131,-115.806002,-65.184586,5.61733,9.628372,0,0,0,0,0,0,0,0,1780913073,0
132,-41.052882,7.952897,10.056591,10.395052,0,0,0,0,0,0,0,0,1780913073,0
132,68.627164,121.649596,-0.75546,12.519315,0,0,0,0,0,0,0,0,1780913073,0
133,2.172882,48.508372,3.594044,12.283701,0,0,0,0,0,0,0,0,1780913073,0
133,-117.01399,-73.173013,7.573297,9.116006,0,0,0,0,0,0,0,0,1780913073,0
134,-45.869873,6.35222,0.160816,7.635006,0,0,0,0,0,0,0,0,1780913073,0
134,68.847818,118.246287,5.303178,11.128072,0,0,0,0,0,0,0,0,1780913073,0
135,-6.772959,43.874636,3.7399,13.368272,0,0,0,0,0,0,0,0,1780913073,0
135,-119.011096,-73.842455,1.787672,10.223017,0,0,0,0,0,0,0,0,1780913073,0
136,-40.925725,-0.921885,7.4798,9.527395,0,0,0,0,0,0,0,0,1780913073,0
136,70.912243,115.220708,4.903009,14.000315,0,0,0,0,0,0,0,0,1780913073,0
137,-11.070104,38.612597,1.282786,14.897891,0,0,0,0,0,0,0,0,1780913073,0
137,-123.095067,-69.463032,5.396676,6.542955,0,0,0,0,0,0,0,0,1780913073,0
138,-40.3797,12.474436,3.788519,3.607134,0,0,0,0,0,0,0,0,1780913073,0
138,77.670242,124.405902,5.329357,7.990296,0,0,0,0,0,0,0,0,1780913073,0
139,-10.08277,42.416075,5.381716,11.498322,0,0,0,0,0,0,0,0,1780913073,0
139,-121.139099,-68.445779,3.571604,8.427865,0,0,0,0,0,0,0,0,1780913073,0
140,-40.38344,11.771335,4.226087,13.416891,0,0,0,0,0,0,0,0,1780913073,0
140,63.802693,118.313605,3.526726,7.997776,0,0,0,0,0,0,0,0,1780913073,0
141,-10.430581,33.64601,8.657868,8.816814,0,0,0,0,0,0,0,0,1780913073,0
141,-116.942932,-68.864648,3.096637,10.892459,0,0,0,0,0,0,0,0,1780913073,0
142,-42.425425,8.846733,5.291958,12.964363,0,0,0,0,0,0,0,0,1780913074,0
142,66.828272,117.801239,5.879123,7.590127,0,0,0,0,0,0,0,0,1780913074,0
143,-14.529511,38.683655,4.435521,6.419538,0,0,0,0,0,0,0,0,1780913074,0
143,-127.665225,-75.069142,8.474613,12.481916,0,0,0,0,0,0,0,0,1780913074,0
144,-46.262562,-0.020569,3.571604,14.344386,0,0,0,0,0,0,0,0,1780913074,0
144,71.888357,126.533905,-0.553505,10.784002,0,0,0,0,0,0,0,0,1780913074,0
145,-9.001939,46.129796,3.455668,13.300954,0,0,0,0,0,0,0,0,1780913074,0
145,-121.890819,-71.082409,4.742193,9.142185,0,0,0,0,0,0,0,0,1780913074,0
146,-50.941177,-1.568888,0.714321,14.57626,0,0,0,0,0,0,0,0,1780913074,0
146,64.457176,120.060138,5.164802,9.71813,0,0,0,0,0,0,0,0,1780913074,0
147,-11.19726,39.663509,1.701654,8.652259,0,0,0,0,0,0,0,0,1780913074,0
147,-122.358307,-76.105094,2.075644,7.010442,0,0,0,0,0,0,0,0,1780913074,0
148,-45.828734,0.637653,0.931235,10.776522,0,0,0,0,0,0,0,0,1780913074,0
148,66.54404,120.830558,5.082524,7.728503,0,0,0,0,0,0,0,0,1780913074,0
149,-14.899761,32.980308,4.297145,9.73309,0,0,0,0,0,0,0,0,1780913074,0
149,-120.406079,-76.041516,5.96888,12.493136,0,0,0,0,0,0,0,0,1780913074,0
150,-46.688911,-0.38334,0.946195,7.822001,0,0,0,0,0,0,0,0,1780913074,0
150,67.815606,116.810165,0.867657,8.936491,0,0,0,0,0,0,0,0,1780913074,0
151,-15.71506,36.118084,2.909642,5.637899,0,0,0,0,0,0,0,0,1780913074,0
151,-122.126433,-77.286903,3.38087,7.08524,0,0,0,0,0,0,0,0,1780913074,0
152,-42.98267,-3.666972,3.882016,6.041808,0,0,0,0,0,0,0,0,1780913074,0
152,73.900423,119.686148,1.720354,3.457538,0,0,0,0,0,0,0,0,1780913074,0
153,-13.912428,36.473374,2.565571,11.404825,0,0,0,0,0,0,0,0,1780913074,0
153,-122.97165,-78.764163,3.35469,15.047487,0,0,0,0,0,0,0,0,1780913074,0
154,-39.773836,5.701477,0.422609,11.812474,0,0,0,0,0,0,0,0,1780913074,0
154,68.750581,111.828619,6.413928,9.609673,0,0,0,0,0,0,0,0,1780913074,0
155,-15.32237,30.571812,8.459654,5.518222,0,0,0,0,0,0,0,0,1780913074,0
155,-126.326341,-78.797822,4.985287,12.71005,0,0,0,0,0,0,0,0,1780913074,0
156,-43.476337,2.141093,6.683201,9.273082,0,0,0,0,0,0,0,0,1780913074,0
156,62.157137,115.680715,2.505733,6.524255,0,0,0,0,0,0,0,0,1780913074,0
157,-16.747272,35.486041,8.96454,10.956037,0,0,0,0,0,0,0,0,1780913074,0
157,-131.56968,-79.115714,7.86875,8.083794,0,0,0,0,0,0,0,0,1780913074,0
158,-51.20671,0.185125,4.083971,9.299261,0,0,0,0,0,0,0,0,1780913074,0
158,67.363078,108.556206,3.616483,8.528842,0,0,0,0,0,0,0,0,1780913074,0
159,-11.627349,39.61489,3.36217,13.09526,0,0,0,0,0,0,0,0,1780913074,0
159,-126.666672,-72.555929,0.172035,10.372613,0,0,0,0,0,0,0,0,1780913074,0
160,-51.288988,-0.850827,1.537099,6.520516,0,0,0,0,0,0,0,0,1780913074,0
160,62.321693,105.470789,4.349504,9.852766,0,0,0,0,0,0,0,0,1780913074,0
161,-14.750165,31.342232,2.520693,8.128673,0,0,0,0,0,0,0,0,1780913074,0
161,-129.826887,-81.329734,5.561231,14.359346,0,0,0,0,0,0,0,0,1780913074,0
162,-47.066641,-5.98945,7.48728,6.584094,0,0,0,0,0,0,0,0,1780913074,0
162,65.302393,112.759854,6.271812,7.728503,0,0,0,0,0,0,0,0,1780913074,0
163,-13.976006,32.752174,3.541685,10.914898,0,0,0,0,0,0,0,0,1780913074,0
163,-128.701177,-79.927272,8.463394,11.812474,0,0,0,0,0,0,0,0,1780913074,0
164,-51.165571,-3.304202,3.777299,0.503017,0,0,0,0,0,0,0,0,1780913074,0
164,71.196475,113.234821,4.214867,7.537768,0,0,0,0,0,0,0,0,1780913074,0
165,-19.731712,32.845671,5.463994,12.893305,0,0,0,0,0,0,0,0,1780913074,0
165,-125.881293,-81.838361,3.702501,11.733936,0,0,0,0,0,0,0,0,1780913074,0
166,-43.180885,0.39082,3.35095,9.72935,0,0,0,0,0,0,0,0,1780913074,0
166,62.901377,112.307326,4.435521,12.272482,0,0,0,0,0,0,0,0,1780913074,0
167,-15.999292,33.316899,-0.72928,7.777122,0,0,0,0,0,0,0,0,1780913074,0
167,-126.139346,-71.733151,5.733267,13.364532,0,0,0,0,0,0,0,0,1780913074,0
168,-44.306595,7.750943,6.032459,3.270543,0,0,0,0,0,0,0,0,1780913074,0
168,66.196229,112.434482,6.514906,7.575167,0,0,0,0,0,0,0,0,1780913074,0
169,-20.273998,29.584479,2.722647,11.988249,0,0,0,0,0,0,0,0,1780913074,0
169,-125.98227,-81.587787,4.592597,9.994883,0,0,0,0,0,0,0,0,1780913074,0
170,-36.707118,14.067634,-0.815298,7.182478,0,0,0,0,0,0,0,0,1780913074,0
170,70.702809,118.908249,3.182655,12.029388,0,0,0,0,0,0,0,0,1780913074,0
171,-20.019684,37.853397,7.049711,10.301554,0,0,0,0,0,0,0,0,1780913074,0
171,-125.828934,-76.770796,0.186995,8.61486,0,0,0,0,0,0,0,0,1780913074,0
172,-29.298376,24.251381,2.023286,7.391912,0,0,0,0,0,0,0,0,1780913074,0
172,72.628857,125.856983,2.887203,6.296122,0,0,0,0,0,0,0,0,1780913074,0
173,-10.307164,35.325225,1.776452,12.758669,0,0,0,0,0,0,0,0,1780913074,0
173,-108.78995,-58.022678,6.219454,12.380939,0,0,0,0,0,0,0,0,1780913074,0
174,-19.649434,29.001054,1.249127,12.081747,0,0,0,0,0,0,0,0,1780913074,0
174,91.462993,138.991512,5.194721,13.237376,0,0,0,0,0,0,0,0,1780913074,0
175,4.798292,56.990465,6.230673,13.45055,0,0,0,0,0,0,0,0,1780913074,0
175,-97.652528,-48.422355,4.360723,13.155098,0,0,0,0,0,0,0,0,1780913074,0
176,-10.243586,41.151989,2.666549,11.075714,0,0,0,0,0,0,0,0,1780913074,0
176,94.151981,152.16344,6.638322,15.903925,0,0,0,0,0,0,0,0,1780913074,0
177,21.369788,76.25095,2.184102,13.495429,0,0,0,0,0,0,0,0,1780913074,0
177,-79.585071,-23.447303,1.615637,8.528842,0,0,0,0,0,0,0,0,1780913074,0
178,1.391243,59.930027,3.309811,15.062447,0,0,0,0,0,0,0,0,1780913074,0
178,117.825548,177.901431,3.923155,14.112512,0,0,0,0,0,0,0,0,1780913074,0
179,37.167126,92.639192,3.212574,8.128673,0,0,0,0,0,0,0,0,1780913074,0
179,-79.495313,-19.987895,5.935221,12.69509,0,0,0,0,0,0,0,0,1780913074,0
180,10.228626,72.361454,2.98818,12.612813,0,0,0,0,0,0,0,0,1780913074,0
180,126.34504,185.358792,3.579084,9.647072,0,0,0,0,0,0,0,0,1780913074,0
181,38.180639,97.272928,3.971774,8.58494,0,0,0,0,0,0,0,0,1780913074,0
181,-75.074752,-14.815614,1.746533,9.927564,0,0,0,0,0,0,0,0,1780913074,0
182,16.706133,78.13212,2.468334,7.627526,0,0,0,0,0,0,0,0,1780913074,0
182,130.051281,192.999407,5.21716,9.123486,0,0,0,0,0,0,0,0,1780913074,0
183,48.566341,112.961808,3.75486,9.306741,0,0,0,0,0,0,0,0,1780913074,0
183,-58.510735,4.441131,5.265779,9.231943,0,0,0,0,0,0,0,0,1780913074,0
184,33.763817,95.773228,8.425995,7.982816,0,0,0,0,0,0,0,0,1780913074,0
184,151.308872,213.09763,5.374236,7.021662,0,0,0,0,0,0,0,0,1780913074,0
185,65.119138,130.509419,4.330804,11.004656,0,0,0,0,0,0,0,0,1780913074,0
185,-43.117307,21.132305,3.627703,16.348973,0,0,0,0,0,0,0,0,1780913074,0
186,41.939238,106.237468,4.334544,11.068234,0,0,0,0,0,0,0,0,1780913074,0
186,142.80434,211.2015,-1.843771,13.592666,0,0,0,0,0,0,0,0,1780913074,0
187,66.282247,132.457907,6.211974,16.909958,0,0,0,0,0,0,0,0,1780913074,0
187,-44.306595,21.476375,1.189288,7.769642,0,0,0,0,0,0,0,0,1780913074,0
188,42.825594,112.412043,7.595737,10.447411,0,0,0,0,0,0,0,0,1780913074,0
188,153.463055,222.383801,4.184948,6.845887,0,0,0,0,0,0,0,0,1780913074,0
189,68.817899,138.770858,10.232366,11.060754,0,0,0,0,0,0,0,0,1780913074,0
189,-36.437845,32.561439,5.078784,12.3211,0,0,0,0,0,0,0,0,1780913074,0
190,48.502763,117.225294,2.300038,13.106479,0,0,0,0,0,0,0,0,1780913074,0
190,155.763093,233.128534,5.426595,12.160285,0,0,0,0,0,0,0,0,1780913074,0
191,70.426056,147.840115,3.590304,11.187911,0,0,0,0,0,0,0,0,1780913074,0
191,-31.568496,41.140769,6.559785,7.896799,0,0,0,0,0,0,0,0,1780913074,0
192,46.950704,123.766379,4.667395,8.513882,0,0,0,0,0,0,0,0,1780913074,0
192,145.295113,225.4019,3.986733,8.5812,0,0,0,0,0,0,0,0,1780913074,0
193,63.963509,141.478545,2.464594,14.909111,0,0,0,0,0,0,0,0,1780913074,0
193,-47.062901,25.0592,6.634583,11.322547,0,0,0,0,0,0,0,0,1780913074,0
194,44.777822,122.734167,2.9994,9.568534,0,0,0,0,0,0,0,0,1780913074,0
194,149.958769,226.647287,6.204494,14.004055,0,0,0,0,0,0,0,0,1780913074,0
195,62.336652,138.950373,4.076491,8.184771,0,0,0,0,0,0,0,0,1780913074,0
195,-41.430612,33.055106,6.081077,10.376352,0,0,0,0,0,0,0,0,1780913074,0
196,34.250004,116.282839,1.795152,10.069681,0,0,0,0,0,0,0,0,1780913074,0
196,138.256622,220.973859,2.958261,8.768195,0,0,0,0,0,0,0,0,1780913074,0
197,50.189457,128.078484,5.052605,11.659138,0,0,0,0,0,0,0,0,1780913074,0
197,-53.229996,20.17863,1.174329,16.984756,0,0,0,0,0,0,0,0,1780913074,0
198,33.034536,114.158576,2.397276,9.665771,0,0,0,0,0,0,0,0,1780913074,0
198,134.800954,212.398268,4.405602,8.98511,0,0,0,0,0,0,0,0,1780913074,0
199,41.827041,122.562131,6.870196,14.280808,0,0,0,0,0,0,0,0,1780913074,0
199,-58.196583,26.977768,7.427441,10.903678,0,0,0,0,0,0,0,0,1780913074,0
200,20.165541,107.553913,2.277599,7.298415,0,0,0,0,0,0,0,0,1780913074,0
200,124.878999,209.054798,6.799138,15.189604,0,0,0,0,0,0,0,0,1780913074,0
0,36.318168,113.694829,8.166072,8.22404,0,0,0,0,0,0,0,0,1780913074,0
101,-73.560092,2.171012,-1.628726,10.438061,0,0,0,0,0,0,0,0,1780913074,0
101,18.194613,88.121393,7.578907,14.136822,0,0,0,0,0,0,0,0,1780913074,0
102,130.507549,201.451581,7.059061,11.073844,0,0,0,0,0,0,0,0,1780913074,0
102,37.417699,108.39539,3.027449,7.453621,0,0,0,0,0,0,0,0,1780913074,0
103,-73.503994,-4.84504,4.912359,11.462793,0,0,0,0,0,0,0,0,1780913074,0
103,19.851389,99.04938,4.946018,8.250219,0,0,0,0,0,0,0,0,1780913074,0
104,121.460731,204.320084,1.333274,6.597184,0,0,0,0,0,0,0,0,1780913074,0
104,28.011851,107.067726,4.411212,8.306318,0,0,0,0,0,0,0,0,1780913074,0
105,-73.380577,11.513282,1.808242,14.342516,0,0,0,0,0,0,0,0,1780913074,0
105,15.946933,93.970596,0.102847,11.750766,0,0,0,0,0,0,0,0,1780913074,0
106,122.534082,203.418768,3.442578,12.001339,0,0,0,0,0,0,0,0,1780913074,0
106,31.729311,108.159777,6.064248,15.797337,0,0,0,0,0,0,0,0,1780913074,0
107,-77.849757,-5.275129,4.47853,7.12077,0,0,0,0,0,0,0,0,1780913074,0
107,9.839677,82.298368,4.942278,7.943548,0,0,0,0,0,0,0,0,1780913074,0
108,120.432258,197.973474,5.290088,12.263132,0,0,0,0,0,0,0,0,1780913074,0
108,28.112828,102.639684,-0.458138,9.173975,0,0,0,0,0,0,0,0,1780913074,0
109,-81.780392,-9.478776,2.451504,10.927988,0,0,0,0,0,0,0,0,1780913074,0
109,4.947888,84.84524,4.141939,7.348903,0,0,0,0,0,0,0,0,1780913074,0
110,105.379161,183.836652,2.731997,8.553151,0,0,0,0,0,0,0,0,1780913074,0
110,13.145748,93.746202,4.87496,13.998446,0,0,0,0,0,0,0,0,1780913074,0
111,-96.541777,-15.372859,7.290935,14.514552,0,0,0,0,0,0,0,0,1780913074,0
111,-5.041385,61.238992,5.129273,11.062624,0,0,0,0,0,0,0,0,1780913074,0
112,98.748318,174.969349,6.557915,14.903501,0,0,0,0,0,0,0,0,1780913074,0
112,6.72808,78.599607,7.130119,12.360369,0,0,0,0,0,0,0,0,1780913074,0
113,-94.484832,-20.305787,4.47853,5.056345,0,0,0,0,0,0,0,0,1780913074,0
113,0.37025,75.454352,4.710404,12.805417,0,0,0,0,0,0,0,0,1780913074,0
114,101.392428,177.635898,4.242916,10.542778,0,0,0,0,0,0,0,0,1780913074,0
114,6.193274,77.354221,3.74177,14.237799,0,0,0,0,0,0,0,0,1780913074,0
115,-95.629242,-23.473482,4.624386,7.726633,0,0,0,0,0,0,0,0,1780913074,0
115,-7.670535,62.114128,0.895706,11.855483,0,0,0,0,0,0,0,0,1780913074,0
116,85.868103,157.238484,5.099354,6.006279,0,0,0,0,0,0,0,0,1780913074,0
116,6.167095,78.966118,6.632713,9.993013,0,0,0,0,0,0,0,0,1780913074,0
117,-99.06621,-24.969442,6.127826,12.868996,0,0,0,0,0,0,0,0,1780913074,0
117,-12.364109,57.652428,-0.76107,11.260839,0,0,0,0,0,0,0,0,1780913074,0
118,89.529465,162.762316,2.511343,12.558584,0,0,0,0,0,0,0,0,1780913074,0
118,1.50718,76.471604,1.49783,7.513459,0,0,0,0,0,0,0,0,1780913074,0
119,-99.305564,-25.092859,4.242916,5.063825,0,0,0,0,0,0,0,0,1780913074,0
119,-19.888788,54.451073,3.603394,12.442647,0,0,0,0,0,0,0,0,1780913074,0
120,85.475413,156.943032,1.060262,14.409835,0,0,0,0,0,0,0,0,1780913074,0
120,9.106656,77.069988,3.891366,7.150689,0,0,0,0,0,0,0,0,1780913074,0
121,-95.905994,-26.753374,4.50097,10.987826,0,0,0,0,0,0,0,0,1780913074,0
121,-9.648942,59.948726,4.631866,11.993859,0,0,0,0,0,0,0,0,1780913074,0
122,96.366002,165.301708,2.698338,10.280985,0,0,0,0,0,0,0,0,1780913074,0
122,7.356383,78.89132,3.943725,11.298238,0,0,0,0,0,0,0,0,1780913074,0
123,-109.006864,-35.463601,4.272836,10.748472,0,0,0,0,0,0,0,0,1780913074,0
123,-12.285571,58.104956,5.342447,9.256252,0,0,0,0,0,0,0,0,1780913074,0
124,89.462147,157.320762,7.032882,12.768018,0,0,0,0,0,0,0,0,1780913074,0
124,7.745333,74.76995,5.439684,12.098576,0,0,0,0,0,0,0,0,1780913074,0
125,-96.620315,-26.884271,-4.250396,11.668488,0,0,0,0,0,0,0,0,1780913074,0
125,-2.920862,58.239592,3.801608,11.23092,0,0,0,0,0,0,0,0,1780913074,0
126,92.536345,158.902739,3.098507,7.801431,0,0,0,0,0,0,0,0,1780913074,0
126,6.144656,74.02945,1.325795,8.856083,0,0,0,0,0,0,0,0,1780913074,0
127,-95.782578,-26.5589,4.788942,15.486926,0,0,0,0,0,0,0,0,1780913074,0
127,-4.338284,60.902401,2.171012,8.560631,0,0,0,0,0,0,0,0,1780913074,0
128,96.530558,164.321854,2.141093,10.180008,0,0,0,0,0,0,0,0,1780913074,0
128,7.064671,77.39162,5.312528,13.429981,0,0,0,0,0,0,0,0,1780913074,0
129,-100.356475,-31.925656,4.964717,9.473167,0,0,0,0,0,0,0,0,1780913074,0
129,-6.017499,63.804563,2.010196,7.337684,0,0,0,0,0,0,0,0,1780913074,0
130,99.167187,170.384232,5.046995,11.750766,0,0,0,0,0,0,0,0,1780913074,0
130,4.065271,66.373874,5.084394,10.116429,0,0,0,0,0,0,0,0,1780913074,0
131,-97.9405,-31.02434,3.681932,10.131389,0,0,0,0,0,0,0,0,1780913074,0
131,-1.062132,63.987818,4.1195,8.796245,0,0,0,0,0,0,0,0,1780913074,0
132,103.954259,167.545648,4.949758,5.048865,0,0,0,0,0,0,0,0,1780913074,0
132,11.047664,72.821462,2.851674,2.479554,0,0,0,0,0,0,0,0,1780913074,0
133,-102.450819,-36.772566,6.198884,10.314644,0,0,0,0,0,0,0,0,1780913074,0
133,4.09519,65.536137,3.214444,11.088803,0,0,0,0,0,0,0,0,1780913074,0
134,95.980792,168.57786,5.686518,12.532405,0,0,0,0,0,0,0,0,1780913074,0
134,-0.273013,66.041023,6.35596,11.118723,0,0,0,0,0,0,0,0,1780913074,0
135,-101.493405,-38.50788,3.019969,13.691774,0,0,0,0,0,0,0,0,1780913074,0
135,-3.321031,59.185787,5.944571,7.188088,0,0,0,0,0,0,0,0,1780913074,0
136,100.984779,168.23753,3.083548,9.136576,0,0,0,0,0,0,0,0,1780913074,0
136,5.819284,74.654013,3.689411,13.186887,0,0,0,0,0,0,0,0,1780913074,0
137,-98.355629,-32.714775,5.948311,13.747872,0,0,0,0,0,0,0,0,1780913074,0
137,0.01122,58.075036,3.775429,12.214513,0,0,0,0,0,0,0,0,1780913074,0
138,95.191674,165.466264,2.197191,5.520092,0,0,0,0,0,0,0,0,1780913074,0
138,9.024379,79.725317,3.74925,9.880816,0,0,0,0,0,0,0,0,1780913074,0
139,-98.875475,-30.048226,1.49409,10.800831,0,0,0,0,0,0,0,0,1780913074,0
139,0.661962,66.467372,1.015383,13.721693,0,0,0,0,0,0,0,0,1780913074,0
140,98.759538,175.287241,2.578661,9.753659,0,0,0,0,0,0,0,0,1780913074,0
140,1.593197,71.104848,7.534028,7.08711,0,0,0,0,0,0,0,0,1780913074,0
141,-96.44454,-34.966195,6.240023,13.037291,0,0,0,0,0,0,0,0,1780913074,0
141,-13.127049,60.696706,5.24147,10.711073,0,0,0,0,0,0,0,0,1780913074,0
142,90.965587,157.429219,-0.166426,7.453621,0,0,0,0,0,0,0,0,1780913075,0
142,-10.782132,62.41332,0.577815,11.399215,0,0,0,0,0,0,0,0,1780913075,0
143,-109.650127,-40.781739,1.071481,13.048511,0,0,0,0,0,0,0,0,1780913075,0
143,-19.952366,47.988526,5.383586,12.221993,0,0,0,0,0,0,0,0,1780913075,0
144,80.254513,149.201439,8.154852,9.963093,0,0,0,0,0,0,0,0,1780913075,0
144,-14.933421,57.024125,3.476237,11.2197,0,0,0,0,0,0,0,0,1780913075,0
145,-110.166233,-31.585325,7.261016,10.905548,0,0,0,0,0,0,0,0,1780913075,0
145,-20.356275,54.361316,5.806195,7.614436,0,0,0,0,0,0,0,0,1780913075,0
146,74.079938,151.924086,2.421585,4.087711,0,0,0,0,0,0,0,0,1780913075,0
146,-25.681893,57.248519,5.656599,8.291358,0,0,0,0,0,0,0,0,1780913075,0
147,-123.869226,-39.61489,3.887626,11.126202,0,0,0,0,0,0,0,0,1780913075,0
147,-34.38838,52.495106,4.448611,5.531312,0,0,0,0,0,0,0,0,1780913075,0
148,70.145564,147.125794,3.401439,11.9602,0,0,0,0,0,0,0,0,1780913075,0
148,-21.953213,56.025571,6.441978,13.594536,0,0,0,0,0,0,0,0,1780913075,0
149,-126.131866,-52.34177,2.141093,12.958753,0,0,0,0,0,0,0,0,1780913075,0
149,-25.292943,47.184448,8.158592,10.411881,0,0,0,0,0,0,0,0,1780913075,0
150,71.03566,148.722732,2.799315,12.629642,0,0,0,0,0,0,0,0,1780913075,0
150,-30.554983,52.846656,6.632713,8.803724,0,0,0,0,0,0,0,0,1780913075,0
151,-135.653651,-56.687534,4.938538,9.405848,0,0,0,0,0,0,0,0,1780913075,0
151,-42.159892,32.718515,9.766749,11.870442,0,0,0,0,0,0,0,0,1780913075,0
152,54.782055,130.625356,6.946864,7.977207,0,0,0,0,0,0,0,0,1780913075,0
152,-46.318661,33.526333,4.49723,2.917122,0,0,0,0,0,0,0,0,1780913075,0
153,-151.260254,-77.840408,3.539815,7.363863,0,0,0,0,0,0,0,0,1780913075,0
153,-60.395644,20.657337,2.851674,7.049711,0,0,0,0,0,0,0,0,1780913075,0
154,33.932112,114.655983,4.515929,14.335037,0,0,0,0,0,0,0,0,1780913075,0
154,-65.773621,18.619092,7.773382,4.686095,0,0,0,0,0,0,0,0,1780913075,0
155,-175.240492,-92.990742,1.445471,9.72,0,0,0,0,0,0,0,0,1780913075,0
155,-76.035906,7.818261,5.211551,15.270012,0,0,0,0,0,0,0,0,1780913075,0
156,14.301377,99.644024,4.085841,11.836783,0,0,0,0,0,0,0,0,1780913075,0
156,-89.686541,-11.849873,7.313374,9.910735,0,0,0,0,0,0,0,0,1780913075,0
157,-187.256791,-112.950589,0.072928,10.643755,0,0,0,0,0,0,0,0,1780913075,0
157,-98.759538,-19.325933,5.570581,7.741593,0,0,0,0,0,0,0,0,1780913075,0
158,-2.124263,69.373274,1.707264,10.647495,0,0,0,0,0,0,0,0,1780913075,0
158,-107.320169,-41.383863,3.588434,13.755352,0,0,0,0,0,0,0,0,1780913075,0
159,-209.120246,-142.589296,2.761916,11.717107,0,0,0,0,0,0,0,0,1780913075,0
159,-116.404386,-49.664001,3.435098,9.473167,0,0,0,0,0,0,0,0,1780913075,0
160,-20.064563,44.559038,1.232297,12.375329,0,0,0,0,0,0,0,0,1780913075,0
160,-123.768249,-71.456399,2.593621,14.417314,0,0,0,0,0,0,0,0,1780913075,0
161,-226.735175,-178.653151,5.574321,13.860069,0,0,0,0,0,0,0,0,1780913075,0
161,-133.405971,-89.250842,5.866033,4.173728,0,0,0,0,0,0,0,0,1780913075,0
162,-35.065302,15.612212,6.251243,4.4991,0,0,0,0,0,0,0,0,1780913075,0
162,-138.353859,-90.271835,2.855414,8.369896,0,0,0,0,0,0,0,0,1780913075,0
163,-242.854144,-197.259153,6.883286,11.335637,0,0,0,0,0,0,0,0,1780913075,0
163,-141.630011,-97.57586,2.473944,13.508519,0,0,0,0,0,0,0,0,1780913075,0
164,-44.762863,-8.940231,1.673605,14.035845,0,0,0,0,0,0,0,0,1780913075,0
164,-145.601785,-106.203809,3.969904,13.250466,0,0,0,0,0,0,0,0,1780913075,0
165,-245.632889,-199.648949,-1.557668,8.650389,0,0,0,0,0,0,0,0,1780913075,0
165,-148.515167,-97.134552,3.835267,8.497053,0,0,0,0,0,0,0,0,1780913075,0
166,-45.548242,-3.846487,7.758422,5.942701,0,0,0,0,0,0,0,0,1780913075,0
166,-151.989534,-103.731735,3.846487,8.396075,0,0,0,0,0,0,0,0,1780913075,0
167,-244.050912,-205.722547,2.148573,-0.074798,0,0,0,0,0,0,0,0,1780913075,0
167,-140.953089,-100.261108,0.929365,7.793952,0,0,0,0,0,0,0,0,1780913075,0
168,-38.831381,-0.835868,5.61172,7.980947,0,0,0,0,0,0,0,0,1780913075,0
168,-139.621685,-106.16641,-0.192605,11.264579,0,0,0,0,0,0,0,0,1780913075,0
169,-233.384717,-198.197868,4.687965,12.375329,0,0,0,0,0,0,0,0,1780913075,0
169,-136.42781,-91.468603,3.584694,13.800231,0,0,0,0,0,0,0,0,1780913075,0
170,-32.095821,0.458138,2.541262,8.489573,0,0,0,0,0,0,0,0,1780913075,0
170,-131.236829,-99.202716,7.040362,9.203894,0,0,0,0,0,0,0,0,1780913075,0
171,-223.608618,-187.038007,2.761916,13.112089,0,0,0,0,0,0,0,0,1780913075,0
171,-118.704425,-84.011243,5.409765,12.35289,0,0,0,0,0,0,0,0,1780913075,0
172,-21.100516,13.027941,6.827187,9.671381,0,0,0,0,0,0,0,0,1780913075,0
172,-122.915552,-83.663432,4.321454,10.45676,0,0,0,0,0,0,0,0,1780913075,0
173,-209.636352,-175.074067,2.141093,12.177114,0,0,0,0,0,0,0,0,1780913075,0
173,-112.425133,-77.073728,-0.00935,10.640015,0,0,0,0,0,0,0,0,1780913075,0
174,-15.804817,20.343186,4.818861,10.602616,0,0,0,0,0,0,0,0,1780913075,0
174,-112.499931,-80.417199,3.00127,14.723986,0,0,0,0,0,0,0,0,1780913075,0
175,-213.0621,-171.113513,3.274282,10.123909,0,0,0,0,0,0,0,0,1780913075,0
175,-109.695006,-69.552789,3.880146,9.293651,0,0,0,0,0,0,0,0,1780913075,0
176,-13.994706,30.766287,-0.087888,3.294852,0,0,0,0,0,0,0,0,1780913075,0
176,-114.366141,-71.104848,3.951204,10.625056,0,0,0,0,0,0,0,0,1780913075,0
177,-203.73105,-160.058368,1.8793,8.411035,0,0,0,0,0,0,0,0,1780913075,0
177,-98.781978,-51.825664,2.432805,9.802278,0,0,0,0,0,0,0,0,1780913075,0
178,-5.557491,40.620923,4.437391,16.635075,0,0,0,0,0,0,0,0,1780913075,0
178,-106.123401,-56.567857,4.946018,8.848603,0,0,0,0,0,0,0,0,1780913075,0
179,-192.462732,-145.760731,3.184525,10.46798,0,0,0,0,0,0,0,0,1780913075,0
179,-97.099023,-36.521993,4.47479,8.044525,0,0,0,0,0,0,0,0,1780913075,0
180,-1.144409,52.902755,3.865187,13.385102,0,0,0,0,0,0,0,0,1780913075,0
180,-106.089742,-51.272158,0.891966,13.747872,0,0,0,0,0,0,0,0,1780913075,0
181,-193.25559,-139.182247,2.933952,7.4611,0,0,0,0,0,0,0,0,1780913075,0
181,-85.344517,-24.943263,3.794129,12.573544,0,0,0,0,0,0,0,0,1780913075,0
182,23.408034,86.000869,1.538969,6.750519,0,0,0,0,0,0,0,0,1780913075,0
182,-72.550319,0.633913,2.103694,8.908442,0,0,0,0,0,0,0,0,1780913075,0
183,-152.075552,-74.956945,0.252443,7.393782,0,0,0,0,0,0,0,0,1780913075,0
183,-36.041416,44.338384,2.97883,5.662209,0,0,0,0,0,0,0,0,1780913075,0
184,68.02504,156.512943,9.407718,13.938607,0,0,0,0,0,0,0,0,1780913075,0
184,-26.751504,62.334783,6.35222,8.478353,0,0,0,0,0,0,0,0,1780913075,0
185,-115.8808,-32.553959,5.462124,9.970573,0,0,0,0,0,0,0,0,1780913075,0
185,-12.068657,66.620708,2.99753,11.94524,0,0,0,0,0,0,0,0,1780913075,0
186,84.424502,159.198191,6.124086,8.343717,0,0,0,0,0,0,0,0,1780913075,0
186,-17.809404,55.569303,6.602793,15.213913,0,0,0,0,0,0,0,0,1780913075,0
187,-126.36748,-50.879469,5.768796,11.511412,0,0,0,0,0,0,0,0,1780913075,0
187,-23.714706,50.681254,6.71499,12.046218,0,0,0,0,0,0,0,0,1780913075,0
188,68.470088,136.134228,3.169565,7.610696,0,0,0,0,0,0,0,0,1780913075,0
188,-46.240123,23.095752,7.313374,9.461947,0,0,0,0,0,0,0,0,1780913075,0
189,-147.66247,-84.48621,8.184771,12.098576,0,0,0,0,0,0,0,0,1780913075,0
189,-46.116706,12.208903,2.870373,12.569804,0,0,0,0,0,0,0,0,1780913075,0
190,44.392612,102.740662,1.10514,12.109796,0,0,0,0,0,0,0,0,1780913075,0
190,-61.69713,-8.98885,4.284055,9.746179,0,0,0,0,0,0,0,0,1780913075,0
191,-158.998107,-102.336752,3.315421,5.467734,0,0,0,0,0,0,0,0,1780913075,0
191,-53.727403,-9.078607,6.090427,11.776945,0,0,0,0,0,0,0,0,1780913075,0
192,31.594675,80.521916,7.391912,14.738946,0,0,0,0,0,0,0,0,1780913075,0
192,-75.426302,-27.64721,5.551881,10.067811,0,0,0,0,0,0,0,0,1780913075,0
193,-165.849603,-127.655875,6.139046,9.529265,0,0,0,0,0,0,0,0,1780913075,0
193,-59.266195,-22.762901,3.809088,13.515998,0,0,0,0,0,0,0,0,1780913075,0
194,32.929819,71.538676,1.071481,7.734113,0,0,0,0,0,0,0,0,1780913075,0
194,-77.180315,-35.609457,4.257876,11.23092,0,0,0,0,0,0,0,0,1780913075,0
195,-166.560184,-124.383463,4.11202,8.627949,0,0,0,0,0,0,0,0,1780913075,0
195,-63.821393,-26.697276,7.025402,8.381116,0,0,0,0,0,0,0,0,1780913075,0
196,28.094128,66.594529,5.140492,13.261685,0,0,0,0,0,0,0,0,1780913075,0
196,-77.277553,-41.735414,3.450058,8.575591,0,0,0,0,0,0,0,0,1780913075,0
197,-171.272458,-131.799684,5.151712,10.415621,0,0,0,0,0,0,0,0,1780913075,0
197,-65.80354,-26.839392,2.960131,10.539038,0,0,0,0,0,0,0,0,1780913075,0
198,21.149134,59.342863,1.381893,12.969973,0,0,0,0,0,0,0,0,1780913075,0
198,-79.940362,-39.98888,4.908619,9.286172,0,0,0,0,0,0,0,0,1780913075,0
199,-167.996306,-138.755898,0.431958,10.273505,0,0,0,0,0,0,0,0,1780913075,0
199,-65.369711,-26.820693,1.606287,11.21222,0,0,0,0,0,0,0,0,1780913075,0
200,29.825702,67.421046,7.620046,10.393182,0,0,0,0,0,0,0,0,1780913075,0
200,-64.775067,-24.026987,3.36404,12.962493,0,0,0,0,0,0,0,0,1780913075,0
0,-168.880792,-125.047295,0.402039,13.199977,0,0,0,0,0,0,0,0,1780913075,0
101,-56.033051,-13.583317,4.613167,11.640439,0,0,0,0,0,0,0,0,1780913075,0
101,39.603671,82.906102,2.874113,7.807041,0,0,0,0,0,0,0,0,1780913075,0
102,-59.559777,-8.990719,6.034329,18.69389,0,0,0,0,0,0,0,0,1780913075,0
102,-140.214459,-76.585671,1.797022,-0.312282,0,0,0,0,0,0,0,0,1780913075,0
103,-25.302293,35.985317,2.159792,16.382632,0,0,0,0,0,0,0,0,1780913075,0
103,78.51359,149.046233,4.332674,12.096706,0,0,0,0,0,0,0,0,1780913075,0
104,-20.788234,41.464271,2.24207,7.661185,0,0,0,0,0,0,0,0,1780913075,0
104,-108.05132,-39.934652,5.626679,7.182478,0,0,0,0,0,0,0,0,1780913075,0
105,-1.340754,69.057253,2.735737,11.816214,0,0,0,0,0,0,0,0,1780913075,0
105,87.571627,161.638476,3.663232,9.250643,0,0,0,0,0,0,0,0,1780913075,0
106,-15.492536,54.94287,5.133013,15.163424,0,0,0,0,0,0,0,0,1780913075,0
106,-114.880377,-43.300562,5.181631,11.905972,0,0,0,0,0,0,0,0,1780913075,0
107,-10.518469,45.424825,3.128426,9.751789,0,0,0,0,0,0,0,0,1780913075,0
107,80.106787,141.031627,4.074621,10.417491,0,0,0,0,0,0,0,0,1780913075,0
108,-35.13449,37.283063,2.589881,6.976783,0,0,0,0,0,0,0,0,1780913075,0
108,-126.268372,-60.403124,2.60484,7.526549,0,0,0,0,0,0,0,0,1780913075,0
109,-29.846272,34.276183,1.325795,6.584094,0,0,0,0,0,0,0,0,1780913075,0
109,53.302924,114.508257,4.179338,11.019615,0,0,0,0,0,0,0,0,1780913075,0
110,-58.714559,-0.901316,5.114313,8.5999,0,0,0,0,0,0,0,0,1780913075,0
110,-152.327995,-99.185887,4.310235,14.692197,0,0,0,0,0,0,0,0,1780913075,0
111,-48.818784,2.752566,5.069434,19.45309,0,0,0,0,0,0,0,0,1780913075,0
111,38.855691,80.707041,5.091874,11.674098,0,0,0,0,0,0,0,0,1780913075,0
112,-67.742678,-27.30501,6.621493,13.551527,0,0,0,0,0,0,0,0,1780913075,0
112,-157.578815,-119.691758,3.595914,6.875806,0,0,0,0,0,0,0,0,1780913075,0
113,-44.555298,-8.635429,1.49783,10.316514,0,0,0,0,0,0,0,0,1780913075,0
113,34.01252,76.694128,5.884733,13.83202,0,0,0,0,0,0,0,0,1780913075,0
114,-73.113174,-31.497437,5.58928,10.159438,0,0,0,0,0,0,0,0,1780913075,0
114,-159.037376,-117.227164,1.639946,9.800408,0,0,0,0,0,0,0,0,1780913075,0
115,-51.21232,-17.1998,1.325795,11.96581,0,0,0,0,0,0,0,0,1780913075,0
115,44.218707,77.726341,2.915252,12.601593,0,0,0,0,0,0,0,0,1780913075,0
116,-67.30137,-31.175806,1.10514,14.299507,0,0,0,0,0,0,0,0,1780913075,0
116,-153.924932,-113.65556,6.658892,6.378399,0,0,0,0,0,0,0,0,1780913075,0
117,-47.674375,-4.588857,7.388172,9.553574,0,0,0,0,0,0,0,0,1780913075,0
117,48.160562,100.610789,2.709558,9.011289,0,0,0,0,0,0,0,0,1780913075,0
118,-46.836637,9.72,7.631266,12.556714,0,0,0,0,0,0,0,0,1780913075,0
118,-127.304325,-58.716429,5.843594,14.613659,0,0,0,0,0,0,0,0,1780913075,0
119,-3.580954,66.188749,3.506156,4.590727,0,0,0,0,0,0,0,0,1780913075,0
119,98.383678,161.780592,8.267049,10.746603,0,0,0,0,0,0,0,0,1780913075,0
120,-13.005502,41.561508,3.607134,15.223263,0,0,0,0,0,0,0,0,1780913075,0
120,-91.292828,-26.770204,4.515929,8.341847,0,0,0,0,0,0,0,0,1780913075,0
121,13.476729,81.709334,0.690012,13.372012,0,0,0,0,0,0,0,0,1780913075,0
121,94.20995,162.771666,3.289242,8.670958,0,0,0,0,0,0,0,0,1780913075,0
122,-15.720669,28.273644,1.606287,10.032282,0,0,0,0,0,0,0,0,1780913075,0
122,-111.103078,-82.131943,8.551281,15.271881,0,0,0,0,0,0,0,0,1780913075,0
123,-4.355113,70.168003,2.6198,6.857107,0,0,0,0,0,0,0,0,1780913075,0
123,67.817476,147.307179,7.679885,7.49289,0,0,0,0,0,0,0,0,1780913075,0
124,-56.522978,22.387041,4.815121,12.799808,0,0,0,0,0,0,0,0,1780913075,0
124,-147.802716,-84.177668,6.456937,9.082347,0,0,0,0,0,0,0,0,1780913075,0
125,-46.197114,5.149842,-2.679638,11.614259,0,0,0,0,0,0,0,0,1780913075,0
125,48.669188,101.616822,1.11636,17.56818,0,0,0,0,0,0,0,0,1780913075,0
126,-67.020877,-9.959354,6.621493,8.510142,0,0,0,0,0,0,0,0,1780913075,0
126,-160.993343,-111.613574,1.666125,7.246056,0,0,0,0,0,0,0,0,1780913075,0
127,-48.676668,-4.529019,4.635606,11.513282,0,0,0,0,0,0,0,0,1780913075,0
127,33.937722,69.046033,1.12384,9.366579,0,0,0,0,0,0,0,0,1780913075,0
128,-72.006164,-47.48177,4.628126,9.153405,0,0,0,0,0,0,0,0,1780913075,0
128,-162.197591,-133.170358,2.758176,10.282855,0,0,0,0,0,0,0,0,1780913075,0
129,-57.671127,-10.916768,4.141939,7.545248,0,0,0,0,0,0,0,0,1780913075,0
129,29.685456,66.839492,1.613767,8.98511,0,0,0,0,0,0,0,0,1780913075,0
130,-78.752943,-50.46621,4.934798,5.768796,0,0,0,0,0,0,0,0,1780913075,0
130,-167.216537,-136.865379,1.082701,5.290088,0,0,0,0,0,0,0,0,1780913075,0
131,-53.643255,-29.739684,-0.880746,9.426418,0,0,0,0,0,0,0,0,1780913075,0
131,33.249581,56.315414,8.24087,7.83322,0,0,0,0,0,0,0,0,1780913075,0
132,-80.118007,-52.362339,1.88678,11.146772,0,0,0,0,0,0,0,0,1780913075,0
132,-172.605733,-144.143224,5.290088,9.527395,0,0,0,0,0,0,0,0,1780913075,0
133,-56.010612,-40.267503,4.889919,11.539461,0,0,0,0,0,0,0,0,1780913075,0
133,31.375891,56.902578,1.475391,15.844086,0,0,0,0,0,0,0,0,1780913075,0
134,-88.188711,-56.240616,4.49723,8.469003,0,0,0,0,0,0,0,0,1780913075,0
134,-165.361546,-144.218022,7.601347,9.811628,0,0,0,0,0,0,0,0,1780913075,0
135,-54.619369,-28.524217,7.388172,12.145325,0,0,0,0,0,0,0,0,1780913075,0
135,28.380231,69.105871,-3.853967,8.487703,0,0,0,0,0,0,0,0,1780913075,0
136,-82.590081,-45.005956,5.458384,8.655998,0,0,0,0,0,0,0,0,1780913075,0
136,-166.36384,-140.350966,3.124686,10.219277,0,0,0,0,0,0,0,0,1780913075,0
137,-56.377122,-26.16434,2.765656,7.86688,0,0,0,0,0,0,0,0,1780913075,0
137,27.217122,56.797861,6.591574,7.795821,0,0,0,0,0,0,0,0,1780913075,0
138,-76.613721,-41.281016,5.439684,21.203363,0,0,0,0,0,0,0,0,1780913075,0
138,-162.111573,-128.813374,5.151712,10.626926,0,0,0,0,0,0,0,0,1780913075,0
139,-50.116529,-15.793598,6.707511,14.164871,0,0,0,0,0,0,0,0,1780913075,0
139,39.124963,70.728988,2.98257,9.269342,0,0,0,0,0,0,0,0,1780913075,0
140,-77.253243,-43.509996,2.814275,3.184525,0,0,0,0,0,0,0,0,1780913076,0
140,-154.138107,-122.077814,3.764209,14.19479,0,0,0,0,0,0,0,0,1780913076,0
141,-41.163209,-3.911935,4.964717,11.677838,0,0,0,0,0,0,0,0,1780913076,0
141,41.525979,80.849157,3.614613,10.443671,0,0,0,0,0,0,0,0,1780913076,0
142,-64.073836,-20.236599,7.373213,11.550681,0,0,0,0,0,0,0,0,1780913076,0
142,-141.171874,-90.326064,5.649119,9.680731,0,0,0,0,0,0,0,0,1780913076,0
143,-18.630312,35.944178,1.639946,8.764456,0,0,0,0,0,0,0,0,1780913076,0
143,74.784909,130.716983,6.34474,7.593867,0,0,0,0,0,0,0,0,1780913076,0
144,-24.703909,38.169419,3.954944,11.57686,0,0,0,0,0,0,0,0,1780913076,0
144,-94.370766,-28.651374,4.10454,10.365133,0,0,0,0,0,0,0,0,1780913076,0
145,19.692443,87.46878,5.368626,17.743955,0,0,0,0,0,0,0,0,1780913076,0
145,110.033467,181.007418,2.447765,10.567087,0,0,0,0,0,0,0,0,1780913076,0
146,-6.262462,71.218915,6.516776,10.264155,0,0,0,0,0,0,0,0,1780913076,0
146,-85.585741,-16.792151,6.651412,11.543201,0,0,0,0,0,0,0,0,1780913076,0
147,29.016014,116.393166,4.250396,8.053875,0,0,0,0,0,0,0,0,1780913076,0
147,108.436529,196.24751,5.877253,10.727903,0,0,0,0,0,0,0,0,1780913076,0
148,-6.670112,73.029026,5.952051,12.773628,0,0,0,0,0,0,0,0,1780913076,0
148,-95.189804,-16.107749,8.715837,16.891258,0,0,0,0,0,0,0,0,1780913076,0
149,8.547541,86.971373,5.60424,11.098153,0,0,0,0,0,0,0,0,1780913076,0
149,81.445671,157.494667,5.473344,12.485656,0,0,0,0,0,0,0,0,1780913076,0
150,-34.678222,37.357861,4.47479,9.957484,0,0,0,0,0,0,0,0,1780913076,0
150,-127.076191,-51.846233,2.862893,12.036868,0,0,0,0,0,0,0,0,1780913076,0
151,-12.683871,57.706656,5.028295,10.8401,0,0,0,0,0,0,0,0,1780913076,0
151,64.982632,134.468103,10.10708,7.747203,0,0,0,0,0,0,0,0,1780913076,0
152,-47.958607,-20.401154,5.955791,6.045548,0,0,0,0,0,0,0,0,1780913076,0
152,-120.897876,-68.526187,9.620893,12.788588,0,0,0,0,0,0,0,0,1780913076,0
153,-27.66965,55.870365,0.349681,6.662632,0,0,0,0,0,0,0,0,1780913076,0
153,48.396175,128.431904,3.345341,8.334367,0,0,0,0,0,0,0,0,1780913076,0
154,-61.979492,7.520939,8.753236,11.172951,0,0,0,0,0,0,0,0,1780913076,0
154,-146.886441,-86.870396,2.840454,7.762162,0,0,0,0,0,0,0,0,1780913076,0
155,-29.191789,22.293544,2.98631,9.202024,0,0,0,0,0,0,0,0,1780913076,0
155,52.289411,105.562416,-0.35716,9.381539,0,0,0,0,0,0,0,0,1780913076,0
156,-62.087949,-17.128742,2.021416,11.756376,0,0,0,0,0,0,0,0,1780913076,0
156,-143.741185,-96.661454,2.918992,7.623786,0,0,0,0,0,0,0,0,1780913076,0
157,-25.982955,20.303917,6.535475,9.34788,0,0,0,0,0,0,0,0,1780913076,0
157,49.379769,105.551196,3.326641,12.119146,0,0,0,0,0,0,0,0,1780913076,0
158,-67.346248,-17.727126,4.568288,9.400239,0,0,0,0,0,0,0,0,1780913076,0
158,-150.697399,-100.846402,9.3591,11.124332,0,0,0,0,0,0,0,0,1780913076,0
159,-27.116145,21.68394,6.161485,11.57686,0,0,0,0,0,0,0,0,1780913076,0
159,50.180108,102.663994,4.026002,10.301554,0,0,0,0,0,0,0,0,1780913076,0
160,-64.369288,-11.911581,9.920085,7.552728,0,0,0,0,0,0,0,0,1780913076,0
160,-142.364902,-91.343317,2.735737,7.672405,0,0,0,0,0,0,0,0,1780913076,0
161,-17.437284,36.695898,0.963024,9.433898,0,0,0,0,0,0,0,0,1780913076,0
161,68.453259,128.663778,1.307095,11.397345,0,0,0,0,0,0,0,0,1780913076,0
162,-35.87125,35.211158,5.484563,12.145325,0,0,0,0,0,0,0,0,1780913076,0
162,-94.108973,-33.26641,4.818861,6.916945,0,0,0,0,0,0,0,0,1780913076,0
163,26.289627,97.899361,2.61232,9.261862,0,0,0,0,0,0,0,0,1780913076,0
163,109.5211,183.064363,2.268249,7.182478,0,0,0,0,0,0,0,0,1780913076,0
164,5.540662,82.663009,-1.10514,7.960377,0,0,0,0,0,0,0,0,1780913076,0
164,-70.461585,8.24274,3.595914,13.641285,0,0,0,0,0,0,0,0,1780913076,0
165,56.945587,127.354813,4.766502,7.83696,0,0,0,0,0,0,0,0,1780913076,0
165,136.470819,214.498222,-0.656352,10.683024,0,0,0,0,0,0,0,0,1780913076,0
166,31.102878,103.236198,4.336414,8.569981,0,0,0,0,0,0,0,0,1780913076,0
166,-54.836283,17.061424,5.159192,14.516422,0,0,0,0,0,0,0,0,1780913076,0
167,56.855829,128.20751,3.491197,12.833467,0,0,0,0,0,0,0,0,1780913076,0
167,136.878468,197.608834,5.783755,10.537168,0,0,0,0,0,0,0,0,1780913076,0
168,14.033975,78.537899,5.660339,13.84324,0,0,0,0,0,0,0,0,1780913076,0
168,-62.637714,1.170589,8.712097,12.788588,0,0,0,0,0,0,0,0,1780913076,0
169,53.747972,117.01773,6.023109,7.638746,0,0,0,0,0,0,0,0,1780913076,0
169,125.569011,191.161246,7.167518,11.161731,0,0,0,0,0,0,0,0,1780913076,0
170,4.302755,77.090558,0.76481,11.502062,0,0,0,0,0,0,0,0,1780913076,0
170,-84.957437,-20.55823,4.568288,10.656845,0,0,0,0,0,0,0,0,1780913076,0
171,30.725148,86.941454,5.177891,10.335214,0,0,0,0,0,0,0,0,1780913076,0
171,112.486841,167.655975,5.690258,9.950004,0,0,0,0,0,0,0,0,1780913076,0
172,-9.138446,42.664779,8.379246,15.111066,0,0,0,0,0,0,0,0,1780913076,0
172,-91.520962,-52.283801,2.552482,12.298661,0,0,0,0,0,0,0,0,1780913076,0
173,18.058107,75.923709,2.840454,13.188757,0,0,0,0,0,0,0,0,1780913076,0
173,97.717976,151.331312,3.431358,10.432451,0,0,0,0,0,0,0,0,1780913076,0
174,-29.464802,20.704086,4.575768,7.10768,0,0,0,0,0,0,0,0,1780913076,0
174,-96.869019,-60.047834,3.715591,7.1002,0,0,0,0,0,0,0,0,1780913076,0
175,12.463217,44.957337,0.39082,7.784602,0,0,0,0,0,0,0,0,1780913076,0
175,89.512635,123.513936,1.811982,16.240516,0,0,0,0,0,0,0,0,1780913076,0
176,-26.633698,5.392936,2.290689,8.528842,0,0,0,0,0,0,0,0,1780913076,0
176,-107.161223,-75.658176,2.533782,7.189958,0,0,0,0,0,0,0,0,1780913076,0
177,8.360546,36.916552,5.136753,6.520516,0,0,0,0,0,0,0,0,1780913076,0
177,83.192205,105.80551,3.876406,9.415198,0,0,0,0,0,0,0,0,1780913076,0
178,-34.192035,-14.9409,4.923578,12.3211,0,0,0,0,0,0,0,0,1780913076,0
178,-115.407703,-105.446479,7.395652,8.20721,0,0,0,0,0,0,0,0,1780913076,0
179,2.481424,9.809758,4.377553,11.655398,0,0,0,0,0,0,0,0,1780913076,0
179,72.873821,107.29773,8.065094,8.098753,0,0,0,0,0,0,0,0,1780913076,0
180,-42.453474,-12.70818,6.685071,9.33292,0,0,0,0,0,0,0,0,1780913076,0
180,-122.797745,-97.985379,-0.035529,13.910558,0,0,0,0,0,0,0,0,1780913076,0
181,-5.020816,15.270012,1.909219,11.984509,0,0,0,0,0,0,0,0,1780913076,0
181,64.488965,87.046171,6.875806,11.027095,0,0,0,0,0,0,0,0,1780913076,0
182,-57.001685,-39.078215,1.538969,8.61112,0,0,0,0,0,0,0,0,1780913076,0
182,-131.552851,-122.926772,5.6192,11.483363,0,0,0,0,0,0,0,0,1780913076,0
183,-15.69449,4.199908,4.87496,13.181277,0,0,0,0,0,0,0,0,1780913076,0
183,61.799977,86.930235,3.846487,9.781708,0,0,0,0,0,0,0,0,1780913076,0
184,-68.266264,-42.111274,3.827788,13.027941,0,0,0,0,0,0,0,0,1780913076,0
184,-140.083563,-119.886233,3.465017,12.478176,0,0,0,0,0,0,0,0,1780913076,0
185,-17.654198,-0.878876,5.353667,4.437391,0,0,0,0,0,0,0,0,1780913076,0
185,51.152482,67.740808,0.577815,9.654552,0,0,0,0,0,0,0,0,1780913076,0
186,-72.077222,-49.142285,1.826941,10.46237,0,0,0,0,0,0,0,0,1780913076,0
186,-145.588695,-128.338407,0.203825,14.030235,0,0,0,0,0,0,0,0,1780913076,0
187,-21.910204,1.394983,4.84878,17.452243,0,0,0,0,0,0,0,0,1780913076,0
187,53.157068,87.008772,5.420985,11.96581,0,0,0,0,0,0,0,0,1780913076,0
188,-62.402101,-40.147826,3.016229,9.576014,0,0,0,0,0,0,0,0,1780913076,0
188,-144.081516,-125.152012,3.509896,12.515575,0,0,0,0,0,0,0,0,1780913076,0
189,-8.5999,15.498145,-1.464171,9.931304,0,0,0,0,0,0,0,0,1780913076,0
189,83.790589,112.245617,5.697738,8.061354,0,0,0,0,0,0,0,0,1780913076,0
190,-45.191081,-7.524679,0.832128,6.72247,0,0,0,0,0,0,0,0,1780913076,0
190,-113.63499,-73.814405,4.149419,6.329781,0,0,0,0,0,0,0,0,1780913076,0
191,10.993436,47.766002,0.903186,7.915498,0,0,0,0,0,0,0,0,1780913076,0
191,86.685271,126.520816,1.460431,10.383832,0,0,0,0,0,0,0,0,1780913076,0
192,-23.256568,11.877922,2.010196,13.914298,0,0,0,0,0,0,0,0,1780913076,0
192,-86.928365,-56.150858,2.406626,11.172951,0,0,0,0,0,0,0,0,1780913076,0
193,27.411597,56.042401,5.394806,12.552974,0,0,0,0,0,0,0,0,1780913076,0
193,101.570073,128.405725,4.373813,5.013336,0,0,0,0,0,0,0,0,1780913076,0
194,-13.304694,20.225379,2.372967,9.598453,0,0,0,0,0,0,0,0,1780913076,0
194,-87.534228,-61.270781,5.61172,13.304694,0,0,0,0,0,0,0,0,1780913076,0
195,43.276252,61.240862,3.906326,11.457184,0,0,0,0,0,0,0,0,1780913076,0
195,112.700015,137.620839,3.420139,8.083794,0,0,0,0,0,0,0,0,1780913076,0
196,-18.69015,3.130296,1.950358,10.525948,0,0,0,0,0,0,0,0,1780913076,0
196,-82.706018,-60.93045,6.453197,11.517022,0,0,0,0,0,0,0,0,1780913076,0
197,37.079238,58.237722,0.891966,6.326041,0,0,0,0,0,0,0,0,1780913076,0
197,97.785294,113.378807,3.35282,11.636699,0,0,0,0,0,0,0,0,1780913076,0
198,-18.940723,-1.552058,2.182232,11.692797,0,0,0,0,0,0,0,0,1780913076,0
198,-92.571874,-73.130004,-2.219631,10.45863,0,0,0,0,0,0,0,0,1780913076,0
199,29.315206,46.831027,7.302155,11.057014,0,0,0,0,0,0,0,0,1780913076,0
199,96.607226,115.274936,4.022262,11.715237,0,0,0,0,0,0,0,0,1780913076,0
200,-33.724548,-11.477753,4.040962,14.882932,0,0,0,0,0,0,0,0,1780913076,0
200,-108.814259,-86.051358,4.448611,12.063047,0,0,0,0,0,0,0,0,1780913076,0
0,16.287264,31.989234,3.695021,16.109619,0,0,0,0,0,0,0,0,1780913076,0
101,87.674475,105.078099,4.989027,11.932151,0,0,0,0,0,0,0,0,1780913076,0
101,-35.663686,-15.219523,6.402709,12.788588,0,0,0,0,0,0,0,0,1780913076,0
102,-109.029303,-91.22177,5.116183,10.683024,0,0,0,0,0,0,0,0,1780913076,0
102,13.575837,34.120977,4.020392,7.990296,0,0,0,0,0,0,0,0,1780913076,0
103,78.788472,103.058553,3.762339,5.918392,0,0,0,0,0,0,0,0,1780913076,0
103,-42.141193,-15.096106,4.757153,15.126025,0,0,0,0,0,0,0,0,1780913076,0
104,-115.806002,-92.642932,3.410789,6.913205,0,0,0,0,0,0,0,0,1780913076,0
104,11.376776,31.117838,-0.119677,10.45115,0,0,0,0,0,0,0,0,1780913076,0
105,84.428241,108.41783,1.256606,6.935644,0,0,0,0,0,0,0,0,1780913076,0
105,-41.741023,-12.451997,2.565571,7.361993,0,0,0,0,0,0,0,0,1780913076,0
106,-112.698145,-89.852966,9.065517,11.932151,0,0,0,0,0,0,0,0,1780913076,0
106,12.652082,37.307372,3.807218,7.414352,0,0,0,0,0,0,0,0,1780913076,0
107,87.573497,108.844178,8.878522,14.523901,0,0,0,0,0,0,0,0,1780913076,0
107,-34.235044,-8.925271,1.963447,8.289488,0,0,0,0,0,0,0,0,1780913076,0
108,-101.886094,-76.782016,4.327064,7.242316,0,0,0,0,0,0,0,0,1780913076,0
108,17.850542,46.185895,0.549765,8.760716,0,0,0,0,0,0,0,0,1780913076,0
109,88.276599,118.351004,2.157922,13.244856,0,0,0,0,0,0,0,0,1780913076,0
109,-31.624594,-9.998623,3.695021,9.190804,0,0,0,0,0,0,0,0,1780913076,0
110,-93.744332,-72.219338,1.739053,7.657445,0,0,0,0,0,0,0,0,1780913076,0
110,36.579961,56.294844,6.301731,12.306141,0,0,0,0,0,0,0,0,1780913076,0
111,96.107949,120.01526,3.713721,11.790035,0,0,0,0,0,0,0,0,1780913076,0
111,-25.678153,9.654552,2.894683,12.803547,0,0,0,0,0,0,0,0,1780913076,0
112,-90.240046,-55.460846,2.569311,8.031435,0,0,0,0,0,0,0,0,1780913076,0
112,40.297422,58.980092,3.706241,7.646225,0,0,0,0,0,0,0,0,1780913076,0
113,98.512705,128.276699,6.148396,10.668065,0,0,0,0,0,0,0,0,1780913076,0
113,-27.211512,23.615598,5.718307,11.988249,0,0,0,0,0,0,0,0,1780913076,0
114,-100.760385,-54.279038,4.959107,8.813074,0,0,0,0,0,0,0,0,1780913076,0
114,20.1992,60.524671,6.956214,7.556468,0,0,0,0,0,0,0,0,1780913076,0
115,90.187687,133.161008,3.676322,9.422678,0,0,0,0,0,0,0,0,1780913076,0
115,-33.513244,10.410012,8.134282,10.383832,0,0,0,0,0,0,0,0,1780913076,0
116,-101.796337,-57.521531,-0.774159,13.368272,0,0,0,0,0,0,0,0,1780913076,0
116,24.185933,59.002532,3.451928,13.416891,0,0,0,0,0,0,0,0,1780913076,0
117,95.68534,138.022878,1.907349,13.289734,0,0,0,0,0,0,0,0,1780913076,0
117,-24.952613,12.365979,4.09893,9.587234,0,0,0,0,0,0,0,0,1780913076,0
118,-96.268765,-57.996499,-1.918569,10.870019,0,0,0,0,0,0,0,0,1780913076,0
118,32.338915,74.534336,2.393536,5.98945,0,0,0,0,0,0,0,0,1780913076,0
119,99.851589,145.820569,0.306672,7.739723,0,0,0,0,0,0,0,0,1780913076,0
119,-26.355075,23.017214,1.151889,6.228803,0,0,0,0,0,0,0,0,1780913076,0
120,-90.240046,-44.936768,5.796845,8.839254,0,0,0,0,0,0,0,0,1780913076,0
120,33.849834,86.988203,3.956814,16.348973,0,0,0,0,0,0,0,0,1780913076,0
121,96.919507,150.297229,8.253959,9.811628,0,0,0,0,0,0,0,0,1780913076,0
121,-24.997491,32.310866,5.363017,15.249442,0,0,0,0,0,0,0,0,1780913076,0
122,-93.482539,-34.805379,5.841724,9.632112,0,0,0,0,0,0,0,0,1780913076,0
122,31.953705,90.974936,4.270966,10.694244,0,0,0,0,0,0,0,0,1780913076,0
123,108.730111,162.335967,3.964294,8.5999,0,0,0,0,0,0,0,0,1780913076,0
123,-16.148888,45.748326,4.203648,10.982216,0,0,0,0,0,0,0,0,1780913076,0
124,-78.88945,-25.328472,2.640369,12.990542,0,0,0,0,0,0,0,0,1780913076,0
124,44.224317,99.946956,7.064671,9.280562,0,0,0,0,0,0,0,0,1780913076,0
125,110.558922,162.530442,4.521539,11.700277,0,0,0,0,0,0,0,0,1780913076,0
125,-10.610096,37.475668,8.24274,5.783755,0,0,0,0,0,0,0,0,1780913076,0
126,-70.078245,-17.291427,4.031612,9.680731,0,0,0,0,0,0,0,0,1780913076,0
126,55.844186,114.573705,5.407895,13.992836,0,0,0,0,0,0,0,0,1780913076,0
127,122.410665,178.189403,-0.886356,13.667464,0,0,0,0,0,0,0,0,1780913076,0
127,0.826518,59.679454,6.103517,14.639838,0,0,0,0,0,0,0,0,1780913076,0
128,-66.92925,-3.75299,2.142963,11.674098,0,0,0,0,0,0,0,0,1780913076,0
128,72.995367,131.855783,6.974913,14.501462,0,0,0,0,0,0,0,0,1780913076,0
129,153.111504,211.743786,3.519246,15.773028,0,0,0,0,0,0,0,0,1780913076,0
129,35.693605,96.409011,7.049711,10.963517,0,0,0,0,0,0,0,0,1780913076,0
130,-28.864548,38.788372,6.129696,9.452597,0,0,0,0,0,0,0,0,1780913076,0
130,91.545271,154.549496,2.199061,8.667218,0,0,0,0,0,0,0,0,1780913076,0
131,160.639923,224.377168,5.636029,9.475037,0,0,0,0,0,0,0,0,1780913076,0
131,33.831135,100.133951,-0.602124,10.346433,0,0,0,0,0,0,0,0,1780913076,0
132,-31.721831,30.089365,5.475214,10.054721,0,0,0,0,0,0,0,0,1780913076,0
132,89.776298,153.240531,1.065871,6.651412,0,0,0,0,0,0,0,0,1780913076,0
133,145.541947,215.199453,3.934375,8.080054,0,0,0,0,0,0,0,0,1780913076,0
133,19.563417,89.523855,0.564725,11.59556,0,0,0,0,0,0,0,0,1780913076,0
134,-44.800262,21.551173,2.60671,12.033128,0,0,0,0,0,0,0,0,1780913076,0
134,69.188149,140.16958,4.802032,10.133259,0,0,0,0,0,0,0,0,1780913076,0
135,139.217776,204.832451,6.33913,10.978476,0,0,0,0,0,0,0,0,1780913076,0
135,13.710473,75.484271,0.134636,6.909465,0,0,0,0,0,0,0,0,1780913076,0
136,-54.086433,6.771089,5.463994,11.109373,0,0,0,0,0,0,0,0,1780913076,0
136,68.672043,124.675175,4.760893,7.8594,0,0,0,0,0,0,0,0,1780913076,0
137,137.022455,194.626264,0.00748,0.345941,0,0,0,0,0,0,0,0,1780913076,0
137,12.487526,69.848242,8.164202,11.891012,0,0,0,0,0,0,0,0,1780913076,0
138,-51.22167,4.257876,5.636029,9.093567,0,0,0,0,0,0,0,0,1780913076,0
138,69.438722,125.658769,3.788519,12.066787,0,0,0,0,0,0,0,0,1780913076,0
139,128.001816,177.792974,7.146949,9.71813,0,0,0,0,0,0,0,0,1780913076,0
139,3.571604,62.405841,1.249127,7.758422,0,0,0,0,0,0,0,0,1780913076,0
140,-68.500008,-9.000069,1.679215,10.181878,0,0,0,0,0,0,0,0,1780913076,0
140,55.096206,112.91319,1.469781,7.612566,0,0,0,0,0,0,0,0,1780913076,0
141,122.492943,178.914944,4.727234,13.334613,0,0,0,0,0,0,0,0,1780913077,0
141,-12.113536,50.598976,5.407895,11.905972,0,0,0,0,0,0,0,0,1780913077,0
142,-80.179715,-13.622586,5.299438,13.315914,0,0,0,0,0,0,0,0,1780913077,0
142,34.837168,100.91559,5.9801,12.070527,0,0,0,0,0,0,0,0,1780913077,0
143,102.465779,165.133413,3.889496,9.254382,0,0,0,0,0,0,0,0,1780913077,0
143,-22.585256,39.917822,7.715414,13.674944,0,0,0,0,0,0,0,0,1780913077,0
144,-93.598476,-29.674236,5.553751,9.647072,0,0,0,0,0,0,0,0,1780913077,0
144,30.300669,90.032482,1.555798,9.531135,0,0,0,0,0,0,0,0,1780913077,0
145,104.432966,158.551189,5.134883,13.798361,0,0,0,0,0,0,0,0,1780913077,0
145,-29.735945,29.247888,8.743886,14.146172,0,0,0,0,0,0,0,0,1780913077,0
146,-86.638522,-39.330658,4.760893,4.209257,0,0,0,0,0,0,0,0,1780913077,0
146,38.001123,89.636052,3.968034,12.983063,0,0,0,0,0,0,0,0,1780913077,0
147,91.504132,156.112774,9.529265,10.634406,0,0,0,0,0,0,0,0,1780913077,0
147,-23.718446,29.446102,6.993613,7.590127,0,0,0,0,0,0,0,0,1780913077,0
148,-79.914182,-51.537691,3.175175,4.261616,0,0,0,0,0,0,0,0,1780913077,0
148,44.598307,93.360993,3.321031,7.964117,0,0,0,0,0,0,0,0,1780913077,0
149,99.354182,169.70357,1.649296,8.562501,0,0,0,0,0,0,0,0,1780913077,0
149,-32.16314,28.350312,4.465441,15.264402,0,0,0,0,0,0,0,0,1780913077,0
150,-91.167541,-35.616937,-1.020993,11.733936,0,0,0,0,0,0,0,0,1780913077,0
150,41.460531,98.234082,3.601524,11.610519,0,0,0,0,0,0,0,0,1780913077,0
151,95.846156,152.13352,5.205941,11.116853,0,0,0,0,0,0,0,0,1780913077,0
151,-32.16314,23.043394,1.985887,11.864833,0,0,0,0,0,0,0,0,1780913077,0
152,-98.508965,-46.481347,6.35783,9.882686,0,0,0,0,0,0,0,0,1780913077,0
152,34.321062,78.464971,6.473767,9.792928,0,0,0,0,0,0,0,0,1780913077,0
153,94.282878,144.167533,4.940408,6.703771,0,0,0,0,0,0,0,0,1780913077,0
153,-33.393567,1.965317,2.520693,8.20721,0,0,0,0,0,0,0,0,1780913077,0
154,-93.968726,-51.309557,1.840031,12.418338,0,0,0,0,0,0,0,0,1780913077,0
154,29.90424,87.066741,4.09893,9.138446,0,0,0,0,0,0,0,0,1780913077,0
155,85.774605,143.038084,4.020392,6.097907,0,0,0,0,0,0,0,0,1780913077,0
155,-50.230596,9.964963,1.600677,7.661185,0,0,0,0,0,0,0,0,1780913077,0
156,-103.699946,-48.111943,5.254559,6.673851,0,0,0,0,0,0,0,0,1780913077,0
156,27.66778,73.457245,3.691281,14.841793,0,0,0,0,0,0,0,0,1780913077,0
157,88.867503,136.784971,6.802878,8.319407,0,0,0,0,0,0,0,0,1780913077,0
157,-53.884479,3.951204,8.089404,11.771335,0,0,0,0,0,0,0,0,1780913077,0
158,-113.206772,-59.06985,2.498253,7.945417,0,0,0,0,0,0,0,0,1780913077,0
158,27.114275,80.207764,3.36591,12.070527,0,0,0,0,0,0,0,0,1780913077,0
159,83.960754,128.852643,6.167095,5.185371,0,0,0,0,0,0,0,0,1780913077,0
159,-50.081,-12.72127,4.48788,11.849873,0,0,0,0,0,0,0,0,1780913077,0
160,-111.864148,-52.659661,4.974067,3.551035,0,0,0,0,0,0,0,0,1780913077,0
160,12.255652,66.456152,2.060685,8.663478,0,0,0,0,0,0,0,0,1780913077,0
161,68.941316,128.60955,4.304625,9.000069,0,0,0,0,0,0,0,0,1780913077,0
161,-61.951443,0.39082,2.97696,11.367426,0,0,0,0,0,0,0,0,1780913077,0
162,-123.181085,-71.145987,5.905302,11.157992,0,0,0,0,0,0,0,0,1780913077,0
162,21.740038,72.013644,2.99566,10.245456,0,0,0,0,0,0,0,0,1780913077,0
163,74.715721,132.442947,-1.047172,8.177291,0,0,0,0,0,0,0,0,1780913077,0
163,-58.821147,-3.674452,2.62915,9.486256,0,0,0,0,0,0,0,0,1780913077,0
164,-115.817222,-63.17252,3.717461,9.968703,0,0,0,0,0,0,0,0,1780913077,0
164,7.663055,53.310404,7.599477,9.220723,0,0,0,0,0,0,0,0,1780913077,0
165,64.460916,117.531966,1.619377,12.597853,0,0,0,0,0,0,0,0,1780913077,0
165,-66.345825,-7.769642,-0.721801,8.869173,0,0,0,0,0,0,0,0,1780913077,0
166,-116.673659,-65.43142,1.563278,9.291781,0,0,0,0,0,0,0,0,1780913077,0
166,14.495852,55.760038,2.99192,9.897645,0,0,0,0,0,0,0,0,1780913077,0
167,66.300946,125.714867,0.127157,10.597007,0,0,0,0,0,0,0,0,1780913077,0
167,-67.209742,-4.699184,4.465441,12.687611,0,0,0,0,0,0,0,0,1780913077,0
168,-123.839307,-68.76741,3.567865,8.59616,0,0,0,0,0,0,0,0,1780913077,0
168,7.823871,64.694659,0.228134,7.971597,0,0,0,0,0,0,0,0,1780913077,0
169,70.968342,128.437514,3.653882,17.373705,0,0,0,0,0,0,0,0,1780913077,0
169,-63.899931,-9.168365,5.718307,13.345833,0,0,0,0,0,0,0,0,1780913077,0
170,-126.37122,-78.11716,5.867903,8.798115,0,0,0,0,0,0,0,0,1780913077,0
170,6.518646,63.651227,2.199061,17.493382,0,0,0,0,0,0,0,0,1780913077,0
171,57.418684,111.372351,-0.056098,11.22531,0,0,0,0,0,0,0,0,1780913077,0
171,-68.537407,-11.472143,1.525879,13.158838,0,0,0,0,0,0,0,0,1780913077,0
172,-124.452651,-72.731704,5.542532,11.472143,0,0,0,0,0,0,0,0,1780913077,0
172,6.686941,51.489073,2.928342,14.007795,0,0,0,0,0,0,0,0,1780913077,0
173,66.577699,109.779153,2.056945,3.966164,0,0,0,0,0,0,0,0,1780913077,0
173,-74.75312,-12.063047,7.947287,3.72681,0,0,0,0,0,0,0,0,1780913077,0
174,-134.741116,-76.415506,6.010019,5.727657,0,0,0,0,0,0,0,0,1780913077,0
174,3.38087,59.664494,6.597184,12.870866,0,0,0,0,0,0,0,0,1780913077,0
175,66.098992,114.274513,1.694175,6.561654,0,0,0,0,0,0,0,0,1780913077,0
175,-70.104425,-26.704756,3.010619,10.372613,0,0,0,0,0,0,0,0,1780913077,0
176,-125.99723,-87.698784,-2.344917,8.21095,0,0,0,0,0,0,0,0,1780913077,0
176,3.111597,54.56701,4.708534,13.226156,0,0,0,0,0,0,0,0,1780913077,0
177,57.923571,108.466448,1.724094,7.743463,0,0,0,0,0,0,0,0,1780913077,0
177,-74.655883,-27.793067,1.87369,5.62294,0,0,0,0,0,0,0,0,1780913077,0
178,-132.975883,-84.448811,9.248773,11.991989,0,0,0,0,0,0,0,0,1780913077,0
178,-6.017499,43.639023,1.664255,15.33172,0,0,0,0,0,0,0,0,1780913077,0
179,45.271489,101.139984,1.941008,11.176691,0,0,0,0,0,0,0,0,1780913077,0
179,-95.68534,-48.874883,1.230427,13.865679,0,0,0,0,0,0,0,0,1780913077,0
180,-155.908949,-109.92127,4.435521,7.122639,0,0,0,0,0,0,0,0,1780913077,0
180,-17.757045,37.453228,4.805771,6.991743,0,0,0,0,0,0,0,0,1780913077,0
181,29.511551,74.668973,1.062132,12.365979,0,0,0,0,0,0,0,0,1780913077,0
181,-106.957399,-65.562316,9.499346,8.872913,0,0,0,0,0,0,0,0,1780913077,0
182,-170.154228,-130.397222,2.105564,6.038068,0,0,0,0,0,0,0,0,1780913077,0
182,-37.223224,0.824648,3.029319,8.461524,0,0,0,0,0,0,0,0,1780913077,0
183,11.358076,52.311851,7.741593,6.628973,0,0,0,0,0,0,0,0,1780913077,0
183,-120.432258,-84.216937,4.820731,8.065094,0,0,0,0,0,0,0,0,1780913077,0
184,-177.450773,-144.332089,6.952474,5.293828,0,0,0,0,0,0,0,0,1780913077,0
184,-49.164725,-8.360546,3.335991,10.712943,0,0,0,0,0,0,0,0,1780913077,0
185,6.398969,44.805871,1.421162,5.877253,0,0,0,0,0,0,0,0,1780913077,0
185,-134.778515,-95.122485,9.619023,10.727903,0,0,0,0,0,0,0,0,1780913077,0
186,-188.921046,-156.849534,2.782486,8.012736,0,0,0,0,0,0,0,0,1780913077,0
186,-51.666718,-18.821047,7.666795,12.564194,0,0,0,0,0,0,0,0,1780913077,0
187,8.512012,36.955821,3.792259,11.872312,0,0,0,0,0,0,0,0,1780913077,0
187,-130.200877,-99.43459,3.407049,9.280562,0,0,0,0,0,0,0,0,1780913077,0
188,-188.614374,-151.576275,3.092897,7.582647,0,0,0,0,0,0,0,0,1780913077,0
188,-46.834767,-7.410612,1.148149,13.136399,0,0,0,0,0,0,0,0,1780913077,0
189,-3.713721,29.244148,6.391489,9.777968,0,0,0,0,0,0,0,0,1780913077,0
189,-133.641585,-103.623278,2.928342,6.139046,0,0,0,0,0,0,0,0,1780913077,0
190,-185.835629,-158.719484,5.131143,12.261262,0,0,0,0,0,0,0,0,1780913077,0
190,-45.346287,-13.536568,2.9807,9.968703,0,0,0,0,0,0,0,0,1780913077,0
191,9.71626,48.545771,5.774406,9.71065,0,0,0,0,0,0,0,0,1780913077,0
191,-132.33262,-89.938984,5.385456,14.093813,0,0,0,0,0,0,0,0,1780913077,0
192,-180.854082,-142.147987,10.015452,13.012982,0,0,0,0,0,0,0,0,1780913077,0
192,-29.406833,4.407472,12.386549,11.068234,0,0,0,0,0,0,0,0,1780913077,0
193,28.531697,64.361808,5.961401,9.635852,0,0,0,0,0,0,0,0,1780913077,0
193,-105.723232,-66.803963,4.001693,13.719823,0,0,0,0,0,0,0,0,1780913077,0
194,-157.793859,-112.438222,3.018099,11.038315,0,0,0,0,0,0,0,0,1780913077,0
194,-14.701547,31.02434,7.079631,11.752636,0,0,0,0,0,0,0,0,1780913077,0
195,44.822701,89.692151,7.696714,10.237976,0,0,0,0,0,0,0,0,1780913077,0
195,-91.496652,-37.692582,5.000246,8.158592,0,0,0,0,0,0,0,0,1780913077,0
196,-137.721816,-83.756929,3.466887,14.980169,0,0,0,0,0,0,0,0,1780913077,0
196,0.531066,53.721793,6.170835,4.48975,0,0,0,0,0,0,0,0,1780913077,0
197,56.618345,118.425802,3.657622,5.832374,0,0,0,0,0,0,0,0,1780913077,0
197,-58.753828,-5.772536,5.920262,8.61112,0,0,0,0,0,0,0,0,1780913077,0
198,-107.29773,-50.049211,8.347457,8.397945,0,0,0,0,0,0,0,0,1780913077,0
198,43.491297,98.712789,1.765233,7.08524,0,0,0,0,0,0,0,0,1780913077,0
199,86.803078,137.884502,5.280739,9.134706,0,0,0,0,0,0,0,0,1780913077,0
199,-47.399492,9.860246,4.644956,14.434144,0,0,0,0,0,0,0,0,1780913077,0
200,-79.528973,-24.423417,3.231274,9.523655,0,0,0,0,0,0,0,0,1780913077,0
200,54.654898,105.467049,4.910489,8.936491,0,0,0,0,0,0,0,0,1780913077,0
0,102.821069,157.146856,6.647672,9.796668,0,0,0,0,0,0,0,0,1780913077,0
101,-33.210312,15.011958,2.107434,11.382386,0,0,0,0,0,0,0,0,1780913077,0
101,-93.976206,-42.634859,5.98945,13.229896,0,0,0,0,0,0,0,0,1780913077,0
102,39.6205,84.372143,3.236883,7.504109,0,0,0,0,0,0,0,0,1780913077,0
102,81.10721,134.987949,7.500369,8.697137,0,0,0,0,0,0,0,0,1780913077,0
103,-48.375606,6.660762,5.802455,14.535121,0,0,0,0,0,0,0,0,1780913077,0
103,-110.66364,-47.511689,3.420139,11.483363,0,0,0,0,0,0,0,0,1780913077,0
104,30.371728,79.353197,3.681932,11.984509,0,0,0,0,0,0,0,0,1780913077,0
104,74.281893,122.915552,4.87122,9.983663,0,0,0,0,0,0,0,0,1780913077,0
105,-71.600385,-19.368942,7.582647,13.173798,0,0,0,0,0,0,0,0,1780913077,0
105,-120.806248,-70.710288,1.610027,6.587834,0,0,0,0,0,0,0,0,1780913077,0
106,1.473521,49.879046,3.479977,11.715237,0,0,0,0,0,0,0,0,1780913077,0
106,63.361385,100.842662,1.172459,8.409165,0,0,0,0,0,0,0,0,1780913077,0
107,-74.723201,-30.371728,4.272836,10.237976,0,0,0,0,0,0,0,0,1780913077,0
107,-128.880692,-95.285171,9.964963,16.644425,0,0,0,0,0,0,0,0,1780913077,0
108,2.509473,37.114767,6.202624,7.934198,0,0,0,0,0,0,0,0,1780913077,0
108,51.498422,87.289265,0.37586,13.252335,0,0,0,0,0,0,0,0,1780913077,0
109,-93.983686,-49.36294,4.272836,11.045795,0,0,0,0,0,0,0,0,1780913077,0
109,-132.553274,-84.547918,8.405425,11.434744,0,0,0,0,0,0,0,0,1780913077,0
110,-0.291712,45.768896,6.471897,10.46985,0,0,0,0,0,0,0,0,1780913077,0
110,48.379346,85.112643,5.379846,12.32484,0,0,0,0,0,0,0,0,1780913077,0
111,-99.960046,-58.30878,3.812828,10.761562,0,0,0,0,0,0,0,0,1780913077,0
111,-148.855498,-111.198445,2.814275,7.908018,0,0,0,0,0,0,0,0,1780913077,0
112,-7.10955,22.03923,4.145679,10.234236,0,0,0,0,0,0,0,0,1780913077,0
112,33.483324,78.51546,2.26077,15.380339,0,0,0,0,0,0,0,0,1780913077,0
113,-108.584255,-60.881831,3.304202,10.10334,0,0,0,0,0,0,0,0,1780913077,0
113,-159.61519,-120.196645,5.96327,10.271635,0,0,0,0,0,0,0,0,1780913077,0
114,-19.013651,16.788411,5.937091,11.97703,0,0,0,0,0,0,0,0,1780913077,0
114,27.30501,62.662024,1.793282,10.668065,0,0,0,0,0,0,0,0,1780913077,0
115,-110.514044,-76.062085,4.504709,12.384679,0,0,0,0,0,0,0,0,1780913077,0
115,-161.051312,-122.212451,2.163532,4.1195,0,0,0,0,0,0,0,0,1780913077,0
116,-25.124648,8.455914,2.855414,8.405425,0,0,0,0,0,0,0,0,1780913077,0
116,23.875521,61.237122,0.338461,12.624032,0,0,0,0,0,0,0,0,1780913077,0
117,-114.960785,-75.452482,6.023109,12.605333,0,0,0,0,0,0,0,0,1780913077,0
117,-158.85973,-125.570881,2.369227,9.433898,0,0,0,0,0,0,0,0,1780913077,0
118,-17.17736,16.956706,6.774829,10.47359,0,0,0,0,0,0,0,0,1780913077,0
118,20.820023,60.893051,5.140492,10.683024,0,0,0,0,0,0,0,0,1780913077,0
119,-115.443232,-77.427149,3.603394,11.184171,0,0,0,0,0,0,0,0,1780913077,0
119,-158.698915,-117.75823,9.366579,10.036022,0,0,0,0,0,0,0,0,1780913077,0
120,-22.775991,16.137668,6.681331,13.622586,0,0,0,0,0,0,0,0,1780913077,0
120,30.824255,67.748288,-1.969057,9.059908,0,0,0,0,0,0,0,0,1780913077,0
121,-108.442139,-68.298053,-0.641393,14.789434,0,0,0,0,0,0,0,0,1780913077,0
121,-152.872151,-114.889727,4.261616,14.987649,0,0,0,0,0,0,0,0,1780913077,0
122,-16.620115,14.667888,4.373813,3.928765,0,0,0,0,0,0,0,0,1780913077,0
122,21.066856,57.261608,7.006703,11.000916,0,0,0,0,0,0,0,0,1780913077,0
123,-104.709719,-54.135052,4.699184,11.296368,0,0,0,0,0,0,0,0,1780913077,0
123,-143.088572,-93.542378,2.720777,3.805348,0,0,0,0,0,0,0,0,1780913077,0
124,0.138376,51.068334,0.428219,10.170658,0,0,0,0,0,0,0,0,1780913077,0
124,40.970604,92.225933,3.801608,10.914898,0,0,0,0,0,0,0,0,1780913077,0
125,-93.07489,-40.873367,3.079808,13.914298,0,0,0,0,0,0,0,0,1780913077,0
125,-116.067795,-64.561893,4.254136,12.010689,0,0,0,0,0,0,0,0,1780913077,0
126,21.388488,67.29576,0.117807,10.731643,0,0,0,0,0,0,0,0,1780913077,0
126,55.758168,113.360108,3.091027,13.383232,0,0,0,0,0,0,0,0,1780913077,0
127,-65.721262,-11.159861,3.577214,11.113113,0,0,0,0,0,0,0,0,1780913077,0
127,-96.754952,-47.799661,6.183925,9.635852,0,0,0,0,0,0,0,0,1780913077,0
128,38.049742,86.832997,0.488057,6.72621,0,0,0,0,0,0,0,0,1780913077,0
128,90.744933,149.311766,3.135906,12.451997,0,0,0,0,0,0,0,0,1780913077,0
129,-45.017176,4.596337,7.040362,15.301801,0,0,0,0,0,0,0,0,1780913077,0
129,-88.538392,-37.249404,7.698584,10.294075,0,0,0,0,0,0,0,0,1780913077,0
130,44.927418,98.056437,5.544402,7.059061,0,0,0,0,0,0,0,0,1780913077,0
130,103.516691,156.742947,2.212151,11.019615,0,0,0,0,0,0,0,0,1780913077,0
131,-35.046602,12.270612,-0.170165,8.308188,0,0,0,0,0,0,0,0,1780913077,0
131,-76.159323,-33.868534,4.646826,14.505202,0,0,0,0,0,0,0,0,1780913077,0
132,56.670704,98.523924,5.548142,7.002963,0,0,0,0,0,0,0,0,1780913077,0
132,103.060423,146.813513,5.028295,11.300108,0,0,0,0,0,0,0,0,1780913077,0
133,-45.047095,4.416822,2.672159,10.039761,0,0,0,0,0,0,0,0,1780913077,0
133,-82.588211,-39.407326,4.078361,11.816214,0,0,0,0,0,0,0,0,1780913077,0
134,59.172697,98.531404,0.020569,3.229404,0,0,0,0,0,0,0,0,1780913077,0
134,96.564217,146.473182,6.636452,12.35102,0,0,0,0,0,0,0,0,1780913077,0
135,-44.979777,4.955367,2.567441,8.98511,0,0,0,0,0,0,0,0,1780913077,0
135,-81.85893,-46.651512,6.120346,11.19913,0,0,0,0,0,0,0,0,1780913077,0
136,51.520862,99.851589,2.548742,11.101893,0,0,0,0,0,0,0,0,1780913077,0
136,94.544671,141.820746,2.694598,12.71379,0,0,0,0,0,0,0,0,1780913077,0
137,-56.019961,-4.768372,5.054475,11.487103,0,0,0,0,0,0,0,0,1780913077,0
137,-92.857976,-46.468257,5.346187,16.132058,0,0,0,0,0,0,0,0,1780913077,0
138,40.720031,86.376729,9.018769,12.306141,0,0,0,0,0,0,0,0,1780913077,0
138,71.78364,119.444925,3.248103,15.402778,0,0,0,0,0,0,0,0,1780913077,0
139,-72.288526,-29.496591,9.422678,8.053875,0,0,0,0,0,0,0,0,1780913077,0
139,-119.310288,-86.563724,6.378399,8.693397,0,0,0,0,0,0,0,0,1780913077,0
140,18.725679,59.79352,5.96327,7.11516,0,0,0,0,0,0,0,0,1780913077,0
140,52.915844,93.946287,7.384432,8.076314,0,0,0,0,0,0,0,0,1780913077,0
141,-95.442247,-51.22167,1.284656,12.092967,0,0,0,0,0,0,0,0,1780913078,0
141,-138.660531,-96.111689,4.49349,12.956883,0,0,0,0,0,0,0,0,1780913078,0
142,-6.507426,33.371127,3.483717,12.059307,0,0,0,0,0,0,0,0,1780913078,0
142,30.626041,69.072212,3.330381,13.207457,0,0,0,0,0,0,0,0,1780913078,0
143,-111.740731,-72.797153,2.941431,8.902832,0,0,0,0,0,0,0,0,1780913078,0
143,-157.988334,-118.854021,6.195144,8.521362,0,0,0,0,0,0,0,0,1780913078,0
144,-12.416468,22.229965,4.949758,13.181277,0,0,0,0,0,0,0,0,1780913078,0
144,22.955506,62.751781,4.949758,10.017322,0,0,0,0,0,0,0,0,1780913078,0
145,-111.684632,-81.159569,5.536922,8.943971,0,0,0,0,0,0,0,0,1780913078,0
145,-146.52554,-112.354074,1.049042,9.504956,0,0,0,0,0,0,0,0,1780913078,0
146,-5.98384,31.871427,4.654305,16.188157,0,0,0,0,0,0,0,0,1780913078,0
146,35.90304,74.865317,4.052182,5.914652,0,0,0,0,0,0,0,0,1780913078,0
147,-99.496298,-64.344979,0.207564,10.488549,0,0,0,0,0,0,0,0,1780913078,0
147,-151.596845,-99.477599,1.845641,7.777122,0,0,0,0,0,0,0,0,1780913078,0
148,-0.441308,38.962278,-2.533782,7.732243,0,0,0,0,0,0,0,0,1780913078,0
148,37.933805,87.162108,2.709558,12.743709,0,0,0,0,0,0,0,0,1780913078,0
149,-100.513551,-51.935991,4.422432,6.038068,0,0,0,0,0,0,0,0,1780913078,0
149,-129.037768,-89.492066,7.952897,10.754082,0,0,0,0,0,0,0,0,1780913078,0
150,17.685987,70.182963,3.584694,12.422078,0,0,0,0,0,0,0,0,1780913078,0
150,57.519661,115.080462,1.389373,9.288042,0,0,0,0,0,0,0,0,1780913078,0
151,-71.78738,2.386056,7.339554,10.697984,0,0,0,0,0,0,0,0,1780913078,0
151,-101.657961,-23.333236,3.450058,12.754929,0,0,0,0,0,0,0,0,1780913078,0
152,51.528342,118.435152,6.168965,8.637299,0,0,0,0,0,0,0,0,1780913078,0
152,97.667487,167.046371,1.610027,10.320254,0,0,0,0,0,0,0,0,1780913078,0
153,-45.069534,25.113428,2.470204,15.32424,0,0,0,0,0,0,0,0,1780913078,0
153,-74.37539,-4.222347,-0.596514,7.608826,0,0,0,0,0,0,0,0,1780913078,0
154,69.872551,135.388118,2.937691,6.793528,0,0,0,0,0,0,0,0,1780913078,0
154,114.354921,175.300331,5.312528,6.509296,0,0,0,0,0,0,0,0,1780913078,0
155,-32.222978,30.311889,7.130119,8.042655,0,0,0,0,0,0,0,0,1780913078,0
155,-64.184163,-6.556045,11.468403,9.508696,0,0,0,0,0,0,0,0,1780913078,0
156,78.425702,142.931497,5.6005,10.024802,0,0,0,0,0,0,0,0,1780913078,0
156,133.140438,199.340408,7.317114,6.752389,0,0,0,0,0,0,0,0,1780913078,0
157,-20.143101,52.560554,6.019369,10.933598,0,0,0,0,0,0,0,0,1780913078,0
157,-63.451143,7.277845,1.905479,11.797514,0,0,0,0,0,0,0,0,1780913078,0
158,72.636337,142.033921,0.409519,12.605333,0,0,0,0,0,0,0,0,1780913078,0
158,104.29459,169.155675,7.627526,11.090673,0,0,0,0,0,0,0,0,1780913078,0
159,-33.674059,20.382455,8.368026,10.230496,0,0,0,0,0,0,0,0,1780913078,0
159,-73.814405,-0.643263,0.574075,9.205764,0,0,0,0,0,0,0,0,1780913078,0
160,63.582039,137.071073,8.278269,9.037468,0,0,0,0,0,0,0,0,1780913078,0
160,88.691727,163.714121,2.462724,4.751543,0,0,0,0,0,0,0,0,1780913078,0
161,-47.530389,18.172174,3.925025,7.339554,0,0,0,0,0,0,0,0,1780913078,0
161,-93.261885,-25.098469,4.919838,12.014429,0,0,0,0,0,0,0,0,1780913078,0
162,28.886987,92.454067,1.381893,9.676991,0,0,0,0,0,0,0,0,1780913078,0
162,70.422316,133.83606,-0.817168,13.674944,0,0,0,0,0,0,0,0,1780913078,0
163,-77.02324,-5.276999,2.61232,8.472743,0,0,0,0,0,0,0,0,1780913078,0
163,-123.592474,-52.508195,4.568288,9.561054,0,0,0,0,0,0,0,0,1780913078,0
164,7.405002,76.888603,2.60484,9.493736,0,0,0,0,0,0,0,0,1780913078,0
164,31.359061,105.637214,1.8606,16.352713,0,0,0,0,0,0,0,0,1780913078,0
165,-114.725171,-51.049634,1.258476,15.496275,0,0,0,0,0,0,0,0,1780913078,0
165,-152.580438,-80.37045,3.420139,9.886426,0,0,0,0,0,0,0,0,1780913078,0
166,-16.593936,60.317106,0.499277,11.58434,0,0,0,0,0,0,0,0,1780913078,0
166,18.908934,94.402555,-0.637653,6.064248,0,0,0,0,0,0,0,0,1780913078,0
167,-134.337206,-61.644771,3.528596,7.967857,0,0,0,0,0,0,0,0,1780913078,0
167,-177.989319,-105.973805,1.404332,9.35536,0,0,0,0,0,0,0,0,1780913078,0
168,-35.304656,31.258084,6.165225,12.160285,0,0,0,0,0,0,0,0,1780913078,0
168,2.905902,66.962909,5.22277,10.866279,0,0,0,0,0,0,0,0,1780913078,0
169,-144.345179,-79.016606,2.844194,6.688811,0,0,0,0,0,0,0,0,1780913078,0
169,-174.997399,-108.4197,5.96701,9.71065,0,0,0,0,0,0,0,0,1780913078,0
170,-30.973851,27.177853,2.440285,7.006703,0,0,0,0,0,0,0,0,1780913078,0
170,1.682955,65.983055,1.890519,9.676991,0,0,0,0,0,0,0,0,1780913078,0
171,-146.226348,-77.688942,1.329534,14.606179,0,0,0,0,0,0,0,0,1780913078,0
171,-171.60157,-113.072135,1.50531,12.182724,0,0,0,0,0,0,0,0,1780913078,0
172,-37.440138,27.484525,2.683378,11.748896,0,0,0,0,0,0,0,0,1780913078,0
172,-0.792859,66.379484,4.923578,7.567688,0,0,0,0,0,0,0,0,1780913078,0
173,-138.013528,-74.274413,0.74611,5.563101,0,0,0,0,0,0,0,0,1780913078,0
173,-171.104163,-109.732405,8.756976,10.226756,0,0,0,0,0,0,0,0,1780913078,0
174,-24.249511,30.693359,6.131566,11.344987,0,0,0,0,0,0,0,0,1780913078,0
174,6.384009,68.885217,7.246056,13.046641,0,0,0,0,0,0,0,0,1780913078,0
175,-135.563894,-73.952782,4.452351,17.751435,0,0,0,0,0,0,0,0,1780913078,0
175,-164.361123,-103.258638,2.687118,14.389265,0,0,0,0,0,0,0,0,1780913078,0
176,-15.842216,39.366187,1.049042,9.856506,0,0,0,0,0,0,0,0,1780913078,0
176,17.252158,80.654682,5.6192,14.378045,0,0,0,0,0,0,0,0,1780913078,0
177,-123.824348,-51.438584,2.728257,8.947711,0,0,0,0,0,0,0,0,1780913078,0
177,-161.455221,-85.830704,-0.177645,10.499769,0,0,0,0,0,0,0,0,1780913078,0
178,-18.669581,57.658038,2.223371,12.994282,0,0,0,0,0,0,0,0,1780913078,0
178,26.033444,94.21556,2.668419,11.767595,0,0,0,0,0,0,0,0,1780913078,0
179,-118.618407,-40.772389,6.296122,8.356806,0,0,0,0,0,0,0,0,1780913078,0
179,-135.806987,-60.990288,3.704371,15.458876,0,0,0,0,0,0,0,0,1780913078,0
180,22.944286,100.906241,3.37526,8.98885,0,0,0,0,0,0,0,0,1780913078,0
180,65.377191,142.336852,4.803901,16.0797,0,0,0,0,0,0,0,0,1780913078,0
181,-73.971481,-0.620823,4.605687,10.907418,0,0,0,0,0,0,0,0,1780913078,0
181,-92.210973,-17.405494,3.999823,12.268742,0,0,0,0,0,0,0,0,1780913078,0
182,55.492636,133.985656,0.723671,10.798961,0,0,0,0,0,0,0,0,1780913078,0
182,89.364909,163.901116,3.326641,14.5613,0,0,0,0,0,0,0,0,1780913078,0
183,-41.557768,31.504917,2.795575,8.001516,0,0,0,0,0,0,0,0,1780913078,0
183,-69.928649,5.355537,2.900292,6.838407,0,0,0,0,0,0,0,0,1780913078,0
184,64.165464,146.888311,5.189111,13.633805,0,0,0,0,0,0,0,0,1780913078,0
184,84.570358,172.656221,-0.203825,9.564794,0,0,0,0,0,0,0,0,1780913078,0
185,-63.279107,13.616976,6.475637,6.221324,0,0,0,0,0,0,0,0,1780913078,0
185,-106.347795,-19.570896,5.723917,11.804994,0,0,0,0,0,0,0,0,1780913078,0
186,28.314783,102.376021,6.815968,12.410858,0,0,0,0,0,0,0,0,1780913078,0
186,52.856006,117.919046,6.023109,17.994529,0,0,0,0,0,0,0,0,1780913078,0
187,-98.415467,-9.435768,4.171858,7.09272,0,0,0,0,0,0,0,0,1780913078,0
187,-139.142978,-41.441831,2.114913,12.410858,0,0,0,0,0,0,0,0,1780913078,0
188,5.067564,83.882216,4.994636,6.460677,0,0,0,0,0,0,0,0,1780913078,0
188,17.820623,103.584009,3.326641,9.209504,0,0,0,0,0,0,0,0,1780913078,0
189,-129.32948,-49.089927,-3.251843,8.622339,0,0,0,0,0,0,0,0,1780913078,0
189,-165.109103,-82.199261,0.708711,11.786295,0,0,0,0,0,0,0,0,1780913078,0
190,-19.870088,59.43449,6.475637,11.801254,0,0,0,0,0,0,0,0,1780913078,0
190,1.765233,74.068719,1.965317,3.341601,0,0,0,0,0,0,0,0,1780913078,0
191,-138.772728,-65.496868,3.588434,7.687364,0,0,0,0,0,0,0,0,1780913078,0
191,-168.101023,-90.572897,4.964717,8.917791,0,0,0,0,0,0,0,0,1780913078,0
192,-22.185087,48.704717,4.807641,11.887272,0,0,0,0,0,0,0,0,1780913078,0
192,10.423101,72.752274,4.063401,11.883532,0,0,0,0,0,0,0,0,1780913078,0
193,-138.563293,-77.909596,-0.697491,6.614013,0,0,0,0,0,0,0,0,1780913078,0
193,-162.315398,-98.105056,6.049288,9.35162,0,0,0,0,0,0,0,0,1780913078,0
194,-22.495498,45.99703,-1.651166,4.332674,0,0,0,0,0,0,0,0,1780913078,0
194,6.301731,70.437276,4.295275,15.724409,0,0,0,0,0,0,0,0,1780913078,0
195,-137.142131,-78.960508,3.827788,15.997422,0,0,0,0,0,0,0,0,1780913078,0
195,-159.308518,-99.533697,-0.177645,6.397099,0,0,0,0,0,0,0,0,1780913078,0
196,-20.610589,43.72317,0.589034,7.358253,0,0,0,0,0,0,0,0,1780913078,0
196,9.080477,67.968942,4.788942,11.898492,0,0,0,0,0,0,0,0,1780913078,0
197,-133.07312,-69.479861,1.273436,9.568534,0,0,0,0,0,0,0,0,1780913078,0
197,-160.561385,-99.735652,6.557915,7.795821,0,0,0,0,0,0,0,0,1780913078,0
198,-5.703347,54.056514,4.407472,9.834067,0,0,0,0,0,0,0,0,1780913078,0
198,14.667888,77.045679,5.435945,7.653705,0,0,0,0,0,0,0,0,1780913078,0
199,-125.24177,-62.250635,3.850227,4.47853,0,0,0,0,0,0,0,0,1780913078,0
199,-153.754767,-90.445741,5.177891,8.734536,0,0,0,0,0,0,0,0,1780913078,0
200,-7.921108,52.627872,0.334721,9.482516,0,0,0,0,0,0,0,0,1780913078,0
200,19.709273,82.008526,5.839854,10.200577,0,0,0,0,0,0,0,0,1780913078,0
0,-120.119977,-57.229819,2.178492,14.316337,0,0,0,0,0,0,0,0,1780913078,0
101,-143.655167,-69.234898,-0.01683,6.847757,0,0,0,0,0,0,0,0,1780913078,0
101,2.545002,71.718192,2.548742,8.998199,0,0,0,0,0,0,0,0,1780913078,0
102,27.778107,106.443163,3.438838,8.9795,0,0,0,0,0,0,0,0,1780913078,0
102,-110.586972,-28.541047,0.966764,8.57933,0,0,0,0,0,0,0,0,1780913078,0
103,-107.976522,-24.363578,5.020816,7.064671,0,0,0,0,0,0,0,0,1780913078,0
103,56.242485,149.833482,4.714144,8.197861,0,0,0,0,0,0,0,0,1780913078,0
104,89.613613,180.758715,-1.957838,10.44928,0,0,0,0,0,0,0,0,1780913078,0
104,-43.126656,45.056445,6.127826,14.091943,0,0,0,0,0,0,0,0,1780913078,0
105,-66.321516,15.488796,3.00127,12.117276,0,0,0,0,0,0,0,0,1780913078,0
105,78.378953,163.820708,4.145679,8.654128,0,0,0,0,0,0,0,0,1780913078,0
106,109.16955,180.242608,3.891366,8.141762,0,0,0,0,0,0,0,0,1780913078,0
106,-36.720208,39.667249,8.506402,12.390289,0,0,0,0,0,0,0,0,1780913078,0
107,-55.875975,18.914544,1.280916,9.491866,0,0,0,0,0,0,0,0,1780913078,0
107,88.97783,156.99913,1.363194,12.483786,0,0,0,0,0,0,0,0,1780913078,0
108,104.128165,170.634805,2.739477,11.245879,0,0,0,0,0,0,0,0,1780913078,0
108,-50.752312,20.593759,7.964117,12.304271,0,0,0,0,0,0,0,0,1780913078,0
109,-80.918345,-5.24521,2.683378,11.537591,0,0,0,0,0,0,0,0,1780913078,0
109,71.059969,137.626448,10.036022,5.037645,0,0,0,0,0,0,0,0,1780913078,0
110,92.160485,149.283717,0.046749,-1.48474,0,0,0,0,0,0,0,0,1780913078,0
110,-53.280485,-26.734675,7.537768,9.379669,0,0,0,0,0,0,0,0,1780913078,0
111,-83.36798,-28.668203,2.171012,10.520339,0,0,0,0,0,0,0,0,1780913078,0
111,52.412828,113.792066,2.885333,10.950427,0,0,0,0,0,0,0,0,1780913078,0
112,64.963932,125.146402,5.364886,17.588749,0,0,0,0,0,0,0,0,1780913078,0
112,-86.023309,-28.092259,10.507249,16.201247,0,0,0,0,0,0,0,0,1780913078,0
113,-109.109711,-59.997345,0.768549,7.4798,0,0,0,0,0,0,0,0,1780913078,0
113,33.754467,77.01763,5.514482,10.363263,0,0,0,0,0,0,0,0,1780913078,0
114,48.800085,90.892659,5.869773,10.191227,0,0,0,0,0,0,0,0,1780913078,0
114,-98.32384,-55.460846,1.101401,9.596583,0,0,0,0,0,0,0,0,1780913078,0
115,-124.159069,-79.912312,4.975937,5.041385,0,0,0,0,0,0,0,0,1780913078,0
115,15.354159,57.499092,5.379846,6.799138,0,0,0,0,0,0,0,0,1780913078,0
116,35.51596,67.076976,2.219631,5.9801,0,0,0,0,0,0,0,0,1780913078,0
116,-112.774813,-68.217645,6.146526,10.999046,0,0,0,0,0,0,0,0,1780913078,0
117,-137.592789,-96.898938,4.744063,14.712766,0,0,0,0,0,0,0,0,1780913078,0
117,14.112512,44.723594,5.634159,7.173128,0,0,0,0,0,0,0,0,1780913078,0
118,32.355744,66.478592,11.105633,9.832197,0,0,0,0,0,0,0,0,1780913078,0
118,-117.307572,-86.397299,6.602793,12.502486,0,0,0,0,0,0,0,0,1780913078,0
119,-133.09743,-100.799654,4.261616,8.807464,0,0,0,0,0,0,0,0,1780913078,0
119,8.416645,38.406903,3.73803,10.815791,0,0,0,0,0,0,0,0,1780913078,0
120,18.70885,55.505725,4.990896,15.801077,0,0,0,0,0,0,0,0,1780913078,0
120,-117.943355,-83.659692,3.633313,7.016052,0,0,0,0,0,0,0,0,1780913078,0
121,-143.011904,-114.360531,1.396853,5.748226,0,0,0,0,0,0,0,0,1780913078,0
121,-1.12758,27.965102,1.13506,4.409342,0,0,0,0,0,0,0,0,1780913078,0
122,23.252828,50.681254,3.124686,10.778392,0,0,0,0,0,0,0,0,1780913078,0
122,-118.070512,-81.318515,3.285502,12.274352,0,0,0,0,0,0,0,0,1780913078,0
123,-140.472512,-103.716776,8.59616,9.293651,0,0,0,0,0,0,0,0,1780913078,0
123,14.647318,51.122562,8.412905,14.95212,0,0,0,0,0,0,0,0,1780913078,0
124,28.02868,66.228018,6.72247,7.47232,0,0,0,0,0,0,0,0,1780913078,0
124,-115.011273,-79.908572,-1.520269,10.034152,0,0,0,0,0,0,0,0,1780913078,0
125,-123.635483,-91.330227,2.746957,8.818684,0,0,0,0,0,0,0,0,1780913078,0
125,22.265494,61.69526,6.931905,16.212466,0,0,0,0,0,0,0,0,1780913078,0
126,35.059692,78.322855,4.620646,14.458453,0,0,0,0,0,0,0,0,1780913078,0
126,-105.328672,-56.653874,0.521716,11.9602,0,0,0,0,0,0,0,0,1780913078,0
127,-121.664555,-77.728211,2.212151,6.182055,0,0,0,0,0,0,0,0,1780913078,0
127,32.411843,80.996883,1.250997,12.300531,0,0,0,0,0,0,0,0,1780913078,0
128,63.239838,116.181862,2.956391,8.272659,0,0,0,0,0,0,0,0,1780913078,0
128,-71.127287,-13.596406,6.191404,5.924002,0,0,0,0,0,0,0,0,1780913078,0
129,-71.561116,-14.359346,6.139046,10.08277,0,0,0,0,0,0,0,0,1780913078,0
129,91.651858,151.841808,7.515329,12.233213,0,0,0,0,0,0,0,0,1780913078,0
130,109.109711,169.916745,4.09706,11.780685,0,0,0,0,0,0,0,0,1780913078,0
130,-33.002747,20.515221,4.171858,11.780685,0,0,0,0,0,0,0,0,1780913078,0
131,-42.775106,14.20601,2.040115,5.523832,0,0,0,0,0,0,0,0,1780913078,0
131,103.279207,154.916006,5.809935,11.859223,0,0,0,0,0,0,0,0,1780913078,0
132,112.52424,164.568688,3.251843,11.934021,0,0,0,0,0,0,0,0,1780913078,0
132,-32.91299,19.101539,9.026249,8.381116,0,0,0,0,0,0,0,0,1780913078,0
133,-41.952328,10.619446,5.200331,12.569804,0,0,0,0,0,0,0,0,1780913078,0
133,95.34314,151.882947,5.742616,10.957907,0,0,0,0,0,0,0,0,1780913078,0
134,107.497814,162.014336,4.134459,11.126202,0,0,0,0,0,0,0,0,1780913078,0
134,-44.319684,7.324594,8.282008,12.753059,0,0,0,0,0,0,0,0,1780913078,0
135,-59.82157,-17.328826,3.771689,15.599123,0,0,0,0,0,0,0,0,1780913078,0
135,82.885533,125.355837,2.507603,7.932328,0,0,0,0,0,0,0,0,1780913078,0
136,91.393805,140.064863,4.198038,11.657268,0,0,0,0,0,0,0,0,1780913078,0
136,-55.509465,-10.862539,3.296722,15.154075,0,0,0,0,0,0,0,0,1780913078,0
137,-69.470512,-41.077191,3.599654,12.498746,0,0,0,0,0,0,0,0,1780913078,0
137,73.771397,101.887964,7.171258,10.901808,0,0,0,0,0,0,0,0,1780913078,0
138,77.144786,110.534613,3.180785,15.931974,0,0,0,0,0,0,0,0,1780913078,0
138,-73.977091,-44.951728,3.192005,8.257699,0,0,0,0,0,0,0,0,1780913078,0
139,-85.335167,-60.726626,4.313975,7.700454,0,0,0,0,0,0,0,0,1780913079,0
139,46.773059,78.12464,4.029742,14.993259,0,0,0,0,0,0,0,0,1780913079,0
140,59.268065,82.62,2.862893,11.795644,0,0,0,0,0,0,0,0,1780913079,0
140,-85.525902,-62.155267,4.422432,11.077584,0,0,0,0,0,0,0,0,1780913079,0
141,-98.338799,-72.309096,4.830081,11.840523,0,0,0,0,0,0,0,0,1780913079,0
141,43.321131,63.587649,6.71873,9.132836,0,0,0,0,0,0,0,0,1780913079,0
142,51.324517,84.153359,5.525702,8.945841,0,0,0,0,0,0,0,0,1780913079,0
142,-94.516622,-67.204132,7.133859,10.09399,0,0,0,0,0,0,0,0,1780913079,0
143,-111.574305,-83.985063,-0.461878,3.586564,0,0,0,0,0,0,0,0,1780913079,0
143,37.76364,56.653874,3.319161,10.82701,0,0,0,0,0,0,0,0,1780913079,0
144,54.391235,56.709973,6.000669,10.153828,0,0,0,0,0,0,0,0,1780913079,0
144,-96.607226,-67.824956,-2.421585,12.042478,0,0,0,0,0,0,0,0,1780913079,0
145,-115.228188,-71.77055,5.320008,11.492713,0,0,0,0,0,0,0,0,1780913079,0
145,33.361778,70.985171,3.00875,11.22718,0,0,0,0,0,0,0,0,1780913079,0
146,43.627803,70.068896,4.239177,6.582224,0,0,0,0,0,0,0,0,1780913079,0
146,-109.981108,-78.431312,8.061354,12.891435,0,0,0,0,0,0,0,0,1780913079,0
147,-117.640423,-91.120792,6.670112,5.875383,0,0,0,0,0,0,0,0,1780913079,0
147,22.134598,52.229573,5.061955,7.165648,0,0,0,0,0,0,0,0,1780913079,0
148,38.556499,64.844255,9.699431,14.465933,0,0,0,0,0,0,0,0,1780913079,0
148,-112.101631,-83.798068,5.275129,10.942947,0,0,0,0,0,0,0,0,1780913079,0
149,-124.634036,-97.145771,1.056522,11.492713,0,0,0,0,0,0,0,0,1780913079,0
149,23.993328,56.231266,6.247503,12.532405,0,0,0,0,0,0,0,0,1780913079,0
150,32.681116,63.55773,4.175598,12.356629,0,0,0,0,0,0,0,0,1780913079,0
150,-108.717022,-81.621447,3.74177,8.556891,0,0,0,0,0,0,0,0,1780913079,0
151,-114.596144,-92.687811,3.966164,11.840523,0,0,0,0,0,0,0,0,1780913079,0
151,24.554313,55.034498,1.467911,7.016052,0,0,0,0,0,0,0,0,1780913079,0
152,41.922409,74.616614,1.359454,8.287618,0,0,0,0,0,0,0,0,1780913079,0
152,-104.498415,-71.77055,8.166072,10.681154,0,0,0,0,0,0,0,0,1780913079,0
153,-112.258707,-76.194852,4.833821,10.83075,0,0,0,0,0,0,0,0,1780913079,0
153,34.046179,74.40344,4.231697,8.452174,0,0,0,0,0,0,0,0,1780913079,0
154,46.918915,88.095213,2.6011,14.379915,0,0,0,0,0,0,0,0,1780913079,0
154,-98.716529,-50.47556,8.23713,8.98698,0,0,0,0,0,0,0,0,1780913079,0
155,-97.893751,-62.660154,1.011643,12.943794,0,0,0,0,0,0,0,0,1780913079,0
155,50.741093,89.546295,3.674452,15.943194,0,0,0,0,0,0,0,0,1780913079,0
156,64.859215,107.247241,5.316268,12.117276,0,0,0,0,0,0,0,0,1780913079,0
156,-68.741231,-26.476622,3.72681,8.710227,0,0,0,0,0,0,0,0,1780913079,0
157,-72.436252,-25.500508,5.559361,7.240446,0,0,0,0,0,0,0,0,1780913079,0
157,80.334921,123.493366,6.131566,6.204494,0,0,0,0,0,0,0,0,1780913079,0
158,96.214536,138.793297,1.381893,10.180008,0,0,0,0,0,0,0,0,1780913079,0
158,-52.502586,-4.198038,3.35282,12.005079,0,0,0,0,0,0,0,0,1780913079,0
159,-61.268911,-8.371766,2.301908,9.140315,0,0,0,0,0,0,0,0,1780913079,0
159,88.525302,142.469619,3.147126,12.824117,0,0,0,0,0,0,0,0,1780913079,0
160,109.184509,158.607287,4.070881,4.401862,0,0,0,0,0,0,0,0,1780913079,0
160,-37.311112,11.101893,4.762763,13.250466,0,0,0,0,0,0,0,0,1780913079,0
161,-44.413182,7.272235,8.117453,8.160462,0,0,0,0,0,0,0,0,1780913079,0
161,96.869019,150.330889,4.729103,5.950181,0,0,0,0,0,0,0,0,1780913079,0
162,112.195129,167.983216,3.494937,10.610096,0,0,0,0,0,0,0,0,1780913079,0
162,-36.809965,12.822247,3.760469,9.955614,0,0,0,0,0,0,0,0,1780913079,0
163,-49.828557,5.761316,4.788942,13.904948,0,0,0,0,0,0,0,0,1780913079,0
163,99.591666,154.321362,9.097307,11.926541,0,0,0,0,0,0,0,0,1780913079,0
164,98.810027,157.066448,5.656599,14.121862,0,0,0,0,0,0,0,0,1780913079,0
164,-49.402208,10.10334,5.97823,14.910981,0,0,0,0,0,0,0,0,1780913079,0
165,-47.969827,12.597853,3.764209,6.698161,0,0,0,0,0,0,0,0,1780913079,0
165,94.819554,152.694505,2.885333,11.668488,0,0,0,0,0,0,0,0,1780913079,0
166,93.604086,146.000084,2.159792,13.553397,0,0,0,0,0,0,0,0,1780913079,0
166,-51.189881,9.310481,4.938538,16.145148,0,0,0,0,0,0,0,0,1780913079,0
167,-59.249365,0.00935,1.456691,10.83449,0,0,0,0,0,0,0,0,1780913079,0
167,77.975044,128.804024,5.656599,8.616729,0,0,0,0,0,0,0,0,1780913079,0
168,79.586941,131.163901,5.189111,11.21596,0,0,0,0,0,0,0,0,1780913079,0
168,-77.885287,-26.188649,-0.716191,10.224886,0,0,0,0,0,0,0,0,1780913079,0
169,-89.808088,-47.633236,-1.826941,6.74304,0,0,0,0,0,0,0,0,1780913079,0
169,50.535398,94.079053,1.426772,12.154675,0,0,0,0,0,0,0,0,1780913079,0
170,43.612843,91.034775,-0.435698,6.428888,0,0,0,0,0,0,0,0,1780913079,0
170,-97.646918,-57.996499,9.534875,11.373036,0,0,0,0,0,0,0,0,1780913079,0
171,-113.758407,-74.287503,6.550435,14.548211,0,0,0,0,0,0,0,0,1780913079,0
171,29.139431,65.255644,1.808242,3.848357,0,0,0,0,0,0,0,0,1780913079,0
172,23.53332,62.895768,3.330381,10.08277,0,0,0,0,0,0,0,0,1780913079,0
172,-129.159315,-89.168565,4.022262,11.253359,0,0,0,0,0,0,0,0,1780913079,0
173,-131.616429,-91.700477,5.959531,8.489573,0,0,0,0,0,0,0,0,1780913079,0
173,8.521362,48.340077,3.539815,11.406695,0,0,0,0,0,0,0,0,1780913079,0
174,12.470696,47.042332,4.448611,13.860069,0,0,0,0,0,0,0,0,1780913079,0
174,-134.107203,-100.55656,3.614613,13.254205,0,0,0,0,0,0,0,0,1780913079,0
175,-141.67302,-104.913544,5.873513,11.653528,0,0,0,0,0,0,0,0,1780913079,0
175,7.313374,35.459861,3.147126,8.841123,0,0,0,0,0,0,0,0,1780913079,0
176,10.727903,41.742893,2.952651,10.576437,0,0,0,0,0,0,0,0,1780913079,0
176,-135.240392,-102.007641,5.701477,7.431181,0,0,0,0,0,0,0,0,1780913079,0
177,-136.42968,-105.665263,7.964117,8.512012,0,0,0,0,0,0,0,0,1780913079,0
177,9.979923,44.289765,6.677591,11.537591,0,0,0,0,0,0,0,0,1780913079,0
178,6.109127,47.248026,0.906926,8.889742,0,0,0,0,0,0,0,0,1780913079,0
178,-138.662401,-94.984109,2.657199,10.984086,0,0,0,0,0,0,0,0,1780913079,0
179,-135.894875,-103.028634,3.154606,6.36905,0,0,0,0,0,0,0,0,1780913079,0
179,8.338107,45.950281,5.484563,13.127049,0,0,0,0,0,0,0,0,1780913079,0
180,16.270435,63.987818,4.586987,9.566664,0,0,0,0,0,0,0,0,1780913079,0
180,-115.695675,-66.837622,1.909219,8.743886,0,0,0,0,0,0,0,0,1780913079,0
181,-122.079684,-74.253844,4.291535,10.995306,0,0,0,0,0,0,0,0,1780913079,0
181,32.782093,76.101354,3.670712,9.948134,0,0,0,0,0,0,0,0,1780913079,0
182,42.666649,100.302247,-1.785802,8.414775,0,0,0,0,0,0,0,0,1780913079,0
182,-91.001116,-33.900323,4.826341,13.231766,0,0,0,0,0,0,0,0,1780913079,0
183,-76.752097,-13.375752,4.085841,10.969127,0,0,0,0,0,0,0,0,1780913079,0
183,74.227664,137.607749,6.449457,10.692374,0,0,0,0,0,0,0,0,1780913079,0
184,77.799269,140.427633,4.85252,11.455314,0,0,0,0,0,0,0,0,1780913079,0
184,-53.104709,8.038915,2.825494,10.82327,0,0,0,0,0,0,0,0,1780913079,0
185,-58.617322,8.525102,3.098507,9.667641,0,0,0,0,0,0,0,0,1780913079,0
185,90.769242,148.977045,2.073775,10.434321,0,0,0,0,0,0,0,0,1780913079,0
186,91.872512,157.00661,1.976537,10.572697,0,0,0,0,0,0,0,0,1780913079,0
186,-57.57015,4.070881,1.49783,9.809758,0,0,0,0,0,0,0,0,1780913079,0
187,-67.731458,-3.895106,-0.38334,9.375929,0,0,0,0,0,0,0,0,1780913079,0
187,88.024155,146.774244,8.5999,6.440108,0,0,0,0,0,0,0,0,1780913079,0
188,79.669219,132.278391,6.759869,2.834844,0,0,0,0,0,0,0,0,1780913079,0
188,-75.286056,-13.895598,2.832974,13.534698,0,0,0,0,0,0,0,0,1780913079,0
189,-69.829542,-16.681824,1.381893,8.657868,0,0,0,0,0,0,0,0,1780913079,0
189,71.591035,114.543786,7.317114,12.558584,0,0,0,0,0,0,0,0,1780913079,0
190,69.313436,125.202501,3.038669,9.170235,0,0,0,0,0,0,0,0,1780913079,0
190,-79.646779,-24.513174,4.942278,7.790212,0,0,0,0,0,0,0,0,1780913079,0
191,-81.748603,-32.056552,3.076068,11.092543,0,0,0,0,0,0,0,0,1780913079,0
191,57.035344,102.684563,3.027449,7.562078,0,0,0,0,0,0,0,0,1780913079,0
192,51.451674,98.125625,5.379846,10.10147,0,0,0,0,0,0,0,0,1780913079,0
192,-97.542201,-40.792959,2.63102,10.965387,0,0,0,0,0,0,0,0,1780913079,0
193,-98.017168,-42.816245,0.192605,9.768619,0,0,0,0,0,0,0,0,1780913079,0
193,35.777753,88.794575,5.267649,7.371343,0,0,0,0,0,0,0,0,1780913079,0
194,36.761347,84.198238,0.510496,13.299084,0,0,0,0,0,0,0,0,1780913079,0
194,-110.818846,-55.505725,8.016476,17.996399,0,0,0,0,0,0,0,0,1780913079,0
195,-110.721608,-59.780431,3.38274,9.678861,0,0,0,0,0,0,0,0,1780913079,0
195,40.725641,82.474144,5.073174,8.141762,0,0,0,0,0,0,0,0,1780913079,0
196,28.42511,80.170365,5.480823,12.057437,0,0,0,0,0,0,0,0,1780913079,0
196,-106.989188,-62.596576,5.174152,12.801678,0,0,0,0,0,0,0,0,1780913079,0
197,-107.755867,-63.479192,3.554775,5.755706,0,0,0,0,0,0,0,0,1780913079,0
197,35.426202,80.929565,10.791481,14.57065,0,0,0,0,0,0,0,0,1780913079,0
198,33.298199,74.493197,10.260416,6.514906,0,0,0,0,0,0,0,0,1780913079,0
198,-122.427495,-77.574875,4.403732,13.669334,0,0,0,0,0,0,0,0,1780913079,0
199,-113.676129,-68.890827,2.354267,8.283878,0,0,0,0,0,0,0,0,1780913079,0
199,27.796806,68.991804,-0.488057,9.581624,0,0,0,0,0,0,0,0,1780913079,0
200,24.225202,64.021477,-4.070881,7.879969,0,0,0,0,0,0,0,0,1780913079,0
200,-119.652489,-84.000023,8.96641,9.147795,0,0,0,0,0,0,0,0,1780913079,0
0,-119.888103,-80.75753,7.85379,11.881662,0,0,0,0,0,0,0,0,1780913079,0
101,24.853505,63.501631,6.380269,9.581624,0,0,0,0,0,0,0,0,1780913079,0
101,18.880885,64.709619,7.311504,9.963093,0,0,0,0,0,0,0,0,1780913079,0
102,-123.149296,-82.283409,6.320431,10.112689,0,0,0,0,0,0,0,0,1780913079,0
102,-119.63753,-87.769842,1.424902,9.925694,0,0,0,0,0,0,0,0,1780913079,0
103,25.605225,62.125348,4.48788,7.48728,0,0,0,0,0,0,0,0,1780913079,0
103,17.093213,63.613828,3.934375,15.834736,0,0,0,0,0,0,0,0,1780913079,0
104,-124.215167,-85.843794,1.604417,8.358676,0,0,0,0,0,0,0,0,1780913079,0
104,-117.247734,-80.678992,4.308365,12.394028,0,0,0,0,0,0,0,0,1780913079,0
105,26.199869,70.113774,6.193274,10.314644,0,0,0,0,0,0,0,0,1780913079,0
105,19.8009,61.717699,6.862716,8.863563,0,0,0,0,0,0,0,0,1780913079,0
106,-125.692428,-82.062755,5.695868,15.217653,0,0,0,0,0,0,0,0,1780913079,0
106,-118.092951,-78.296676,1.780192,12.016299,0,0,0,0,0,0,0,0,1780913079,0
107,25.107818,68.086749,0.654482,9.308611,0,0,0,0,0,0,0,0,1780913079,0
107,23.219169,67.361208,8.111843,11.825564,0,0,0,0,0,0,0,0,1780913079,0
108,-120.01152,-83.184725,5.587411,12.812897,0,0,0,0,0,0,0,0,1780913079,0
108,-108.881577,-69.777183,5.632289,9.076737,0,0,0,0,0,0,0,0,1780913079,0
109,28.256814,70.398007,4.375683,9.783578,0,0,0,0,0,0,0,0,1780913079,0
109,31.596545,73.341308,3.646402,12.356629,0,0,0,0,0,0,0,0,1780913079,0
110,-121.346664,-75.072882,6.327911,7.419962,0,0,0,0,0,0,0,0,1780913079,0
110,-110.429896,-68.292443,1.529619,13.011112,0,0,0,0,0,0,0,0,1780913079,0
111,38.915529,79.381247,3.291112,12.416468,0,0,0,0,0,0,0,0,1780913079,0
111,33.227141,80.204024,0.534806,12.928834,0,0,0,0,0,0,0,0,1780913079,0
112,-112.91319,-64.28701,2.311258,9.794798,0,0,0,0,0,0,0,0,1780913079,0
112,-105.235175,-51.111343,1.705394,4.955367,0,0,0,0,0,0,0,0,1780913079,0
113,39.057645,82.459184,-0.194475,5.284479,0,0,0,0,0,0,0,0,1780913079,0
113,37.191435,92.616752,7.225487,11.070104,0,0,0,0,0,0,0,0,1780913079,0
114,-97.534721,-42.935921,1.10701,13.220546,0,0,0,0,0,0,0,0,1780913079,0
114,-81.756083,-25.257414,4.061531,13.052251,0,0,0,0,0,0,0,0,1780913079,0
115,73.898553,134.720546,4.020392,16.593936,0,0,0,0,0,0,0,0,1780913079,0
115,77.952605,148.748911,2.483294,7.139469,0,0,0,0,0,0,0,0,1780913079,0
116,-65.910127,2.698338,4.686095,12.801678,0,0,0,0,0,0,0,0,1780913079,0
116,-58.463986,12.754929,6.858977,14.245279,0,0,0,0,0,0,0,0,1780913079,0
117,79.452305,143.385894,-1.069611,9.72374,0,0,0,0,0,0,0,0,1780913079,0
117,72.114621,138.408088,6.814098,10.176268,0,0,0,0,0,0,0,0,1780913079,0
118,-64.447826,-11.5806,5.811805,11.346856,0,0,0,0,0,0,0,0,1780913079,0
118,-60.378815,-6.748649,6.851497,12.356629,0,0,0,0,0,0,0,0,1780913079,0
119,98.106926,152.952558,0.138376,11.350596,0,0,0,0,0,0,0,0,1780913079,0
119,90.350373,148.995744,3.945594,9.252512,0,0,0,0,0,0,0,0,1780913079,0
120,-72.058522,4.003563,5.501393,13.418761,0,0,0,0,0,0,0,0,1780913079,0
120,-59.335383,11.95833,3.167695,12.820377,0,0,0,0,0,0,0,0,1780913079,0
121,72.387634,141.493505,-0.934975,11.043925,0,0,0,0,0,0,0,0,1780913079,0
121,52.33803,121.660816,1.638076,9.873336,0,0,0,0,0,0,0,0,1780913079,0
122,-86.651612,-17.052074,1.623117,5.62481,0,0,0,0,0,0,0,0,1780913079,0
122,-81.168919,-21.749388,4.12137,9.592843,0,0,0,0,0,0,0,0,1780913079,0
123,54.742786,127.943847,1.458561,6.35409,0,0,0,0,0,0,0,0,1780913079,0
123,44.813351,117.36741,3.212574,11.515152,0,0,0,0,0,0,0,0,1780913079,0
124,-110.542093,-34.109758,6.309211,6.952474,0,0,0,0,0,0,0,0,1780913079,0
124,-109.51736,-40.329211,3.597784,13.706733,0,0,0,0,0,0,0,0,1780913079,0
125,35.482301,100.470542,-1.712874,5.673428,0,0,0,0,0,0,0,0,1780913079,0
125,28.649504,96.420231,6.36531,13.10087,0,0,0,0,0,0,0,0,1780913079,0
126,-124.686395,-44.951728,3.235013,10.617576,0,0,0,0,0,0,0,0,1780913079,0
126,-117.236514,-38.840731,1.189288,10.654975,0,0,0,0,0,0,0,0,1780913079,0
127,22.747941,96.44267,4.917968,6.36531,0,0,0,0,0,0,0,0,1780913079,0
127,3.696891,79.938492,4.663655,4.962847,0,0,0,0,0,0,0,0,1780913079,0
128,-138.292151,-67.67536,-0.710581,6.245633,0,0,0,0,0,0,0,0,1780913079,0
128,-120.976414,-55.479546,3.874536,12.592243,0,0,0,0,0,0,0,0,1780913079,0
129,14.22097,82.302108,0.927495,13.81519,0,0,0,0,0,0,0,0,1780913079,0
129,-2.60858,62.398361,2.501993,8.130543,0,0,0,0,0,0,0,0,1780913079,0
130,-140.307957,-75.989157,3.889496,13.216806,0,0,0,0,0,0,0,0,1780913079,0
130,-127.719453,-69.350835,7.453621,4.790812,0,0,0,0,0,0,0,0,1780913079,0
131,12.945664,67.944632,-2.24768,9.297391,0,0,0,0,0,0,0,0,1780913079,0
131,-7.122639,54.327657,4.390643,9.757399,0,0,0,0,0,0,0,0,1780913079,0
132,-144.272251,-95.664771,6.582224,16.926787,0,0,0,0,0,0,0,0,1780913079,0
132,-135.173074,-81.183878,1.671735,10.303424,0,0,0,0,0,0,0,0,1780913079,0
133,8.824294,64.373028,1.443601,10.711073,0,0,0,0,0,0,0,0,1780913079,0
133,-3.274282,55.453367,6.376529,7.517199,0,0,0,0,0,0,0,0,1780913079,0
134,-146.418953,-90.47753,2.677768,7.569558,0,0,0,0,0,0,0,0,1780913079,0
134,-129.032158,-69.926779,8.773805,15.240092,0,0,0,0,0,0,0,0,1780913079,0
135,11.337507,62.084209,5.306918,8.852343,0,0,0,0,0,0,0,0,1780913079,0
135,3.113467,58.422847,1.821331,13.770312,0,0,0,0,0,0,0,0,1780913079,0
136,-144.612582,-87.900739,2.184102,6.941254,0,0,0,0,0,0,0,0,1780913079,0
136,-124.779892,-71.512497,3.582824,11.313197,0,0,0,0,0,0,0,0,1780913079,0
137,11.431004,70.132474,-0.991073,-0.448788,0,0,0,0,0,0,0,0,1780913079,0
137,-0.409519,53.239346,4.069011,10.894329,0,0,0,0,0,0,0,0,1780913079,0
138,-141.452366,-84.400192,5.796845,11.159861,0,0,0,0,0,0,0,0,1780913079,0
138,-119.431835,-57.906741,7.128249,9.944394,0,0,0,0,0,0,0,0,1780913079,0
139,30.871004,95.414198,-1.185548,9.798538,0,0,0,0,0,0,0,0,1780913080,0
139,15.290581,72.813982,-0.026179,12.521185,0,0,0,0,0,0,0,0,1780913080,0
140,-131.57155,-68.02691,0.658222,14.163001,0,0,0,0,0,0,0,0,1780913080,0
140,-110.175583,-46.881516,5.407895,10.10895,0,0,0,0,0,0,0,0,1780913080,0
141,42.509573,112.90197,5.647249,12.34541,0,0,0,0,0,0,0,0,1780913080,0
141,41.668095,111.323732,4.450481,8.482093,0,0,0,0,0,0,0,0,1780913080,0
142,-90.376552,-14.538861,4.588857,6.032459,0,0,0,0,0,0,0,0,1780913080,0
142,-63.733505,13.499169,1.294005,13.130789,0,0,0,0,0,0,0,0,1780913080,0
143,81.094121,150.936752,-2.782486,8.526972,0,0,0,0,0,0,0,0,1780913080,0
143,71.796729,136.990665,8.197861,10.927988,0,0,0,0,0,0,0,0,1780913080,0
144,-74.818569,-5.21529,6.944994,8.9608,0,0,0,0,0,0,0,0,1780913080,0
144,-49.536845,18.028188,2.460854,10.239846,0,0,0,0,0,0,0,0,1780913080,0
145,91.5808,157.00661,8.104363,11.754506,0,0,0,0,0,0,0,0,1780913080,0
145,68.958145,141.414967,1.735314,9.899515,0,0,0,0,0,0,0,0,1780913080,0
146,-63.752205,-0.00187,0.108457,9.435768,0,0,0,0,0,0,0,0,1780913080,0
146,-51.141262,9.430158,8.055745,9.72,0,0,0,0,0,0,0,0,1780913080,0
147,92.964563,153.63322,7.562078,12.992412,0,0,0,0,0,0,0,0,1780913080,0
147,64.182293,124.544278,4.779592,7.947287,0,0,0,0,0,0,0,0,1780913080,0
148,-76.467864,-16.730442,7.539638,13.680554,0,0,0,0,0,0,0,0,1780913080,0
148,-62.005671,1.075221,-0.205694,12.390289,0,0,0,0,0,0,0,0,1780913080,0
149,89.72581,147.64564,-0.572205,7.173128,0,0,0,0,0,0,0,0,1780913080,0
149,61.994452,122.363917,2.659069,11.552551,0,0,0,0,0,0,0,0,1780913080,0
150,-86.038268,-25.620185,3.885756,11.466533,0,0,0,0,0,0,0,0,1780913080,0
150,-50.288565,5.379846,0.400169,10.942947,0,0,0,0,0,0,0,0,1780913080,0
151,82.769596,143.793543,5.071304,13.063471,0,0,0,0,0,0,0,0,1780913080,0
151,59.129688,113.623771,1.50718,9.132836,0,0,0,0,0,0,0,0,1780913080,0
152,-87.156499,-34.797899,1.589457,3.870796,0,0,0,0,0,0,0,0,1780913080,0
152,-67.585602,-18.581693,4.723494,11.941501,0,0,0,0,0,0,0,0,1780913080,0
153,63.243578,115.994867,2.898422,11.915321,0,0,0,0,0,0,0,0,1780913080,0
153,37.711281,92.650412,5.493913,6.959954,0,0,0,0,0,0,0,0,1780913080,0
154,-106.17389,-54.989619,4.083971,11.201,0,0,0,0,0,0,0,0,1780913080,0
154,-87.343494,-42.498353,2.083124,7.146949,0,0,0,0,0,0,0,0,1780913080,0
155,50.015552,98.024648,1.802632,1.88117,0,0,0,0,0,0,0,0,1780913080,0
155,33.844225,76.340708,6.159615,11.717107,0,0,0,0,0,0,0,0,1780913080,0
156,-122.737907,-80.185325,5.146102,18.538684,0,0,0,0,0,0,0,0,1780913080,0
156,-101.970242,-65.326702,3.582824,12.898915,0,0,0,0,0,0,0,0,1780913080,0
157,35.048472,74.347341,3.7399,11.780685,0,0,0,0,0,0,0,0,1780913080,0
157,9.231943,42.685348,3.36591,14.57065,0,0,0,0,0,0,0,0,1780913080,0
158,-131.496752,-97.17943,4.199908,5.127403,0,0,0,0,0,0,0,0,1780913080,0
158,-100.642578,-73.135614,8.755106,12.199554,0,0,0,0,0,0,0,0,1780913080,0
159,33.732028,63.071543,2.393536,11.982639,0,0,0,0,0,0,0,0,1780913080,0
159,9.886426,36.967041,2.760046,10.860669,0,0,0,0,0,0,0,0,1780913080,0
160,-136.07813,-100.459323,3.062978,13.343963,0,0,0,0,0,0,0,0,1780913080,0
160,-115.183309,-88.072774,1.742793,12.154675,0,0,0,0,0,0,0,0,1780913080,0
161,22.747941,54.387495,3.313551,9.660162,0,0,0,0,0,0,0,0,1780913080,0
161,-5.080654,21.67085,9.304871,11.103763,0,0,0,0,0,0,0,0,1780913080,0
162,-142.316283,-119.592651,1.825071,11.350596,0,0,0,0,0,0,0,0,1780913080,0
162,-122.786525,-89.935244,4.570158,5.370496,0,0,0,0,0,0,0,0,1780913080,0
163,13.648765,47.124609,5.299438,7.004833,0,0,0,0,0,0,0,0,1780913080,0
163,-10.058461,26.962809,7.001093,10.486679,0,0,0,0,0,0,0,0,1780913080,0
164,-149.373474,-119.181262,2.479554,6.799138,0,0,0,0,0,0,0,0,1780913080,0
164,-127.83913,-100.122732,4.327064,15.430827,0,0,0,0,0,0,0,0,1780913080,0
165,12.34354,44.297245,3.829658,10.056591,0,0,0,0,0,0,0,0,1780913080,0
165,-16.348973,16.906218,0.661962,9.297391,0,0,0,0,0,0,0,0,1780913080,0
166,-154.171766,-124.525579,1.181808,10.209927,0,0,0,0,0,0,0,0,1780913080,0
166,-129.462247,-101.596252,1.970927,14.20788,0,0,0,0,0,0,0,0,1780913080,0
167,9.964963,35.661816,-1.12571,7.408742,0,0,0,0,0,0,0,0,1780913080,0
167,-17.740215,13.46925,9.185194,8.515752,0,0,0,0,0,0,0,0,1780913080,0
168,-155.622847,-122.173182,4.151289,9.36097,0,0,0,0,0,0,0,0,1780913080,0
168,-130.954467,-99.958176,4.342024,8.807464,0,0,0,0,0,0,0,0,1780913080,0
169,5.114313,39.188542,2.22898,9.622763,0,0,0,0,0,0,0,0,1780913080,0
169,-16.906218,14.845533,8.336237,8.384856,0,0,0,0,0,0,0,0,1780913080,0
170,-150.28601,-123.34377,2.61419,8.134282,0,0,0,0,0,0,0,0,1780913080,0
170,-119.495413,-91.251689,4.925448,9.929434,0,0,0,0,0,0,0,0,1780913080,0
171,18.499415,48.60935,4.005433,7.84631,0,0,0,0,0,0,0,0,1780913080,0
171,-12.373459,21.513774,3.470627,9.914475,0,0,0,0,0,0,0,0,1780913080,0
172,-151.378061,-113.399377,5.650989,11.320677,0,0,0,0,0,0,0,0,1780913080,0
172,-124.686395,-92.224063,3.769819,12.895175,0,0,0,0,0,0,0,0,1780913080,0
173,12.840946,48.874883,2.25516,5.9801,0,0,0,0,0,0,0,0,1780913080,0
173,-14.666018,26.16621,8.545671,11.784425,0,0,0,0,0,0,0,0,1780913080,0
174,-147.787757,-111.77252,4.592597,13.171928,0,0,0,0,0,0,0,0,1780913080,0
174,-120.73332,-87.186418,6.032459,12.506225,0,0,0,0,0,0,0,0,1780913080,0
175,29.438623,61.650381,9.877076,8.766325,0,0,0,0,0,0,0,0,1780913080,0
175,-4.646826,34.850258,5.97262,12.756799,0,0,0,0,0,0,0,0,1780913080,0
176,-149.481931,-109.401423,3.246233,12.764279,0,0,0,0,0,0,0,0,1780913080,0
176,-113.601331,-78.700585,9.398369,11.440354,0,0,0,0,0,0,0,0,1780913080,0
177,21.285641,64.30945,4.85439,9.144055,0,0,0,0,0,0,0,0,1780913080,0
177,-2.97883,36.499554,1.260346,13.688034,0,0,0,0,0,0,0,0,1780913080,0
178,-146.699446,-101.450396,2.307518,10.901808,0,0,0,0,0,0,0,0,1780913080,0
178,-104.913544,-64.963932,8.654128,10.217407,0,0,0,0,0,0,0,0,1780913080,0
179,37.303632,76.815675,-0.108457,10.763432,0,0,0,0,0,0,0,0,1780913080,0
179,13.128919,54.548311,6.791658,10.984086,0,0,0,0,0,0,0,0,1780913080,0
180,-110.717868,-67.27519,5.063825,13.81893,0,0,0,0,0,0,0,0,1780913080,0
180,-67.234051,-15.227003,1.200508,11.814344,0,0,0,0,0,0,0,0,1780913080,0
181,74.635313,127.85409,1.451081,11.657268,0,0,0,0,0,0,0,0,1780913080,0
181,60.663047,116.346418,7.251666,4.753413,0,0,0,0,0,0,0,0,1780913080,0
182,-55.864756,0.839608,2.322478,10.374482,0,0,0,0,0,0,0,0,1780913080,0
182,-24.255121,27.774367,5.714567,15.157815,0,0,0,0,0,0,0,0,1780913080,0
183,116.552112,169.400638,4.566418,6.496206,0,0,0,0,0,0,0,0,1780913080,0
183,92.283901,146.777984,3.534205,9.259992,0,0,0,0,0,0,0,0,1780913080,0
184,-48.384956,1.161239,0.280492,12.71566,0,0,0,0,0,0,0,0,1780913080,0
184,-28.103478,20.373105,2.823624,6.881416,0,0,0,0,0,0,0,0,1780913080,0
185,111.824879,164.284455,3.590304,7.356383,0,0,0,0,0,0,0,0,1780913080,0
185,71.882747,119.63753,11.634829,9.633982,0,0,0,0,0,0,0,0,1780913080,0
186,-67.514544,-11.97703,-0.291712,9.233813,0,0,0,0,0,0,0,0,1780913080,0
186,-45.785725,8.304448,11.189781,4.891789,0,0,0,0,0,0,0,0,1780913080,0
187,89.131166,142.267664,2.97696,10.980346,0,0,0,0,0,0,0,0,1780913080,0
187,47.939908,97.497322,3.313551,9.147795,0,0,0,0,0,0,0,0,1780913080,0
188,-91.296568,-46.7207,0.647003,7.86501,0,0,0,0,0,0,0,0,1780913080,0
188,-62.293644,-16.386372,5.62107,12.34167,0,0,0,0,0,0,0,0,1780913080,0
189,68.41586,107.875544,4.87683,11.447834,0,0,0,0,0,0,0,0,1780913080,0
189,30.624171,72.832682,5.804325,10.202447,0,0,0,0,0,0,0,0,1780913080,0
190,-106.065433,-63.740985,3.650142,12.214513,0,0,0,0,0,0,0,0,1780913080,0
190,-77.084948,-36.735167,5.890342,10.374482,0,0,0,0,0,0,0,0,1780913080,0
191,51.691027,97.538461,6.174575,10.037891,0,0,0,0,0,0,0,0,1780913080,0
191,22.534767,63.692366,10.46798,13.628195,0,0,0,0,0,0,0,0,1780913080,0
192,-120.882916,-79.441085,2.509473,12.913875,0,0,0,0,0,0,0,0,1780913080,0
192,-86.105587,-40.508726,5.202201,10.598876,0,0,0,0,0,0,0,0,1780913080,0
193,51.462893,98.245302,5.493913,8.912182,0,0,0,0,0,0,0,0,1780913080,0
193,18.155344,63.037884,7.210527,14.088203,0,0,0,0,0,0,0,0,1780913080,0
194,-122.001146,-75.200038,5.61359,11.010265,0,0,0,0,0,0,0,0,1780913080,0
194,-80.787449,-36.353698,3.485587,10.707334,0,0,0,0,0,0,0,0,1780913080,0
195,50.617676,96.753082,7.584517,9.215113,0,0,0,0,0,0,0,0,1780913080,0
195,9.680731,68.632774,3.478107,14.720246,0,0,0,0,0,0,0,0,1780913080,0
196,-125.146402,-67.454706,7.902409,11.649788,0,0,0,0,0,0,0,0,1780913080,0
196,-85.731597,-36.738907,0.594644,14.241539,0,0,0,0,0,0,0,0,1780913080,0
197,51.399315,98.237822,0.00374,14.664148,0,0,0,0,0,0,0,0,1780913080,0
197,20.227249,74.141647,7.10581,19.937407,0,0,0,0,0,0,0,0,1780913080,0
198,-104.232882,-46.503786,7.696714,9.675121,0,0,0,0,0,0,0,0,1780913080,0
198,-59.705633,-3.674452,5.452774,9.196414,0,0,0,0,0,0,0,0,1780913080,0
199,76.183632,146.475052,1.200508,3.717461,0,0,0,0,0,0,0,0,1780913080,0
199,47.932428,126.171135,4.884309,5.953921,0,0,0,0,0,0,0,0,1780913080,0
200,-88.196191,-13.405671,0.75172,6.395229,0,0,0,0,0,0,0,0,1780913080,0
200,-52.842916,26.981508,3.75112,11.432874,0,0,0,0,0,0,0,0,1780913080,0
0,95.69656,172.510365,3.906326,8.257699,0,0,0,0,0,0,0,0,1780913080,0
101,58.862285,135.930404,9.691951,19.731712,0,0,0,0,0,0,0,0,1780913080,0
101,-80.710781,-6.268072,-3.322901,5.59863,0,0,0,0,0,0,0,0,1780913080,0
102,-31.665733,36.441585,4.254136,13.45242,0,0,0,0,0,0,0,0,1780913080,0
102,105.547457,173.707133,5.510743,12.169634,0,0,0,0,0,0,0,0,1780913080,0
103,62.43015,135.193643,3.670712,12.046218,0,0,0,0,0,0,0,0,1780913080,0
103,-77.079338,-12.640862,0.626433,11.301978,0,0,0,0,0,0,0,0,1780913080,0
104,-37.148426,27.641601,0.559115,6.541085,0,0,0,0,0,0,0,0,1780913080,0
104,90.516799,161.047572,3.693151,8.149242,0,0,0,0,0,0,0,0,1780913080,0
105,61.124925,126.651712,2.933952,13.205587,0,0,0,0,0,0,0,0,1780913080,0
105,-78.960508,-8.717707,2.028896,6.963694,0,0,0,0,0,0,0,0,1780913080,0
106,-58.002108,15.868396,6.565394,16.661254,0,0,0,0,0,0,0,0,1780913080,0
106,86.930235,145.02584,2.096214,11.993859,0,0,0,0,0,0,0,0,1780913080,0
107,55.32808,119.400046,0.151466,5.837984,0,0,0,0,0,0,0,0,1780913080,0
107,-89.551904,-33.251451,3.898846,12.887695,0,0,0,0,0,0,0,0,1780913080,0
108,-55.926464,-9.985533,4.882439,10.677414,0,0,0,0,0,0,0,0,1780913080,0
108,88.792705,140.463163,7.148819,9.817237,0,0,0,0,0,0,0,0,1780913080,0
109,38.393813,95.378669,-1.13506,8.927141,0,0,0,0,0,0,0,0,1780913080,0
109,-107.211712,-57.658038,2.889073,12.109796,0,0,0,0,0,0,0,0,1780913080,0
110,-62.43763,-15.457007,5.708957,9.761139,0,0,0,0,0,0,0,0,1780913080,0
110,65.605325,112.806602,5.331227,11.376776,0,0,0,0,0,0,0,0,1780913080,0
111,19.350242,72.423163,4.972197,8.119323,0,0,0,0,0,0,0,0,1780913080,0
111,-125.499823,-75.235567,5.035775,6.436368,0,0,0,0,0,0,0,0,1780913080,0
112,-87.143409,-41.613867,4.183078,5.24334,0,0,0,0,0,0,0,0,1780913080,0
112,42.141193,90.628996,7.803301,17.278338,0,0,0,0,0,0,0,0,1780913080,0
113,-1.380023,49.572374,4.160639,9.806018,0,0,0,0,0,0,0,0,1780913080,0
113,-133.993136,-86.642262,1.565148,8.814944,0,0,0,0,0,0,0,0,1780913080,0
114,-103.53539,-57.94975,5.910912,10.800831,0,0,0,0,0,0,0,0,1780913080,0
114,35.974098,80.935175,4.87122,10.83823,0,0,0,0,0,0,0,0,1780913080,0
115,-12.087357,31.643294,4.052182,15.572943,0,0,0,0,0,0,0,0,1780913080,0
115,-140.268688,-107.641801,-0.476837,11.889142,0,0,0,0,0,0,0,0,1780913080,0
116,-99.518738,-58.970743,1.662386,3.852097,0,0,0,0,0,0,0,0,1780913080,0
116,28.494298,64.217822,1.187418,11.664748,0,0,0,0,0,0,0,0,1780913080,0
117,-14.910981,24.268211,6.707511,11.833043,0,0,0,0,0,0,0,0,1780913080,0
117,-148.926556,-107.499684,2.533782,5.662209,0,0,0,0,0,0,0,0,1780913080,0
118,-105.902747,-63.383824,-0.903186,7.973467,0,0,0,0,0,0,0,0,1780913080,0
118,29.440492,68.339192,5.181631,7.85005,0,0,0,0,0,0,0,0,1780913080,0
119,-13.194367,23.995198,0.517976,1.006033,0,0,0,0,0,0,0,0,1780913080,0
119,-143.346625,-107.477245,4.729103,7.992166,0,0,0,0,0,0,0,0,1780913080,0
120,-103.041724,-64.509534,10.114559,8.388596,0,0,0,0,0,0,0,0,1780913080,0
120,40.398399,77.670242,3.165825,8.205341,0,0,0,0,0,0,0,0,1780913080,0
121,-3.249973,35.072782,0.069188,11.713367,0,0,0,0,0,0,0,0,1780913080,0
121,-134.722416,-88.732866,5.323748,11.077584,0,0,0,0,0,0,0,0,1780913080,0
122,-88.889942,-48.304548,2.97883,6.170835,0,0,0,0,0,0,0,0,1780913080,0
122,51.513382,99.989965,5.349927,10.561477,0,0,0,0,0,0,0,0,1780913080,0
123,4.259746,55.432797,8.573721,11.114983,0,0,0,0,0,0,0,0,1780913080,0
123,-127.496929,-68.634644,6.857107,11.560031,0,0,0,0,0,0,0,0,1780913080,0
124,-67.063886,-9.316091,6.120346,11.773205,0,0,0,0,0,0,0,0,1780913080,0
124,77.109257,142.026441,7.066541,10.688634,0,0,0,0,0,0,0,0,1780913080,0
125,41.595167,113.752797,1.725964,6.526125,0,0,0,0,0,0,0,0,1780913080,0
125,-86.485186,-11.541331,5.701477,14.484633,0,0,0,0,0,0,0,0,1780913080,0
126,-46.322401,28.479338,1.520269,11.612389,0,0,0,0,0,0,0,0,1780913080,0
126,107.529604,186.254498,3.00501,6.829057,0,0,0,0,0,0,0,0,1780913080,0
127,60.047834,127.597907,7.964117,11.870442,0,0,0,0,0,0,0,0,1780913080,0
127,-70.796306,-5.007726,5.880993,15.356029,0,0,0,0,0,0,0,0,1780913080,0
128,-27.802416,38.11706,0.865787,9.959354,0,0,0,0,0,0,0,0,1780913080,0
128,98.381808,161.11863,5.99693,13.994706,0,0,0,0,0,0,0,0,1780913080,0
129,54.602539,119.699238,3.977384,10.927988,0,0,0,0,0,0,0,0,1780913080,0
129,-85.21362,-21.238892,3.423878,9.72748,0,0,0,0,0,0,0,0,1780913080,0
130,-40.570435,29.186179,1.198638,9.798538,0,0,0,0,0,0,0,0,1780913080,0
130,87.046171,153.481754,8.495183,12.741839,0,0,0,0,0,0,0,0,1780913080,0
131,28.460639,85.292158,3.74551,8.250219,0,0,0,0,0,0,0,0,1780913080,0
131,-104.092635,-44.078461,5.151712,11.062624,0,0,0,0,0,0,0,0,1780913080,0
132,-67.108765,-11.268319,4.078361,5.99506,0,0,0,0,0,0,0,0,1780913080,0
132,63.795213,116.415606,5.97823,12.169634,0,0,0,0,0,0,0,0,1780913080,0
133,10.340823,60.911751,0.618953,12.33793,0,0,0,0,0,0,0,0,1780913080,0
133,-119.269149,-69.281647,8.166072,10.905548,0,0,0,0,0,0,0,0,1780913080,0
134,-70.785086,-20.322616,3.74551,7.962247,0,0,0,0,0,0,0,0,1780913080,0
134,55.829227,102.088049,6.030589,10.804571,0,0,0,0,0,0,0,0,1780913080,0
135,5.815544,50.604586,2.672159,7.363863,0,0,0,0,0,0,0,0,1780913080,0
135,-132.108226,-88.538392,4.762763,10.654975,0,0,0,0,0,0,0,0,1780913080,0
136,-86.660962,-43.910165,0.211304,7.84257,0,0,0,0,0,0,0,0,1780913080,0
136,40.218884,84.772312,2.313128,6.619623,0,0,0,0,0,0,0,0,1780913080,0
137,-11.627349,35.211158,2.97883,9.570404,0,0,0,0,0,0,0,0,1780913080,0
137,-136.143578,-96.485679,1.595067,6.514906,0,0,0,0,0,0,0,0,1780913080,0
138,-92.641062,-53.944317,5.62294,10.254806,0,0,0,0,0,0,0,0,1780913080,0
138,40.974344,79.401816,5.398546,11.866703,0,0,0,0,0,0,0,0,1780913080,0
139,-8.949581,33.958292,7.919238,9.753659,0,0,0,0,0,0,0,0,1780913081,0
139,-139.090619,-102.910827,5.065694,6.858977,0,0,0,0,0,0,0,0,1780913081,0
140,-84.46938,-48.22227,3.427618,9.562924,0,0,0,0,0,0,0,0,1780913081,0
140,44.583347,82.99586,6.236283,9.151535,0,0,0,0,0,0,0,0,1780913081,0
141,-11.862963,32.615668,-0.065448,9.417068,0,0,0,0,0,0,0,0,1780913081,0
141,-142.389211,-103.213759,4.340154,8.21656,0,0,0,0,0,0,0,0,1780913081,0
142,-89.406048,-55.32434,6.890766,5.9801,0,0,0,0,0,0,0,0,1780913081,0
142,37.249404,77.01202,6.954344,13.942347,0,0,0,0,0,0,0,0,1780913081,0
143,-11.159861,26.399954,2.567441,8.384856,0,0,0,0,0,0,0,0,1780913081,0
143,-140.081693,-104.66858,6.067988,13.770312,0,0,0,0,0,0,0,0,1780913081,0
144,-82.965941,-42.126233,4.370073,9.151535,0,0,0,0,0,0,0,0,1780913081,0
144,53.8209,89.234013,3.872666,9.566664,0,0,0,0,0,0,0,0,1780913081,0
145,-6.170835,37.862747,5.892212,10.299684,0,0,0,0,0,0,0,0,1780913081,0
145,-128.424425,-87.663255,-4.261616,14.327557,0,0,0,0,0,0,0,0,1780913081,0
146,-66.637537,-24.271951,0.237484,8.695267,0,0,0,0,0,0,0,0,1780913081,0
146,69.408803,121.711304,5.787495,10.430581,0,0,0,0,0,0,0,0,1780913081,0
147,24.346749,86.171035,8.035175,13.654375,0,0,0,0,0,0,0,0,1780913081,0
147,-91.298438,-23.131281,2.926472,12.72314,0,0,0,0,0,0,0,0,1780913081,0
148,-34.844648,37.163386,3.592174,8.713967,0,0,0,0,0,0,0,0,1780913081,0
148,101.867395,172.772158,1.662386,11.664748,0,0,0,0,0,0,0,0,1780913081,0
149,57.751535,125.23055,-2.122393,8.489573,0,0,0,0,0,0,0,0,1780913081,0
149,-60.320846,8.138022,2.810535,12.150935,0,0,0,0,0,0,0,0,1780913081,0
150,-10.84945,57.358846,1.841901,14.765125,0,0,0,0,0,0,0,0,1780913081,0
150,119.755336,179.863009,0.981724,7.161908,0,0,0,0,0,0,0,0,1780913081,0
151,52.403478,108.580515,4.736583,11.788165,0,0,0,0,0,0,0,0,1780913081,0
151,-75.946148,-13.194367,5.009596,12.169634,0,0,0,0,0,0,0,0,1780913081,0
152,-25.670673,39.440985,3.027449,6.380269,0,0,0,0,0,0,0,0,1780913081,0
152,94.604509,152.935729,7.436791,16.126449,0,0,0,0,0,0,0,0,1780913081,0
153,34.03309,97.465533,4.306495,13.280385,0,0,0,0,0,0,0,0,1780913081,0
153,-93.714413,-47.11152,3.064848,11.144902,0,0,0,0,0,0,0,0,1780913081,0
154,-49.209604,5.288219,6.251243,6.589704,0,0,0,0,0,0,0,0,1780913081,0
154,67.022747,119.740377,4.377553,8.100623,0,0,0,0,0,0,0,0,1780913081,0
155,16.399461,63.982208,2.358007,6.249373,0,0,0,0,0,0,0,0,1780913081,0
155,-116.049096,-67.172343,7.904279,12.70818,0,0,0,0,0,0,0,0,1780913081,0
156,-69.521,-19.713013,3.401439,11.058884,0,0,0,0,0,0,0,0,1780913081,0
156,60.021654,104.062716,-2.559962,7.180608,0,0,0,0,0,0,0,0,1780913081,0
157,2.808665,43.596014,2.739477,13.904948,0,0,0,0,0,0,0,0,1780913081,0
157,-127.377253,-87.771712,4.12324,15.31489,0,0,0,0,0,0,0,0,1780913081,0
158,-73.346918,-29.758384,1.082701,10.266025,0,0,0,0,0,0,0,0,1780913081,0
158,53.114059,97.873182,11.244009,11.687187,0,0,0,0,0,0,0,0,1780913081,0
159,-5.430335,36.333128,6.513036,11.025225,0,0,0,0,0,0,0,0,1780913081,0
159,-135.926664,-95.771358,6.36344,7.977207,0,0,0,0,0,0,0,0,1780913081,0
160,-80.303132,-39.26895,6.000669,7.715414,0,0,0,0,0,0,0,0,1780913081,0
160,40.993043,89.323771,7.302155,9.368449,0,0,0,0,0,0,0,0,1780913081,0
161,-8.564371,32.099561,1.097661,12.293051,0,0,0,0,0,0,0,0,1780913081,0
161,-139.681523,-97.701146,8.801855,15.677661,0,0,0,0,0,0,0,0,1780913081,0
162,-82.004786,-42.717137,3.289242,4.888049,0,0,0,0,0,0,0,0,1780913081,0
162,41.258576,89.503286,4.070881,5.527572,0,0,0,0,0,0,0,0,1780913081,0
163,-13.863809,27.551843,6.819708,10.217407,0,0,0,0,0,0,0,0,1780913081,0
163,-140.470642,-93.235706,3.640793,7.416222,0,0,0,0,0,0,0,0,1780913081,0
164,-85.58761,-37.705671,1.628726,9.428288,0,0,0,0,0,0,0,0,1780913081,0
164,41.8607,85.333297,6.318561,10.557738,0,0,0,0,0,0,0,0,1780913081,0
165,-8.871043,37.443878,5.510743,17.985179,0,0,0,0,0,0,0,0,1780913081,0
165,-137.265548,-91.324617,4.018523,10.759692,0,0,0,0,0,0,0,0,1780913081,0
166,-76.873644,-27.462085,8.547541,12.203294,0,0,0,0,0,0,0,0,1780913081,0
166,54.224809,103.602709,3.846487,10.527818,0,0,0,0,0,0,0,0,1780913081,0
167,-1.320185,46.109227,3.00875,10.797091,0,0,0,0,0,0,0,0,1780913081,0
167,-129.737129,-77.774959,6.258723,8.343717,0,0,0,0,0,0,0,0,1780913081,0
168,-61.66347,-13.186887,1.333274,10.677414,0,0,0,0,0,0,0,0,1780913081,0
168,63.683016,117.230904,0.181385,4.330804,0,0,0,0,0,0,0,0,1780913081,0
169,9.824717,64.251481,5.555621,12.420208,0,0,0,0,0,0,0,0,1780913081,0
169,-109.620208,-57.153151,2.937691,11.092543,0,0,0,0,0,0,0,0,1780913081,0
170,-50.432551,4.252266,-1.437992,4.289665,0,0,0,0,0,0,0,0,1780913081,0
170,81.683155,136.626025,5.005856,16.717353,0,0,0,0,0,0,0,0,1780913081,0
171,26.818823,81.754213,8.884132,5.329357,0,0,0,0,0,0,0,0,1780913081,0
171,-101.194213,-35.88808,4.003563,15.348549,0,0,0,0,0,0,0,0,1780913081,0
172,-38.86504,19.406341,-2.559962,7.606957,0,0,0,0,0,0,0,0,1780913081,0
172,81.600877,142.374251,0.648873,8.560631,0,0,0,0,0,0,0,0,1780913081,0
173,24.496345,92.813097,3.00875,10.363263,0,0,0,0,0,0,0,0,1780913081,0
173,-97.817083,-28.916906,4.740323,13.08217,0,0,0,0,0,0,0,0,1780913081,0
174,-42.758276,24.903994,5.260169,14.103163,0,0,0,0,0,0,0,0,1780913081,0
174,73.945302,142.864178,4.953497,10.064071,0,0,0,0,0,0,0,0,1780913081,0
175,18.778038,76.985841,6.198884,9.854636,0,0,0,0,0,0,0,0,1780913081,0
175,-129.206064,-71.207695,4.721624,8.197861,0,0,0,0,0,0,0,0,1780913081,0
176,-62.42641,0.957414,-4.643086,4.005433,0,0,0,0,0,0,0,0,1780913081,0
176,63.873751,116.022916,3.524856,14.054544,0,0,0,0,0,0,0,0,1780913081,0
177,-12.887695,45.260269,3.206964,7.442401,0,0,0,0,0,0,0,0,1780913081,0
177,-143.223209,-93.246926,6.292382,11.96768,0,0,0,0,0,0,0,0,1780913081,0
178,-90.722493,-46.965664,5.97075,6.660762,0,0,0,0,0,0,0,0,1780913081,0
178,29.848142,83.770019,5.578061,8.728926,0,0,0,0,0,0,0,0,1780913081,0
179,-38.610727,11.761985,3.644533,8.321277,0,0,0,0,0,0,0,0,1780913081,0
179,-164.286325,-114.844848,4.972197,15.752459,0,0,0,0,0,0,0,0,1780913081,0
180,-111.003971,-61.794367,4.908619,9.383409,0,0,0,0,0,0,0,0,1780913081,0
180,16.160108,61.229642,10.163178,13.220546,0,0,0,0,0,0,0,0,1780913081,0
181,-48.5813,-0.538546,5.555621,14.338776,0,0,0,0,0,0,0,0,1780913081,0
181,-178.026718,-123.300762,7.504109,11.111243,0,0,0,0,0,0,0,0,1780913081,0
182,-120.510796,-76.937222,1.415552,7.629396,0,0,0,0,0,0,0,0,1780913081,0
182,0.613344,52.867226,8.566241,10.752212,0,0,0,0,0,0,0,0,1780913081,0
183,-56.951197,-7.236706,6.539215,10.722293,0,0,0,0,0,0,0,0,1780913081,0
183,-190.431966,-143.683216,0.226264,11.032705,0,0,0,0,0,0,0,0,1780913081,0
184,-122.354567,-81.791612,4.160639,13.785271,0,0,0,0,0,0,0,0,1780913081,0
184,1.159369,50.971096,8.397945,8.826164,0,0,0,0,0,0,0,0,1780913081,0
185,-63.817653,-11.874182,3.36778,9.839677,0,0,0,0,0,0,0,0,1780913081,0
185,-185.315783,-137.164571,4.87496,11.361816,0,0,0,0,0,0,0,0,1780913081,0
186,-121.389673,-69.023594,3.423878,12.401508,0,0,0,0,0,0,0,0,1780913081,0
186,12.764279,57.515921,5.6005,7.341424,0,0,0,0,0,0,0,0,1780913081,0
187,-54.007895,-5.643509,3.00127,12.371589,0,0,0,0,0,0,0,0,1780913081,0
187,-179.747072,-130.253236,1.957838,14.163001,0,0,0,0,0,0,0,0,1780913081,0
188,-113.715398,-64.524494,2.63476,4.783332,0,0,0,0,0,0,0,0,1780913081,0
188,11.814344,58.809927,3.906326,4.4991,0,0,0,0,0,0,0,0,1780913081,0
189,-47.021762,-0.265533,6.849627,13.976006,0,0,0,0,0,0,0,0,1780913081,0
189,-171.407095,-126.169265,7.10768,7.240446,0,0,0,0,0,0,0,0,1780913081,0
190,-108.711412,-64.217822,4.164379,11.511412,0,0,0,0,0,0,0,0,1780913081,0
190,13.785271,62.310473,4.964717,17.147441,0,0,0,0,0,0,0,0,1780913081,0
191,-49.067487,-3.73242,2.99005,6.657022,0,0,0,0,0,0,0,0,1780913081,0
191,-168.134682,-121.225117,9.164625,14.686587,0,0,0,0,0,0,0,0,1780913081,0
192,-105.42404,-56.775421,0.862047,5.879123,0,0,0,0,0,0,0,0,1780913081,0
192,18.763078,69.128311,5.24521,12.966233,0,0,0,0,0,0,0,0,1780913081,0
193,-49.239523,0.261793,6.71873,11.025225,0,0,0,0,0,0,0,0,1780913081,0
193,-168.475013,-121.696345,4.422432,8.268919,0,0,0,0,0,0,0,0,1780913081,0
194,-96.639015,-50.814021,-1.737184,8.889742,0,0,0,0,0,0,0,0,1780913081,0
194,23.871781,65.380931,10.271635,5.550012,0,0,0,0,0,0,0,0,1780913081,0
195,-41.711104,5.800585,5.443424,11.373036,0,0,0,0,0,0,0,0,1780913081,0
195,-158.919569,-115.794782,4.740323,13.007372,0,0,0,0,0,0,0,0,1780913081,0
196,-94.926141,-45.469704,2.425325,12.35289,0,0,0,0,0,0,0,0,1780913081,0
196,22.368342,69.038553,2.769396,11.373036,0,0,0,0,0,0,0,0,1780913081,0
197,-44.340254,7.304025,-0.559115,6.847757,0,0,0,0,0,0,0,0,1780913081,0
197,-165.815944,-116.453005,7.174998,13.523478,0,0,0,0,0,0,0,0,1780913081,0
198,-94.623209,-42.649819,5.59302,10.568957,0,0,0,0,0,0,0,0,1780913081,0
198,26.426133,76.26404,1.969057,11.156122,0,0,0,0,0,0,0,0,1780913081,0
199,-41.991597,9.188934,4.399992,6.74304,0,0,0,0,0,0,0,0,1780913081,0
199,-159.211281,-113.304009,1.602547,13.108349,0,0,0,0,0,0,0,0,1780913081,0
200,-89.750119,-40.140346,3.438838,10.45302,0,0,0,0,0,0,0,0,1780913081,0
200,34.870827,80.73696,5.97075,12.536145,0,0,0,0,0,0,0,0,1780913081,0
0,-36.318168,17.029634,6.700031,11.541331,0,0,0,0,0,0,0,0,1780913081,0
101,-162.569711,-108.851658,3.558515,8.291358,0,0,0,0,0,0,0,0,1780913081,0
101,-90.48314,-37.703801,0.989204,8.927141,0,0,0,0,0,0,0,0,1780913081,0
102,35.420592,81.84958,4.09706,15.296191,0,0,0,0,0,0,0,0,1780913081,0
102,-36.445325,10.032282,3.083548,4.457961,0,0,0,0,0,0,0,0,1780913081,0
103,-152.988087,-117.808719,7.48541,9.402108,0,0,0,0,0,0,0,0,1780913081,0
103,-84.084171,-45.479053,4.691704,12.33419,0,0,0,0,0,0,0,0,1780913081,0
104,34.313582,82.522762,0.869527,8.010866,0,0,0,0,0,0,0,0,1780913081,0
104,-37.096068,15.874005,5.895952,5.445294,0,0,0,0,0,0,0,0,1780913081,0
105,-159.738607,-106.663817,1.838161,10.333344,0,0,0,0,0,0,0,0,1780913081,0
105,-82.188041,-31.353451,0.297322,11.081324,0,0,0,0,0,0,0,0,1780913081,0
106,41.180038,81.662585,8.390466,16.698653,0,0,0,0,0,0,0,0,1780913081,0
106,-34.422039,17.781354,2.028896,10.138869,0,0,0,0,0,0,0,0,1780913081,0
107,-148.690942,-104.827526,0.143986,9.140315,0,0,0,0,0,0,0,0,1780913081,0
107,-83.612943,-33.032666,4.048442,15.281231,0,0,0,0,0,0,0,0,1780913081,0
108,36.718338,91.419984,3.259323,12.655821,0,0,0,0,0,0,0,0,1780913081,0
108,-30.64474,17.57566,5.450904,14.914721,0,0,0,0,0,0,0,0,1780913081,0
109,-149.973728,-102.606025,5.439684,5.254559,0,0,0,0,0,0,0,0,1780913081,0
109,-74.745641,-29.648057,3.577214,6.395229,0,0,0,0,0,0,0,0,1780913081,0
110,45.196691,86.397299,2.174752,1.439861,0,0,0,0,0,0,0,0,1780913081,0
110,-27.548103,11.083194,5.843594,15.842216,0,0,0,0,0,0,0,0,1780913081,0
111,-147.707349,-96.614706,4.216737,10.632536,0,0,0,0,0,0,0,0,1780913081,0
111,-74.173436,-33.402916,5.181631,4.880569,0,0,0,0,0,0,0,0,1780913081,0
112,46.314921,89.168565,5.937091,7.131989,0,0,0,0,0,0,0,0,1780913081,0
112,-27.615421,17.19045,2.99379,9.806018,0,0,0,0,0,0,0,0,1780913081,0
113,-145.392351,-98.997022,2.657199,12.207033,0,0,0,0,0,0,0,0,1780913081,0
113,-66.996568,-29.54334,5.297568,15.894575,0,0,0,0,0,0,0,0,1780913081,0
114,42.810635,94.524101,-1.280916,10.426841,0,0,0,0,0,0,0,0,1780913081,0
114,-25.132128,21.928903,4.12324,7.4798,0,0,0,0,0,0,0,0,1780913081,0
115,-146.600338,-103.017414,0.110327,9.910735,0,0,0,0,0,0,0,0,1780913081,0
115,-71.798599,-30.194082,4.8413,12.943794,0,0,0,0,0,0,0,0,1780913081,0
116,32.653067,74.605394,1.561408,10.370743,0,0,0,0,0,0,0,0,1780913081,0
116,-30.098715,17.766395,3.034929,9.473167,0,0,0,0,0,0,0,0,1780913081,0
117,-136.842939,-84.777922,5.836114,9.488126,0,0,0,0,0,0,0,0,1780913081,0
117,-71.069319,-22.560946,5.563101,12.573544,0,0,0,0,0,0,0,0,1780913081,0
118,39.007157,85.937291,8.068834,10.610096,0,0,0,0,0,0,0,0,1780913081,0
118,-26.90858,29.591958,2.24581,12.438907,0,0,0,0,0,0,0,0,1780913081,0
119,-143.16337,-80.305002,2.032636,9.970573,0,0,0,0,0,0,0,0,1780913081,0
119,-76.98958,-10.589527,7.511589,7.741593,0,0,0,0,0,0,0,0,1780913081,0
120,39.684078,111.996914,5.570581,4.891789,0,0,0,0,0,0,0,0,1780913081,0
120,-35.076522,35.826372,-0.39082,10.374482,0,0,0,0,0,0,0,0,1780913081,0
121,-150.239261,-82.294629,5.97449,7.4798,0,0,0,0,0,0,0,0,1780913081,0
121,-74.682062,-8.102493,4.643086,13.370142,0,0,0,0,0,0,0,0,1780913081,0
122,43.3791,108.679623,1.310835,8.98324,0,0,0,0,0,0,0,0,1780913081,0
122,-32.439892,29.947249,7.182478,10.711073,0,0,0,0,0,0,0,0,1780913081,0
123,-147.65499,-80.38354,2.586141,12.502486,0,0,0,0,0,0,0,0,1780913081,0
123,-79.390596,-11.95833,4.12698,12.431427,0,0,0,0,0,0,0,0,1780913081,0
124,41.554028,107.221062,5.529442,8.646649,0,0,0,0,0,0,0,0,1780913081,0
124,-36.561262,32.224848,1.441731,7.229227,0,0,0,0,0,0,0,0,1780913081,0
125,-149.846572,-85.896152,-2.24955,7.577037,0,0,0,0,0,0,0,0,1780913081,0
125,-72.483001,-13.357053,7.971597,13.052251,0,0,0,0,0,0,0,0,1780913081,0
126,41.370773,114.816799,3.498676,11.025225,0,0,0,0,0,0,0,0,1780913081,0
126,-31.77419,33.316899,1.696045,11.201,0,0,0,0,0,0,0,0,1780913081,0
127,-142.015221,-82.193651,4.325194,10.568957,0,0,0,0,0,0,0,0,1780913081,0
127,-69.636937,-0.794729,4.250396,13.923648,0,0,0,0,0,0,0,0,1780913081,0
128,44.609527,112.191389,2.477684,10.916768,0,0,0,0,0,0,0,0,1780913081,0
128,-28.681293,37.898276,7.795821,10.927988,0,0,0,0,0,0,0,0,1780913081,0
129,-144.517214,-80.35736,2.829234,10.138869,0,0,0,0,0,0,0,0,1780913081,0
129,-65.365971,-2.152312,0.626433,5.699608,0,0,0,0,0,0,0,0,1780913081,0
130,47.623886,115.437622,6.73369,10.905548,0,0,0,0,0,0,0,0,1780913081,0
130,-31.575975,41.574598,3.431358,12.70444,0,0,0,0,0,0,0,0,1780913081,0
131,-143.638338,-78.48741,3.337861,8.710227,0,0,0,0,0,0,0,0,1780913081,0
131,-67.733328,-0.888226,6.445718,9.671381,0,0,0,0,0,0,0,0,1780913081,0
132,46.37102,108.836699,4.549588,10.157568,0,0,0,0,0,0,0,0,1780913081,0
132,-26.493451,38.021693,4.661785,11.799384,0,0,0,0,0,0,0,0,1780913081,0
133,-143.017514,-80.204024,5.836114,6.021239,0,0,0,0,0,0,0,0,1780913081,0
133,-64.042047,-3.37152,3.842747,10.280985,0,0,0,0,0,0,0,0,1780913081,0
134,46.647772,111.641624,3.266803,6.238153,0,0,0,0,0,0,0,0,1780913081,0
134,-25.173267,36.548172,3.659492,6.499946,0,0,0,0,0,0,0,0,1780913081,0
135,-141.570173,-79.826295,4.018523,4.686095,0,0,0,0,0,0,0,0,1780913081,0
135,-64.131804,-4.067141,0.686272,7.505979,0,0,0,0,0,0,0,0,1780913081,0
136,49.576114,110.254121,6.038068,8.788765,0,0,0,0,0,0,0,0,1780913081,0
136,-26.594429,33.948942,4.403732,9.536745,0,0,0,0,0,0,0,0,1780913081,0
137,-142.340592,-82.279669,3.158346,9.648942,0,0,0,0,0,0,0,0,1780913081,0
137,-61.771928,-3.883886,6.019369,5.022686,0,0,0,0,0,0,0,0,1780913081,0
138,57.56828,114.517607,2.118653,10.254806,0,0,0,0,0,0,0,0,1780913081,0
138,-24.354229,33.335598,5.435945,12.472566,0,0,0,0,0,0,0,0,1780913081,0
139,-141.371958,-79.295229,3.476237,15.535544,0,0,0,0,0,0,0,0,1780913082,0
139,-61.708349,-2.597361,3.502416,11.900362,0,0,0,0,0,0,0,0,1780913082,0
140,55.013928,117.36367,-0.211304,7.124509,0,0,0,0,0,0,0,0,1780913082,0
140,-22.862008,34.625864,7.358253,14.533251,0,0,0,0,0,0,0,0,1780913082,0
141,-141.270981,-78.094721,2.503863,12.446387,0,0,0,0,0,0,0,0,1780913082,0
141,-58.402278,1.396853,3.180785,11.421654,0,0,0,0,0,0,0,0,1780913082,0
142,52.852266,113.848165,-2.23459,11.522632,0,0,0,0,0,0,0,0,1780913082,0
142,-24.791797,28.099738,6.490596,12.775498,0,0,0,0,0,0,0,0,1780913082,0
143,-134.771035,-79.62434,4.882439,8.852343,0,0,0,0,0,0,0,0,1780913082,0
143,-56.292974,1.232297,6.400839,12.524925,0,0,0,0,0,0,0,0,1780913082,0
144,55.780608,109.502401,5.880993,8.093144,0,0,0,0,0,0,0,0,1780913082,0
144,-19.488619,36.682809,3.816568,16.541578,0,0,0,0,0,0,0,0,1780913082,0
145,-142.894098,-79.98711,6.509296,11.298238,0,0,0,0,0,0,0,0,1780913082,0
145,-58.230242,-0.697491,2.97883,15.68514,0,0,0,0,0,0,0,0,1780913082,0
146,52.930804,110.242901,-2.530042,7.240446,0,0,0,0,0,0,0,0,1780913082,0
146,-20.131881,36.881023,8.341847,9.020639,0,0,0,0,0,0,0,0,1780913082,0
147,-138.963463,-85.110773,5.787495,17.319477,0,0,0,0,0,0,0,0,1780913082,0
147,-53.936837,1.12384,5.009596,17.222239,0,0,0,0,0,0,0,0,1780913082,0
148,55.084986,115.819092,4.306495,13.587057,0,0,0,0,0,0,0,0,1780913082,0
148,-23.91292,35.328965,5.069434,12.846556,0,0,0,0,0,0,0,0,1780913082,0
149,-135.249742,-80.469557,0.906926,10.512859,0,0,0,0,0,0,0,0,1780913082,0
149,-47.780962,2.264509,8.031435,6.290512,0,0,0,0,0,0,0,0,1780913082,0
150,60.952889,116.189342,1.441731,8.074444,0,0,0,0,0,0,0,0,1780913082,0
150,-16.384502,30.28384,-0.072928,9.570404,0,0,0,0,0,0,0,0,1780913082,0
151,-133.147918,-83.046348,-0.76107,13.661855,0,0,0,0,0,0,0,0,1780913082,0
151,-52.119246,3.087287,2.788095,11.114983,0,0,0,0,0,0,0,0,1780913082,0
152,62.680723,115.415183,1.467911,9.454467,0,0,0,0,0,0,0,0,1780913082,0
152,-23.849342,34.734321,2.204671,9.929434,0,0,0,0,0,0,0,0,1780913082,0
153,-134.662578,-80.821108,6.094167,9.435768,0,0,0,0,0,0,0,0,1780913082,0
153,-51.431104,5.327487,4.721624,10.034152,0,0,0,0,0,0,0,0,1780913082,0
154,63.821393,115.673236,1.318315,14.305117,0,0,0,0,0,0,0,0,1780913082,0
154,-28.699992,29.502201,1.647426,13.942347,0,0,0,0,0,0,0,0,1780913082,0
155,-134.18761,-82.305848,-0.858307,9.383409,0,0,0,0,0,0,0,0,1780913082,0
155,-50.174498,7.261016,3.255583,16.171327,0,0,0,0,0,0,0,0,1780913082,0
156,56.304194,112.456922,3.622093,11.062624,0,0,0,0,0,0,0,0,1780913082,0
156,-15.651481,41.86257,3.969904,8.9608,0,0,0,0,0,0,0,0,1780913082,0
157,-132.141885,-73.973351,4.710404,9.817237,0,0,0,0,0,0,0,0,1780913082,0
157,-46.180285,11.292628,3.397699,13.44868,0,0,0,0,0,0,0,0,1780913082,0
158,62.662024,120.546325,0.121547,5.258299,0,0,0,0,0,0,0,0,1780913082,0
158,-20.524571,36.813705,6.116606,12.121016,0,0,0,0,0,0,0,0,1780913082,0
159,-134.090373,-73.131874,2.391666,8.699007,0,0,0,0,0,0,0,0,1780913082,0
159,-51.150612,11.330027,-0.488057,10.44928,0,0,0,0,0,0,0,0,1780913082,0
160,61.521354,117.689042,4.029742,13.44494,0,0,0,0,0,0,0,0,1780913082,0
160,-21.078076,33.399177,3.408919,10.007972,0,0,0,0,0,0,0,0,1780913082,0
161,-129.3407,-78.206918,5.028295,6.608403,0,0,0,0,0,0,0,0,1780913082,0
161,-42.028996,14.808134,6.74491,7.023532,0,0,0,0,0,0,0,0,1780913082,0
162,67.422916,120.101277,-1.022863,5.97636,0,0,0,0,0,0,0,0,1780913082,0
162,-17.1998,34.098538,5.039515,9.058038,0,0,0,0,0,0,0,0,1780913082,0
163,-132.392458,-75.248657,3.37526,10.269765,0,0,0,0,0,0,0,0,1780913082,0
163,-45.256529,12.34354,1.85312,8.829904,0,0,0,0,0,0,0,0,1780913082,0
164,63.069673,121.773013,6.127826,8.919661,0,0,0,0,0,0,0,0,1780913082,0
164,-23.034044,37.827218,5.391066,11.623609,0,0,0,0,0,0,0,0,1780913082,0
165,-126.681631,-71.003871,5.697738,12.648342,0,0,0,0,0,0,0,0,1780913082,0
165,-41.542809,11.546941,3.173305,10.46424,0,0,0,0,0,0,0,0,1780913082,0
166,66.514121,121.185848,3.218184,10.150088,0,0,0,0,0,0,0,0,1780913082,0
166,-18.273151,34.173336,5.402285,9.682601,0,0,0,0,0,0,0,0,1780913082,0
167,-124.460131,-70.259631,3.177045,9.301131,0,0,0,0,0,0,0,0,1780913082,0
167,-40.226364,15.256922,7.717284,11.60491,0,0,0,0,0,0,0,0,1780913082,0
168,63.881231,119.054105,3.554775,11.384255,0,0,0,0,0,0,0,0,1780913082,0
168,-16.889388,39.880423,9.374059,14.091943,0,0,0,0,0,0,0,0,1780913082,0
169,-126.969603,-70.136214,1.823201,8.040785,0,0,0,0,0,0,0,0,1780913082,0
169,-39.059515,11.344987,-1.10888,12.001339,0,0,0,0,0,0,0,0,1780913082,0
170,68.511227,125.797145,-1.12758,9.402108,0,0,0,0,0,0,0,0,1780913082,0
170,-17.644848,39.24464,9.72935,12.034998,0,0,0,0,0,0,0,0,1780913082,0
171,-129.501516,-71.056229,5.23025,8.377376,0,0,0,0,0,0,0,0,1780913082,0
171,-35.252297,15.227003,5.084394,11.186041,0,0,0,0,0,0,0,0,1780913082,0
172,66.757214,118.537999,6.554175,12.180854,0,0,0,0,0,0,0,0,1780913082,0
172,-18.620962,35.14945,6.636452,8.61299,0,0,0,0,0,0,0,0,1780913082,0
173,-123.143686,-76.366887,7.590127,12.749319,0,0,0,0,0,0,0,0,1780913082,0
173,-38.89496,9.572274,2.653459,9.768619,0,0,0,0,0,0,0,0,1780913082,0
174,61.734529,112.632697,6.34474,12.356629,0,0,0,0,0,0,0,0,1780913082,0
174,-23.17242,33.922763,1.969057,8.758846,0,0,0,0,0,0,0,0,1780913082,0
175,-118.337914,-62.349742,5.97075,11.488973,0,0,0,0,0,0,0,0,1780913082,0
175,-39.153013,16.345233,1.991497,8.246479,0,0,0,0,0,0,0,0,1780913082,0
176,66.095252,122.165702,1.613767,11.384255,0,0,0,0,0,0,0,0,1780913082,0
176,-18.950073,36.129304,5.858553,11.496452,0,0,0,0,0,0,0,0,1780913082,0
177,-126.068288,-71.217045,-1.752143,12.31923,0,0,0,0,0,0,0,0,1780913082,0
177,-35.656206,22.714282,1.019123,16.021731,0,0,0,0,0,0,0,0,1780913082,0
178,67.890404,121.87025,4.901139,10.591397,0,0,0,0,0,0,0,0,1780913082,0
178,-17.476552,37.995514,5.585541,8.497053,0,0,0,0,0,0,0,0,1780913082,0
179,-126.184225,-73.689119,5.634159,5.97636,0,0,0,0,0,0,0,0,1780913082,0
179,-36.063855,14.673497,2.750696,11.245879,0,0,0,0,0,0,0,0,1780913082,0
180,66.768434,127.064971,2.702078,10.643755,0,0,0,0,0,0,0,0,1780913082,0
180,-26.848742,36.802486,0.087888,10.995306,0,0,0,0,0,0,0,0,1780913082,0
181,-131.371466,-74.706372,-2.952651,5.493913,0,0,0,0,0,0,0,0,1780913082,0
181,-42.085094,16.102139,4.717884,8.381116,0,0,0,0,0,0,0,0,1780913082,0
182,62.893898,121.926348,4.661785,6.930035,0,0,0,0,0,0,0,0,1780913082,0
182,-26.138161,31.996714,8.255829,9.888295,0,0,0,0,0,0,0,0,1780913082,0
183,-125.922432,-71.882747,5.024556,9.873336,0,0,0,0,0,0,0,0,1780913082,0
183,-34.77359,21.592312,3.951204,8.123063,0,0,0,0,0,0,0,0,1780913082,0
184,69.225548,128.444994,2.960131,12.423948,0,0,0,0,0,0,0,0,1780913082,0
184,-17.850542,34.184556,2.99753,13.429981,0,0,0,0,0,0,0,0,1780913082,0
185,-124.703224,-69.601408,4.026002,8.22778,0,0,0,0,0,0,0,0,1780913082,0
185,-42.833074,19.864479,10.208057,13.407541,0,0,0,0,0,0,0,0,1780913082,0
186,68.376591,119.966641,3.584694,11.627349,0,0,0,0,0,0,0,0,1780913082,0
186,-23.116322,34.139677,4.295275,7.337684,0,0,0,0,0,0,0,0,1780913082,0
187,-133.757522,-77.844148,7.055321,10.344563,0,0,0,0,0,0,0,0,1780913082,0
187,-37.241924,17.601839,7.384432,11.58247,0,0,0,0,0,0,0,0,1780913082,0
188,67.445356,125.875683,-0.431958,8.440954,0,0,0,0,0,0,0,0,1780913082,0
188,-22.42818,34.637083,10.230496,20.797584,0,0,0,0,0,0,0,0,1780913082,0
189,-123.341901,-78.752943,4.643086,9.551704,0,0,0,0,0,0,0,0,1780913082,0
189,-36.665979,14.617399,1.329534,7.199307,0,0,0,0,0,0,0,0,1780913082,0
190,67.520154,121.470081,5.540662,8.60177,0,0,0,0,0,0,0,0,1780913082,0
190,-23.737145,26.92167,10.679284,12.607203,0,0,0,0,0,0,0,0,1780913082,0
191,-123.184825,-74.474498,0.095367,9.921955,0,0,0,0,0,0,0,0,1780913082,0
191,-29.391874,22.373951,5.895952,11.563771,0,0,0,0,0,0,0,0,1780913082,0
192,71.559246,118.728734,7.283455,8.639169,0,0,0,0,0,0,0,0,1780913082,0
192,-25.236845,30.489534,3.393959,7.517199,0,0,0,0,0,0,0,0,1780913082,0
193,-131.307887,-75.8807,6.74117,9.218853,0,0,0,0,0,0,0,0,1780913082,0
193,-30.64474,22.819,1.643686,11.376776,0,0,0,0,0,0,0,0,1780913082,0
194,68.339192,121.956268,-1.277176,8.702747,0,0,0,0,0,0,0,0,1780913082,0
194,-25.835229,33.488934,5.492043,12.891435,0,0,0,0,0,0,0,0,1780913082,0
195,-126.595614,-77.485117,6.202624,8.474613,0,0,0,0,0,0,0,0,1780913082,0
195,-28.299823,22.299153,4.927318,5.456514,0,0,0,0,0,0,0,0,1780913082,0
196,68.724402,127.09115,7.713544,4.143809,0,0,0,0,0,0,0,0,1780913082,0
196,-22.910627,28.282993,5.525702,12.558584,0,0,0,0,0,0,0,0,1780913082,0
197,-125.421285,-73.25155,1.423032,7.614436,0,0,0,0,0,0,0,0,1780913082,0
197,-26.059623,22.011181,5.914652,10.789611,0,0,0,0,0,0,0,0,1780913082,0
198,70.175483,125.60267,4.669265,8.811204,0,0,0,0,0,0,0,0,1780913082,0
198,-26.714105,28.690643,2.526302,16.500439,0,0,0,0,0,0,0,0,1780913082,0
199,-127.496929,-76.172412,5.940831,8.493313,0,0,0,0,0,0,0,0,1780913082,0
199,-24.68708,25.80344,7.077761,10.954167,0,0,0,0,0,0,0,0,1780913082,0
200,67.2995,120.961454,8.341847,6.926295,0,0,0,0,0,0,0,0,1780913082,0
200,-25.012451,32.677376,7.070281,15.494406,0,0,0,0,0,0,0,0,1780913082,0
0,-125.806495,-68.716922,5.21716,11.417915,0,0,0,0,0,0,0,0,1780913082,0
101,-35.076522,24.709519,6.006279,11.021485,0,0,0,0,0,0,0,0,1780913082,0
101,66.947949,119.62444,6.114736,9.245033,0,0,0,0,0,0,0,0,1780913082,0
102,-32.817622,28.281123,-0.512366,9.820977,0,0,0,0,0,0,0,0,1780913082,0
102,-130.402832,-71.940716,2.62167,10.501639,0,0,0,0,0,0,0,0,1780913082,0
103,-31.101008,21.960693,7.270366,10.972866,0,0,0,0,0,0,0,0,1780913082,0
103,65.78858,114.77753,5.826764,6.268072,0,0,0,0,0,0,0,0,1780913082,0
104,-26.590689,31.03369,-1.4997,9.084217,0,0,0,0,0,0,0,0,1780913082,0
104,-117.997584,-70.332559,1.275306,10.157568,0,0,0,0,0,0,0,0,1780913082,0
105,-31.269304,21.253851,2.812405,14.088203,0,0,0,0,0,0,0,0,1780913082,0
105,74.629704,126.760169,5.310658,9.420808,0,0,0,0,0,0,0,0,1780913082,0
106,-26.205479,30.558723,2.326218,10.83449,0,0,0,0,0,0,0,0,1780913082,0
106,-125.888772,-78.769773,3.137776,11.474013,0,0,0,0,0,0,0,0,1780913082,0
107,-30.925233,19.372682,-1.024733,8.676568,0,0,0,0,0,0,0,0,1780913082,0
107,69.15449,117.690912,5.789365,17.087603,0,0,0,0,0,0,0,0,1780913082,0
108,-27.110535,24.421547,4.315845,7.692974,0,0,0,0,0,0,0,0,1780913082,0
108,-127.639046,-80.00768,1.286526,12.977453,0,0,0,0,0,0,0,0,1780913082,0
109,-29.52651,22.41696,5.815544,10.883109,0,0,0,0,0,0,0,0,1780913082,0
109,75.15703,121.1017,6.750519,12.244432,0,0,0,0,0,0,0,0,1780913082,0
110,-27.865995,31.448819,3.317291,8.98324,0,0,0,0,0,0,0,0,1780913082,0
110,-123.850527,-69.577099,7.86127,13.314044,0,0,0,0,0,0,0,0,1780913082,0
111,-24.466426,23.580069,1.929788,11.533851,0,0,0,0,0,0,0,0,1780913082,0
111,79.708488,123.816868,3.407049,11.343117,0,0,0,0,0,0,0,0,1780913082,0
112,-25.233105,25.472459,-1.514659,9.791058,0,0,0,0,0,0,0,0,1780913082,0
112,-120.159246,-74.857838,4.50284,9.405848,0,0,0,0,0,0,0,0,1780913082,0
113,-26.302716,19.507318,1.690435,6.683201,0,0,0,0,0,0,0,0,1780913082,0
113,71.275013,122.526602,3.178915,8.190381,0,0,0,0,0,0,0,0,1780913082,0
114,-30.525063,23.785764,1.380023,9.259992,0,0,0,0,0,0,0,0,1780913082,0
114,-128.401985,-78.261146,1.679215,8.904702,0,0,0,0,0,0,0,0,1780913082,0
115,-25.210666,27.435906,6.686941,9.031858,0,0,0,0,0,0,0,0,1780913082,0
115,81.230627,134.385825,-1.432382,11.447834,0,0,0,0,0,0,0,0,1780913082,0
116,-25.588395,24.829196,-1.847511,9.192674,0,0,0,0,0,0,0,0,1780913082,0
116,-123.132466,-68.578545,5.684648,8.530712,0,0,0,0,0,0,0,0,1780913082,0
117,-25.468719,25.098469,3.997953,10.127649,0,0,0,0,0,0,0,0,1780913082,0
117,73.455375,126.954644,6.238153,9.256252,0,0,0,0,0,0,0,0,1780913082,0
118,-28.890727,24.002678,4.888049,11.844263,0,0,0,0,0,0,0,0,1780913082,0
118,-128.768495,-74.513767,3.74364,12.502486,0,0,0,0,0,0,0,0,1780913082,0
119,-21.418407,30.397907,-0.557245,5.632289,0,0,0,0,0,0,0,0,1780913082,0
119,71.944455,125.948611,7.726633,17.278338,0,0,0,0,0,0,0,0,1780913082,0
120,-29.769604,23.16494,1.50718,16.118969,0,0,0,0,0,0,0,0,1780913082,0
120,-119.785256,-73.63863,1.997107,11.021485,0,0,0,0,0,0,0,0,1780913082,0
121,-26.848742,19.941147,0.994813,3.784779,0,0,0,0,0,0,0,0,1780913082,0
121,70.829965,124.699484,-0.848957,10.228626,0,0,0,0,0,0,0,0,1780913082,0
122,-29.242278,21.69142,1.750273,7.86501,0,0,0,0,0,0,0,0,1780913082,0
122,-127.388472,-78.429442,6.941254,16.339623,0,0,0,0,0,0,0,0,1780913082,0
123,-21.003278,26.938499,0.7592,8.257699,0,0,0,0,0,0,0,0,1780913082,0
123,69.782793,123.846787,5.924002,11.855483,0,0,0,0,0,0,0,0,1780913082,0
124,-30.001477,20.434813,4.270966,17.607449,0,0,0,0,0,0,0,0,1780913082,0
124,-128.170111,-81.234367,8.085664,9.985533,0,0,0,0,0,0,0,0,1780913082,0
125,-18.30681,30.786856,-0.205694,7.872489,0,0,0,0,0,0,0,0,1780913082,0
125,66.708596,119.362647,11.515152,15.808557,0,0,0,0,0,0,0,0,1780913082,0
126,-28.995444,24.975052,3.313551,8.564371,0,0,0,0,0,0,0,0,1780913082,0
126,-124.673305,-78.986687,1.006033,12.270612,0,0,0,0,0,0,0,0,1780913082,0
127,-23.045264,26.729065,2.61045,8.175421,0,0,0,0,0,0,0,0,1780913082,0
127,72.109011,121.456991,2.636629,11.851743,0,0,0,0,0,0,0,0,1780913082,0
128,-27.226472,21.085556,3.422008,4.416822,0,0,0,0,0,0,0,0,1780913082,0
128,-123.588734,-72.423163,4.162509,14.57439,0,0,0,0,0,0,0,0,1780913082,0
129,-20.098222,26.16808,4.072751,13.07843,0,0,0,0,0,0,0,0,1780913082,0
129,69.835152,120.982024,0.76294,9.686341,0,0,0,0,0,0,0,0,1780913082,0
130,-32.413713,17.326956,9.596583,7.618176,0,0,0,0,0,0,0,0,1780913082,0
130,-131.56968,-78.766033,5.003986,10.924248,0,0,0,0,0,0,0,0,1780913082,0
131,-27.64908,28.77105,2.034506,5.385456,0,0,0,0,0,0,0,0,1780913082,0
131,70.403617,124.699484,8.949581,9.136576,0,0,0,0,0,0,0,0,1780913082,0
132,-31.381501,21.736299,6.312951,1.230427,0,0,0,0,0,0,0,0,1780913082,0
132,-122.762216,-71.095498,4.753413,9.637722,0,0,0,0,0,0,0,0,1780913082,0
133,-23.090142,27.873474,3.777299,10.243586,0,0,0,0,0,0,0,0,1780913082,0
133,70.990781,120.080708,3.422008,9.989273,0,0,0,0,0,0,0,0,1780913082,0
134,-31.546056,14.518292,6.189534,8.085664,0,0,0,0,0,0,0,0,1780913082,0
134,-127.538068,-76.421116,7.517199,10.531558,0,0,0,0,0,0,0,0,1780913082,0
135,-26.437353,22.899407,4.996506,5.662209,0,0,0,0,0,0,0,0,1780913082,0
135,52.672751,106.519831,9.921955,13.501039,0,0,0,0,0,0,0,0,1780913082,0
136,-34.197645,5.404155,5.845464,11.653528,0,0,0,0,0,0,0,0,1780913082,0
136,-111.920246,-66.790873,3.317291,11.515152,0,0,0,0,0,0,0,0,1780913082,0
137,-10.243586,30.678399,2.199061,6.787918,0,0,0,0,0,0,0,0,1780913082,0
137,98.168634,136.341793,7.4611,8.811204,0,0,0,0,0,0,0,0,1780913082,0
138,-16.653775,26.384994,1.529619,12.435167,0,0,0,0,0,0,0,0,1780913083,0
138,-90.393382,-56.285494,4.547718,9.71252,0,0,0,0,0,0,0,0,1780913083,0
139,8.878522,35.910519,4.929188,8.930881,0,0,0,0,0,0,0,0,1780913083,0
139,106.92374,134.913151,4.353244,13.411281,0,0,0,0,0,0,0,0,1780913083,0
140,-5.864163,23.295837,2.501993,10.217407,0,0,0,0,0,0,0,0,1780913083,0
140,-83.822378,-63.144471,6.948734,9.536745,0,0,0,0,0,0,0,0,1780913083,0
141,20.906041,43.596014,2.9994,11.982639,0,0,0,0,0,0,0,0,1780913083,0
141,109.339715,137.074813,8.564371,13.904948,0,0,0,0,0,0,0,0,1780913083,0
142,3.661362,25.281724,1.350104,4.783332,0,0,0,0,0,0,0,0,1780913083,0
142,-93.389042,-70.119384,2.329958,8.923401,0,0,0,0,0,0,0,0,1780913083,0
143,22.454359,33.861054,-4.166249,2.905902,0,0,0,0,0,0,0,0,1780913083,0
143,105.293143,124.418992,4.704794,13.83763,0,0,0,0,0,0,0,0,1780913083,0
144,0.246833,18.213313,7.169388,15.045618,0,0,0,0,0,0,0,0,1780913083,0
144,-96.253805,-71.319892,1.955968,9.170235,0,0,0,0,0,0,0,0,1780913083,0
145,9.129096,30.622301,1.522139,11.702147,0,0,0,0,0,0,0,0,1780913083,0
145,98.628642,126.689111,3.122816,8.829904,0,0,0,0,0,0,0,0,1780913083,0
146,-8.743886,21.68394,3.508026,12.839077,0,0,0,0,0,0,0,0,1780913083,0
146,-99.268165,-69.554659,4.981547,13.497299,0,0,0,0,0,0,0,0,1780913083,0
147,7.072151,32.50721,6.514906,7.577037,0,0,0,0,0,0,0,0,1780913083,0
147,101.227872,128.704917,7.274105,10.871889,0,0,0,0,0,0,0,0,1780913083,0
148,-7.48354,17.476552,1.51092,10.714813,0,0,0,0,0,0,0,0,1780913083,0
148,-92.431627,-69.412543,3.100377,13.568357,0,0,0,0,0,0,0,0,1780913083,0
149,8.504532,33.887233,1.424902,7.057191,0,0,0,0,0,0,0,0,1780913083,0
149,100.535991,124.564848,7.614436,9.289911,0,0,0,0,0,0,0,0,1780913083,0
150,-8.489573,18.785517,3.317291,10.718553,0,0,0,0,0,0,0,0,1780913083,0
150,-92.035198,-64.554413,6.533605,14.413574,0,0,0,0,0,0,0,0,1780913083,0
151,11.758245,37.36534,6.634583,12.902655,0,0,0,0,0,0,0,0,1780913083,0
151,96.590396,126.621793,9.663901,14.503332,0,0,0,0,0,0,0,0,1780913083,0
152,-8.912182,22.091589,3.074198,9.34975,0,0,0,0,0,0,0,0,1780913083,0
152,-95.69282,-64.647911,2.165402,14.088203,0,0,0,0,0,0,0,0,1780913083,0
153,7.382563,38.244217,4.083971,10.83075,0,0,0,0,0,0,0,0,1780913083,0
153,96.111689,130.305594,6.324171,7.049711,0,0,0,0,0,0,0,0,1780913083,0
154,-12.165895,21.137915,5.299438,10.247326,0,0,0,0,0,0,0,0,1780913083,0
154,-104.866795,-70.040846,7.375083,12.012559,0,0,0,0,0,0,0,0,1780913083,0
155,6.559785,38.046002,0.415129,6.316691,0,0,0,0,0,0,0,0,1780913083,0
155,94.877522,128.465563,7.655575,16.545317,0,0,0,0,0,0,0,0,1780913083,0
156,-21.553043,14.58187,-0.676922,13.81519,0,0,0,0,0,0,0,0,1780913083,0
156,-107.926033,-72.011774,5.030165,9.188934,0,0,0,0,0,0,0,0,1780913083,0
157,4.001693,37.346641,1.667995,6.271812,0,0,0,0,0,0,0,0,1780913083,0
157,81.473721,123.865487,1.899869,9.948134,0,0,0,0,0,0,0,0,1780913083,0
158,-22.891928,12.207033,3.829658,10.819531,0,0,0,0,0,0,0,0,1780913083,0
158,-112.559769,-77.872197,6.320431,15.632782,0,0,0,0,0,0,0,0,1780913083,0
159,1.660516,34.070489,4.181208,9.981793,0,0,0,0,0,0,0,0,1780913083,0
159,87.263086,125.712997,2.202801,11.567511,0,0,0,0,0,0,0,0,1780913083,0
160,-19.155768,19.638215,-0.246833,10.84945,0,0,0,0,0,0,0,0,1780913083,0
160,-109.242478,-69.779053,5.306918,11.343117,0,0,0,0,0,0,0,0,1780913083,0
161,4.10267,29.642447,1.892389,2.827364,0,0,0,0,0,0,0,0,1780913083,0
161,84.697514,119.658099,5.497653,12.880215,0,0,0,0,0,0,0,0,1780913083,0
162,-28.266164,12.034998,6.686941,15.038138,0,0,0,0,0,0,0,0,1780913083,0
162,-111.295683,-78.530419,-0.654482,9.559184,0,0,0,0,0,0,0,0,1780913083,0
163,-3.504286,33.322509,1.234167,9.155275,0,0,0,0,0,0,0,0,1780913083,0
163,78.264886,114.02955,5.018946,13.08965,0,0,0,0,0,0,0,0,1780913083,0
164,-24.724479,8.95706,2.352397,9.293651,0,0,0,0,0,0,0,0,1780913083,0
164,-110.442986,-72.082832,10.404402,14.847403,0,0,0,0,0,0,0,0,1780913083,0
165,-6.103517,29.91172,6.114736,9.798538,0,0,0,0,0,0,0,0,1780913083,0
165,82.898622,121.13162,4.543978,5.284479,0,0,0,0,0,0,0,0,1780913083,0
166,-27.114275,8.508272,3.545425,6.496206,0,0,0,0,0,0,0,0,1780913083,0
166,-112.698145,-73.881724,-0.317891,8.448434,0,0,0,0,0,0,0,0,1780913083,0
167,-0.605864,34.784809,2.685248,10.748472,0,0,0,0,0,0,0,0,1780913083,0
167,77.842278,120.267703,4.730973,11.320677,0,0,0,0,0,0,0,0,1780913083,0
168,-32.765264,7.517199,4.270966,13.123309,0,0,0,0,0,0,0,0,1780913083,0
168,-121.415852,-79.196121,4.054052,5.935221,0,0,0,0,0,0,0,0,1780913083,0
169,-9.293651,29.567649,4.708534,10.808311,0,0,0,0,0,0,0,0,1780913083,0
169,83.912135,129.235983,5.385456,7.636876,0,0,0,0,0,0,0,0,1780913083,0
170,-33.199092,12.797938,5.703347,4.697314,0,0,0,0,0,0,0,0,1780913083,0
170,-124.740623,-75.355244,2.685248,8.295098,0,0,0,0,0,0,0,0,1780913083,0
171,-5.430335,36.766956,6.847757,8.717707,0,0,0,0,0,0,0,0,1780913083,0
171,77.056899,118.532389,0.078538,4.428042,0,0,0,0,0,0,0,0,1780913083,0
172,-35.824502,6.948734,5.471474,13.583317,0,0,0,0,0,0,0,0,1780913083,0
172,-122.564001,-71.544286,-1.002293,8.755106,0,0,0,0,0,0,0,0,1780913083,0
173,-12.764279,31.912566,-6.552305,6.907595,0,0,0,0,0,0,0,0,1780913083,0
173,73.702208,122.676198,4.85065,9.555444,0,0,0,0,0,0,0,0,1780913083,0
174,-43.487557,5.950181,4.080231,10.714813,0,0,0,0,0,0,0,0,1780913083,0
174,-119.168172,-74.543686,5.187241,6.526125,0,0,0,0,0,0,0,0,1780913083,0
175,-3.522986,38.599507,0.575945,11.320677,0,0,0,0,0,0,0,0,1780913083,0
175,77.498207,119.583301,1.436122,8.425995,0,0,0,0,0,0,0,0,1780913083,0
176,-34.257484,15.591643,-2.285079,11.126202,0,0,0,0,0,0,0,0,1780913083,0
176,-110.701039,-71.005741,3.908195,10.995306,0,0,0,0,0,0,0,0,1780913083,0
177,-1.641816,35.809542,4.637476,5.628549,0,0,0,0,0,0,0,0,1780913083,0
177,81.724294,121.427072,1.604417,12.023778,0,0,0,0,0,0,0,0,1780913083,0
178,-28.572836,8.98324,4.888049,11.492713,0,0,0,0,0,0,0,0,1780913083,0
178,-113.962231,-74.416529,2.472074,9.996753,0,0,0,0,0,0,0,0,1780913083,0
179,-11.619869,34.111627,1.11823,7.363863,0,0,0,0,0,0,0,0,1780913083,0
179,76.017206,118.457591,9.233813,16.391982,0,0,0,0,0,0,0,0,1780913083,0
180,-35.846941,5.329357,2.756306,13.280385,0,0,0,0,0,0,0,0,1780913083,0
180,-113.850034,-70.915983,4.615037,14.918461,0,0,0,0,0,0,0,0,1780913083,0
181,0.624563,45.439784,3.249973,14.907241,0,0,0,0,0,0,0,0,1780913083,0
181,82.958461,124.561108,7.199307,10.890589,0,0,0,0,0,0,0,0,1780913083,0
182,-35.846941,10.187487,-1.159369,6.71312,0,0,0,0,0,0,0,0,1780913083,0
182,-119.23549,-72.262347,4.506579,10.860669,0,0,0,0,0,0,0,0,1780913083,0
183,-7.535898,39.381147,4.824471,14.103163,0,0,0,0,0,0,0,0,1780913083,0
183,70.684109,113.057176,2.965741,13.014852,0,0,0,0,0,0,0,0,1780913083,0
184,-34.253744,6.810358,-1.840031,11.275798,0,0,0,0,0,0,0,0,1780913083,0
184,-124.766802,-77.483247,5.209681,10.138869,0,0,0,0,0,0,0,0,1780913083,0
185,-5.710827,39.844894,2.415975,10.606356,0,0,0,0,0,0,0,0,1780913083,0
185,76.032166,124.516229,7.524679,13.572097,0,0,0,0,0,0,0,0,1780913083,0
186,-36.063855,4.828211,7.367603,8.126803,0,0,0,0,0,0,0,0,1780913083,0
186,-115.749904,-75.482401,4.169988,8.186641,0,0,0,0,0,0,0,0,1780913083,0
187,-5.430335,39.777576,-1.11075,12.154675,0,0,0,0,0,0,0,0,1780913083,0
187,75.093451,120.234044,4.775852,5.310658,0,0,0,0,0,0,0,0,1780913083,0
188,-38.592028,8.822424,-0.119677,8.063224,0,0,0,0,0,0,0,0,1780913083,0
188,-121.176498,-72.385764,3.926895,8.268919,0,0,0,0,0,0,0,0,1780913083,0
189,-5.314398,40.114167,5.497653,12.315491,0,0,0,0,0,0,0,0,1780913083,0
189,74.121077,118.431412,5.852943,7.678015,0,0,0,0,0,0,0,0,1780913083,0
190,-40.271243,2.060685,2.012066,16.219946,0,0,0,0,0,0,0,0,1780913083,0
190,-122.115213,-77.344871,1.918569,12.012559,0,0,0,0,0,0,0,0,1780913083,0
191,-5.583671,40.903286,5.381716,12.768018,0,0,0,0,0,0,0,0,1780913083,0
191,78.257407,121.662685,-2.195321,5.98384,0,0,0,0,0,0,0,0,1780913083,0
192,-41.692405,6.657022,7.075891,10.744733,0,0,0,0,0,0,0,0,1780913083,0
192,-118.079861,-67.258361,2.371097,10.363263,0,0,0,0,0,0,0,0,1780913083,0
193,-18.961293,34.036829,2.303778,11.077584,0,0,0,0,0,0,0,0,1780913083,0
193,72.464302,127.040662,6.133436,12.69696,0,0,0,0,0,0,0,0,1780913083,0
194,-32.200539,13.138269,2.718907,7.894929,0,0,0,0,0,0,0,0,1780913083,0
194,-117.986364,-72.251127,10.116429,8.156722,0,0,0,0,0,0,0,0,1780913083,0
195,-3.522986,45.278969,4.532759,10.408142,0,0,0,0,0,0,0,0,1780913083,0
195,77.068118,131.94741,4.989027,9.873336,0,0,0,0,0,0,0,0,1780913083,0
196,-40.491897,18.291851,3.395829,6.107257,0,0,0,0,0,0,0,0,1780913083,0
196,-126.909765,-67.101285,8.624209,6.152135,0,0,0,0,0,0,0,0,1780913083,0
197,-5.460254,50.885079,2.801185,6.757999,0,0,0,0,0,0,0,0,1780913083,0
197,70.239061,126.767649,5.426595,13.46738,0,0,0,0,0,0,0,0,1780913083,0
198,-48.270889,6.888896,11.96394,12.053698,0,0,0,0,0,0,0,0,1780913083,0
198,-124.549888,-68.649604,3.642663,7.554598,0,0,0,0,0,0,0,0,1780913083,0
199,-0.549765,48.906672,3.511766,8.328757,0,0,0,0,0,0,0,0,1780913083,0
199,73.904163,128.024255,7.879969,12.281831,0,0,0,0,0,0,0,0,1780913083,0
200,-52.137945,6.559785,7.188088,2.128003,0,0,0,0,0,0,0,0,1780913083,0
200,-125.780315,-76.136883,6.320431,8.635429,0,0,0,0,0,0,0,0,1780913083,0
0,-11.309457,42.399246,3.345341,14.598699,0,0,0,0,0,0,0,0,1780913083,0
101,66.962909,122.197491,1.808242,7.257276,0,0,0,0,0,0,0,0,1780913083,0
101,-50.256776,4.779592,3.857707,13.570227,0,0,0,0,0,0,0,0,1780913083,0
102,-121.430812,-73.216021,6.273682,6.864586,0,0,0,0,0,0,0,0,1780913083,0
102,-9.914475,47.014282,3.719331,9.396499,0,0,0,0,0,0,0,0,1780913083,0
103,68.365371,120.907226,5.443424,8.95519,0,0,0,0,0,0,0,0,1780913083,0
103,-47.081601,3.448188,7.380693,14.381785,0,0,0,0,0,0,0,0,1780913083,0
104,-121.094221,-71.79112,2.836714,9.389019,0,0,0,0,0,0,0,0,1780913083,0
104,-4.214867,44.085941,9.445117,11.752636,0,0,0,0,0,0,0,0,1780913083,0
105,70.601831,121.438291,4.833821,10.499769,0,0,0,0,0,0,0,0,1780913083,0
105,-45.488403,1.537099,5.162932,15.443917,0,0,0,0,0,0,0,0,1780913083,0
106,-118.251897,-68.627164,4.613167,12.923224,0,0,0,0,0,0,0,0,1780913083,0
106,-11.096283,42.466564,5.806195,9.680731,0,0,0,0,0,0,0,0,1780913083,0
107,67.176083,120.454698,5.196591,3.595914,0,0,0,0,0,0,0,0,1780913083,0
107,-54.853113,2.210281,7.631266,11.905972,0,0,0,0,0,0,0,0,1780913083,0
108,-126.33756,-75.830212,2.818015,13.536568,0,0,0,0,0,0,0,0,1780913083,0
108,-0.160816,50.08848,5.383586,9.531135,0,0,0,0,0,0,0,0,1780913083,0
109,72.075352,128.084094,5.316268,13.016722,0,0,0,0,0,0,0,0,1780913083,0
109,-47.231197,7.969727,6.707511,11.505802,0,0,0,0,0,0,0,0,1780913083,0
110,-115.289896,-66.985348,-0.244963,5.712697,0,0,0,0,0,0,0,0,1780913083,0
110,-0.422609,43.405279,4.198038,16.004902,0,0,0,0,0,0,0,0,1780913083,0
111,68.664563,119.774036,0.940585,8.412905,0,0,0,0,0,0,0,0,1780913083,0
111,-50.993536,-0.100977,3.494937,8.012736,0,0,0,0,0,0,0,0,1780913083,0
112,-126.217884,-78.579038,6.303601,13.435591,0,0,0,0,0,0,0,0,1780913083,0
112,-4.09519,44.220577,6.879546,11.771335,0,0,0,0,0,0,0,0,1780913083,0
113,62.291774,118.274336,4.231697,10.267895,0,0,0,0,0,0,0,0,1780913083,0
113,-52.040708,3.687541,8.083794,12.650212,0,0,0,0,0,0,0,0,1780913083,0
114,-126.206664,-75.785333,-0.36464,10.047241,0,0,0,0,0,0,0,0,1780913083,0
114,-5.000246,46.000769,2.002716,15.69449,0,0,0,0,0,0,0,0,1780913083,0
115,65.941916,121.154059,5.069434,9.33292,0,0,0,0,0,0,0,0,1780913083,0
115,-51.393705,6.563524,4.156899,14.359346,0,0,0,0,0,0,0,0,1780913083,0
116,-127.074321,-77.823578,0.805948,11.756376,0,0,0,0,0,0,0,0,1780913083,0
116,-2.015806,49.819207,6.542955,11.460923,0,0,0,0,0,0,0,0,1780913083,0
117,70.384917,122.100254,4.901139,10.769042,0,0,0,0,0,0,0,0,1780913083,0
117,-50.410112,3.874536,7.10394,12.71005,0,0,0,0,0,0,0,0,1780913083,0
118,-123.73833,-78.665056,4.201778,11.528242,0,0,0,0,0,0,0,0,1780913083,0
118,-1.290265,47.593967,2.189711,11.490843,0,0,0,0,0,0,0,0,1780913083,0
119,68.840338,127.48197,1.722224,11.745156,0,0,0,0,0,0,0,0,1780913083,0
119,-49.284402,6.862716,4.616906,11.96581,0,0,0,0,0,0,0,0,1780913083,0
120,-123.809388,-73.758307,2.533782,10.641885,0,0,0,0,0,0,0,0,1780913083,0
120,2.23646,53.701223,2.152312,6.486856,0,0,0,0,0,0,0,0,1780913083,0
121,71.652743,122.97539,3.401439,6.662632,0,0,0,0,0,0,0,0,1780913083,0
121,-49.587334,0.048619,4.11202,10.159438,0,0,0,0,0,0,0,0,1780913083,0
122,-122.421885,-70.762647,-0.719931,1.546449,0,0,0,0,0,0,0,0,1780913083,0
122,-2.962001,51.60314,8.091274,15.948803,0,0,0,0,0,0,0,0,1780913083,0
123,70.852405,118.898899,1.250997,9.519915,0,0,0,0,0,0,0,0,1780913083,0
123,-55.829227,-8.545671,0.170165,13.607626,0,0,0,0,0,0,0,0,1780913083,0
124,-140.048034,-90.09419,2.25703,11.879792,0,0,0,0,0,0,0,0,1780913083,0
124,-4.880569,58.144225,5.379846,12.137845,0,0,0,0,0,0,0,0,1780913083,0
125,70.343778,131.046094,3.244363,6.187664,0,0,0,0,0,0,0,0,1780913083,0
125,-63.376345,-0.037399,6.389619,11.445964,0,0,0,0,0,0,0,0,1780913083,0
126,-130.574867,-71.884617,0.727411,8.532582,0,0,0,0,0,0,0,0,1780913083,0
126,-9.518045,55.051327,3.932505,7.496629,0,0,0,0,0,0,0,0,1780913083,0
127,52.885925,126.064548,1.897999,8.382986,0,0,0,0,0,0,0,0,1780913083,0
127,-71.372251,1.312705,4.530889,10.09586,0,0,0,0,0,0,0,0,1780913083,0
128,-142.965156,-71.200215,3.135906,11.109373,0,0,0,0,0,0,0,0,1780913083,0
128,-25.143347,59.041801,9.059908,3.74177,0,0,0,0,0,0,0,0,1780913083,0
129,42.825594,119.788996,-2.197191,8.783155,0,0,0,0,0,0,0,0,1780913083,0
129,-81.316645,-2.524432,6.038068,10.731643,0,0,0,0,0,0,0,0,1780913083,0
130,-147.411897,-72.928049,1.961578,11.397345,0,0,0,0,0,0,0,0,1780913083,0
130,-19.301624,53.888218,5.697738,11.146772,0,0,0,0,0,0,0,0,1780913083,0
131,48.861793,128.405725,2.847934,10.159438,0,0,0,0,0,0,0,0,1780913083,0
131,-76.413636,-2.307518,2.754436,10.956037,0,0,0,0,0,0,0,0,1780913083,0
132,-141.31212,-69.786533,1.920439,9.647072,0,0,0,0,0,0,0,0,1780913083,0
132,-21.175314,50.051081,3.37526,9.291781,0,0,0,0,0,0,0,0,1780913083,0
133,50.432551,127.545548,3.966164,6.419538,0,0,0,0,0,0,0,0,1780913083,0
133,-78.784732,-1.780192,3.244363,9.224463,0,0,0,0,0,0,0,0,1780913083,0
134,-142.695883,-71.746241,6.064248,10.327734,0,0,0,0,0,0,0,0,1780913083,0
134,-21.867195,51.113213,6.456937,8.921531,0,0,0,0,0,0,0,0,1780913083,0
135,49.755629,122.762216,0.349681,6.961824,0,0,0,0,0,0,0,0,1780913083,0
135,-78.302285,-5.856683,0.914406,11.644179,0,0,0,0,0,0,0,0,1780913083,0
136,-142.651004,-75.605818,1.045302,8.109973,0,0,0,0,0,0,0,0,1780913083,0
136,-20.303917,47.698684,1.845641,12.115406,0,0,0,0,0,0,0,0,1780913083,0
137,50.440031,117.907826,6.269942,5.495783,0,0,0,0,0,0,0,0,1780913083,0
137,-84.48808,-11.668488,6.041808,12.72127,0,0,0,0,0,0,0,0,1780913083,0
138,-138.761508,-66.409404,5.271389,11.457184,0,0,0,0,0,0,0,0,1780913084,0
138,-17.311997,50.634506,3.771689,9.938784,0,0,0,0,0,0,0,0,1780913084,0
139,48.652359,115.491851,4.12698,13.925517,0,0,0,0,0,0,0,0,1780913084,0
139,-72.864471,-6.283032,6.015629,10.417491,0,0,0,0,0,0,0,0,1780913084,0
140,-142.190996,-70.523293,3.872666,12.758669,0,0,0,0,0,0,0,0,1780913084,0
140,-20.610589,48.098853,0.630173,9.389019,0,0,0,0,0,0,0,0,1780913084,0
141,54.976529,122.186271,3.049888,11.000916,0,0,0,0,0,0,0,0,1780913084,0
141,-68.582285,-7.48728,7.021662,10.428711,0,0,0,0,0,0,0,0,1780913084,0
142,-144.808926,-76.869904,4.946018,15.197083,0,0,0,0,0,0,0,0,1780913084,0
142,-18.740639,47.212497,2.118653,10.316514,0,0,0,0,0,0,0,0,1780913084,0
143,57.306487,123.858007,4.695444,2.126133,0,0,0,0,0,0,0,0,1780913084,0
143,-72.026733,-1.87369,2.159792,15.387818,0,0,0,0,0,0,0,0,1780913084,0
144,-139.169157,-74.880277,2.055075,8.080054,0,0,0,0,0,0,0,0,1780913084,0
144,-13.673074,49.965063,2.795575,9.73309,0,0,0,0,0,0,0,0,1780913084,0
145,53.83212,116.942932,3.094767,10.683024,0,0,0,0,0,0,0,0,1780913084,0
145,-74.345471,-11.320677,6.636452,10.204317,0,0,0,0,0,0,0,0,1780913084,0
146,-142.03766,-77.262593,4.695444,8.693397,0,0,0,0,0,0,0,0,1780913084,0
146,-12.753059,52.407218,3.883886,15.941324,0,0,0,0,0,0,0,0,1780913084,0
147,58.495775,114.051989,0.951805,10.178138,0,0,0,0,0,0,0,0,1780913084,0
147,-74.38661,-9.940654,4.302755,8.050135,0,0,0,0,0,0,0,0,1780913084,0
148,-138.668011,-77.703901,2.406626,10.413751,0,0,0,0,0,0,0,0,1780913084,0
148,-13.325264,50.544748,2.148573,9.34788,0,0,0,0,0,0,0,0,1780913084,0
149,51.412405,109.077922,0.798469,8.349327,0,0,0,0,0,0,0,0,1780913084,0
149,-74.154736,-11.788165,5.652859,8.850473,0,0,0,0,0,0,0,0,1780913084,0
150,-136.674644,-78.478061,4.014783,7.735983,0,0,0,0,0,0,0,0,1780913084,0
150,-10.434321,47.773482,0.443178,9.878946,0,0,0,0,0,0,0,0,1780913084,0
151,49.426518,108.464579,4.026002,7.444271,0,0,0,0,0,0,0,0,1780913084,0
151,-75.044833,-18.721939,3.214444,4.134459,0,0,0,0,0,0,0,0,1780913084,0
152,-138.67549,-73.376837,2.803055,10.170658,0,0,0,0,0,0,0,0,1780913084,0
152,-10.927988,46.558015,5.039515,15.305541,0,0,0,0,0,0,0,0,1780913084,0
153,55.447757,120.305102,0.349681,10.795221,0,0,0,0,0,0,0,0,1780913084,0
153,-70.938422,-8.9795,2.638499,15.960023,0,0,0,0,0,0,0,0,1780913084,0
154,-131.775375,-76.821285,4.714144,9.935044,0,0,0,0,0,0,0,0,1780913084,0
154,-11.410435,41.12768,6.520516,7.234836,0,0,0,0,0,0,0,0,1780913084,0
155,60.672397,119.284109,0.839608,6.225063,0,0,0,0,0,0,0,0,1780913084,0
155,-65.687603,-3.126556,10.264155,14.778215,0,0,0,0,0,0,0,0,1780913084,0
156,-133.933297,-71.922016,9.175845,17.747695,0,0,0,0,0,0,0,0,1780913084,0
156,-7.782732,48.528942,2.320608,4.601947,0,0,0,0,0,0,0,0,1780913084,0
157,52.912105,109.833382,3.898846,12.919484,0,0,0,0,0,0,0,0,1780913084,0
157,-79.345717,-13.736653,6.150265,11.539461,0,0,0,0,0,0,0,0,1780913084,0
158,-134.266148,-71.850958,3.379,10.720423,0,0,0,0,0,0,0,0,1780913084,0
158,0.026179,56.562247,7.496629,13.865679,0,0,0,0,0,0,0,0,1780913084,0
159,56.483709,112.081062,2.197191,10.630666,0,0,0,0,0,0,0,0,1780913084,0
159,-68.01756,-14.447234,1.725964,8.996329,0,0,0,0,0,0,0,0,1780913084,0
160,-131.992289,-73.676029,0.708711,11.464663,0,0,0,0,0,0,0,0,1780913084,0
160,-5.269519,54.905471,0.151466,14.430404,0,0,0,0,0,0,0,0,1780913084,0
161,53.529188,110.28591,2.515083,3.902586,0,0,0,0,0,0,0,0,1780913084,0
161,-72.50918,-14.709027,2.017676,8.21843,0,0,0,0,0,0,0,0,1780913084,0
162,-135.496575,-76.297699,3.105987,6.576614,0,0,0,0,0,0,0,0,1780913084,0
162,-5.007726,50.181978,3.35282,12.451997,0,0,0,0,0,0,0,0,1780913084,0
163,49.654652,111.572435,2.028896,11.58434,0,0,0,0,0,0,0,0,1780913084,0
163,-75.422562,-18.32925,2.062555,6.471897,0,0,0,0,0,0,0,0,1780913084,0
164,-131.468703,-80.793059,0.76107,5.585541,0,0,0,0,0,0,0,0,1780913084,0
164,-7.281585,46.023209,6.34848,16.188157,0,0,0,0,0,0,0,0,1780913084,0
165,55.077507,104.930373,5.260169,10.989696,0,0,0,0,0,0,0,0,1780913084,0
165,-74.78304,-19.615775,4.822601,16.43125,0,0,0,0,0,0,0,0,1780913084,0
166,-132.785148,-78.88197,7.788342,8.24087,0,0,0,0,0,0,0,0,1780913084,0
166,-3.930635,49.531235,3.921285,8.031435,0,0,0,0,0,0,0,0,1780913084,0
167,56.532328,107.623101,3.816568,9.022509,0,0,0,0,0,0,0,0,1780913084,0
167,-70.063286,-18.882755,7.246056,14.004055,0,0,0,0,0,0,0,0,1780913084,0
168,-131.334067,-77.423409,4.665525,6.378399,0,0,0,0,0,0,0,0,1780913084,0
168,-0.093497,49.845387,4.669265,10.660585,0,0,0,0,0,0,0,0,1780913084,0
169,56.259315,106.815283,3.73055,14.20975,0,0,0,0,0,0,0,0,1780913084,0
169,-71.963155,-20.883601,3.210704,10.309034,0,0,0,0,0,0,0,0,1780913084,0
170,-132.422378,-79.749627,4.269096,6.632713,0,0,0,0,0,0,0,0,1780913084,0
170,3.455668,54.333267,5.566841,10.578307,0,0,0,0,0,0,0,0,1780913084,0
171,54.883032,111.576175,7.8594,11.561901,0,0,0,0,0,0,0,0,1780913084,0
171,-70.27646,-16.395721,2.98631,12.601593,0,0,0,0,0,0,0,0,1780913084,0
172,-128.847033,-84.132789,6.670112,11.255229,0,0,0,0,0,0,0,0,1780913084,0
172,3.971774,58.136745,5.514482,8.899092,0,0,0,0,0,0,0,0,1780913084,0
173,59.759861,113.345148,-1.10514,10.271635,0,0,0,0,0,0,0,0,1780913084,0
173,-71.331112,-18.243232,7.683624,14.105033,0,0,0,0,0,0,0,0,1780913084,0
174,-128.21125,-76.24908,5.443424,11.498322,0,0,0,0,0,0,0,0,1780913084,0
174,3.500546,53.525448,3.715591,8.562501,0,0,0,0,0,0,0,0,1780913084,0
175,62.946256,110.487864,7.728503,6.961824,0,0,0,0,0,0,0,0,1780913084,0
175,-70.149303,-15.31115,6.217584,10.028542,0,0,0,0,0,0,0,0,1780913084,0
176,-129.217283,-75.721754,4.620646,8.065094,0,0,0,0,0,0,0,0,1780913084,0
176,-1.514659,57.19429,4.407472,11.569381,0,0,0,0,0,0,0,0,1780913084,0
177,51.820054,107.619361,4.10828,10.8401,0,0,0,0,0,0,0,0,1780913084,0
177,-68.369111,-17.323217,-1.87556,9.983663,0,0,0,0,0,0,0,0,1780913084,0
178,-123.34938,-72.228688,1.939138,10.211797,0,0,0,0,0,0,0,0,1780913084,0
178,3.302332,54.871812,6.789788,7.152559,0,0,0,0,0,0,0,0,1780913084,0
179,60.952889,110.996491,-1.85312,12.444517,0,0,0,0,0,0,0,0,1780913084,0
179,-70.052066,-15.786118,-3.236883,14.867972,0,0,0,0,0,0,0,0,1780913084,0
180,-129.449157,-74.614744,0.529196,8.248349,0,0,0,0,0,0,0,0,1780913084,0
180,9.099177,62.351612,10.406272,16.749142,0,0,0,0,0,0,0,0,1780913084,0
181,58.420977,114.650373,-3.173305,1.991497,0,0,0,0,0,0,0,0,1780913084,0
181,-70.964602,-15.636522,2.675898,9.467557,0,0,0,0,0,0,0,0,1780913084,0
182,-125.701777,-75.976068,1.617507,12.945664,0,0,0,0,0,0,0,0,1780913084,0
182,8.141762,56.839,5.682778,7.713544,0,0,0,0,0,0,0,0,1780913084,0
183,60.829473,111.733251,5.780015,11.412305,0,0,0,0,0,0,0,0,1780913084,0
183,-70.336298,-18.946333,7.593867,10.780262,0,0,0,0,0,0,0,0,1780913084,0
184,-127.616606,-71.794859,6.445718,10.701724,0,0,0,0,0,0,0,0,1780913084,0
184,6.847757,61.065086,7.500369,11.752636,0,0,0,0,0,0,0,0,1780913084,0
185,66.966649,116.097714,3.996083,10.903678,0,0,0,0,0,0,0,0,1780913084,0
185,-64.902224,-11.934021,6.232543,14.684717,0,0,0,0,0,0,0,0,1780913084,0
186,-122.477984,-68.477568,5.869773,7.803301,0,0,0,0,0,0,0,0,1780913084,0
186,9.312351,61.644771,-0.00561,10.0996,0,0,0,0,0,0,0,0,1780913084,0
187,65.066779,119.082154,7.324594,14.58374,0,0,0,0,0,0,0,0,1780913084,0
187,-68.182116,-14.368696,2.167272,12.32484,0,0,0,0,0,0,0,0,1780913084,0
188,-117.545056,-69.468642,6.72995,13.566487,0,0,0,0,0,0,0,0,1780913084,0
188,10.247326,59.43075,4.310235,10.671805,0,0,0,0,0,0,0,0,1780913084,0
189,67.206002,116.662439,6.991743,11.995729,0,0,0,0,0,0,0,0,1780913084,0
189,-62.994875,-13.400062,4.078361,11.378646,0,0,0,0,0,0,0,0,1780913084,0
190,-120.73519,-77.075598,3.225664,8.296968,0,0,0,0,0,0,0,0,1780913084,0
190,11.238399,53.327233,3.835267,8.895352,0,0,0,0,0,0,0,0,1780913084,0
191,63.645617,114.639153,1.179938,7.376953,0,0,0,0,0,0,0,0,1780913084,0
191,-66.147611,-12.266872,8.506402,13.585187,0,0,0,0,0,0,0,0,1780913084,0
192,-122.908072,-64.064486,6.135306,10.507249,0,0,0,0,0,0,0,0,1780913084,0
192,17.891681,66.861931,5.783755,10.383832,0,0,0,0,0,0,0,0,1780913084,0
193,68.111058,119.594521,3.775429,12.156545,0,0,0,0,0,0,0,0,1780913084,0
193,-67.161123,-15.400908,4.598207,13.121439,0,0,0,0,0,0,0,0,1780913084,0
194,-120.645433,-70.029627,2.915252,6.72621,0,0,0,0,0,0,0,0,1780913084,0
194,10.718553,58.566833,5.492043,11.902232,0,0,0,0,0,0,0,0,1780913084,0
195,65.747441,119.351427,2.675898,9.224463,0,0,0,0,0,0,0,0,1780913084,0
195,-67.759507,-15.943194,7.044102,9.389019,0,0,0,0,0,0,0,0,1780913084,0
196,-118.278076,-69.966048,4.773982,9.800408,0,0,0,0,0,0,0,0,1780913084,0
196,16.339623,64.109365,6.135306,12.362239,0,0,0,0,0,0,0,0,1780913084,0
197,63.92611,119.964771,2.690858,7.09272,0,0,0,0,0,0,0,0,1780913084,0
197,-71.002001,-20.692866,2.818015,16.124579,0,0,0,0,0,0,0,0,1780913084,0
198,-119.897453,-64.599292,5.406025,7.137599,0,0,0,0,0,0,0,0,1780913084,0
198,13.673074,63.877491,2.384186,7.09646,0,0,0,0,0,0,0,0,1780913084,0
199,69.128311,118.569788,3.143386,13.360793,0,0,0,0,0,0,0,0,1780913084,0
199,-65.43329,-12.281831,6.374659,8.96267,0,0,0,0,0,0,0,0,1780913084,0
200,-113.838815,-66.92925,4.833821,6.973043,0,0,0,0,0,0,0,0,1780913084,0
200,20.614329,64.876045,6.389619,8.195991,0,0,0,0,0,0,0,0,1780913084,0
0,67.550073,114.889727,4.151289,13.310304,0,0,0,0,0,0,0,0,1780913084,0
101,-64.412297,-15.572943,8.239,12.266872,0,0,0,0,0,0,0,0,1780913084,0
101,-110.693559,-65.332312,4.989027,8.781285,0,0,0,0,0,0,0,0,1780913084,0
102,27.076876,72.557799,0.347811,13.770312,0,0,0,0,0,0,0,0,1780913084,0
102,72.89439,125.97105,3.971774,11.616129,0,0,0,0,0,0,0,0,1780913084,0
103,-67.378038,-10.228626,2.894683,11.324417,0,0,0,0,0,0,0,0,1780913084,0
103,-117.144886,-62.519908,3.893236,7.517199,0,0,0,0,0,0,0,0,1780913084,0
104,20.823763,73.440415,6.413928,8.253959,0,0,0,0,0,0,0,0,1780913084,0
104,72.202509,126.786348,0.564725,6.750519,0,0,0,0,0,0,0,0,1780913084,0
105,-75.755414,-16.358322,7.064671,13.938607,0,0,0,0,0,0,0,0,1780913084,0
105,-113.876214,-61.895344,2.875983,11.22718,0,0,0,0,0,0,0,0,1780913084,0
106,14.94838,69.236768,5.9801,13.976006,0,0,0,0,0,0,0,0,1780913084,0
106,66.207449,121.378453,4.760893,7.928588,0,0,0,0,0,0,0,0,1780913084,0
107,-68.226995,-14.525771,4.368203,9.136576,0,0,0,0,0,0,0,0,1780913084,0
107,-117.608634,-61.109965,7.311504,13.287865,0,0,0,0,0,0,0,0,1780913084,0
108,15.150335,69.259207,3.885756,9.162755,0,0,0,0,0,0,0,0,1780913084,0
108,68.0213,124.12728,5.434075,8.096883,0,0,0,0,0,0,0,0,1780913084,0
109,-64.68531,-10.640015,1.032212,12.423948,0,0,0,0,0,0,0,0,1780913084,0
109,-112.974898,-58.361139,3.216314,6.851497,0,0,0,0,0,0,0,0,1780913084,0
110,19.230566,76.488434,4.431781,9.375929,0,0,0,0,0,0,0,0,1780913084,0
110,68.178376,125.750396,6.544825,13.08217,0,0,0,0,0,0,0,0,1780913084,0
111,-71.267534,-14.121862,7.281585,15.019438,0,0,0,0,0,0,0,0,1780913084,0
111,-116.494144,-63.383824,1.312705,6.986133,0,0,0,0,0,0,0,0,1780913084,0
112,18.781778,71.869657,2.490773,10.4792,0,0,0,0,0,0,0,0,1780913084,0
112,58.204063,120.73145,3.878276,6.671982,0,0,0,0,0,0,0,0,1780913084,0
113,-68.301793,-16.732312,-1.047172,6.870196,0,0,0,0,0,0,0,0,1780913084,0
113,-122.317168,-65.178976,8.115583,14.686587,0,0,0,0,0,0,0,0,1780913084,0
114,13.220546,72.296006,1.798892,10.961647,0,0,0,0,0,0,0,0,1780913084,0
114,65.986795,119.99469,5.823024,11.642309,0,0,0,0,0,0,0,0,1780913084,0
115,-69.91743,-13.422501,1.48474,11.137422,0,0,0,0,0,0,0,0,1780913084,0
115,-120.626733,-68.451389,3.945594,11.238399,0,0,0,0,0,0,0,0,1780913084,0
116,16.182547,67.882924,0.998553,8.332497,0,0,0,0,0,0,0,0,1780913084,0
116,64.255221,113.203032,6.264332,8.58681,0,0,0,0,0,0,0,0,1780913084,0
117,-76.092004,-22.43192,2.666549,10.84197,0,0,0,0,0,0,0,0,1780913084,0
117,-116.782116,-70.549473,7.49476,12.738099,0,0,0,0,0,0,0,0,1780913084,0
118,16.997845,71.203955,5.071304,10.441801,0,0,0,0,0,0,0,0,1780913084,0
118,62.359092,114.298822,2.25142,10.883109,0,0,0,0,0,0,0,0,1780913084,0
119,-75.833951,-19.05853,2.285079,11.836783,0,0,0,0,0,0,0,0,1780913084,0
119,-117.934005,-63.596999,0.437568,14.929681,0,0,0,0,0,0,0,0,1780913084,0
120,14.59683,69.797753,3.208834,6.623363,0,0,0,0,0,0,0,0,1780913084,0
120,63.92237,117.036429,-1.11075,11.485233,0,0,0,0,0,0,0,0,1780913084,0
121,-83.986933,-29.664886,4.689835,13.635675,0,0,0,0,0,0,0,0,1780913084,0
121,-133.742562,-85.699807,0.878876,8.470873,0,0,0,0,0,0,0,0,1780913084,0
122,23.078923,66.487941,0.183255,9.282432,0,0,0,0,0,0,0,0,1780913084,0
122,78.212528,124.246956,6.649542,12.053698,0,0,0,0,0,0,0,0,1780913084,0
123,-64.909704,-12.472566,4.177468,9.817237,0,0,0,0,0,0,0,0,1780913084,0
123,-91.94918,-47.178838,1.88491,8.915921,0,0,0,0,0,0,0,0,1780913084,0
124,43.064948,91.163801,4.046572,9.259992,0,0,0,0,0,0,0,0,1780913084,0
124,92.469026,139.120538,5.445294,10.894329,0,0,0,0,0,0,0,0,1780913084,0
125,-43.150966,3.190135,5.823024,10.920508,0,0,0,0,0,0,0,0,1780913084,0
125,-80.452728,-40.37596,2.9807,8.743886,0,0,0,0,0,0,0,0,1780913084,0
126,57.437384,85.265979,9.615283,13.272905,0,0,0,0,0,0,0,0,1780913084,0
126,109.601508,143.197029,2.816145,10.303424,0,0,0,0,0,0,0,0,1780913084,0
127,-35.390673,0.841477,2.292559,11.245879,0,0,0,0,0,0,0,0,1780913084,0
127,-81.888849,-49.864086,4.416822,9.899515,0,0,0,0,0,0,0,0,1780913084,0
128,61.977622,89.914675,2.105564,9.514305,0,0,0,0,0,0,0,0,1780913084,0
128,104.369388,128.734836,6.496206,7.951027,0,0,0,0,0,0,0,0,1780913084,0
129,-41.359554,-8.639169,9.966833,12.69696,0,0,0,0,0,0,0,0,1780913084,0
129,-82.554552,-56.981116,3.893236,8.751366,0,0,0,0,0,0,0,0,1780913084,0
130,48.884232,75.557199,0.893836,10.625056,0,0,0,0,0,0,0,0,1780913084,0
130,93.632135,117.724571,6.140916,9.574144,0,0,0,0,0,0,0,0,1780913084,0
131,-41.221177,-18.916414,2.329958,5.793105,0,0,0,0,0,0,0,0,1780913084,0
131,-91.167541,-64.603032,3.186395,8.287618,0,0,0,0,0,0,0,0,1780913084,0
132,49.875306,76.477214,6.069858,9.742439,0,0,0,0,0,0,0,0,1780913084,0
132,95.408588,116.292189,7.932328,13.575837,0,0,0,0,0,0,0,0,1780913084,0
133,-48.274629,-21.029457,4.285925,8.938361,0,0,0,0,0,0,0,0,1780913084,0
133,-87.08731,-60.691096,2.838584,14.806264,0,0,0,0,0,0,0,0,1780913084,0
134,48.715937,78.407003,3.695021,5.112443,0,0,0,0,0,0,0,0,1780913084,0
134,94.133282,122.672458,6.529865,15.999292,0,0,0,0,0,0,0,0,1780913084,0
135,-54.378145,-26.579469,1.746533,11.043925,0,0,0,0,0,0,0,0,1780913084,0
135,-93.553597,-63.589519,4.798292,11.459053,0,0,0,0,0,0,0,0,1780913084,0
136,44.658145,67.310719,4.532759,9.738699,0,0,0,0,0,0,0,0,1780913085,0
136,80.950135,112.679446,2.012066,11.23092,0,0,0,0,0,0,0,0,1780913085,0
137,-57.302747,-20.528311,0.661962,8.740146,0,0,0,0,0,0,0,0,1780913085,0
137,-97.712366,-66.323386,8.104363,10.120169,0,0,0,0,0,0,0,0,1780913085,0
138,40.877107,74.981254,0.624563,12.356629,0,0,0,0,0,0,0,0,1780913085,0
138,81.021193,117.874167,0.830258,10.07903,0,0,0,0,0,0,0,0,1780913085,0
139,-56.745502,-25.43132,4.087711,9.428288,0,0,0,0,0,0,0,0,1780913085,0
139,-99.350442,-66.53656,5.22464,10.243586,0,0,0,0,0,0,0,0,1780913085,0
140,44.691804,73.619931,0.130896,8.504532,0,0,0,0,0,0,0,0,1780913085,0
140,83.238953,118.11726,4.772112,13.695514,0,0,0,0,0,0,0,0,1780913085,0
141,-57.613159,-26.15686,4.024132,8.321277,0,0,0,0,0,0,0,0,1780913085,0
141,-94.122062,-59.101639,3.37339,11.818084,0,0,0,0,0,0,0,0,1780913085,0
142,42.59746,79.798245,5.325618,10.782132,0,0,0,0,0,0,0,0,1780913085,0
142,79.562632,110.719738,8.912182,11.361816,0,0,0,0,0,0,0,0,1780913085,0
143,-55.743209,-20.416114,2.068165,7.640616,0,0,0,0,0,0,0,0,1780913085,0
143,-100.356475,-65.874598,6.772959,12.461347,0,0,0,0,0,0,0,0,1780913085,0
144,35.256037,67.924063,7.068411,6.140916,0,0,0,0,0,0,0,0,1780913085,0
144,76.417376,113.382547,4.757153,8.489573,0,0,0,0,0,0,0,0,1780913085,0
145,-64.595552,-23.419254,3.609003,4.734713,0,0,0,0,0,0,0,0,1780913085,0
145,-104.507764,-66.959169,3.388349,6.417668,0,0,0,0,0,0,0,0,1780913085,0
146,37.331681,76.768926,1.466041,5.090004,0,0,0,0,0,0,0,0,1780913085,0
146,69.988488,104.264671,4.46918,9.611543,0,0,0,0,0,0,0,0,1780913085,0
147,-67.853005,-34.784809,4.802032,10.004232,0,0,0,0,0,0,0,0,1780913085,0
147,-98.063917,-65.208896,1.903609,12.977453,0,0,0,0,0,0,0,0,1780913085,0
148,44.011143,76.383717,5.535052,10.568957,0,0,0,0,0,0,0,0,1780913085,0
148,74.981254,107.421146,5.329357,10.898068,0,0,0,0,0,0,0,0,1780913085,0
149,-60.5602,-31.325402,0.602124,13.688034,0,0,0,0,0,0,0,0,1780913085,0
149,-99.945086,-73.021547,9.387149,16.938007,0,0,0,0,0,0,0,0,1780913085,0
150,45.424825,68.189596,3.122816,13.4412,0,0,0,0,0,0,0,0,1780913085,0
150,78.795952,113.304009,-1.473521,8.95706,0,0,0,0,0,0,0,0,1780913085,0
151,-63.219269,-28.090389,-1.312705,11.466533,0,0,0,0,0,0,0,0,1780913085,0
151,-106.415113,-66.704856,6.649542,11.373036,0,0,0,0,0,0,0,0,1780913085,0
152,35.098961,70.886064,2.25516,8.908442,0,0,0,0,0,0,0,0,1780913085,0
152,76.963401,112.724325,4.596337,14.133082,0,0,0,0,0,0,0,0,1780913085,0
153,-64.019607,-29.328295,3.683801,12.491266,0,0,0,0,0,0,0,0,1780913085,0
153,-99.758091,-65.661424,2.849804,8.530712,0,0,0,0,0,0,0,0,1780913085,0
154,36.134913,74.528726,4.802032,9.125356,0,0,0,0,0,0,0,0,1780913085,0
154,72.004294,109.216298,5.366756,16.249865,0,0,0,0,0,0,0,0,1780913085,0
155,-61.652251,-27.151674,4.020392,14.851143,0,0,0,0,0,0,0,0,1780913085,0
155,-101.182993,-70.878584,6.556045,10.46424,0,0,0,0,0,0,0,0,1780913085,0
156,35.454252,73.242201,4.629996,6.256853,0,0,0,0,0,0,0,0,1780913085,0
156,74.812959,108.4197,5.363017,15.733759,0,0,0,0,0,0,0,0,1780913085,0
157,-68.39529,-32.395013,7.038492,6.858977,0,0,0,0,0,0,0,0,1780913085,0
157,-107.922293,-70.930943,1.234167,10.367003,0,0,0,0,0,0,0,0,1780913085,0
158,33.962031,70.770127,1.664255,7.737853,0,0,0,0,0,0,0,0,1780913085,0
158,68.896437,113.188072,8.538192,15.202693,0,0,0,0,0,0,0,0,1780913085,0
159,-72.090312,-32.058422,0.994813,13.123309,0,0,0,0,0,0,0,0,1780913085,0
159,-105.723232,-64.924663,0.792859,6.649542,0,0,0,0,0,0,0,0,1780913085,0
160,34.074228,71.237614,3.545425,12.891435,0,0,0,0,0,0,0,0,1780913085,0
160,70.785086,111.677153,4.042832,8.826164,0,0,0,0,0,0,0,0,1780913085,0
161,-67.052666,-24.144794,-1.548319,9.873336,0,0,0,0,0,0,0,0,1780913085,0
161,-97.989119,-59.415791,6.391489,8.194121,0,0,0,0,0,0,0,0,1780913085,0
162,33.206572,75.441262,5.718307,13.523478,0,0,0,0,0,0,0,0,1780913085,0
162,75.785333,109.328495,4.689835,12.412728,0,0,0,0,0,0,0,0,1780913085,0
163,-76.851204,-42.59746,5.003986,5.759446,0,0,0,0,0,0,0,0,1780913085,0
163,-99.881508,-57.699177,1.993367,10.572697,0,0,0,0,0,0,0,0,1780913085,0
164,41.969157,79.891743,-0.575945,12.644602,0,0,0,0,0,0,0,0,1780913085,0
164,74.992474,116.957891,1.709134,13.257945,0,0,0,0,0,0,0,0,1780913085,0
165,-71.705102,-29.993998,5.707087,11.97142,0,0,0,0,0,0,0,0,1780913085,0
165,-107.970912,-62.467549,1.653036,8.672828,0,0,0,0,0,0,0,0,1780913085,0
166,35.682385,77.083078,5.493913,12.872736,0,0,0,0,0,0,0,0,1780913085,0
166,67.363078,110.944132,2.371097,9.196414,0,0,0,0,0,0,0,0,1780913085,0
167,-72.696175,-30.588642,3.208834,5.441554,0,0,0,0,0,0,0,0,1780913085,0
167,-104.997691,-71.01696,6.331651,12.068657,0,0,0,0,0,0,0,0,1780913085,0
168,32.8999,71.099238,7.019792,10.393182,0,0,0,0,0,0,0,0,1780913085,0
168,68.342932,113.326448,4.719754,8.504532,0,0,0,0,0,0,0,0,1780913085,0
169,-77.288772,-31.179546,6.634583,11.552551,0,0,0,0,0,0,0,0,1780913085,0
169,-110.476645,-67.983901,5.142362,8.261439,0,0,0,0,0,0,0,0,1780913085,0
170,34.212605,73.601231,1.716614,5.864163,0,0,0,0,0,0,0,0,1780913085,0
170,66.024194,111.744471,5.033905,8.093144,0,0,0,0,0,0,0,0,1780913085,0
171,-75.860131,-30.375467,6.114736,8.403555,0,0,0,0,0,0,0,0,1780913085,0
171,-107.357568,-65.134098,4.054052,10.325864,0,0,0,0,0,0,0,0,1780913085,0
172,28.4008,78.541639,2.2589,8.990719,0,0,0,0,0,0,0,0,1780913085,0
172,66.416883,113.146933,3.893236,8.9608,0,0,0,0,0,0,0,0,1780913085,0
173,-79.465394,-31.665733,2.23272,12.438907,0,0,0,0,0,0,0,0,1780913085,0
173,-107.331389,-66.020454,3.212574,11.156122,0,0,0,0,0,0,0,0,1780913085,0
174,34.990504,74.75686,7.10581,14.421054,0,0,0,0,0,0,0,0,1780913085,0
174,70.631751,109.343455,7.318984,10.131389,0,0,0,0,0,0,0,0,1780913085,0
175,-74.0201,-34.00317,2.685248,8.695267,0,0,0,0,0,0,0,0,1780913085,0
175,-104.30955,-58.376098,3.107857,7.453621,0,0,0,0,0,0,0,0,1780913085,0
176,36.108734,85.011666,5.392936,11.21222,0,0,0,0,0,0,0,0,1780913085,0
176,72.778453,115.88454,3.238753,12.308011,0,0,0,0,0,0,0,0,1780913085,0
177,-78.537899,-29.320816,5.673428,16.638815,0,0,0,0,0,0,0,0,1780913085,0
177,-103.348395,-55.791828,5.329357,11.702147,0,0,0,0,0,0,0,0,1780913085,0
178,30.749457,80.37419,2.846064,5.516352,0,0,0,0,0,0,0,0,1780913085,0
178,68.720662,112.858961,4.970327,10.318384,0,0,0,0,0,0,0,0,1780913085,0
179,-69.842632,-27.521924,4.49162,10.202447,0,0,0,0,0,0,0,0,1780913085,0
179,-107.731558,-62.329173,5.905302,15.853436,0,0,0,0,0,0,0,0,1780913085,0
180,33.715198,78.87449,2.386056,11.866703,0,0,0,0,0,0,0,0,1780913085,0
180,66.435583,112.219438,5.546272,6.881416,0,0,0,0,0,0,0,0,1780913085,0
181,-80.890296,-28.441939,5.695868,12.618422,0,0,0,0,0,0,0,0,1780913085,0
181,-112.608388,-70.63923,7.457361,8.796245,0,0,0,0,0,0,0,0,1780913085,0
182,39.089434,82.823824,4.760893,13.422501,0,0,0,0,0,0,0,0,1780913085,0
182,66.951689,111.02641,4.47292,4.981547,0,0,0,0,0,0,0,0,1780913085,0
183,-84.592797,-33.019577,7.019792,11.515152,0,0,0,0,0,0,0,0,1780913085,0
183,-108.273844,-66.974128,5.766926,9.080477,0,0,0,0,0,0,0,0,1780913085,0
184,32.297776,73.952782,5.815544,10.09399,0,0,0,0,0,0,0,0,1780913085,0
184,60.16751,107.017237,0.699361,13.482339,0,0,0,0,0,0,0,0,1780913085,0
185,-77.341131,-33.576822,-0.273013,15.154075,0,0,0,0,0,0,0,0,1780913085,0
185,-106.882601,-58.813667,6.971174,13.740392,0,0,0,0,0,0,0,0,1780913085,0
186,35.532789,81.256806,7.128249,8.796245,0,0,0,0,0,0,0,0,1780913085,0
186,64.958322,106.007464,9.289911,6.888896,0,0,0,0,0,0,0,0,1780913085,0
187,-85.187441,-33.064456,3.859577,12.005079,0,0,0,0,0,0,0,0,1780913085,0
187,-111.258284,-68.76554,2.760046,12.278092,0,0,0,0,0,0,0,0,1780913085,0
188,31.564756,86.750719,1.009773,14.57813,0,0,0,0,0,0,0,0,1780913085,0
188,62.594706,109.960538,3.844617,10.030412,0,0,0,0,0,0,0,0,1780913085,0
189,-79.465394,-35.15132,2.415975,10.340823,0,0,0,0,0,0,0,0,1780913085,0
189,-106.216899,-58.492035,4.360723,12.984933,0,0,0,0,0,0,0,0,1780913085,0
190,29.092682,75.13459,6.567264,10.07529,0,0,0,0,0,0,0,0,1780913085,0
190,60.204909,109.14524,7.633136,12.229473,0,0,0,0,0,0,0,0,1780913085,0
191,-79.184902,-32.955998,5.134883,11.2197,0,0,0,0,0,0,0,0,1780913085,0
191,-106.848942,-63.94107,2.962001,10.83075,0,0,0,0,0,0,0,0,1780913085,0
192,34.508057,78.261146,2.857284,9.749919,0,0,0,0,0,0,0,0,1780913085,0
192,60.148811,109.066702,0.714321,9.877076,0,0,0,0,0,0,0,0,1780913085,0
193,-83.874736,-31.695652,9.162755,13.168188,0,0,0,0,0,0,0,0,1780913085,0
193,-110.095175,-65.863378,6.754259,11.429134,0,0,0,0,0,0,0,0,1780913085,0
194,33.094375,83.672782,-0.265533,6.118476,0,0,0,0,0,0,0,0,1780913085,0
194,63.866272,113.734098,8.437214,6.36531,0,0,0,0,0,0,0,0,1780913085,0
195,-85.041585,-35.940439,5.740746,8.665348,0,0,0,0,0,0,0,0,1780913085,0
195,-107.368788,-64.30384,2.659069,12.34167,0,0,0,0,0,0,0,0,1780913085,0
196,35.611327,79.734667,3.279892,10.961647,0,0,0,0,0,0,0,0,1780913085,0
196,63.417484,108.546856,2.894683,11.058884,0,0,0,0,0,0,0,0,1780913085,0
197,-88.994659,-37.825348,-3.75486,9.181454,0,0,0,0,0,0,0,0,1780913085,0
197,-111.793089,-65.949396,3.964294,10.82701,0,0,0,0,0,0,0,0,1780913085,0
198,31.273043,72.602678,0.471227,5.639769,0,0,0,0,0,0,0,0,1780913085,0
198,58.70521,104.806956,1.896129,9.71252,0,0,0,0,0,0,0,0,1780913085,0
199,-83.463347,-39.347487,4.828211,15.617822,0,0,0,0,0,0,0,0,1780913085,0
199,-113.169373,-66.443063,4.514059,12.532405,0,0,0,0,0,0,0,0,1780913085,0
200,36.396706,82.700408,1.941008,4.809511,0,0,0,0,0,0,0,0,1780913085,0
200,58.024548,116.531543,3.392089,10.258546,0,0,0,0,0,0,0,0,1780913085,0
0,-86.468357,-34.7605,3.214444,12.457607,0,0,0,0,0,0,0,0,1780913085,0
101,-110.467295,-60.517191,2.780616,15.400908,0,0,0,0,0,0,0,0,1780913085,0
101,33.65723,81.247457,-0.704971,12.207033,0,0,0,0,0,0,0,0,1780913085,0
102,63.064063,112.382124,5.544402,7.707934,0,0,0,0,0,0,0,0,1780913085,0
102,-84.194498,-34.315452,5.503263,6.152135,0,0,0,0,0,0,0,0,1780913085,0
103,-109.745494,-61.736399,3.812828,6.959954,0,0,0,0,0,0,0,0,1780913085,0
103,31.996714,78.651966,6.483117,6.885156,0,0,0,0,0,0,0,0,1780913085,0
104,58.69212,111.596745,-0.084148,8.639169,0,0,0,0,0,0,0,0,1780913085,0
104,-88.338307,-34.135937,4.257876,10.602616,0,0,0,0,0,0,0,0,1780913085,0
105,-108.081239,-53.901308,11.042055,6.847757,0,0,0,0,0,0,0,0,1780913085,0
105,39.270819,86.928365,2.836714,10.348303,0,0,0,0,0,0,0,0,1780913085,0
106,61.721439,111.525687,4.328934,11.657268,0,0,0,0,0,0,0,0,1780913085,0
106,-85.679238,-34.536106,4.788942,11.720846,0,0,0,0,0,0,0,0,1780913085,0
107,-108.126118,-62.308603,3.285502,10.292205,0,0,0,0,0,0,0,0,1780913085,0
107,37.629003,84.12344,8.59616,9.652682,0,0,0,0,0,0,0,0,1780913085,0
108,57.285918,108.571166,2.743217,11.799384,0,0,0,0,0,0,0,0,1780913085,0
108,-83.872866,-31.323532,0.858307,13.228026,0,0,0,0,0,0,0,0,1780913085,0
109,-102.968796,-62.551697,-4.568288,9.125356,0,0,0,0,0,0,0,0,1780913085,0
109,34.360331,85.424925,5.263909,12.117276,0,0,0,0,0,0,0,0,1780913085,0
110,62.495598,110.246641,-0.850827,10.09025,0,0,0,0,0,0,0,0,1780913085,0
110,-83.75319,-32.651197,7.365733,13.231766,0,0,0,0,0,0,0,0,1780913085,0
111,-106.435683,-58.774398,2.114913,5.647249,0,0,0,0,0,0,0,0,1780913085,0
111,35.168149,87.519269,3.820308,9.978053,0,0,0,0,0,0,0,0,1780913085,0
112,57.989019,111.207795,1.535229,12.360369,0,0,0,0,0,0,0,0,1780913085,0
112,-88.989049,-41.653136,6.520516,12.012559,0,0,0,0,0,0,0,0,1780913085,0
113,-108.877837,-62.301123,3.491197,7.135729,0,0,0,0,0,0,0,0,1780913085,0
113,36.694028,83.614813,2.137353,14.297638,0,0,0,0,0,0,0,0,1780913085,0
114,57.173721,106.798453,4.504709,12.943794,0,0,0,0,0,0,0,0,1780913085,0
114,-81.632666,-35.448642,2.444025,14.073244,0,0,0,0,0,0,0,0,1780913085,0
115,-109.278007,-58.867895,1.557668,11.791905,0,0,0,0,0,0,0,0,1780913085,0
115,36.148003,83.906525,0.143986,8.306318,0,0,0,0,0,0,0,0,1780913085,0
116,60.274098,109.251827,-2.025156,7.405002,0,0,0,0,0,0,0,0,1780913085,0
116,-85.649319,-36.346218,4.830081,5.389196,0,0,0,0,0,0,0,0,1780913085,0
117,-106.087872,-57.027864,4.10828,13.807711,0,0,0,0,0,0,0,0,1780913085,0
117,36.454675,86.131766,4.605687,9.144055,0,0,0,0,0,0,0,0,1780913085,0
118,57.794544,99.531827,3.192005,5.97636,0,0,0,0,0,0,0,0,1780913085,0
118,-84.336614,-45.658569,1.658646,8.010866,0,0,0,0,0,0,0,0,1780913085,0
119,-110.190542,-62.04681,4.164379,11.455314,0,0,0,0,0,0,0,0,1780913085,0
119,39.517653,88.61506,3.936245,11.242139,0,0,0,0,0,0,0,0,1780913085,0
120,58.650981,104.322639,4.777722,10.194967,0,0,0,0,0,0,0,0,1780913085,0
120,-82.290889,-33.687149,3.951204,8.418515,0,0,0,0,0,0,0,0,1780913085,0
121,-101.252181,-52.446487,1.423032,8.048265,0,0,0,0,0,0,0,0,1780913085,0
121,43.414629,88.143832,4.407472,9.757399,0,0,0,0,0,0,0,0,1780913085,0
122,55.404748,103.346525,3.322901,12.999892,0,0,0,0,0,0,0,0,1780913085,0
122,-83.177245,-41.099631,8.667218,9.117876,0,0,0,0,0,0,0,0,1780913085,0
123,-106.749834,-66.078422,5.660339,10.920508,0,0,0,0,0,0,0,0,1780913085,0
123,43.863417,83.925225,5.091874,9.226333,0,0,0,0,0,0,0,0,1780913085,0
124,51.863063,97.744155,7.706064,10.07529,0,0,0,0,0,0,0,0,1780913085,0
124,-87.291135,-36.892243,2.141093,9.648942,0,0,0,0,0,0,0,0,1780913085,0
125,-106.656337,-53.47122,5.791235,7.565818,0,0,0,0,0,0,0,0,1780913085,0
125,33.930242,82.799515,6.946864,10.168788,0,0,0,0,0,0,0,0,1780913085,0
126,55.367349,109.221908,6.812228,13.123309,0,0,0,0,0,0,0,0,1780913085,0
126,-91.894952,-35.845071,8.364286,13.108349,0,0,0,0,0,0,0,0,1780913085,0
127,-105.855998,-60.681747,0.458138,8.283878,0,0,0,0,0,0,0,0,1780913085,0
127,36.207841,91.352666,5.106833,13.587057,0,0,0,0,0,0,0,0,1780913085,0
128,52.536245,103.746695,0.719931,4.85813,0,0,0,0,0,0,0,0,1780913085,0
128,-88.674898,-34.76424,7.08898,11.870442,0,0,0,0,0,0,0,0,1780913085,0
129,-111.308772,-60.749065,5.432205,10.939207,0,0,0,0,0,0,0,0,1780913085,0
129,38.474221,93.903278,3.087287,14.791304,0,0,0,0,0,0,0,0,1780913085,0
130,56.212566,106.843332,4.156899,10.565217,0,0,0,0,0,0,0,0,1780913085,0
130,-87.781062,-42.019646,6.913205,10.920508,0,0,0,0,0,0,0,0,1780913085,0
131,-110.845025,-64.948973,0.095367,5.299438,0,0,0,0,0,0,0,0,1780913085,0
131,36.679069,90.892659,5.903432,14.308857,0,0,0,0,0,0,0,0,1780913085,0
132,50.864509,103.526041,0.203825,9.978053,0,0,0,0,0,0,0,0,1780913085,0
132,-96.700723,-40.553605,4.089581,11.152382,0,0,0,0,0,0,0,0,1780913085,0
133,-110.250381,-62.282424,5.780015,9.072997,0,0,0,0,0,0,0,0,1780913085,0
133,35.429942,85.791435,1.449211,16.365802,0,0,0,0,0,0,0,0,1780913085,0
134,51.029065,103.406364,2.870373,9.076737,0,0,0,0,0,0,0,0,1780913085,0
134,-96.958776,-43.070558,8.24087,7.09085,0,0,0,0,0,0,0,0,1780913085,0
135,-116.739107,-61.167934,2.683378,13.751612,0,0,0,0,0,0,0,0,1780913085,0
135,37.902016,90.47753,5.675298,10.681154,0,0,0,0,0,0,0,0,1780913085,0
136,49.319931,107.509034,2.664679,7.745333,0,0,0,0,0,0,0,0,1780913085,0
136,-100.721116,-38.930489,6.146526,11.264579,0,0,0,0,0,0,0,0,1780913085,0
137,-108.672143,-52.786818,5.054475,4.166249,0,0,0,0,0,0,0,0,1780913086,0
137,37.255013,87.85212,2.967611,12.038738,0,0,0,0,0,0,0,0,1780913086,0
138,53.123409,101.869265,3.244363,6.795398,0,0,0,0,0,0,0,0,1780913086,0
138,-95.885425,-42.337537,2.735737,4.895529,0,0,0,0,0,0,0,0,1780913086,0
139,-112.187649,-57.17746,8.042655,7.367603,0,0,0,0,0,0,0,0,1780913086,0
139,31.828419,91.696737,4.332674,9.36097,0,0,0,0,0,0,0,0,1780913086,0
140,48.691627,102.239515,3.012489,7.741593,0,0,0,0,0,0,0,0,1780913086,0
140,-101.738368,-43.078038,10.716683,16.369542,0,0,0,0,0,0,0,0,1780913086,0
141,-110.156883,-53.310404,6.931905,9.652682,0,0,0,0,0,0,0,0,1780913086,0
141,35.811412,92.108126,-0.906926,11.911581,0,0,0,0,0,0,0,0,1780913086,0
142,51.436714,107.856845,5.99319,7.352643,0,0,0,0,0,0,0,0,1780913086,0
142,-94.913051,-47.607056,6.34474,13.08217,0,0,0,0,0,0,0,0,1780913086,0
143,-110.620631,-53.287965,3.569735,12.438907,0,0,0,0,0,0,0,0,1780913086,0
143,31.884517,85.185571,9.35162,9.102916,0,0,0,0,0,0,0,0,1780913086,0
144,46.35793,97.673097,8.659738,12.906395,0,0,0,0,0,0,0,0,1780913086,0
144,-98.364979,-48.452274,3.169565,11.301978,0,0,0,0,0,0,0,0,1780913086,0
145,-110.946002,-58.774398,1.912959,10.965387,0,0,0,0,0,0,0,0,1780913086,0
145,39.966441,84.273036,2.694598,11.451574,0,0,0,0,0,0,0,0,1780913086,0
146,51.23102,102.650904,3.102247,9.364709,0,0,0,0,0,0,0,0,1780913086,0
146,-98.226602,-42.60681,4.919838,11.877922,0,0,0,0,0,0,0,0,1780913086,0
147,-113.451735,-61.601762,8.839254,11.806864,0,0,0,0,0,0,0,0,1780913086,0
147,37.640223,85.256629,-1.221077,3.825918,0,0,0,0,0,0,0,0,1780913086,0
148,53.216906,98.533274,6.385879,9.944394,0,0,0,0,0,0,0,0,1780913086,0
148,-95.533874,-49.286272,8.057614,6.694421,0,0,0,0,0,0,0,0,1780913086,0
149,-110.523393,-57.293397,2.645979,9.566664,0,0,0,0,0,0,0,0,1780913086,0
149,38.86317,87.582847,6.74117,13.142008,0,0,0,0,0,0,0,0,1780913086,0
150,50.800931,98.911004,7.919238,9.368449,0,0,0,0,0,0,0,0,1780913086,0
150,-94.995329,-50.808411,7.668665,12.977453,0,0,0,0,0,0,0,0,1780913086,0
151,-102.897737,-64.100015,2.380446,6.387749,0,0,0,0,0,0,0,0,1780913086,0
151,39.2409,83.102447,2.488903,8.9608,0,0,0,0,0,0,0,0,1780913086,0
152,51.335737,104.363778,4.011043,7.909888,0,0,0,0,0,0,0,0,1780913086,0
152,-101.154944,-47.809011,3.547295,13.063471,0,0,0,0,0,0,0,0,1780913086,0
153,-114.839238,-56.986726,3.386479,8.58681,0,0,0,0,0,0,0,0,1780913086,0
153,31.678823,87.560408,4.366333,13.310304,0,0,0,0,0,0,0,0,1780913086,0
154,41.522239,97.774074,5.723917,12.973713,0,0,0,0,0,0,0,0,1780913086,0
154,-97.471143,-46.956314,2.567441,11.612389,0,0,0,0,0,0,0,0,1780913086,0
155,-106.256168,-60.345156,3.274282,7.318984,0,0,0,0,0,0,0,0,1780913086,0
155,41.668095,98.667911,5.260169,7.636876,0,0,0,0,0,0,0,0,1780913086,0
156,49.129196,103.713036,3.72307,10.198707,0,0,0,0,0,0,0,0,1780913086,0
156,-92.788788,-38.537799,2.98257,2.352397,0,0,0,0,0,0,0,0,1780913086,0
157,-107.763347,-57.809504,0.398299,10.580177,0,0,0,0,0,0,0,0,1780913086,0
157,39.760746,86.393559,1.808242,12.868996,0,0,0,0,0,0,0,0,1780913086,0
158,49.925794,96.637145,4.160639,7.10207,0,0,0,0,0,0,0,0,1780913086,0
158,-102.748141,-53.676914,5.97075,13.590796,0,0,0,0,0,0,0,0,1780913086,0
159,-105.590465,-52.285671,0.884486,0.086018,0,0,0,0,0,0,0,0,1780913086,0
159,44.704894,93.865879,2.63476,8.276399,0,0,0,0,0,0,0,0,1780913086,0
160,48.396175,95.934044,3.857707,9.36097,0,0,0,0,0,0,0,0,1780913086,0
160,-96.962516,-49.192774,5.821154,9.031858,0,0,0,0,0,0,0,0,1780913086,0
161,-102.175937,-60.719146,0.992943,4.054052,0,0,0,0,0,0,0,0,1780913086,0
161,37.427049,85.24167,6.995483,7.876229,0,0,0,0,0,0,0,0,1780913086,0
162,48.20918,95.33192,-0.813428,8.796245,0,0,0,0,0,0,0,0,1780913086,0
162,-100.93803,-53.789111,2.058815,8.482093,0,0,0,0,0,0,0,0,1780913086,0
163,-109.412643,-63.011704,5.832374,11.526372,0,0,0,0,0,0,0,0,1780913086,0
163,39.816845,89.202224,8.005256,7.214267,0,0,0,0,0,0,0,0,1780913086,0
164,48.908542,88.940431,1.550189,10.247326,0,0,0,0,0,0,0,0,1780913086,0
164,-100.350866,-50.512959,5.073174,16.863209,0,0,0,0,0,0,0,0,1780913086,0
165,-109.184509,-54.929781,4.149419,7.558338,0,0,0,0,0,0,0,0,1780913086,0
165,39.925302,87.197637,2.818015,12.618422,0,0,0,0,0,0,0,0,1780913086,0
166,47.075991,102.78928,8.439084,10.441801,0,0,0,0,0,0,0,0,1780913086,0
166,-99.759961,-43.407149,8.899092,10.512859,0,0,0,0,0,0,0,0,1780913086,0
167,-98.795067,-46.769319,1.647426,10.744733,0,0,0,0,0,0,0,0,1780913086,0
167,40.101077,91.20307,3.543555,9.757399,0,0,0,0,0,0,0,0,1780913086,0
168,49.016999,102.718222,5.039515,6.537345,0,0,0,0,0,0,0,0,1780913086,0
168,-94.453043,-46.473867,2.503863,15.629042,0,0,0,0,0,0,0,0,1780913086,0
169,-97.598299,-52.199654,5.60424,9.742439,0,0,0,0,0,0,0,0,1780913086,0
169,43.826018,92.418538,2.672159,9.607803,0,0,0,0,0,0,0,0,1780913086,0
170,43.616583,95.71713,0.73863,8.665348,0,0,0,0,0,0,0,0,1780913086,0
170,-102.463909,-46.141016,4.026002,12.128496,0,0,0,0,0,0,0,0,1780913086,0
171,-106.727395,-55.127995,5.465864,4.342024,0,0,0,0,0,0,0,0,1780913086,0
171,48.463494,97.807734,6.834667,9.918215,0,0,0,0,0,0,0,0,1780913086,0
172,47.420061,97.456183,5.824894,10.153828,0,0,0,0,0,0,0,0,1780913086,0
172,-89.553774,-36.376137,4.246656,13.684294,0,0,0,0,0,0,0,0,1780913086,0
173,-86.857307,-32.385664,2.114913,8.407295,0,0,0,0,0,0,0,0,1780913086,0
173,66.54591,120.333151,5.103093,13.643155,0,0,0,0,0,0,0,0,1780913086,0
174,78.696845,136.732612,7.519069,10.909288,0,0,0,0,0,0,0,0,1780913086,0
174,-53.785371,3.715591,4.594467,10.755952,0,0,0,0,0,0,0,0,1780913086,0
175,-48.717807,12.500616,4.239177,7.539638,0,0,0,0,0,0,0,0,1780913086,0
175,108.03262,175.994082,4.029742,11.784425,0,0,0,0,0,0,0,0,1780913086,0
176,116.039746,192.610458,4.542108,7.692974,0,0,0,0,0,0,0,0,1780913086,0
176,-16.491089,56.399561,1.613767,13.280385,0,0,0,0,0,0,0,0,1780913086,0
177,-13.323394,59.978646,-0.966764,9.510566,0,0,0,0,0,0,0,0,1780913086,0
177,135.367549,205.711327,-1.142539,14.166741,0,0,0,0,0,0,0,0,1780913086,0
178,135.838776,212.416968,1.426772,13.938607,0,0,0,0,0,0,0,0,1780913086,0
178,-13.308434,63.957899,4.684225,10.198707,0,0,0,0,0,0,0,0,1780913086,0
179,-19.299754,53.09349,1.183678,6.556045,0,0,0,0,0,0,0,0,1780913086,0
179,112.984248,194.529026,5.035775,10.258546,0,0,0,0,0,0,0,0,1780913086,0
180,107.393097,198.253967,5.357407,4.540239,0,0,0,0,0,0,0,0,1780913086,0
180,-44.787172,34.876437,2.301908,10.602616,0,0,0,0,0,0,0,0,1780913086,0
181,-52.304371,23.480962,5.409765,6.642062,0,0,0,0,0,0,0,0,1780913086,0
181,81.905679,149.291196,0.566595,5.856683,0,0,0,0,0,0,0,0,1780913086,0
182,78.906279,151.209765,3.543555,8.665348,0,0,0,0,0,0,0,0,1780913086,0
182,-69.347095,-4.429911,2.410366,13.47486,0,0,0,0,0,0,0,0,1780913086,0
183,-74.197745,-16.43125,4.931058,8.900962,0,0,0,0,0,0,0,0,1780913086,0
183,64.978892,94.778415,2.440285,12.094836,0,0,0,0,0,0,0,0,1780913086,0
184,59.398961,110.901123,2.825494,8.384856,0,0,0,0,0,0,0,0,1780913086,0
184,-88.944171,-20.743355,4.317714,10.755952,0,0,0,0,0,0,0,0,1780913086,0
185,-101.061447,-37.38591,1.722224,7.565818,0,0,0,0,0,0,0,0,1780913086,0
185,50.415721,101.218522,6.748649,13.104609,0,0,0,0,0,0,0,0,1780913086,0
186,50.322224,96.177137,6.774829,11.391735,0,0,0,0,0,0,0,0,1780913086,0
186,-99.984355,-50.640115,9.579754,15.759938,0,0,0,0,0,0,0,0,1780913086,0
187,-106.53292,-52.816737,3.431358,6.155875,0,0,0,0,0,0,0,0,1780913086,0
187,35.572058,90.066141,0.473097,13.429981,0,0,0,0,0,0,0,0,1780913086,0
188,32.561439,80.342401,2.758176,11.014005,0,0,0,0,0,0,0,0,1780913086,0
188,-113.739707,-67.099415,6.883286,14.043324,0,0,0,0,0,0,0,0,1780913086,0
189,-112.288626,-63.112682,5.290088,7.173128,0,0,0,0,0,0,0,0,1780913086,0
189,37.954375,80.252643,4.527149,10.740993,0,0,0,0,0,0,0,0,1780913086,0
190,32.643717,81.288595,3.573474,7.599477,0,0,0,0,0,0,0,0,1780913086,0
190,-104.707849,-62.44324,1.363194,10.748472,0,0,0,0,0,0,0,0,1780913086,0
191,-109.061093,-60.023524,4.310235,10.632536,0,0,0,0,0,0,0,0,1780913086,0
191,33.720808,81.88324,1.681085,14.312597,0,0,0,0,0,0,0,0,1780913086,0
192,29.864971,77.847888,5.708957,12.266872,0,0,0,0,0,0,0,0,1780913086,0
192,-112.460662,-65.199546,0.858307,10.651235,0,0,0,0,0,0,0,0,1780913086,0
193,-120.344371,-73.023417,3.031189,7.86127,0,0,0,0,0,0,0,0,1780913086,0
193,27.344279,75.248657,0.697491,12.588503,0,0,0,0,0,0,0,0,1780913086,0
194,23.417384,70.252151,1.12758,6.320431,0,0,0,0,0,0,0,0,1780913086,0
194,-120.654782,-77.219584,6.995483,12.038738,0,0,0,0,0,0,0,0,1780913086,0
195,-116.888703,-73.909773,5.854813,11.758245,0,0,0,0,0,0,0,0,1780913086,0
195,24.464556,72.929919,5.432205,10.494159,0,0,0,0,0,0,0,0,1780913086,0
196,27.718269,67.783817,6.617753,18.437707,0,0,0,0,0,0,0,0,1780913086,0
196,-120.572505,-72.043563,6.011889,14.94464,0,0,0,0,0,0,0,0,1780913086,0
197,-116.230481,-66.269157,2.840454,10.767172,0,0,0,0,0,0,0,0,1780913086,0
197,31.443209,82.414305,3.72307,8.440954,0,0,0,0,0,0,0,0,1780913086,0
198,25.40327,78.218138,6.139046,15.490666,0,0,0,0,0,0,0,0,1780913086,0
198,-111.851058,-57.469173,6.561654,3.926895,0,0,0,0,0,0,0,0,1780913086,0
199,-111.839838,-58.546264,5.686518,11.178561,0,0,0,0,0,0,0,0,1780913086,0
199,31.959315,82.720977,0.895706,12.771758,0,0,0,0,0,0,0,0,1780913086,0
200,30.900923,75.349634,1.011643,7.790212,0,0,0,0,0,0,0,0,1780913086,0
200,-116.223001,-63.54277,3.491197,10.4792,0,0,0,0,0,0,0,0,1780913086,0
0,-113.517183,-67.067626,0.532936,6.71312,0,0,0,0,0,0,0,0,1780913086,0
101,31.243124,85.703547,5.252689,12.820377,0,0,0,0,0,0,0,0,1780913086,0
101,26.482232,71.533066,-2.032636,7.191828,0,0,0,0,0,0,0,0,1780913086,0
102,-120.74641,-75.620777,7.309634,10.123909,0,0,0,0,0,0,0,0,1780913086,0
102,-118.008803,-70.205402,5.039515,8.440954,0,0,0,0,0,0,0,0,1780913086,0
103,33.397307,77.161616,-2.036376,7.786472,0,0,0,0,0,0,0,0,1780913086,0
103,35.233597,90.071751,5.6005,12.098576,0,0,0,0,0,0,0,0,1780913086,0
104,-114.429719,-62.893898,2.025156,8.066964,0,0,0,0,0,0,0,0,1780913086,0
104,-101.949673,-52.837307,5.017076,10.202447,0,0,0,0,0,0,0,0,1780913086,0
105,38.651866,89.34621,5.649119,10.280985,0,0,0,0,0,0,0,0,1780913086,0
105,30.091235,82.648049,2.98257,11.563771,0,0,0,0,0,0,0,0,1780913086,0
106,-113.008557,-60.735975,6.74117,5.901562,0,0,0,0,0,0,0,0,1780913086,0
106,-104.67232,-54.146272,3.917545,12.356629,0,0,0,0,0,0,0,0,1780913086,0
107,43.573574,89.895975,-0.00561,15.139115,0,0,0,0,0,0,0,0,1780913086,0
107,36.64354,84.510519,2.743217,11.268319,0,0,0,0,0,0,0,0,1780913086,0
108,-106.347795,-59.572866,6.217584,11.171081,0,0,0,0,0,0,0,0,1780913086,0
108,-102.533097,-54.400585,2.795575,8.21282,0,0,0,0,0,0,0,0,1780913086,0
109,39.354967,88.822624,6.774829,10.165048,0,0,0,0,0,0,0,0,1780913086,0
109,32.473551,84.723694,5.824894,12.001339,0,0,0,0,0,0,0,0,1780913086,0
110,-111.434059,-61.027687,1.662386,17.663547,0,0,0,0,0,0,0,0,1780913086,0
110,-101.037137,-58.166664,4.927318,16.590196,0,0,0,0,0,0,0,0,1780913086,0
111,39.156753,82.950981,4.082101,9.506826,0,0,0,0,0,0,0,0,1780913086,0
111,29.339515,80.647203,3.057368,11.713367,0,0,0,0,0,0,0,0,1780913086,0
112,-116.826995,-69.734175,2.773136,13.08217,0,0,0,0,0,0,0,0,1780913086,0
112,-107.65302,-60.769634,4.534629,10.411881,0,0,0,0,0,0,0,0,1780913086,0
113,39.63546,88.96848,3.943725,14.005925,0,0,0,0,0,0,0,0,1780913086,0
113,25.506118,83.044479,4.658045,10.927988,0,0,0,0,0,0,0,0,1780913086,0
114,-119.037276,-58.873505,1.366933,10.262285,0,0,0,0,0,0,0,0,1780913086,0
114,-103.340916,-48.712197,6.393359,13.044771,0,0,0,0,0,0,0,0,1780913086,0
115,41.946718,91.893082,3.042409,4.932928,0,0,0,0,0,0,0,0,1780913086,0
115,33.356168,82.778946,8.397945,9.914475,0,0,0,0,0,0,0,0,1780913086,0
116,-107.017237,-57.766495,2.24207,13.803971,0,0,0,0,0,0,0,0,1780913086,0
116,-97.233659,-53.020562,7.414352,11.178561,0,0,0,0,0,0,0,0,1780913086,0
117,45.043355,96.313644,6.202624,11.57873,0,0,0,0,0,0,0,0,1780913086,0
117,36.64728,81.10721,6.550435,9.910735,0,0,0,0,0,0,0,0,1780913086,0
118,-112.193259,-57.57576,2.328088,12.102316,0,0,0,0,0,0,0,0,1780913086,0
118,-105.442739,-50.83646,2.515083,8.141762,0,0,0,0,0,0,0,0,1780913086,0
119,42.346887,97.297237,1.213598,8.740146,0,0,0,0,0,0,0,0,1780913086,0
119,32.869981,88.519692,6.382139,13.209327,0,0,0,0,0,0,0,0,1780913086,0
120,-110.196152,-57.396245,7.765902,13.796491,0,0,0,0,0,0,0,0,1780913086,0
120,-97.626348,-51.872412,2.458984,10.09399,0,0,0,0,0,0,0,0,1780913086,0
121,43.124786,93.84157,6.572874,7.85005,0,0,0,0,0,0,0,0,1780913086,0
121,38.992197,83.063178,9.486256,9.226333,0,0,0,0,0,0,0,0,1780913086,0
122,-107.825056,-61.68217,4.598207,9.570404,0,0,0,0,0,0,0,0,1780913086,0
122,-96.990565,-50.395152,5.892212,6.305471,0,0,0,0,0,0,0,0,1780913086,0
123,47.339654,95.887295,1.221077,10.284725,0,0,0,0,0,0,0,0,1780913086,0
123,41.812082,84.596537,3.019969,11.010265,0,0,0,0,0,0,0,0,1780913086,0
124,-106.250558,-58.095606,4.362593,12.046218,0,0,0,0,0,0,0,0,1780913086,0
124,-90.071751,-47.586487,4.276576,14.245279,0,0,0,0,0,0,0,0,1780913086,0
125,49.138546,89.753859,3.521116,9.402108,0,0,0,0,0,0,0,0,1780913086,0
125,33.008357,83.515706,6.759869,8.2203,0,0,0,0,0,0,0,0,1780913086,0
126,-112.829042,-61.154844,4.732843,10.785871,0,0,0,0,0,0,0,0,1780913086,0
126,-97.469273,-47.762262,3.37526,9.293651,0,0,0,0,0,0,0,0,1780913086,0
127,45.97085,95.737699,0.39082,9.155275,0,0,0,0,0,0,0,0,1780913086,0
127,37.204525,84.215067,5.402285,7.999646,0,0,0,0,0,0,0,0,1780913086,0
128,-113.150673,-60.492882,2.081254,10.198707,0,0,0,0,0,0,0,0,1780913086,0
128,-101.467226,-45.862393,5.256429,7.749073,0,0,0,0,0,0,0,0,1780913086,0
129,50.054821,90.161508,-0.74237,9.140315,0,0,0,0,0,0,0,0,1780913086,0
129,48.873013,93.295544,4.983417,13.388842,0,0,0,0,0,0,0,0,1780913086,0
130,-106.92,-61.68965,4.47479,9.188934,0,0,0,0,0,0,0,0,1780913086,0
130,-79.64117,-39.818715,3.248103,7.603217,0,0,0,0,0,0,0,0,1780913086,0
131,58.166664,97.55155,2.6011,9.906995,0,0,0,0,0,0,0,0,1780913086,0
131,43.685771,83.070658,4.429911,9.121616,0,0,0,0,0,0,0,0,1780913086,0
132,-99.81045,-57.706656,4.1195,10.909288,0,0,0,0,0,0,0,0,1780913086,0
132,-85.045325,-47.754783,5.267649,12.162155,0,0,0,0,0,0,0,0,1780913086,0
133,52.818607,89.660362,6.374659,2.861023,0,0,0,0,0,0,0,0,1780913086,0
133,36.086295,77.307472,0.835868,6.35035,0,0,0,0,0,0,0,0,1780913086,0
134,-110.525263,-65.938176,1.437992,11.051404,0,0,0,0,0,0,0,0,1780913086,0
134,-94.757845,-50.623286,6.004409,12.356629,0,0,0,0,0,0,0,0,1780913086,0
135,48.050235,89.450927,5.746356,7.188088,0,0,0,0,0,0,0,0,1780913087,0
135,27.989411,75.744194,7.874359,10.325864,0,0,0,0,0,0,0,0,1780913087,0
136,-110.779577,-61.805587,3.165825,11.750766,0,0,0,0,0,0,0,0,1780913087,0
136,-96.291204,-55.346779,4.388773,9.929434,0,0,0,0,0,0,0,0,1780913087,0
137,46.35232,97.749765,3.117207,13.508519,0,0,0,0,0,0,0,0,1780913087,0
137,35.562709,82.62187,3.023709,8.007126,0,0,0,0,0,0,0,0,1780913087,0
138,-110.622501,-64.580592,1.763363,13.261685,0,0,0,0,0,0,0,0,1780913087,0
138,-93.187087,-43.809188,8.749496,5.639769,0,0,0,0,0,0,0,0,1780913087,0
139,46.35606,94.110842,-0.158946,10.07529,0,0,0,0,0,0,0,0,1780913087,0
139,29.388134,77.098038,6.943124,6.612143,0,0,0,0,0,0,0,0,1780913087,0
140,-108.857268,-60.279707,3.023709,6.974913,0,0,0,0,0,0,0,0,1780913087,0
140,-89.851096,-46.786148,5.435945,9.409588,0,0,0,0,0,0,0,0,1780913087,0
141,53.532928,94.600769,4.893659,7.4611,0,0,0,0,0,0,0,0,1780913087,0
141,36.493944,79.61125,7.309634,7.124509,0,0,0,0,0,0,0,0,1780913087,0
142,-109.178899,-59.030581,3.517376,12.951274,0,0,0,0,0,0,0,0,1780913087,0
142,-85.729727,-36.774436,5.316268,6.503686,0,0,0,0,0,0,0,0,1780913087,0
143,51.618099,94.59329,1.232297,5.037645,0,0,0,0,0,0,0,0,1780913087,0
143,33.603001,81.342824,1.737184,12.263132,0,0,0,0,0,0,0,0,1780913087,0
144,-104.911674,-59.8197,5.873513,11.253359,0,0,0,0,0,0,0,0,1780913087,0
144,-87.008772,-46.35606,3.098507,14.312597,0,0,0,0,0,0,0,0,1780913087,0
145,55.601093,97.443093,5.144232,10.411881,0,0,0,0,0,0,0,0,1780913087,0
145,44.003663,81.87389,3.255583,11.907841,0,0,0,0,0,0,0,0,1780913087,0
146,-102.091789,-60.18621,3.135906,5.134883,0,0,0,0,0,0,0,0,1780913087,0
146,-82.128203,-38.801462,1.378153,14.391135,0,0,0,0,0,0,0,0,1780913087,0
147,53.667564,98.70344,4.392512,6.133436,0,0,0,0,0,0,0,0,1780913087,0
147,43.35292,90.595337,7.332074,8.930881,0,0,0,0,0,0,0,0,1780913087,0
148,-102.996845,-56.034921,3.577214,15.913274,0,0,0,0,0,0,0,0,1780913087,0
148,-84.944348,-43.420238,2.185972,10.280985,0,0,0,0,0,0,0,0,1780913087,0
149,50.383932,95.674121,4.11576,8.197861,0,0,0,0,0,0,0,0,1780913087,0
149,35.398153,82.793905,6.36344,13.250466,0,0,0,0,0,0,0,0,1780913087,0
150,-108.509457,-63.103332,4.47853,8.310058,0,0,0,0,0,0,0,0,1780913087,0
150,-100.681847,-55.907764,1.351974,16.45182,0,0,0,0,0,0,0,0,1780913087,0
151,49.991243,88.321477,5.772536,12.756799,0,0,0,0,0,0,0,0,1780913087,0
151,35.102701,75.317845,4.1195,9.72374,0,0,0,0,0,0,0,0,1780913087,0
152,-105.42778,-70.538253,5.884733,9.241293,0,0,0,0,0,0,0,0,1780913087,0
152,-83.448388,-45.667918,6.419538,13.545918,0,0,0,0,0,0,0,0,1780913087,0
153,58.910904,93.82661,3.637053,14.058284,0,0,0,0,0,0,0,0,1780913087,0
153,35.450512,80.243293,7.002963,20.038384,0,0,0,0,0,0,0,0,1780913087,0
154,-103.965479,-70.227841,8.143632,14.050804,0,0,0,0,0,0,0,0,1780913087,0
154,-81.604617,-54.086433,5.088134,8.930881,0,0,0,0,0,0,0,0,1780913087,0
155,59.81596,92.760739,1.819461,6.604663,0,0,0,0,0,0,0,0,1780913087,0
155,35.805802,73.122524,2.653459,8.98324,0,0,0,0,0,0,0,0,1780913087,0
156,-107.847495,-68.578545,7.021662,10.191227,0,0,0,0,0,0,0,0,1780913087,0
156,-82.648049,-48.039015,1.692305,9.480646,0,0,0,0,0,0,0,0,1780913087,0
157,57.493482,91.646248,1.385633,9.136576,0,0,0,0,0,0,0,0,1780913087,0
157,33.25893,74.180916,4.063401,13.190627,0,0,0,0,0,0,0,0,1780913087,0
158,-105.981285,-66.712335,3.34908,12.554844,0,0,0,0,0,0,0,0,1780913087,0
158,-80.340531,-42.668519,9.370319,15.584163,0,0,0,0,0,0,0,0,1780913087,0
159,57.220469,95.408588,6.000669,11.765725,0,0,0,0,0,0,0,0,1780913087,0
159,40.671412,74.480108,5.884733,10.651235,0,0,0,0,0,0,0,0,1780913087,0
160,-106.16828,-66.618838,5.133013,13.063471,0,0,0,0,0,0,0,0,1780913087,0
160,-87.536098,-48.809434,3.210704,7.509719,0,0,0,0,0,0,0,0,1780913087,0
161,58.054467,97.600169,4.276576,7.962247,0,0,0,0,0,0,0,0,1780913087,0
161,33.861054,72.51666,4.545848,11.290758,0,0,0,0,0,0,0,0,1780913087,0
162,-111.060069,-68.814159,3.506156,12.71566,0,0,0,0,0,0,0,0,1780913087,0
162,-82.023486,-42.264609,4.201778,5.366756,0,0,0,0,0,0,0,0,1780913087,0
163,58.211543,97.734806,4.878699,11.088803,0,0,0,0,0,0,0,0,1780913087,0
163,31.359061,73.249681,4.979677,7.666795,0,0,0,0,0,0,0,0,1780913087,0
164,-109.53793,-71.099238,4.781462,14.103163,0,0,0,0,0,0,0,0,1780913087,0
164,-85.258499,-44.714244,2.799315,9.686341,0,0,0,0,0,0,0,0,1780913087,0
165,52.971943,94.56711,4.512189,8.310058,0,0,0,0,0,0,0,0,1780913087,0
165,23.860562,64.277661,5.656599,4.86561,0,0,0,0,0,0,0,0,1780913087,0
166,-111.722031,-67.793166,9.142185,13.789011,0,0,0,0,0,0,0,0,1780913087,0
166,-87.681954,-46.778669,2.6011,13.717953,0,0,0,0,0,0,0,0,1780913087,0
167,57.392505,97.55155,1.224817,9.155275,0,0,0,0,0,0,0,0,1780913087,0
167,28.621454,74.337991,5.705217,13.882509,0,0,0,0,0,0,0,0,1780913087,0
168,-112.8814,-67.374298,2.810535,11.331897,0,0,0,0,0,0,0,0,1780913087,0
168,-85.351997,-41.651266,4.399992,6.37279,0,0,0,0,0,0,0,0,1780913087,0
169,58.342439,103.247418,3.450058,10.763432,0,0,0,0,0,0,0,0,1780913087,0
169,33.023317,78.635136,-3.850227,12.988673,0,0,0,0,0,0,0,0,1780913087,0
170,-107.64928,-66.828272,3.607134,6.283032,0,0,0,0,0,0,0,0,1780913087,0
170,-81.742993,-39.033336,7.376953,15.71132,0,0,0,0,0,0,0,0,1780913087,0
171,55.283201,100.218099,1.595067,13.721693,0,0,0,0,0,0,0,0,1780913087,0
171,25.05359,75.602078,-0.304802,16.160108,0,0,0,0,0,0,0,0,1780913087,0
172,-112.167079,-68.193336,4.392512,8.302578,0,0,0,0,0,0,0,0,1780913087,0
172,-88.471073,-35.790843,7.163778,6.33913,0,0,0,0,0,0,0,0,1780913087,0
173,50.604586,98.632382,-0.435698,7.09833,0,0,0,0,0,0,0,0,1780913087,0
173,30.356768,71.847218,5.585541,11.500192,0,0,0,0,0,0,0,0,1780913087,0
174,-119.856314,-82.322678,6.36718,12.079877,0,0,0,0,0,0,0,0,1780913087,0
174,-88.878722,-38.001123,1.811982,6.204494,0,0,0,0,0,0,0,0,1780913087,0
175,66.15135,118.431412,-0.38334,13.725433,0,0,0,0,0,0,0,0,1780913087,0
175,34.560415,86.309411,-0.592774,9.948134,0,0,0,0,0,0,0,0,1780913087,0
176,-111.692112,-58.065687,0.783509,4.080231,0,0,0,0,0,0,0,0,1780913087,0
176,-82.375036,-22.529157,11.023355,13.897468,0,0,0,0,0,0,0,0,1780913087,0
177,57.643078,117.39172,3.816568,7.778992,0,0,0,0,0,0,0,0,1780913087,0
177,28.139007,94.376375,4.601947,15.430827,0,0,0,0,0,0,0,0,1780913087,0
178,-110.749657,-45.903532,4.220477,10.325864,0,0,0,0,0,0,0,0,1780913087,0
178,-80.217114,-16.575237,5.103093,10.860669,0,0,0,0,0,0,0,0,1780913087,0
179,46.038168,112.679446,1.800762,10.718553,0,0,0,0,0,0,0,0,1780913087,0
179,26.384994,89.293851,8.412905,13.08591,0,0,0,0,0,0,0,0,1780913087,0
180,-113.307749,-43.420238,9.011289,6.571004,0,0,0,0,0,0,0,0,1780913087,0
180,-86.507626,-27.349888,7.915498,11.040185,0,0,0,0,0,0,0,0,1780913087,0
181,49.834167,114.246464,8.038915,9.076737,0,0,0,0,0,0,0,0,1780913087,0
181,20.150581,83.261393,4.957237,15.221393,0,0,0,0,0,0,0,0,1780913087,0
182,-119.100854,-53.678784,-1.366933,11.57499,0,0,0,0,0,0,0,0,1780913087,0
182,-87.824071,-18.30681,1.87556,11.118723,0,0,0,0,0,0,0,0,1780913087,0
183,53.357153,114.983224,3.962424,8.22404,0,0,0,0,0,0,0,0,1780913087,0
183,18.639661,85.452974,8.001516,14.544471,0,0,0,0,0,0,0,0,1780913087,0
184,-121.905779,-55.507595,1.034082,11.152382,0,0,0,0,0,0,0,0,1780913087,0
184,-90.026872,-21.930773,-0.697491,10.396922,0,0,0,0,0,0,0,0,1780913087,0
185,44.617006,113.595721,-1.995237,8.938361,0,0,0,0,0,0,0,0,1780913087,0
185,21.31743,82.640569,5.140492,14.753905,0,0,0,0,0,0,0,0,1780913087,0
186,-125.21559,-57.059654,2.6198,9.828457,0,0,0,0,0,0,0,0,1780913087,0
186,-87.599677,-24.915214,-1.381893,7.603217,0,0,0,0,0,0,0,0,1780913087,0
187,50.383932,108.509457,5.765056,7.46858,0,0,0,0,0,0,0,0,1780913087,0
187,17.158661,76.802585,3.786649,4.899269,0,0,0,0,0,0,0,0,1780913087,0
188,-118.367834,-61.869165,1.239777,8.108103,0,0,0,0,0,0,0,0,1780913087,0
188,-85.767126,-23.666087,4.089581,17.921601,0,0,0,0,0,0,0,0,1780913087,0
189,55.627272,110.989011,6.124086,7.214267,0,0,0,0,0,0,0,0,1780913087,0
189,26.201739,82.835044,9.849027,11.399215,0,0,0,0,0,0,0,0,1780913087,0
190,-117.668472,-61.282001,2.825494,1.585718,0,0,0,0,0,0,0,0,1780913087,0
190,-78.373343,-23.624948,5.488303,9.779838,0,0,0,0,0,0,0,0,1780913087,0
191,56.861439,106.489911,0.289842,10.815791,0,0,0,0,0,0,0,0,1780913087,0
191,23.235998,72.632597,2.739477,13.037291,0,0,0,0,0,0,0,0,1780913087,0
192,-116.613821,-59.139038,0.712451,11.23092,0,0,0,0,0,0,0,0,1780913087,0
192,-84.196368,-27.914613,2.26077,14.836183,0,0,0,0,0,0,0,0,1780913087,0
193,51.165571,112.574729,1.434252,11.320677,0,0,0,0,0,0,0,0,1780913087,0
193,26.987118,77.868457,2.099954,11.773205,0,0,0,0,0,0,0,0,1780913087,0
194,-117.847988,-59.995475,3.498676,10.871889,0,0,0,0,0,0,0,0,1780913087,0
194,-79.312058,-28.4195,4.284055,9.667641,0,0,0,0,0,0,0,0,1780913087,0
195,52.777468,106.882601,5.99319,20.921,0,0,0,0,0,0,0,0,1780913087,0
195,20.662947,75.538499,-0.076668,11.769465,0,0,0,0,0,0,0,0,1780913087,0
196,-115.839661,-60.870612,-0.776029,12.042478,0,0,0,0,0,0,0,0,1780913087,0
196,-85.2211,-26.392474,4.538369,8.497053,0,0,0,0,0,0,0,0,1780913087,0
197,51.59566,108.098068,3.431358,8.339977,0,0,0,0,0,0,0,0,1780913087,0
197,21.953213,76.222901,7.283455,10.752212,0,0,0,0,0,0,0,0,1780913087,0
198,-121.083001,-66.050373,3.307942,10.82327,0,0,0,0,0,0,0,0,1780913087,0
198,-82.711627,-24.429027,5.806195,13.052251,0,0,0,0,0,0,0,0,1780913087,0
199,52.990642,105.936406,0.01309,10.707334,0,0,0,0,0,0,0,0,1780913087,0
199,19.653174,71.929496,2.324348,7.188088,0,0,0,0,0,0,0,0,1780913087,0
200,-114.624194,-62.605925,4.553328,13.852589,0,0,0,0,0,0,0,0,1780913087,0
200,-79.035306,-22.263624,4.631866,10.46798,0,0,0,0,0,0,0,0,1780913087,0
0,53.409511,112.253097,5.007726,11.135552,0,0,0,0,0,0,0,0,1780913087,0
101,16.130189,75.041093,8.691527,10.215537,0,0,0,0,0,0,0,0,1780913087,0
101,-113.124494,-64.999461,6.253113,13.431851,0,0,0,0,0,0,0,0,1780913087,0
102,-92.469026,-43.581054,3.429488,5.948311,0,0,0,0,0,0,0,0,1780913087,0
102,60.698576,121.85342,-2.210281,9.538615,0,0,0,0,0,0,0,0,1780913087,0
103,12.046218,79.345717,2.135483,11.689057,0,0,0,0,0,0,0,0,1780913087,0
103,-124.437691,-56.936237,3.889496,13.981616,0,0,0,0,0,0,0,0,1780913087,0
104,-92.588703,-14.245279,0.957414,9.755529,0,0,0,0,0,0,0,0,1780913087,0
104,38.319015,116.467964,3.702501,12.403378,0,0,0,0,0,0,0,0,1780913087,0
105,-0.317891,79.173682,5.826764,11.300108,0,0,0,0,0,0,0,0,1780913087,0
105,-140.369665,-58.720169,8.205341,7.002963,0,0,0,0,0,0,0,0,1780913087,0
106,-103.516691,-18.089896,-0.564725,11.262709,0,0,0,0,0,0,0,0,1780913087,0
106,26.949719,108.883447,3.014359,8.674698,0,0,0,0,0,0,0,0,1780913087,0
107,-16.874429,74.977514,-3.264933,6.041808,0,0,0,0,0,0,0,0,1780913087,0
107,-145.844879,-59.8197,4.85439,10.989696,0,0,0,0,0,0,0,0,1780913087,0
108,-116.830735,-29.339515,4.065271,10.047241,0,0,0,0,0,0,0,0,1780913087,0
108,18.942593,112.466271,7.509719,10.911158,0,0,0,0,0,0,0,0,1780913087,0
109,-26.497191,63.731635,6.133436,9.662032,0,0,0,0,0,0,0,0,1780913087,0
109,-157.576945,-64.543193,3.059238,11.842393,0,0,0,0,0,0,0,0,1780913087,0
110,-115.992997,-24.002678,-1.810112,4.306495,0,0,0,0,0,0,0,0,1780913087,0
110,12.809157,105.633474,2.535652,12.182724,0,0,0,0,0,0,0,0,1780913087,0
111,-15.606603,73.058946,4.461701,9.553574,0,0,0,0,0,0,0,0,1780913087,0
111,-156.26424,-69.53596,5.62481,12.519315,0,0,0,0,0,0,0,0,1780913087,0
112,-114.455898,-27.918353,1.49222,10.361393,0,0,0,0,0,0,0,0,1780913087,0
112,13.897468,104.762078,2.793705,10.320254,0,0,0,0,0,0,0,0,1780913087,0
113,-20.528311,67.561293,4.10267,5.96701,0,0,0,0,0,0,0,0,1780913087,0
113,-157.547026,-69.958569,3.429488,10.593267,0,0,0,0,0,0,0,0,1780913087,0
114,-112.716845,-25.898807,1.10327,9.912605,0,0,0,0,0,0,0,0,1780913087,0
114,23.157461,108.875968,10.022932,12.227603,0,0,0,0,0,0,0,0,1780913087,0
115,-19.4213,64.3001,6.36157,9.71439,0,0,0,0,0,0,0,0,1780913087,0
115,-154.01282,-66.678676,8.669088,7.627526,0,0,0,0,0,0,0,0,1780913087,0
116,-113.528403,-26.583209,1.099531,5.290088,0,0,0,0,0,0,0,0,1780913087,0
116,26.938499,111.849188,4.409342,9.501216,0,0,0,0,0,0,0,0,1780913087,0
117,-21.171574,67.733328,2.801185,14.744556,0,0,0,0,0,0,0,0,1780913087,0
117,-154.585025,-64.214082,4.85065,6.008149,0,0,0,0,0,0,0,0,1780913087,0
118,-115.087941,-31.332882,3.410789,7.578907,0,0,0,0,0,0,0,0,1780913087,0
118,20.427334,101.575683,1.86247,10.002362,0,0,0,0,0,0,0,0,1780913087,0
119,-17.016545,60.477922,-2.161662,10.275375,0,0,0,0,0,0,0,0,1780913087,0
119,-153.219961,-70.706549,1.791412,13.383232,0,0,0,0,0,0,0,0,1780913087,0
120,-102.41716,-23.269658,4.031612,7.253536,0,0,0,0,0,0,0,0,1780913087,0
120,26.643047,106.474952,6.787918,17.616799,0,0,0,0,0,0,0,0,1780913087,0
121,-16.792151,65.818499,6.750519,12.3398,0,0,0,0,0,0,0,0,1780913087,0
121,-146.058053,-69.674336,3.799738,8.353067,0,0,0,0,0,0,0,0,1780913087,0
122,-102.693913,-28.281123,1.47726,11.285148,0,0,0,0,0,0,0,0,1780913087,0
122,31.254344,108.576776,7.09085,12.72127,0,0,0,0,0,0,0,0,1780913087,0
123,-15.31489,62.998615,3.620223,10.237976,0,0,0,0,0,0,0,0,1780913087,0
123,-148.429149,-68.743101,6.511166,9.145925,0,0,0,0,0,0,0,0,1780913087,0
124,-99.017591,-29.16374,7.330204,10.82888,0,0,0,0,0,0,0,0,1780913087,0
124,35.084001,107.170573,2.595491,11.524502,0,0,0,0,0,0,0,0,1780913087,0
125,-5.815544,68.226995,1.832551,6.655152,0,0,0,0,0,0,0,0,1780913087,0
125,-139.894698,-71.39469,5.636029,14.535121,0,0,0,0,0,0,0,0,1780913087,0
126,-88.261639,-24.642201,7.143209,11.442224,0,0,0,0,0,0,0,0,1780913087,0
126,41.273536,108.576776,3.119077,6.647672,0,0,0,0,0,0,0,0,1780913087,0
127,-7.154429,64.531974,8.833644,11.184171,0,0,0,0,0,0,0,0,1780913087,0
127,-139.027041,-70.994521,4.244786,10.585787,0,0,0,0,0,0,0,0,1780913087,0
128,-91.455514,-28.464379,0.400169,4.227957,0,0,0,0,0,0,0,0,1780913087,0
128,43.498776,106.691866,5.164802,12.111666,0,0,0,0,0,0,0,0,1780913087,0
129,-4.674875,60.077753,6.795398,11.401085,0,0,0,0,0,0,0,0,1780913087,0
129,-136.727002,-71.088018,4.039092,14.250889,0,0,0,0,0,0,0,0,1780913087,0
130,-91.474213,-21.481985,2.352397,10.537168,0,0,0,0,0,0,0,0,1780913087,0
130,38.304055,108.015791,3.193875,13.603886,0,0,0,0,0,0,0,0,1780913087,0
131,-8.818684,57.994629,4.054052,10.08464,0,0,0,0,0,0,0,0,1780913087,0
131,-136.304394,-72.396983,4.996506,13.645025,0,0,0,0,0,0,0,0,1780913087,0
132,-87.038692,-25.206926,9.473167,8.308188,0,0,0,0,0,0,0,0,1780913087,0
132,37.428919,109.407033,-1.308965,7.683624,0,0,0,0,0,0,0,0,1780913087,0
133,-2.890943,64.060746,3.048018,10.582047,0,0,0,0,0,0,0,0,1780913087,0
133,-133.993136,-68.372851,1.51092,10.424971,0,0,0,0,0,0,0,0,1780913087,0
134,-87.064871,-19.174467,1.402462,6.146526,0,0,0,0,0,0,0,0,1780913087,0
134,40.458238,101.209173,4.061531,9.403978,0,0,0,0,0,0,0,0,1780913087,0
135,-6.073598,63.17065,6.638322,8.783155,0,0,0,0,0,0,0,0,1780913087,0
135,-137.669457,-67.553813,8.9608,6.378399,0,0,0,0,0,0,0,0,1780913087,0
136,-87.943747,-18.920154,7.124509,12.814767,0,0,0,0,0,0,0,0,1780913088,0
136,45.694098,109.594028,1.327664,10.548388,0,0,0,0,0,0,0,0,1780913088,0
137,0.38147,64.29636,5.96514,10.671805,0,0,0,0,0,0,0,0,1780913088,0
137,-133.200277,-68.384071,8.728926,9.508696,0,0,0,0,0,0,0,0,1780913088,0
138,-84.525479,-17.846803,5.463994,4.665525,0,0,0,0,0,0,0,0,1780913088,0
138,50.013682,112.952458,2.763786,8.061354,0,0,0,0,0,0,0,0,1780913088,0
139,-2.064425,64.932143,3.627703,10.193097,0,0,0,0,0,0,0,0,1780913088,0
139,-126.805048,-66.106472,5.396676,10.301554,0,0,0,0,0,0,0,0,1780913088,0
140,-79.925402,-12.128496,2.285079,8.132412,0,0,0,0,0,0,0,0,1780913088,0
140,48.749596,117.402939,9.054298,10.249196,0,0,0,0,0,0,0,0,1780913088,0
141,-0.639523,65.829719,5.538792,14.643578,0,0,0,0,0,0,0,0,1780913088,0
141,-130.892759,-64.603032,4.929188,10.716683,0,0,0,0,0,0,0,0,1780913088,0
142,-79.211081,-16.096529,5.022686,7.406872,0,0,0,0,0,0,0,0,1780913088,0
142,50.204417,117.092528,2.924602,10.623186,0,0,0,0,0,0,0,0,1780913088,0
143,0.153336,69.378884,0.613344,4.923578,0,0,0,0,0,0,0,0,1780913088,0
143,-131.838953,-66.562739,6.462547,9.310481,0,0,0,0,0,0,0,0,1780913088,0
144,-76.043386,-14.641708,2.318738,7.283455,0,0,0,0,0,0,0,0,1780913088,0
144,52.990642,116.071535,5.060085,11.730196,0,0,0,0,0,0,0,0,1780913088,0
145,0.878876,63.780254,4.4804,11.191651,0,0,0,0,0,0,0,0,1780913088,0
145,-124.587287,-65.43703,4.454221,16.046041,0,0,0,0,0,0,0,0,1780913088,0
146,-71.256314,-13.549658,5.015206,12.594113,0,0,0,0,0,0,0,0,1780913088,0
146,51.038415,117.724571,3.73616,14.063894,0,0,0,0,0,0,0,0,1780913088,0
147,2.63289,68.642124,7.188088,11.333767,0,0,0,0,0,0,0,0,1780913088,0
147,-126.165525,-65.321093,5.045125,7.904279,0,0,0,0,0,0,0,0,1780913088,0
148,-74.573605,-13.759092,2.199061,4.261616,0,0,0,0,0,0,0,0,1780913088,0
148,50.503609,109.077922,6.077337,10.641885,0,0,0,0,0,0,0,0,1780913088,0
149,0.957414,67.164863,0.860177,11.891012,0,0,0,0,0,0,0,0,1780913088,0
149,-128.630119,-63.840092,5.61359,10.959777,0,0,0,0,0,0,0,0,1780913088,0
150,-76.821285,-11.085063,3.635183,10.870019,0,0,0,0,0,0,0,0,1780913088,0
150,55.578653,116.464225,4.558938,17.059554,0,0,0,0,0,0,0,0,1780913088,0
151,0.523586,63.275367,0.291712,7.48915,0,0,0,0,0,0,0,0,1780913088,0
151,-126.573174,-64.876045,2.430935,10.398792,0,0,0,0,0,0,0,0,1780913088,0
152,-69.640677,-13.762832,-1.50718,7.799561,0,0,0,0,0,0,0,0,1780913088,0
152,57.538361,114.37362,2.303778,8.139892,0,0,0,0,0,0,0,0,1780913088,0
153,0.448788,58.248942,1.335144,11.20661,0,0,0,0,0,0,0,0,1780913088,0
153,-129.763309,-67.366818,4.256006,8.854213,0,0,0,0,0,0,0,0,1780913088,0
